CustomerID,Recency,Frequency,MonetaryTotal,MonetaryAvg,ReturnFrequency,ReturnQuantity,ReturnAmount,ReturnRate,MonthlyPurchaseAmount,TopCategory,TopCategorySpend,Country,TotalQuantity,PurchaseFrequencyPerMonth,CustomerAge,LifetimeValue,LifetimeFrequency,IsLoyal,IsFrequentBuyer,TopCategory_Encoded,KMeans_Cluster,Hierarchical_Cluster,DBSCAN_Cluster,FinalCluster
12346,326,2,0.0,0.0,1.0,74215.0,77183.6,0.0,0.0,Storage,0.0,United Kingdom,0,0.16666666666666666,0,0.0,2,0,0,10,0,3,0,0
12347,2,7,4310.0,23.681318681318682,0.0,0.0,0.0,0.0,359.1666666666667,Electronics,867.24,Iceland,2458,0.5833333333333334,365,4310.0,7,0,0,3,3,3,0,3
12348,75,4,1797.24,57.97548387096774,0.0,0.0,0.0,0.0,149.77,Other,784.92,Finland,2341,0.3333333333333333,282,1797.24,4,0,0,7,3,3,0,3
12349,19,1,1757.55,24.076027397260273,0.0,0.0,0.0,0.0,146.4625,Kitchen,651.95,Italy,631,0.08333333333333333,0,1757.55,1,0,0,6,0,3,0,0
12350,310,1,334.4,19.670588235294115,0.0,0.0,0.0,0.0,27.866666666666664,Stationery,89.8,Norway,197,0.08333333333333333,0,334.4,1,0,0,9,0,3,0,0
12352,36,11,1545.41,16.267473684210525,3.0,66.0,960.6300000000001,0.6216020344115801,128.78416666666666,Kitchen,534.98,Norway,470,0.9166666666666666,260,1545.41,11,1,0,6,1,1,-1,1
12353,204,1,89.0,22.25,0.0,0.0,0.0,0.0,7.416666666666667,Kitchen,89.0,Bahrain,20,0.08333333333333333,0,89.0,1,0,0,6,0,3,0,0
12354,232,1,1079.4,18.610344827586207,0.0,0.0,0.0,0.0,89.95,Kitchen,324.26,Spain,530,0.08333333333333333,0,1079.4,1,0,0,6,0,3,0,0
12355,214,1,459.4,35.33846153846154,0.0,0.0,0.0,0.0,38.28333333333333,Other,195.0,Bahrain,240,0.08333333333333333,0,459.4,1,0,0,7,0,3,0,0
12356,23,3,2811.43,47.65135593220339,0.0,0.0,0.0,0.0,234.28583333333333,Kitchen,1560.3899999999999,Portugal,1591,0.25,302,2811.43,3,0,0,6,0,3,0,0
12357,33,1,6207.67,47.38679389312977,0.0,0.0,0.0,0.0,517.3058333333333,Kitchen,2542.98,Switzerland,2708,0.08333333333333333,0,6207.67,1,0,0,6,3,3,0,3
12358,2,2,1168.06,61.47684210526315,0.0,0.0,0.0,0.0,97.33833333333332,Other,785.4000000000001,Austria,248,0.16666666666666666,149,1168.06,2,0,0,7,0,3,0,0
12359,8,6,6182.9800000000005,24.63338645418327,2.0,10.0,127.05,0.020548344002406606,515.2483333333333,Kitchen,1320.03,Cyprus,1599,0.5,323,6182.9800000000005,6,0,0,6,3,3,-1,3
12360,52,3,2662.06,20.63612403100775,0.0,0.0,0.0,0.0,221.83833333333334,Toys,492.1,Austria,1165,0.25,148,2662.06,3,0,0,12,0,3,0,0
12361,287,1,189.9,18.990000000000002,0.0,0.0,0.0,0.0,15.825000000000001,Storage,102.0,Belgium,91,0.08333333333333333,0,189.9,1,0,0,10,0,3,0,0
12362,3,13,5154.58,18.812335766423356,3.0,17.0,71.65,0.013900259574979923,429.54833333333335,Kitchen,941.1,Belgium,2212,1.0833333333333333,292,5154.58,13,1,1,6,3,0,0,3
12363,110,2,552.0,24.0,0.0,0.0,0.0,0.0,46.0,Stationery,220.62,Unspecified,408,0.16666666666666666,132,552.0,2,0,0,9,0,3,0,0
12364,8,4,1313.1,15.448235294117646,0.0,0.0,0.0,0.0,109.425,Other,407.29999999999995,Belgium,1506,0.3333333333333333,104,1313.1,4,0,0,7,0,3,0,0
12367,4,1,168.9,15.354545454545455,0.0,0.0,0.0,0.0,14.075000000000001,Stationery,49.2,Denmark,173,0.08333333333333333,0,168.9,1,0,0,9,0,3,0,0
12370,51,4,3541.94,21.33698795180723,0.0,0.0,0.0,0.0,295.1616666666667,Home Decor,832.97,Cyprus,2352,0.3333333333333333,309,3541.94,4,0,0,5,0,3,0,0
12371,45,2,1887.96,29.96761904761905,0.0,0.0,0.0,0.0,157.33,Stationery,391.05,Switzerland,591,0.16666666666666666,14,1887.96,2,0,0,9,0,3,0,0
12372,72,3,1298.04,24.962307692307693,0.0,0.0,0.0,0.0,108.17,Storage,676.8,Denmark,794,0.25,224,1298.04,3,0,0,10,0,3,0,0
12373,311,1,364.6,26.042857142857144,0.0,0.0,0.0,0.0,30.383333333333336,Bags,189.0,Austria,197,0.08333333333333333,0,364.6,1,0,0,1,0,3,0,0
12374,25,1,742.9300000000001,22.513030303030305,0.0,0.0,0.0,0.0,61.910833333333336,Stationery,241.98000000000002,Austria,342,0.08333333333333333,0,742.9300000000001,1,0,0,9,0,3,0,0
12375,3,3,455.42,25.301111111111112,1.0,1.0,2.08,0.004567212682798296,37.95166666666667,Bags,285.32,Finland,177,0.25,95,455.42,3,0,0,1,0,3,0,0
12377,315,2,1628.12,21.144415584415583,0.0,0.0,0.0,0.0,135.67666666666665,Crockery,372.0,Switzerland,944,0.16666666666666666,39,1628.12,2,0,0,2,0,3,0,0
12378,130,1,4008.62,18.30420091324201,0.0,0.0,0.0,0.0,334.0516666666667,Kitchen,1041.47,Switzerland,2529,0.08333333333333333,0,4008.62,1,0,0,6,0,3,0,0
12379,82,3,850.29,20.738780487804878,1.0,1.0,1.95,0.002293335215044279,70.8575,Storage,267.39,Belgium,406,0.25,88,850.29,3,0,0,10,0,3,0,0
12380,22,5,2720.56,25.910095238095238,1.0,1.0,4.25,0.001562178375040433,226.71333333333334,Kitchen,578.4,Belgium,1126,0.4166666666666667,164,2720.56,5,0,0,6,0,3,0,0
12381,5,6,1803.96,19.823736263736265,1.0,25.0,41.35,0.022921794274817622,150.33,Stationery,475.2,Norway,783,0.5,115,1803.96,6,0,0,9,0,3,0,0
12383,185,6,1839.31,18.3931,1.0,3.0,11.25,0.006116424093817791,153.27583333333334,Kitchen,598.72,Belgium,1529,0.5,167,1839.31,6,0,0,6,0,3,0,0
12384,29,3,566.16,18.872,1.0,5.0,19.11,0.033753709198813056,47.18,Stationery,201.75,Switzerland,121,0.25,92,566.16,3,0,0,9,0,3,0,0
12386,338,2,401.9,40.19,0.0,0.0,0.0,0.0,33.49166666666667,Other,244.4,Australia,354,0.16666666666666666,29,401.9,2,0,0,7,0,3,0,0
12388,16,6,2780.66,27.8066,0.0,0.0,0.0,0.0,231.72166666666666,Kitchen,837.07,Australia,1462,0.5,311,2780.66,6,0,0,6,0,3,0,0
12390,80,1,549.84,17.1825,0.0,0.0,0.0,0.0,45.82,Toys,192.63,Belgium,353,0.08333333333333333,0,549.84,1,0,0,12,0,3,0,0
12391,22,1,439.66,4.72752688172043,0.0,0.0,0.0,0.0,36.638333333333335,Other,146.85,Cyprus,293,0.08333333333333333,0,439.66,1,0,0,7,0,3,0,0
12393,72,4,1582.6000000000001,24.728125000000002,0.0,0.0,0.0,0.0,131.88333333333335,Bags,564.0,Australia,816,0.3333333333333333,260,1582.6000000000001,4,0,0,1,0,3,0,0
12394,64,2,1272.48,47.12888888888889,0.0,0.0,0.0,0.0,106.04,Kitchen,773.24,Belgium,819,0.16666666666666666,153,1272.48,2,0,0,6,0,3,0,0
12395,16,15,2998.28,18.857106918238994,3.0,5.0,20.35,0.006787224675480609,249.85666666666668,Kitchen,919.51,Belgium,2113,1.25,355,2998.28,15,1,1,6,3,3,0,3
12397,36,2,2409.9,19.126190476190477,0.0,0.0,0.0,0.0,200.82500000000002,Kitchen,554.54,Belgium,1263,0.16666666666666666,99,2409.9,2,0,0,6,0,3,0,0
12398,46,1,1635.6599999999999,19.24305882352941,0.0,0.0,0.0,0.0,136.30499999999998,Kitchen,599.3199999999999,Switzerland,1394,0.08333333333333333,0,1635.6599999999999,1,0,0,6,0,3,0,0
12399,119,4,1108.65,18.790677966101697,0.0,0.0,0.0,0.0,92.3875,Kitchen,494.51,Belgium,1178,0.3333333333333333,142,1108.65,4,0,0,6,0,3,0,0
12401,303,1,84.3,16.86,0.0,0.0,0.0,0.0,7.0249999999999995,Kitchen,36.45,Belgium,11,0.08333333333333333,0,84.3,1,0,0,6,0,3,0,0
12402,323,1,225.6,20.509090909090908,0.0,0.0,0.0,0.0,18.8,Bags,78.0,Belgium,94,0.08333333333333333,0,225.6,1,0,0,1,0,3,0,0
12403,50,2,409.7,68.28333333333333,1.0,1.0,18.0,0.04393458628264584,34.141666666666666,Toys,381.8,Denmark,95,0.16666666666666666,0,409.7,2,0,0,12,0,3,-1,0
12405,149,1,1710.39,31.67388888888889,0.0,0.0,0.0,0.0,142.5325,Storage,530.2,Finland,857,0.08333333333333333,0,1710.39,1,0,0,10,0,3,0,0
12406,22,3,3280.75,30.377314814814813,1.0,9.0,134.55,0.04101196372780615,273.3958333333333,Kitchen,790.7700000000001,Denmark,1809,0.25,161,3280.75,3,0,0,6,0,3,0,0
12407,50,5,1708.1200000000001,22.183376623376624,0.0,0.0,0.0,0.0,142.34333333333333,Kitchen,1014.49,Belgium,1416,0.4166666666666667,214,1708.1200000000001,5,0,0,6,0,3,0,0
12408,33,9,2842.57,25.155486725663717,4.0,10.0,45.980000000000004,0.016175503153836143,236.88083333333336,Storage,635.15,Belgium,1399,0.75,227,2842.57,9,0,0,10,0,3,0,0
12409,79,7,11056.93,96.99061403508772,4.0,8.0,15.74,0.001423541615982013,921.4108333333334,Kitchen,2967.57,Switzerland,5543,0.5833333333333334,103,11056.93,7,0,0,6,3,0,-1,3
12410,301,3,681.0799999999999,24.32428571428571,1.0,2.0,12.25,0.017986139660539146,56.75666666666666,Stationery,195.4,Switzerland,209,0.25,7,681.0799999999999,3,0,0,9,0,3,0,0
12412,75,3,1226.88,20.112786885245903,0.0,0.0,0.0,0.0,102.24000000000001,Storage,281.3,Denmark,829,0.25,94,1226.88,3,0,0,10,0,3,0,0
12413,67,5,694.15,17.353749999999998,2.0,4.0,63.95,0.09212706187423468,57.84583333333333,Kitchen,332.6,France,282,0.4166666666666667,270,694.15,5,0,0,6,2,2,0,2
12414,217,3,562.41,31.244999999999997,0.0,0.0,0.0,0.0,46.8675,Stationery,139.8,Austria,300,0.25,93,562.41,3,0,0,9,0,3,0,0
12417,3,12,3578.8,18.074747474747475,3.0,13.0,70.3,0.019643455907007935,298.23333333333335,Kitchen,1297.1000000000001,Belgium,1539,1.0,354,3578.8,12,1,0,6,3,3,0,3
12418,113,1,668.58,19.664117647058823,0.0,0.0,0.0,0.0,55.715,Toys,163.07999999999998,Switzerland,407,0.08333333333333333,0,668.58,1,0,0,12,0,3,0,0
12420,64,1,600.39,20.70310344827586,0.0,0.0,0.0,0.0,50.0325,Kitchen,305.52,Cyprus,345,0.08333333333333333,0,600.39,1,0,0,6,0,3,0,0
12421,16,5,806.27,17.527608695652173,1.0,1.0,0.77,0.0009550150693936275,67.18916666666667,Stationery,258.66,Spain,483,0.4166666666666667,303,806.27,5,0,0,9,0,3,0,0
12422,96,3,803.5600000000001,20.604102564102565,0.0,0.0,0.0,0.0,66.96333333333334,Bags,312.95,Australia,370,0.25,229,803.5600000000001,3,0,0,1,0,3,0,0
12423,1,9,1849.11,14.67547619047619,1.0,12.0,10.2,0.005516167237211415,154.0925,Kitchen,476.0,Belgium,1327,0.75,352,1849.11,9,0,0,6,0,3,0,0
12424,163,2,1760.96,58.69866666666667,0.0,0.0,0.0,0.0,146.74666666666667,Kitchen,1047.99,Australia,740,0.16666666666666666,0,1760.96,2,0,0,6,0,3,0,0
12425,78,1,777.2,21.58888888888889,0.0,0.0,0.0,0.0,64.76666666666667,Kitchen,357.5,Portugal,496,0.08333333333333333,0,777.2,1,0,0,6,0,3,0,0
12426,195,1,582.73,19.424333333333333,0.0,0.0,0.0,0.0,48.560833333333335,Storage,179.1,Germany,258,0.08333333333333333,0,582.73,1,0,0,10,0,3,0,0
12427,12,5,708.37,20.239142857142856,2.0,297.0,117.43,0.1657749481203326,59.030833333333334,Toys,160.5,Germany,236,0.4166666666666667,360,708.37,5,0,0,12,2,2,-1,2
12428,26,12,7877.2,26.25733333333333,3.0,33.0,79.26,0.010061950947037018,656.4333333333333,Kitchen,1947.8600000000001,Finland,3503,1.0,257,7877.2,12,1,0,6,3,0,0,3
12429,9,4,3750.4,38.66391752577319,0.0,0.0,0.0,0.0,312.53333333333336,Electronics,1434.12,Denmark,1557,0.3333333333333333,356,3750.4,4,0,0,3,0,3,0,0
12430,43,1,256.4,23.30909090909091,0.0,0.0,0.0,0.0,21.366666666666664,Stationery,102.8,Norway,117,0.08333333333333333,0,256.4,1,0,0,9,0,3,0,0
12431,36,18,6348.89,26.676008403361347,3.0,50.0,71.06,0.011192507666694492,529.0741666666667,Electronics,2320.99,Australia,2846,1.5,338,6348.89,18,1,1,3,3,0,0,3
12432,43,5,5059.32,46.845555555555556,0.0,0.0,0.0,0.0,421.60999999999996,Other,1106.8600000000001,Norway,1801,0.4166666666666667,129,5059.32,5,0,0,7,3,3,0,3
12434,85,4,765.19,14.170185185185186,2.0,21.0,40.949999999999996,0.053516120179301865,63.76583333333334,Textiles,156.0,Australia,373,0.3333333333333333,276,765.19,4,0,0,11,0,3,0,0
12435,80,2,7829.89,217.49694444444447,0.0,0.0,0.0,0.0,652.4908333333334,Kitchen,2562.15,Denmark,2055,0.16666666666666666,188,7829.89,2,0,0,6,3,0,-1,3
12436,100,1,509.01,31.813125,0.0,0.0,0.0,0.0,42.4175,Kitchen,179.85000000000002,Norway,211,0.08333333333333333,0,509.01,1,0,0,6,0,3,0,0
12437,2,19,4896.66,24.4833,1.0,5.0,54.75,0.011181090784330544,408.055,Kitchen,1911.58,France,2917,1.5833333333333333,329,4896.66,19,1,1,6,3,0,0,3
12438,14,2,2906.85,29.66173469387755,0.0,0.0,0.0,0.0,242.23749999999998,Stationery,659.3,Norway,1180,0.16666666666666666,125,2906.85,2,0,0,9,0,3,0,0
12441,367,1,173.55,15.77727272727273,0.0,0.0,0.0,0.0,14.4625,Stationery,120.30000000000001,France,121,0.08333333333333333,0,173.55,1,0,0,9,0,3,0,0
12442,3,1,172.06,14.338333333333333,0.0,0.0,0.0,0.0,14.338333333333333,Stationery,56.2,Spain,182,0.08333333333333333,0,172.06,1,0,0,9,0,3,0,0
12444,21,5,5005.46,28.440113636363638,0.0,0.0,0.0,0.0,417.12166666666667,Kitchen,1278.05,Norway,1153,0.4166666666666667,149,5005.46,5,0,0,6,0,3,0,0
12445,22,1,133.4,33.35,0.0,0.0,0.0,0.0,11.116666666666667,Home Decor,60.0,Spain,62,0.08333333333333333,0,133.4,1,0,0,5,0,3,0,0
12446,58,1,1002.3100000000001,17.584385964912283,0.0,0.0,0.0,0.0,83.52583333333334,Kitchen,389.85,RSA,351,0.08333333333333333,0,1002.3100000000001,1,0,0,6,0,3,0,0
12447,243,1,476.49,18.326538461538462,0.0,0.0,0.0,0.0,39.7075,Kitchen,180.57,Belgium,190,0.08333333333333333,0,476.49,1,0,0,6,0,3,0,0
12448,44,1,449.45,20.429545454545455,0.0,0.0,0.0,0.0,37.454166666666666,Stationery,153.48,Spain,243,0.08333333333333333,0,449.45,1,0,0,9,0,3,0,0
12449,22,4,4067.29,21.294712041884818,0.0,0.0,0.0,0.0,338.94083333333333,Kitchen,971.41,Belgium,1553,0.3333333333333333,164,4067.29,4,0,0,6,0,3,0,0
12450,156,2,197.88,24.735,0.0,0.0,0.0,0.0,16.49,Bags,82.5,Spain,128,0.16666666666666666,17,197.88,2,0,0,1,0,3,0,0
12451,11,6,8933.52,25.164845070422537,1.0,120.0,102.0,0.011417671869543023,744.46,Other,2053.16,Switzerland,6455,0.5,313,8933.52,6,0,0,7,3,0,-1,3
12452,17,3,428.57,18.633478260869566,1.0,2.0,2.0,0.004666682222274074,35.714166666666664,Stationery,128.99,Switzerland,183,0.25,0,428.57,3,0,0,9,0,3,0,0
12453,134,1,707.09,16.443953488372095,0.0,0.0,0.0,0.0,58.92416666666667,Kitchen,160.4,Austria,473,0.08333333333333333,0,707.09,1,0,0,6,0,3,0,0
12455,73,6,2466.86,27.409555555555556,0.0,0.0,0.0,0.0,205.5716666666667,Home Decor,864.32,Spain,2089,0.5,223,2466.86,6,0,0,5,0,3,0,0
12456,44,4,3153.89,24.44875968992248,1.0,17.0,27.15,0.008608416907374702,262.82416666666666,Stationery,763.8000000000001,Switzerland,1616,0.3333333333333333,210,3153.89,4,0,0,9,0,3,0,0
12457,58,12,1917.78,28.62358208955224,5.0,149.0,445.45,0.23227377488554474,159.815,Stationery,440.72,Switzerland,694,1.0,180,1917.78,12,1,0,9,2,1,-1,2
12458,71,2,947.4,24.931578947368422,0.0,0.0,0.0,0.0,78.95,Stationery,160.0,Switzerland,506,0.16666666666666666,213,947.4,2,0,0,9,0,3,0,0
12461,94,2,826.88,23.62514285714286,0.0,0.0,0.0,0.0,68.90666666666667,Stationery,249.68,Switzerland,287,0.16666666666666666,60,826.88,2,0,0,9,0,3,0,0
12462,2,4,1124.01,15.61125,2.0,22.0,65.58,0.05834467664878426,93.6675,Kitchen,281.06,Spain,514,0.3333333333333333,300,1124.01,4,0,0,6,0,3,0,0
12463,46,7,1303.63,14.813977272727273,3.0,19.0,41.15,0.031565704992981135,108.63583333333334,Storage,261.45,Belgium,757,0.5833333333333334,195,1303.63,7,0,0,10,0,3,0,0
12464,10,8,1212.05,41.79482758620689,0.0,0.0,0.0,0.0,101.00416666666666,Other,744.55,Belgium,112,0.6666666666666666,299,1212.05,8,0,0,7,0,3,0,0
12465,8,3,733.89,14.39,1.0,4.0,8.299999999999999,0.011309596806060853,61.1575,Kitchen,300.99,Belgium,475,0.25,161,733.89,3,0,0,6,0,3,0,0
12468,143,3,724.0400000000001,18.101000000000003,1.0,2.0,5.5,0.007596265399701673,60.33666666666667,Storage,175.55,Germany,364,0.25,173,724.0400000000001,3,0,0,10,0,3,0,0
12472,31,13,6229.48,15.932173913043478,6.0,128.0,342.63,0.055001380532564516,519.1233333333333,Storage,1107.04,Germany,4020,1.0833333333333333,342,6229.48,13,1,1,10,3,0,-1,3
12473,29,9,2837.73,15.942303370786517,4.0,76.0,1090.3200000000002,0.3842226004588175,236.4775,Other,682.36,Germany,2338,0.75,162,2837.73,9,0,0,7,1,1,-1,1
12474,17,30,7064.7699999999995,15.526967032967033,12.0,83.0,259.32,0.036706078187966486,588.7308333333333,Storage,1428.55,Germany,4750,2.5,351,7064.7699999999995,30,1,1,10,3,0,-1,3
12475,54,1,723.38,20.093888888888888,0.0,0.0,0.0,0.0,60.281666666666666,Other,183.24,Germany,535,0.08333333333333333,0,723.38,1,0,0,7,0,3,0,0
12476,1,20,6546.58,24.797651515151514,9.0,71.0,269.84,0.0412184682689282,545.5483333333333,Other,1483.34,Germany,2337,1.6666666666666667,359,6546.58,20,1,1,7,3,0,-1,3
12477,23,9,13117.01,42.58769480519481,3.0,33.0,102.72999999999999,0.007831815329865571,1093.0841666666668,Kitchen,4562.33,Germany,3620,0.75,288,13117.01,9,0,0,6,3,0,-1,3
12478,4,1,680.99,18.91638888888889,0.0,0.0,0.0,0.0,56.74916666666667,Stationery,173.01,Greece,236,0.08333333333333333,0,680.99,1,0,0,9,0,3,0,0
12479,4,3,477.3,13.637142857142857,2.0,34.0,49.9,0.10454640687198827,39.775,Kitchen,211.4,Germany,351,0.25,7,477.3,3,0,0,6,2,2,0,2
12480,28,4,3281.63,21.309285714285714,0.0,0.0,0.0,0.0,273.4691666666667,Storage,952.25,Germany,1707,0.3333333333333333,307,3281.63,4,0,0,10,0,3,0,0
12481,23,11,5574.36,25.688294930875575,1.0,14.0,5.46,0.0009794846403892107,464.53,Kitchen,1150.06,Germany,3280,0.9166666666666666,342,5574.36,11,1,0,6,3,0,0,3
12483,17,13,2327.13,28.73,5.0,13.0,157.85,0.06783033178206632,193.9275,Electronics,518.39,Sweden,1097,1.0833333333333333,322,2327.13,13,1,1,3,2,3,0,2
12484,33,8,4480.87,12.913170028818444,2.0,6.0,46.45,0.010366290474840825,373.4058333333333,Stationery,1000.2,Spain,2181,0.6666666666666666,303,4480.87,8,0,0,9,0,3,0,0
12488,10,3,1298.66,23.612000000000002,0.0,0.0,0.0,0.0,108.22166666666668,Other,386.6,France,529,0.25,65,1298.66,3,0,0,7,0,3,0,0
12489,336,1,334.93,22.328666666666667,0.0,0.0,0.0,0.0,27.910833333333333,Kitchen,136.2,France,105,0.08333333333333333,0,334.93,1,0,0,6,0,3,0,0
12490,5,10,5417.93,22.114,0.0,0.0,0.0,0.0,451.4941666666667,Kitchen,1174.95,France,3064,0.8333333333333334,324,5417.93,10,0,0,6,3,0,0,3
12491,39,1,460.40000000000003,17.70769230769231,0.0,0.0,0.0,0.0,38.36666666666667,Other,122.60000000000001,France,260,0.08333333333333333,0,460.40000000000003,1,0,0,7,0,3,0,0
12492,63,2,263.21000000000004,13.160500000000003,0.0,0.0,0.0,0.0,21.93416666666667,Storage,105.15,Germany,192,0.16666666666666666,42,263.21000000000004,2,0,0,10,0,3,0,0
12493,166,3,416.79,18.121304347826086,1.0,1.0,16.95,0.04066796228316418,34.7325,Home Decor,149.5,France,206,0.25,31,416.79,3,0,0,5,0,3,0,0
12494,10,13,1139.3500000000001,13.563690476190478,6.0,17.0,106.75,0.09369377276517311,94.94583333333334,Home Decor,283.28000000000003,France,690,1.0833333333333333,355,1139.3500000000001,13,1,1,5,2,2,0,2
12497,82,1,1043.1,74.50714285714285,0.0,0.0,0.0,0.0,86.925,Storage,360.0,Germany,1236,0.08333333333333333,0,1043.1,1,0,0,10,0,3,0,0
12498,21,3,403.70000000000005,17.55217391304348,0.0,0.0,0.0,0.0,33.64166666666667,Home Decor,128.3,Germany,159,0.25,36,403.70000000000005,3,0,0,5,0,3,0,0
12500,23,13,4206.27,64.71184615384617,2.0,7.0,51.55,0.012255513792504997,350.52250000000004,Stationery,988.2,Germany,2671,1.0833333333333333,310,4206.27,13,1,1,9,3,3,-1,3
12501,315,2,2089.68,13.0605,1.0,61.0,79.71000000000001,0.03814459630182612,174.14,Kitchen,671.95,Germany,1722,0.16666666666666666,21,2089.68,2,0,0,6,0,3,0,0
12502,96,5,3723.87,25.332448979591835,0.0,0.0,0.0,0.0,310.3225,Kitchen,1047.4,Spain,820,0.4166666666666667,214,3723.87,5,0,0,6,0,3,0,0
12506,233,1,73.5,3.1956521739130435,0.0,0.0,0.0,0.0,6.125,Kitchen,45.85,France,23,0.08333333333333333,0,73.5,1,0,0,6,0,3,0,0
12507,134,4,1258.06,57.18454545454545,1.0,11.0,46.75,0.03716038980652751,104.83833333333332,Kitchen,706.3,Spain,883,0.3333333333333333,164,1258.06,4,0,0,6,0,3,0,0
12508,26,2,397.88,5.851176470588236,0.0,0.0,0.0,0.0,33.156666666666666,Home Decor,107.23,France,271,0.16666666666666666,2,397.88,2,0,0,5,0,3,0,0
12509,284,1,176.5,25.214285714285715,0.0,0.0,0.0,0.0,14.708333333333334,Storage,83.5,France,55,0.08333333333333333,0,176.5,1,0,0,10,0,3,0,0
12510,143,2,982.5699999999999,29.774848484848484,0.0,0.0,0.0,0.0,81.88083333333333,Home Decor,227.42000000000002,Spain,353,0.16666666666666666,182,982.5699999999999,2,0,0,5,0,3,0,0
12512,66,2,132.18,4.263870967741935,0.0,0.0,0.0,0.0,11.015,Kitchen,44.15,Israel,96,0.16666666666666666,0,132.18,2,0,0,6,0,3,0,0
12513,85,2,586.79,16.299722222222222,1.0,6.0,25.5,0.0434567732919784,48.899166666666666,Stationery,126.0,France,456,0.16666666666666666,28,586.79,2,0,0,9,0,3,0,0
12514,267,1,1017.68,19.954509803921567,0.0,0.0,0.0,0.0,84.80666666666666,Toys,224.2,Italy,440,0.08333333333333333,0,1017.68,1,0,0,12,0,3,0,0
12515,353,1,383.7,23.98125,0.0,0.0,0.0,0.0,31.974999999999998,Kitchen,216.3,Italy,131,0.08333333333333333,0,383.7,1,0,0,6,0,3,0,0
12516,78,2,1312.06,50.46384615384615,0.0,0.0,0.0,0.0,109.33833333333332,Bags,588.9,Germany,875,0.16666666666666666,102,1312.06,2,0,0,1,0,3,0,0
12517,28,6,2443.65,8.69626334519573,1.0,23.0,37.949999999999996,0.01553004726536124,203.63750000000002,Kitchen,606.24,Germany,1338,0.5,161,2443.65,6,0,0,6,0,3,0,0
12518,1,5,2056.89,16.58782258064516,0.0,0.0,0.0,0.0,171.4075,Storage,402.3,Germany,1318,0.4166666666666667,109,2056.89,5,0,0,10,0,3,0,0
12519,64,1,330.84,19.461176470588235,0.0,0.0,0.0,0.0,27.569999999999997,Kitchen,84.7,Germany,175,0.08333333333333333,0,330.84,1,0,0,6,0,3,0,0
12520,79,6,2582.51,16.66135483870968,1.0,9.0,51.75,0.020038644574464377,215.20916666666668,Kitchen,996.1,Germany,1430,0.5,194,2582.51,6,0,0,6,0,3,0,0
12521,143,1,599.68,15.781052631578946,0.0,0.0,0.0,0.0,49.97333333333333,Bags,133.3,Germany,309,0.08333333333333333,0,599.68,1,0,0,1,0,3,0,0
12522,39,2,192.72,16.06,0.0,0.0,0.0,0.0,16.06,Stationery,53.34,Germany,194,0.16666666666666666,12,192.72,2,0,0,9,0,3,0,0
12523,2,13,1745.57,15.868818181818181,2.0,4.0,44.199999999999996,0.02532124177202862,145.46416666666667,Kitchen,636.0500000000001,France,861,1.0833333333333333,330,1745.57,13,1,1,6,0,3,0,0
12524,9,8,4485.72,31.150833333333335,0.0,0.0,0.0,0.0,373.81,Other,984.8,Germany,3699,0.6666666666666666,324,4485.72,8,0,0,7,3,3,0,3
12526,1,3,1316.66,18.54450704225352,0.0,0.0,0.0,0.0,109.72166666666668,Storage,425.2,Germany,632,0.25,93,1316.66,3,0,0,10,0,3,0,0
12527,82,3,348.71000000000004,19.37277777777778,0.0,0.0,0.0,0.0,29.05916666666667,Electronics,126.00000000000001,Germany,234,0.25,243,348.71000000000004,3,0,0,3,0,3,0,0
12528,9,8,1922.28,20.234526315789473,2.0,6.0,11.2,0.005826414466154774,160.19,Kitchen,1259.23,Germany,750,0.6666666666666666,303,1922.28,8,0,0,6,0,3,0,0
12530,60,5,1623.63,23.876911764705884,1.0,13.0,38.650000000000006,0.023804684564833124,135.3025,Bags,377.8,Germany,900,0.4166666666666667,277,1623.63,5,0,0,1,0,3,0,0
12531,15,1,125.22,7.365882352941177,0.0,0.0,0.0,0.0,10.435,Kitchen,36.2,Germany,45,0.08333333333333333,0,125.22,1,0,0,6,0,3,0,0
12532,30,1,349.83000000000004,21.864375000000003,0.0,0.0,0.0,0.0,29.152500000000003,Home Decor,114.60000000000001,France,153,0.08333333333333333,0,349.83000000000004,1,0,0,5,0,3,0,0
12534,131,1,1089.18,17.28857142857143,0.0,0.0,0.0,0.0,90.765,Other,224.85,Germany,651,0.08333333333333333,0,1089.18,1,0,0,7,0,3,0,0
12535,92,2,716.35,21.069117647058825,0.0,0.0,0.0,0.0,59.69583333333333,Kitchen,306.0,France,219,0.16666666666666666,94,716.35,2,0,0,6,0,3,0,0
12538,29,1,363.95,17.33095238095238,0.0,0.0,0.0,0.0,30.329166666666666,Kitchen,96.05,Spain,191,0.08333333333333333,0,363.95,1,0,0,6,0,3,0,0
12539,22,5,3852.5,14.06021897810219,1.0,1.0,1715.85,0.4453861129136924,321.0416666666667,Kitchen,1567.9,Spain,2066,0.4166666666666667,311,3852.5,5,0,0,6,1,1,-1,1
12540,20,19,13309.039999999999,27.669521829521827,2.0,8.0,91.19999999999999,0.0068524852280855714,1109.0866666666666,Stationery,3029.32,Spain,6677,1.5833333333333333,342,13309.039999999999,19,1,1,9,3,0,-1,3
12541,30,3,981.18,18.868846153846153,0.0,0.0,0.0,0.0,81.765,Kitchen,366.78000000000003,Spain,680,0.25,251,981.18,3,0,0,6,0,3,0,0
12544,30,2,355.7,17.785,1.0,4.0,17.0,0.04779308405960079,29.641666666666666,Stationery,108.74000000000001,Spain,132,0.16666666666666666,6,355.7,2,0,0,9,0,3,0,0
12545,75,2,1000.39,20.0078,0.0,0.0,0.0,0.0,83.36583333333333,Other,234.2,Spain,523,0.16666666666666666,184,1000.39,2,0,0,7,0,3,0,0
12546,47,3,1141.5,16.307142857142857,1.0,16.0,20.0,0.017520805957074025,95.125,Stationery,264.82,Spain,617,0.25,31,1141.5,3,0,0,9,0,3,0,0
12547,198,2,207.79999999999998,25.974999999999998,0.0,0.0,0.0,0.0,17.316666666666666,Other,60.0,Spain,134,0.16666666666666666,82,207.79999999999998,2,0,0,7,0,3,0,0
12548,166,1,95.19999999999999,19.04,0.0,0.0,0.0,0.0,7.933333333333333,Stationery,45.4,Spain,49,0.08333333333333333,0,95.19999999999999,1,0,0,9,0,3,0,0
12550,79,1,964.83,16.92684210526316,0.0,0.0,0.0,0.0,80.4025,Stationery,255.07,Spain,569,0.08333333333333333,0,964.83,1,0,0,9,0,3,0,0
12551,358,1,168.0,16.8,0.0,0.0,0.0,0.0,14.0,Bags,136.0,Spain,100,0.08333333333333333,0,168.0,1,0,0,1,0,3,0,0
12552,39,2,437.82,21.891,0.0,0.0,0.0,0.0,36.485,Stationery,158.25,Italy,88,0.16666666666666666,0,437.82,2,0,0,9,0,3,0,0
12553,8,14,3652.25,18.633928571428573,4.0,41.0,40.029999999999994,0.010960366897118214,304.3541666666667,Kitchen,866.75,France,1924,1.1666666666666667,321,3652.25,14,1,1,6,3,3,0,3
12556,50,2,599.56,5.038319327731092,0.0,0.0,0.0,0.0,49.96333333333333,Home Decor,140.56,Spain,355,0.16666666666666666,100,599.56,2,0,0,5,0,3,0,0
12559,311,3,536.21,24.37318181818182,1.0,2.0,25.5,0.047555994852762906,44.68416666666667,Crockery,228.9,Germany,281,0.25,8,536.21,3,0,0,2,0,3,0,0
12560,5,4,2101.39,18.93144144144144,1.0,32.0,32.62,0.015523058546961772,175.1158333333333,Kitchen,465.93,Germany,1078,0.3333333333333333,137,2101.39,4,0,0,6,0,3,0,0
12561,303,1,238.85,14.928125,0.0,0.0,0.0,0.0,19.904166666666665,Kitchen,69.9,Germany,177,0.08333333333333333,0,238.85,1,0,0,6,0,3,0,0
12562,8,7,3781.7400000000002,22.510357142857146,0.0,0.0,0.0,0.0,315.14500000000004,Bags,757.8000000000001,France,1779,0.5833333333333334,190,3781.7400000000002,7,0,0,1,0,3,0,0
12564,261,1,456.9,21.757142857142856,0.0,0.0,0.0,0.0,38.074999999999996,Other,185.4,France,133,0.08333333333333333,0,456.9,1,0,0,7,0,3,0,0
12565,282,2,131.17,13.116999999999999,1.0,5.0,14.75,0.1124494930243196,10.930833333333332,Storage,64.44,Saudi Arabia,75,0.16666666666666666,7,131.17,2,0,0,10,2,2,0,2
12566,73,2,346.7,17.335,1.0,1.0,4.95,0.01427747331987309,28.891666666666666,Kitchen,108.22,Germany,264,0.16666666666666666,13,346.7,2,0,0,6,0,3,0,0
12567,23,11,9114.94,19.686695464362852,1.0,216.0,286.34000000000003,0.03141435928267219,759.5783333333334,Other,1483.75,France,4089,0.9166666666666666,346,9114.94,11,1,0,7,3,0,-1,3
12569,2,35,4064.9900000000002,21.282670157068065,3.0,8.0,59.7,0.014686382992332084,338.74916666666667,Kitchen,1840.98,Germany,1793,2.9166666666666665,250,4064.9900000000002,35,1,1,6,3,0,-1,3
12571,40,2,519.61,15.28264705882353,0.0,0.0,0.0,0.0,43.30083333333334,Kitchen,161.75,France,523,0.16666666666666666,81,519.61,2,0,0,6,0,3,0,0
12572,9,3,1004.72,16.205161290322582,1.0,2.0,15.7,0.015626244127717175,83.72666666666667,Crockery,228.85,Germany,450,0.25,43,1004.72,3,0,0,2,0,3,0,0
12573,227,1,160.54000000000002,5.733571428571429,0.0,0.0,0.0,0.0,13.378333333333336,Kitchen,49.30000000000001,France,84,0.08333333333333333,0,160.54000000000002,1,0,0,6,0,3,0,0
12574,316,1,218.45,19.85909090909091,0.0,0.0,0.0,0.0,18.204166666666666,Kitchen,71.15,France,61,0.08333333333333333,0,218.45,1,0,0,6,0,3,0,0
12576,36,6,1306.98,14.685168539325844,1.0,3.0,8.850000000000001,0.006771335445071846,108.915,Home Decor,394.57,Poland,964,0.5,268,1306.98,6,0,0,5,0,3,0,0
12577,35,4,564.2,3.8380952380952382,1.0,6.0,62.400000000000006,0.11059907834101383,47.01666666666667,Other,198.34,France,463,0.3333333333333333,323,564.2,4,0,0,7,2,2,0,2
12578,21,4,2753.36,22.944666666666667,2.0,25.0,41.14999999999999,0.014945375831711068,229.4466666666667,Kitchen,598.62,Italy,1171,0.3333333333333333,317,2753.36,4,0,0,6,0,3,0,0
12579,73,3,410.72,13.249032258064517,2.0,7.0,29.7,0.07231203739774054,34.22666666666667,Kitchen,91.35,France,278,0.25,4,410.72,3,0,0,6,2,3,0,2
12580,247,1,415.7,17.320833333333333,0.0,0.0,0.0,0.0,34.641666666666666,Toys,100.2,Germany,238,0.08333333333333333,0,415.7,1,0,0,12,0,3,0,0
12581,40,1,197.71,13.180666666666667,0.0,0.0,0.0,0.0,16.475833333333334,Home Decor,99.94999999999999,Germany,161,0.08333333333333333,0,197.71,1,0,0,5,0,3,0,0
12582,239,2,511.36,23.243636363636366,0.0,0.0,0.0,0.0,42.61333333333334,Kitchen,181.74,Finland,300,0.16666666666666666,49,511.36,2,0,0,6,0,3,0,0
12584,4,18,1893.95,15.031349206349207,9.0,62.0,444.2,0.23453628659679504,157.82916666666668,Kitchen,727.2,Italy,354,1.5,276,1893.95,18,1,1,6,2,1,-1,2
12585,234,4,1982.81,20.441340206185565,2.0,21.0,57.28999999999999,0.028893338242191632,165.23416666666665,Other,422.99,Germany,1258,0.3333333333333333,117,1982.81,4,0,0,7,0,3,0,0
12586,17,2,179.94000000000003,14.995000000000003,1.0,2.0,17.0,0.09447593642325218,14.995000000000003,Kitchen,117.56,Italy,77,0.16666666666666666,351,179.94000000000003,2,0,0,6,2,2,0,2
12587,8,1,144.0,36.0,0.0,0.0,0.0,0.0,12.0,Bags,104.0,Finland,51,0.08333333333333333,0,144.0,1,0,0,1,0,3,0,0
12588,39,1,214.89999999999998,21.49,0.0,0.0,0.0,0.0,17.90833333333333,Kitchen,157.89999999999998,Finland,53,0.08333333333333333,0,214.89999999999998,1,0,0,6,0,3,0,0
12589,29,2,646.68,18.47657142857143,0.0,0.0,0.0,0.0,53.88999999999999,Kitchen,386.28,France,306,0.16666666666666666,115,646.68,2,0,0,6,0,3,0,0
12590,190,3,9861.38,140.87685714285712,1.0,4.0,2.88,0.0002920483745682653,821.7816666666666,Kitchen,3220.5,Germany,4279,0.25,20,9861.38,3,0,0,6,3,0,-1,3
12591,317,1,452.84999999999997,17.41730769230769,0.0,0.0,0.0,0.0,37.7375,Kitchen,164.1,Italy,228,0.08333333333333333,0,452.84999999999997,1,0,0,6,0,3,0,0
12592,92,2,437.6,24.311111111111114,0.0,0.0,0.0,0.0,36.46666666666667,Bags,150.5,Germany,290,0.16666666666666666,121,437.6,2,0,0,1,0,3,0,0
12593,109,3,418.09999999999997,19.909523809523808,0.0,0.0,0.0,0.0,34.84166666666666,Home Decor,132.5,France,206,0.25,110,418.09999999999997,3,0,0,5,0,3,0,0
12594,38,11,3320.2200000000003,27.901008403361345,1.0,1.0,18.0,0.0054213275023944196,276.685,Bags,775.3,Italy,1776,0.9166666666666666,285,3320.2200000000003,11,1,0,1,3,3,0,3
12596,51,2,618.27,22.898888888888887,0.0,0.0,0.0,0.0,51.5225,Storage,187.55,Spain,474,0.16666666666666666,190,618.27,2,0,0,10,0,3,0,0
12597,19,5,3683.13,17.21088785046729,1.0,49.0,128.09,0.03477748545394814,306.9275,Stationery,806.43,Spain,2187,0.4166666666666667,248,3683.13,5,0,0,9,0,3,0,0
12598,10,9,3002.68,22.57654135338346,1.0,24.0,20.4,0.006793930755192028,250.22333333333333,Other,611.88,France,1940,0.75,275,3002.68,9,0,0,7,0,3,0,0
12599,29,7,1032.58,16.654516129032256,0.0,0.0,0.0,0.0,86.04833333333333,Kitchen,500.8,France,956,0.5833333333333334,275,1032.58,7,0,0,6,0,3,0,0
12600,29,11,2581.04,39.70830769230769,1.0,1.0,18.0,0.006973932988252798,215.08666666666667,Other,982.0500000000001,Germany,773,0.9166666666666666,342,2581.04,11,1,0,7,3,3,0,3
12601,190,6,569.5600000000001,19.64,1.0,1.0,7.5,0.013168059554744012,47.46333333333334,Home Decor,151.8,Germany,244,0.5,142,569.5600000000001,6,0,0,5,0,3,0,0
12602,59,1,153.12,12.76,0.0,0.0,0.0,0.0,12.76,Stationery,102.5,France,162,0.08333333333333333,0,153.12,1,0,0,9,0,3,0,0
12604,79,2,254.18,15.88625,0.0,0.0,0.0,0.0,21.18166666666667,Kitchen,174.98000000000002,France,201,0.16666666666666666,182,254.18,2,0,0,6,0,3,0,0
12609,78,3,1126.85,18.78083333333333,0.0,0.0,0.0,0.0,93.90416666666665,Stationery,234.66000000000003,Germany,648,0.25,240,1126.85,3,0,0,9,0,3,0,0
12610,23,7,2057.99,18.54045045045045,2.0,21.0,41.55,0.02018960247620251,171.49916666666664,Stationery,472.0,Italy,1028,0.5833333333333334,103,2057.99,7,0,0,9,0,3,0,0
12611,52,1,1193.32,18.35876923076923,0.0,0.0,0.0,0.0,99.44333333333333,Kitchen,322.94,Italy,846,0.08333333333333333,0,1193.32,1,0,0,6,0,3,0,0
12612,58,2,643.59,30.64714285714286,1.0,11.0,60.45,0.09392625739989745,53.6325,Other,539.5500000000001,Germany,251,0.16666666666666666,16,643.59,2,0,0,7,2,2,0,2
12613,31,6,3218.98,19.748343558282208,1.0,48.0,125.39999999999999,0.03895643961751859,268.24833333333333,Kitchen,842.27,Germany,1596,0.5,230,3218.98,6,0,0,6,0,3,0,0
12614,278,1,315.6,15.780000000000001,0.0,0.0,0.0,0.0,26.3,Storage,76.35,Germany,76,0.08333333333333333,0,315.6,1,0,0,10,0,3,0,0
12615,2,4,2291.19,21.820857142857143,0.0,0.0,0.0,0.0,190.9325,Kitchen,628.5,France,1376,0.3333333333333333,166,2291.19,4,0,0,6,0,3,0,0
12616,85,5,657.25,18.256944444444443,3.0,11.0,56.05,0.08527957398250285,54.770833333333336,Storage,240.29999999999998,France,273,0.4166666666666667,212,657.25,5,0,0,10,2,3,0,2
12617,29,1,352.98,8.609268292682927,0.0,0.0,0.0,0.0,29.415000000000003,Other,143.4,France,210,0.08333333333333333,0,352.98,1,0,0,7,0,3,0,0
12618,22,1,177.31,16.11909090909091,0.0,0.0,0.0,0.0,14.775833333333333,Stationery,61.0,Italy,96,0.08333333333333333,0,177.31,1,0,0,9,0,3,0,0
12619,16,13,3214.81,33.840105263157895,4.0,24.0,426.43,0.13264547516027386,267.9008333333333,Kitchen,2115.94,Germany,3354,1.0833333333333333,237,3214.81,13,1,1,6,2,2,-1,2
12620,15,3,1339.41,14.558804347826088,0.0,0.0,0.0,0.0,111.6175,Kitchen,368.23,France,1181,0.25,189,1339.41,3,0,0,6,0,3,0,0
12621,2,23,13612.07,28.717447257383967,3.0,36.0,77.60000000000001,0.0057008228726417075,1134.3391666666666,Other,2529.5099999999998,Germany,7404,1.9166666666666667,364,13612.07,23,1,1,7,3,0,-1,3
12622,232,1,180.1,16.37272727272727,0.0,0.0,0.0,0.0,15.008333333333333,Home Decor,66.0,Germany,69,0.08333333333333333,0,180.1,1,0,0,5,0,3,0,0
12623,276,1,305.1,16.950000000000003,0.0,0.0,0.0,0.0,25.425,Kitchen,75.3,Germany,191,0.08333333333333333,0,305.1,1,0,0,6,0,3,0,0
12624,106,2,641.13,16.87184210526316,0.0,0.0,0.0,0.0,53.4275,Kitchen,175.3,France,355,0.16666666666666666,71,641.13,2,0,0,6,0,3,0,0
12625,212,3,2614.32,28.72879120879121,1.0,35.0,69.49999999999999,0.026584350806328216,217.86,Kitchen,857.38,Germany,1577,0.25,107,2614.32,3,0,0,6,0,3,0,0
12626,23,13,6388.35,20.808957654723127,4.0,103.0,232.13000000000002,0.03633645620543646,532.3625000000001,Kitchen,1227.04,Germany,3350,1.0833333333333333,303,6388.35,13,1,1,6,3,0,0,3
12627,11,7,4478.53,19.47186956521739,0.0,0.0,0.0,0.0,373.2108333333333,Kitchen,802.21,Germany,2752,0.5833333333333334,129,4478.53,7,0,0,6,3,3,0,3
12628,4,4,769.61,17.897906976744185,1.0,3.0,16.85,0.021894206156364913,64.13416666666667,Stationery,198.48,Germany,445,0.3333333333333333,60,769.61,4,0,0,9,0,3,0,0
12630,10,2,1270.88,19.8575,0.0,0.0,0.0,0.0,105.90666666666668,Kitchen,292.71,Finland,548,0.16666666666666666,34,1270.88,2,0,0,6,0,3,0,0
12631,57,1,640.5,20.661290322580644,0.0,0.0,0.0,0.0,53.375,Stationery,177.34,Finland,236,0.08333333333333333,0,640.5,1,0,0,9,0,3,0,0
12633,59,5,2140.63,20.782815533980585,1.0,13.0,23.35,0.010908003718531461,178.38583333333335,Other,386.52000000000004,Germany,1149,0.4166666666666667,229,2140.63,5,0,0,7,0,3,0,0
12635,90,2,1689.18,16.724554455445546,0.0,0.0,0.0,0.0,140.76500000000001,Other,323.46,Germany,1172,0.16666666666666666,65,1689.18,2,0,0,7,0,3,0,0
12637,67,10,5934.25,15.373704663212436,2.0,12.0,68.65,0.011568437460504698,494.5208333333333,Storage,1072.6399999999999,France,2982,0.8333333333333334,256,5934.25,10,0,0,10,3,3,0,3
12638,33,1,671.69,17.222820512820515,0.0,0.0,0.0,0.0,55.97416666666667,Stationery,208.45,Sweden,577,0.08333333333333333,0,671.69,1,0,0,9,0,3,0,0
12639,239,1,486.1,22.095454545454547,0.0,0.0,0.0,0.0,40.50833333333333,Kitchen,160.55,Sweden,201,0.08333333333333333,0,486.1,1,0,0,6,0,3,0,0
12640,24,3,1174.58,22.16188679245283,0.0,0.0,0.0,0.0,97.88166666666666,Kitchen,248.5,France,311,0.25,57,1174.58,3,0,0,6,0,3,0,0
12641,115,1,185.9,18.59,0.0,0.0,0.0,0.0,15.491666666666667,Kitchen,78.95,Sweden,72,0.08333333333333333,0,185.9,1,0,0,6,0,3,0,0
12642,25,3,1013.26,21.558723404255318,0.0,0.0,0.0,0.0,84.43833333333333,Stationery,294.76,Germany,552,0.25,82,1013.26,3,0,0,9,0,3,0,0
12643,128,6,3344.64,139.35999999999999,0.0,0.0,0.0,0.0,278.71999999999997,Other,1426.08,France,1808,0.5,204,3344.64,6,0,0,7,3,3,-1,3
12644,130,1,477.91,15.416451612903227,0.0,0.0,0.0,0.0,39.825833333333335,Kitchen,270.27,Germany,325,0.08333333333333333,0,477.91,1,0,0,6,0,3,0,0
12645,34,5,1755.38,23.721351351351352,1.0,12.0,19.799999999999997,0.011279608973555582,146.28166666666667,Storage,667.8,Germany,1072,0.4166666666666667,282,1755.38,5,0,0,10,0,3,0,0
12646,5,2,1346.97,29.932666666666666,0.0,0.0,0.0,0.0,112.2475,Kitchen,469.09000000000003,USA,897,0.16666666666666666,44,1346.97,2,0,0,6,0,3,0,0
12647,22,13,3669.92,28.89700787401575,1.0,12.0,52.900000000000006,0.014414483149496449,305.82666666666665,Kitchen,1345.67,Germany,1419,1.0833333333333333,346,3669.92,13,1,1,6,3,3,0,3
12648,155,1,318.05,15.145238095238096,0.0,0.0,0.0,0.0,26.504166666666666,Crockery,84.16,Germany,160,0.08333333333333333,0,318.05,1,0,0,2,0,3,0,0
12649,107,4,603.71,18.294242424242427,1.0,12.0,19.799999999999997,0.03279720395554156,50.30916666666667,Storage,243.3,Germany,574,0.3333333333333333,257,603.71,4,0,0,10,0,3,0,0
12650,3,1,314.44,15.722,0.0,0.0,0.0,0.0,26.203333333333333,Storage,142.8,France,254,0.08333333333333333,0,314.44,1,0,0,10,0,3,0,0
12651,335,1,114.0,12.666666666666666,0.0,0.0,0.0,0.0,9.5,Kitchen,52.95,France,78,0.08333333333333333,0,114.0,1,0,0,6,0,3,0,0
12652,322,2,914.53,17.931960784313723,1.0,3.0,5.45,0.005959345237444371,76.21083333333333,Stationery,206.39999999999998,France,502,0.16666666666666666,9,914.53,2,0,0,9,0,3,0,0
12653,149,2,2209.85,51.391860465116274,0.0,0.0,0.0,0.0,184.15416666666667,Kitchen,534.0999999999999,Israel,919,0.16666666666666666,147,2209.85,2,0,0,6,0,3,0,0
12654,11,5,601.98,15.841578947368422,0.0,0.0,0.0,0.0,50.165,Storage,176.45,Germany,264,0.4166666666666667,284,601.98,5,0,0,10,0,3,0,0
12656,17,8,3982.72,30.636307692307692,3.0,15.0,68.44999999999999,0.01718674674594247,331.8933333333333,Kitchen,800.85,France,1708,0.6666666666666666,225,3982.72,8,0,0,6,3,3,0,3
12657,11,5,1152.06,20.572499999999998,1.0,390.0,491.12,0.42629724146311826,96.005,Kitchen,342.87,France,654,0.4166666666666667,67,1152.06,5,0,0,6,1,1,-1,1
12658,19,1,686.05,19.056944444444444,0.0,0.0,0.0,0.0,57.17083333333333,Other,194.4,Germany,320,0.08333333333333333,0,686.05,1,0,0,7,0,3,0,0
12659,30,1,91.68,18.336000000000002,0.0,0.0,0.0,0.0,7.640000000000001,Stationery,61.68000000000001,France,105,0.08333333333333333,0,91.68,1,0,0,9,0,3,0,0
12660,11,1,245.1,18.853846153846153,0.0,0.0,0.0,0.0,20.425,Storage,59.39999999999999,France,127,0.08333333333333333,0,245.1,1,0,0,10,0,3,0,0
12664,8,10,4863.88,127.99684210526316,1.0,1.0,18.0,0.003700749196115036,405.3233333333333,Toys,3724.8,Finland,1202,0.8333333333333334,314,4863.88,10,0,0,12,3,3,-1,3
12665,325,2,61.75,15.4375,1.0,1.0,1.25,0.020242914979757085,5.145833333333333,Storage,30.0,Germany,36,0.16666666666666666,6,61.75,2,0,0,10,0,3,0,0
12667,58,1,620.13,18.791818181818183,0.0,0.0,0.0,0.0,51.6775,Kitchen,262.77,Finland,395,0.08333333333333333,0,620.13,1,0,0,6,0,3,0,0
12668,7,6,3743.18,22.280833333333334,2.0,39.0,63.970000000000006,0.017089747220277948,311.9316666666667,Kitchen,1713.02,Germany,1595,0.5,348,3743.18,6,0,0,6,0,3,0,0
12670,10,6,2986.15,31.767553191489363,1.0,6.0,9.9,0.003315305661135576,248.84583333333333,Kitchen,607.65,France,1391,0.5,222,2986.15,6,0,0,6,0,3,0,0
12672,330,1,225.89999999999998,22.589999999999996,0.0,0.0,0.0,0.0,18.825,Kitchen,122.4,France,78,0.08333333333333333,0,225.89999999999998,1,0,0,6,0,3,0,0
12673,5,2,610.52,14.536190476190475,0.0,0.0,0.0,0.0,50.876666666666665,Kitchen,125.05000000000001,Germany,351,0.16666666666666666,321,610.52,2,0,0,6,0,3,0,0
12674,12,7,1922.26,21.358444444444444,3.0,30.0,48.34,0.02514748265062999,160.18833333333333,Other,567.37,France,1103,0.5833333333333334,196,1922.26,7,0,0,7,0,3,0,0
12676,25,6,1331.39,29.586444444444446,0.0,0.0,0.0,0.0,110.94916666666667,Storage,322.45,Sweden,670,0.5,286,1331.39,6,0,0,10,0,3,0,0
12679,52,9,1058.67,18.90482142857143,5.0,24.0,54.349999999999994,0.051337999565492544,88.22250000000001,Storage,358.36,France,530,0.75,231,1058.67,9,0,0,10,0,3,0,0
12680,1,4,862.81,16.592499999999998,0.0,0.0,0.0,0.0,71.90083333333332,Storage,224.33999999999997,France,443,0.3333333333333333,112,862.81,4,0,0,10,0,3,0,0
12681,15,27,13677.59,21.172739938080497,5.0,18.0,109.94999999999999,0.00803869687569228,1139.7991666666667,Crockery,2018.98,France,7518,2.25,353,13677.59,27,1,1,2,3,0,-1,3
12682,4,31,12279.82,23.434770992366413,0.0,0.0,0.0,0.0,1023.3183333333333,Kitchen,2229.46,France,5555,2.5833333333333335,367,12279.82,31,1,1,6,3,0,-1,3
12683,4,20,8221.09,22.710193370165747,5.0,84.0,255.48000000000002,0.031076171164650918,685.0908333333333,Kitchen,2387.8,France,4903,1.6666666666666667,361,8221.09,20,1,1,6,3,0,-1,3
12684,8,7,2283.63,21.748857142857144,0.0,0.0,0.0,0.0,190.3025,Other,836.66,France,1985,0.5833333333333334,205,2283.63,7,0,0,7,0,3,0,0
12685,28,6,2863.08,18.236178343949042,0.0,0.0,0.0,0.0,238.59,Electronics,490.86,France,1523,0.5,65,2863.08,6,0,0,3,0,3,0,0
12688,114,1,4873.8099999999995,28.501812865497072,0.0,0.0,0.0,0.0,406.1508333333333,Kitchen,1634.52,Israel,3028,0.08333333333333333,0,4873.8099999999995,1,0,0,6,0,3,0,0
12689,26,2,1247.61,17.327916666666667,0.0,0.0,0.0,0.0,103.96749999999999,Stationery,196.17000000000002,France,628,0.16666666666666666,101,1247.61,2,0,0,9,0,3,0,0
12690,206,1,389.01,24.313125,0.0,0.0,0.0,0.0,32.4175,Electronics,82.25999999999999,France,106,0.08333333333333333,0,389.01,1,0,0,3,0,3,0,0
12691,28,6,1035.8,32.36875,0.0,0.0,0.0,0.0,86.31666666666666,Toys,265.6,France,394,0.5,329,1035.8,6,0,0,12,0,3,0,0
12693,121,6,830.96,20.267317073170734,2.0,5.0,24.95,0.030025512660055837,69.24666666666667,Kitchen,372.54,Germany,250,0.5,198,830.96,6,0,0,6,0,3,0,0
12694,70,2,869.67,23.504594594594593,0.0,0.0,0.0,0.0,72.4725,Kitchen,435.37,France,509,0.16666666666666666,112,869.67,2,0,0,6,0,3,0,0
12695,7,4,582.1,21.55925925925926,0.0,0.0,0.0,0.0,48.50833333333333,Textiles,249.3,France,220,0.3333333333333333,203,582.1,4,0,0,11,0,3,0,0
12697,21,5,939.02,21.83767441860465,2.0,9.0,18.57,0.019775936614768588,78.25166666666667,Kitchen,542.91,Sweden,499,0.4166666666666667,148,939.02,5,0,0,6,0,3,0,0
12700,8,6,4867.99,18.029592592592593,2.0,4.0,72.0,0.014790498747943196,405.6658333333333,Storage,898.14,France,2963,0.5,207,4867.99,6,0,0,10,3,3,0,3
12701,80,2,797.71,15.051132075471699,0.0,0.0,0.0,0.0,66.47583333333334,Other,215.04,Germany,678,0.16666666666666666,162,797.71,2,0,0,7,0,3,0,0
12702,20,1,219.0,18.25,0.0,0.0,0.0,0.0,18.25,Storage,141.8,Germany,53,0.08333333333333333,0,219.0,1,0,0,10,0,3,0,0
12703,64,2,274.7,12.486363636363636,1.0,3.0,8.850000000000001,0.03221696396068439,22.891666666666666,Crockery,86.9,Germany,161,0.16666666666666666,7,274.7,2,0,0,2,0,3,0,0
12704,7,10,2220.84,24.676000000000002,2.0,3.0,120.0,0.054033608904738746,185.07000000000002,Electronics,548.74,Finland,1003,0.8333333333333334,162,2220.84,10,0,0,3,0,3,0,0
12705,15,14,6814.24,19.581149425287357,5.0,24.0,54.05,0.007931919040127732,567.8533333333334,Kitchen,1346.01,Germany,3973,1.1666666666666667,341,6814.24,14,1,1,6,3,0,0,3
12707,292,1,603.42,18.285454545454545,0.0,0.0,0.0,0.0,50.285,Other,195.2,France,256,0.08333333333333333,0,603.42,1,0,0,7,0,3,0,0
12708,30,16,2616.32,15.036321839080461,6.0,37.0,96.58999999999999,0.03691826687866927,218.02666666666667,Kitchen,722.14,Germany,1270,1.3333333333333333,338,2616.32,16,1,1,6,3,3,0,3
12709,3,26,9264.1,36.187890625,11.0,104.0,442.42,0.047756392957761684,772.0083333333333,Kitchen,6112.49,Germany,3808,2.1666666666666665,363,9264.1,26,1,1,6,3,0,-1,3
12710,97,4,1130.57,14.311012658227847,1.0,2.0,18.45,0.016319201818551704,94.21416666666666,Stationery,202.62,Germany,849,0.3333333333333333,104,1130.57,4,0,0,9,0,3,0,0
12712,23,17,4241.63,29.8706338028169,4.0,18.0,154.5,0.036424676362624746,353.4691666666667,Other,1307.6000000000001,Germany,1044,1.4166666666666667,348,4241.63,17,1,1,7,3,3,0,3
12713,1,1,848.55,22.330263157894734,0.0,0.0,0.0,0.0,70.71249999999999,Stationery,215.28,Germany,508,0.08333333333333333,0,848.55,1,0,0,9,0,3,0,0
12714,9,5,4708.86,18.18092664092664,0.0,0.0,0.0,0.0,392.405,Kitchen,955.74,France,3069,0.4166666666666667,285,4708.86,5,0,0,6,3,3,0,3
12715,106,1,343.36,17.168,0.0,0.0,0.0,0.0,28.613333333333333,Bags,116.7,Sweden,192,0.08333333333333333,0,343.36,1,0,0,1,0,3,0,0
12716,4,2,1053.49,15.267971014492753,0.0,0.0,0.0,0.0,87.79083333333334,Other,246.44,France,708,0.16666666666666666,129,1053.49,2,0,0,7,0,3,0,0
12717,151,3,980.98,17.517500000000002,1.0,1.0,50.0,0.050969438724540767,81.74833333333333,Kitchen,298.44,Greece,505,0.25,94,980.98,3,0,0,6,0,3,0,0
12718,71,1,238.25,12.539473684210526,0.0,0.0,0.0,0.0,19.854166666666668,Stationery,63.48,France,203,0.08333333333333333,0,238.25,1,0,0,9,0,3,0,0
12719,5,3,608.1,14.47857142857143,1.0,13.0,36.85000000000001,0.06059858575892124,50.675000000000004,Stationery,122.4,France,361,0.25,59,608.1,3,0,0,9,0,3,0,0
12720,3,29,5713.28,15.914428969359331,4.0,18.0,68.44999999999999,0.011980858631119076,476.1066666666666,Kitchen,2012.51,Germany,4654,2.4166666666666665,366,5713.28,29,1,1,6,3,0,3,3
12721,32,7,2628.98,16.030365853658537,1.0,5.0,27.15,0.010327199141872512,219.08166666666668,Kitchen,627.47,France,1954,0.5833333333333334,334,2628.98,7,0,0,6,0,3,0,0
12722,85,6,904.33,15.865438596491229,2.0,6.0,93.3,0.10317030287616245,75.36083333333333,Home Decor,261.28999999999996,France,560,0.5,65,904.33,6,0,0,5,2,2,0,2
12723,4,5,725.07,10.508260869565218,0.0,0.0,0.0,0.0,60.42250000000001,Other,181.25,France,434,0.4166666666666667,61,725.07,5,0,0,7,0,3,0,0
12724,5,4,1031.41,19.460566037735852,0.0,0.0,0.0,0.0,85.95083333333334,Storage,218.10000000000002,France,445,0.3333333333333333,327,1031.41,4,0,0,10,0,3,0,0
12726,28,7,2609.1,21.041129032258063,0.0,0.0,0.0,0.0,217.42499999999998,Other,925.8,France,3143,0.5833333333333334,329,2609.1,7,0,0,7,0,3,0,0
12727,11,9,3947.7,27.99787234042553,2.0,13.0,33.0,0.008359297818983206,328.97499999999997,Kitchen,980.82,France,2085,0.75,309,3947.7,9,0,0,6,3,3,0,3
12728,71,4,836.33,18.18108695652174,0.0,0.0,0.0,0.0,69.69416666666667,Kitchen,310.06,France,419,0.3333333333333333,261,836.33,4,0,0,6,0,3,0,0
12729,114,1,453.01,17.423461538461538,0.0,0.0,0.0,0.0,37.75083333333333,Other,125.48,France,233,0.08333333333333333,0,453.01,1,0,0,7,0,3,0,0
12732,180,1,236.26000000000002,19.688333333333336,0.0,0.0,0.0,0.0,19.688333333333336,Toys,99.60000000000001,France,111,0.08333333333333333,0,236.26000000000002,1,0,0,12,0,3,0,0
12733,234,1,383.95,17.452272727272728,0.0,0.0,0.0,0.0,31.995833333333334,Kitchen,177.3,USA,137,0.08333333333333333,0,383.95,1,0,0,6,0,3,0,0
12734,353,1,110.39999999999999,27.599999999999998,0.0,0.0,0.0,0.0,9.2,Kitchen,110.39999999999999,France,88,0.08333333333333333,0,110.39999999999999,1,0,0,6,0,3,0,0
12735,315,2,779.5699999999999,18.12953488372093,0.0,0.0,0.0,0.0,64.96416666666666,Other,206.85999999999999,France,368,0.16666666666666666,21,779.5699999999999,2,0,0,7,0,3,0,0
12736,333,1,234.0,58.5,0.0,0.0,0.0,0.0,19.5,Kitchen,144.0,France,173,0.08333333333333333,0,234.0,1,0,0,6,0,3,0,0
12739,78,2,1013.04,26.658947368421053,0.0,0.0,0.0,0.0,84.42,Kitchen,318.48,United Arab Emirates,486,0.16666666666666666,20,1013.04,2,0,0,6,0,3,0,0
12740,64,1,427.6,15.837037037037037,0.0,0.0,0.0,0.0,35.63333333333333,Kitchen,150.5,France,342,0.08333333333333333,0,427.6,1,0,0,6,0,3,0,0
12743,134,2,540.13,4.123129770992366,0.0,0.0,0.0,0.0,45.01083333333333,Electronics,87.44,Unspecified,315,0.16666666666666666,0,540.13,2,0,0,3,0,3,0,0
12747,2,11,4196.01,40.737961165048546,0.0,0.0,0.0,0.0,349.6675,Home Decor,2637.71,United Kingdom,1275,0.9166666666666666,366,4196.01,11,1,0,5,3,3,0,3
12749,4,8,3868.2,16.745454545454546,3.0,49.0,222.68,0.05756682694793445,322.34999999999997,Kitchen,1461.84,United Kingdom,1422,0.6666666666666666,209,3868.2,8,0,0,6,0,3,0,0
12750,129,1,275.88,18.392,0.0,0.0,0.0,0.0,22.99,Home Decor,66.78,Poland,137,0.08333333333333333,0,275.88,1,0,0,5,0,3,0,0
12752,81,1,4366.78,82.3920754716981,0.0,0.0,0.0,0.0,363.8983333333333,Toys,1626.84,Norway,2262,0.08333333333333333,0,4366.78,1,0,0,12,3,3,-1,3
12754,236,5,2949.12,45.37107692307692,2.0,2.0,61.620000000000005,0.020894368489583336,245.76,Other,1292.9499999999998,Japan,6479,0.4166666666666667,72,2949.12,5,0,0,7,3,0,-1,3
12756,87,1,112.07999999999998,28.019999999999996,0.0,0.0,0.0,0.0,9.339999999999998,Kitchen,61.199999999999996,Japan,144,0.08333333333333333,0,112.07999999999998,1,0,0,6,0,3,0,0
12758,117,2,2791.59,28.779278350515465,0.0,0.0,0.0,0.0,232.63250000000002,Bags,933.2,Portugal,2135,0.16666666666666666,159,2791.59,2,0,0,1,0,3,0,0
12759,52,3,1531.44,16.12042105263158,0.0,0.0,0.0,0.0,127.62,Home Decor,305.5,Netherlands,902,0.25,223,1531.44,3,0,0,5,0,3,0,0
12762,8,2,1898.52,27.51478260869565,0.0,0.0,0.0,0.0,158.21,Home Decor,487.26000000000005,Portugal,1227,0.16666666666666666,17,1898.52,2,0,0,5,0,3,0,0
12763,138,2,494.08,27.448888888888888,0.0,0.0,0.0,0.0,41.17333333333333,Kitchen,132.0,Japan,316,0.16666666666666666,230,494.08,2,0,0,6,0,3,0,0
12764,317,1,1693.88,37.64177777777778,0.0,0.0,0.0,0.0,141.15666666666667,Home Decor,443.23,Lebanon,386,0.08333333333333333,0,1693.88,1,0,0,5,0,3,0,0
12766,4,7,6989.63,22.547193548387096,0.0,0.0,0.0,0.0,582.4691666666666,Kitchen,2422.37,Portugal,3646,0.5833333333333334,362,6989.63,7,0,0,6,3,0,0,3
12769,239,1,1143.6,35.7375,0.0,0.0,0.0,0.0,95.3,Kitchen,312.96000000000004,Brazil,356,0.08333333333333333,0,1143.6,1,0,0,6,0,3,0,0
12770,211,1,1351.45,112.62083333333334,0.0,0.0,0.0,0.0,112.62083333333334,Bags,825.55,Japan,743,0.08333333333333333,0,1351.45,1,0,0,1,3,3,0,3
12772,60,1,892.47,16.226727272727274,0.0,0.0,0.0,0.0,74.3725,Kitchen,327.65,Portugal,556,0.08333333333333333,0,892.47,1,0,0,6,0,3,0,0
12775,17,6,1351.24,20.16776119402985,1.0,24.0,34.8,0.025754122139664305,112.60333333333334,Home Decor,669.58,Netherlands,853,0.5,294,1351.24,6,0,0,5,0,3,0,0
12778,20,7,804.23,15.76921568627451,1.0,1.0,18.0,0.022381656988672394,67.01916666666666,Kitchen,280.83,Netherlands,824,0.5833333333333334,292,804.23,7,0,0,6,0,3,0,0
12779,21,12,3868.7,24.331446540880503,4.0,28.0,112.66,0.02912089332333859,322.39166666666665,Kitchen,2084.7599999999998,Poland,1996,1.0,350,3868.7,12,1,0,6,3,3,0,3
12781,21,5,707.72,23.590666666666667,3.0,79.0,119.02,0.16817385406658,58.97666666666667,Home Decor,153.08,Czech Republic,592,0.4166666666666667,263,707.72,5,0,0,5,2,2,0,2
12782,5,6,2273.32,21.245981308411217,1.0,16.0,57.6,0.025337392008164268,189.44333333333336,Stationery,568.0,Portugal,1070,0.5,352,2273.32,6,0,0,9,0,3,0,0
12783,2,8,1603.87,18.649651162790697,2.0,2.0,622.04,0.38783691945107773,133.65583333333333,Stationery,366.59000000000003,Portugal,622,0.6666666666666666,73,1603.87,8,0,0,9,1,1,-1,1
12784,9,2,532.8199999999999,9.347719298245613,0.0,0.0,0.0,0.0,44.401666666666664,Kitchen,142.2,Portugal,280,0.16666666666666666,6,532.8199999999999,2,0,0,6,0,3,0,0
12785,3,2,305.71,20.380666666666666,1.0,3.0,6.24,0.020411501095809758,25.47583333333333,Bags,117.0,Portugal,128,0.16666666666666666,361,305.71,2,0,0,1,0,3,0,0
12787,10,3,463.66,23.183,0.0,0.0,0.0,0.0,38.638333333333335,Bags,124.80000000000001,Netherlands,261,0.25,182,463.66,3,0,0,1,0,3,0,0
12789,65,1,91.85,22.9625,0.0,0.0,0.0,0.0,7.654166666666666,Other,76.85,Netherlands,4,0.08333333333333333,0,91.85,1,0,0,7,0,3,0,0
12790,192,1,324.92,15.472380952380954,0.0,0.0,0.0,0.0,27.076666666666668,Crockery,96.04,Netherlands,166,0.08333333333333333,0,324.92,1,0,0,2,0,3,0,0
12792,257,1,400.53999999999996,16.0216,0.0,0.0,0.0,0.0,33.37833333333333,Stationery,124.4,Portugal,217,0.08333333333333333,0,400.53999999999996,1,0,0,9,0,3,0,0
12793,335,2,545.48,22.728333333333335,0.0,0.0,0.0,0.0,45.45666666666667,Bags,175.4,Portugal,295,0.16666666666666666,36,545.48,2,0,0,1,0,3,0,0
12794,53,2,860.41,19.12022222222222,0.0,0.0,0.0,0.0,71.70083333333334,Kitchen,407.97,Portugal,592,0.16666666666666666,45,860.41,2,0,0,6,0,3,0,0
12795,19,1,430.48,30.74857142857143,0.0,0.0,0.0,0.0,35.873333333333335,Kitchen,147.75,Portugal,68,0.08333333333333333,0,430.48,1,0,0,6,0,3,0,0
12797,360,3,194.18,11.42235294117647,2.0,39.0,59.85,0.3082191780821918,16.18166666666667,Other,60.78,Portugal,79,0.25,5,194.18,3,0,0,7,1,1,-1,1
12802,184,2,412.58,15.868461538461538,1.0,12.0,15.0,0.03635658538950022,34.38166666666667,Crockery,83.68,Netherlands,302,0.16666666666666666,3,412.58,2,0,0,2,0,3,0,0
12808,37,3,483.65000000000003,17.273214285714285,0.0,0.0,0.0,0.0,40.30416666666667,Bags,189.0,Portugal,188,0.25,331,483.65000000000003,3,0,0,1,0,3,0,0
12809,168,2,484.36,18.62923076923077,1.0,1.0,4.95,0.010219671318853745,40.36333333333334,Kitchen,204.8,Portugal,219,0.16666666666666666,9,484.36,2,0,0,6,0,3,0,0
12811,261,3,514.85,16.608064516129033,0.0,0.0,0.0,0.0,42.90416666666667,Stationery,146.7,Portugal,230,0.25,23,514.85,3,0,0,9,0,3,0,0
12812,45,1,229.64000000000001,15.309333333333335,0.0,0.0,0.0,0.0,19.136666666666667,Kitchen,132.54,Japan,164,0.08333333333333333,0,229.64000000000001,1,0,0,6,0,3,0,0
12814,102,1,125.92,62.96,0.0,0.0,0.0,0.0,10.493333333333334,Electronics,85.92,Poland,49,0.08333333333333333,0,125.92,1,0,0,3,0,3,0,0
12815,148,2,1063.46,22.6268085106383,0.0,0.0,0.0,0.0,88.62166666666667,Kitchen,363.2,Poland,379,0.16666666666666666,50,1063.46,2,0,0,6,0,3,0,0
12816,96,2,572.2,19.731034482758623,0.0,0.0,0.0,0.0,47.68333333333334,Stationery,132.7,Poland,128,0.16666666666666666,80,572.2,2,0,0,9,0,3,0,0
12817,281,1,166.04,41.51,0.0,0.0,0.0,0.0,13.836666666666666,Kitchen,59.400000000000006,Austria,53,0.08333333333333333,0,166.04,1,0,0,6,0,3,0,0
12818,178,2,1517.88,94.8675,1.0,6.0,24.2,0.015943289324584286,126.49000000000001,Kitchen,459.6,Austria,923,0.16666666666666666,83,1517.88,2,0,0,6,3,3,-1,3
12820,3,4,942.34,15.97186440677966,0.0,0.0,0.0,0.0,78.52833333333334,Kitchen,188.2,United Kingdom,722,0.3333333333333333,323,942.34,4,0,0,6,0,3,0,0
12821,214,1,92.72,15.453333333333333,0.0,0.0,0.0,0.0,7.726666666666667,Home Decor,75.72,United Kingdom,70,0.08333333333333333,0,92.72,1,0,0,5,0,3,0,0
12822,71,3,918.98,19.55276595744681,1.0,2.0,29.9,0.03253607260223291,76.58166666666666,Stationery,164.4,United Kingdom,548,0.25,16,918.98,3,0,0,9,0,3,0,0
12824,60,1,397.12,15.8848,0.0,0.0,0.0,0.0,33.093333333333334,Electronics,136.16,United Kingdom,232,0.08333333333333333,0,397.12,1,0,0,3,0,3,0,0
12826,3,8,1468.1200000000001,15.618297872340428,1.0,4.0,6.6,0.004495545323270577,122.34333333333335,Bags,624.0,United Kingdom,1054,0.6666666666666666,362,1468.1200000000001,8,0,0,1,0,3,0,0
12827,6,3,430.15000000000003,17.206000000000003,0.0,0.0,0.0,0.0,35.84583333333334,Kitchen,303.95,United Kingdom,197,0.25,38,430.15000000000003,3,0,0,6,0,3,0,0
12828,3,6,1018.71,18.19125,0.0,0.0,0.0,0.0,84.8925,Kitchen,315.25,United Kingdom,494,0.5,127,1018.71,6,0,0,6,0,3,0,0
12829,322,3,253.05,21.087500000000002,1.0,1.0,39.95,0.1578739379569255,21.087500000000002,Home Decor,104.55,United Kingdom,375,0.25,37,253.05,3,0,0,5,2,2,0,2
12831,262,1,215.05,23.894444444444446,0.0,0.0,0.0,0.0,17.920833333333334,Home Decor,134.95,United Kingdom,135,0.08333333333333333,0,215.05,1,0,0,5,0,3,0,0
12832,32,2,383.03,14.186296296296295,0.0,0.0,0.0,0.0,31.919166666666666,Home Decor,123.65,United Kingdom,195,0.16666666666666666,65,383.03,2,0,0,5,0,3,0,0
12833,145,1,417.38,17.390833333333333,0.0,0.0,0.0,0.0,34.781666666666666,Home Decor,178.72,United Kingdom,156,0.08333333333333333,0,417.38,1,0,0,5,0,3,0,0
12834,283,1,312.38,17.354444444444443,0.0,0.0,0.0,0.0,26.031666666666666,Home Decor,148.18,United Kingdom,110,0.08333333333333333,0,312.38,1,0,0,5,0,3,0,0
12836,59,4,2610.36,15.002068965517243,0.0,0.0,0.0,0.0,217.53,Home Decor,892.86,United Kingdom,1062,0.3333333333333333,252,2610.36,4,0,0,5,0,3,0,0
12837,173,1,134.1,11.174999999999999,0.0,0.0,0.0,0.0,11.174999999999999,Home Decor,48.150000000000006,United Kingdom,24,0.08333333333333333,0,134.1,1,0,0,5,0,3,0,0
12838,34,2,671.95,5.599583333333333,0.0,0.0,0.0,0.0,55.99583333333334,Home Decor,147.9,United Kingdom,355,0.16666666666666666,340,671.95,2,0,0,5,0,3,0,0
12839,3,16,5583.62,17.669683544303798,2.0,3.0,7.8,0.0013969432017221803,465.3016666666667,Home Decor,1830.8500000000001,United Kingdom,3804,1.3333333333333333,364,5583.62,16,1,1,5,3,0,0,3
12840,144,6,2714.27,23.398879310344828,2.0,6.0,12.5,0.004605289820098959,226.18916666666667,Bags,996.45,United Kingdom,1505,0.5,82,2714.27,6,0,0,1,0,3,0,0
12841,5,26,3845.63,8.88136258660508,1.0,74.0,145.95,0.03795216908542943,320.4691666666667,Kitchen,850.11,United Kingdom,2646,2.1666666666666665,367,3845.63,26,1,1,6,3,0,-1,3
12842,70,2,1118.99,32.9114705882353,0.0,0.0,0.0,0.0,93.24916666666667,Kitchen,318.28,United Kingdom,547,0.16666666666666666,238,1118.99,2,0,0,6,0,3,0,0
12843,66,9,1680.76,15.562592592592592,1.0,28.0,21.500000000000004,0.0127918322663557,140.06333333333333,Kitchen,597.7,United Kingdom,753,0.75,198,1680.76,9,0,0,6,0,3,0,0
12844,29,2,325.96000000000004,6.268461538461539,0.0,0.0,0.0,0.0,27.163333333333338,Home Decor,152.74,United Kingdom,125,0.16666666666666666,101,325.96000000000004,2,0,0,5,0,3,0,0
12845,267,4,354.09,13.114444444444443,0.0,0.0,0.0,0.0,29.507499999999997,Seasonal,208.79999999999998,United Kingdom,204,0.3333333333333333,22,354.09,4,0,0,8,0,3,0,0
12847,22,1,843.64,10.043333333333333,0.0,0.0,0.0,0.0,70.30333333333333,Other,357.91999999999996,United Kingdom,873,0.08333333333333333,0,843.64,1,0,0,7,0,3,0,0
12849,31,2,1010.29,21.047708333333333,0.0,0.0,0.0,0.0,84.19083333333333,Home Decor,398.47999999999996,United Kingdom,597,0.16666666666666666,237,1010.29,2,0,0,5,0,3,0,0
12851,97,1,131.81,2.8044680851063832,0.0,0.0,0.0,0.0,10.984166666666667,Crockery,31.74,United Kingdom,106,0.08333333333333333,0,131.81,1,0,0,2,0,3,0,0
12852,290,2,299.75,14.9875,1.0,4.0,11.8,0.03936613844870726,24.979166666666668,Kitchen,172.1,United Kingdom,145,0.16666666666666666,4,299.75,2,0,0,6,0,3,0,0
12853,108,9,1881.7,22.401190476190475,3.0,18.0,75.4,0.040070149333049906,156.80833333333334,Home Decor,505.3,United Kingdom,782,0.75,208,1881.7,9,0,0,5,0,3,0,0
12854,79,5,1280.9,11.235964912280702,2.0,5.0,35.35,0.027597782808962447,106.74166666666667,Home Decor,417.99,United Kingdom,621,0.4166666666666667,240,1280.9,5,0,0,5,0,3,0,0
12856,8,8,2153.53,6.858375796178344,2.0,3.0,17.25,0.008010104340315667,179.46083333333334,Home Decor,484.76,United Kingdom,1073,0.6666666666666666,55,2153.53,8,0,0,5,0,3,0,0
12857,211,2,1106.4,24.05217391304348,0.0,0.0,0.0,0.0,92.2,Kitchen,434.6,United Kingdom,343,0.16666666666666666,91,1106.4,2,0,0,6,0,3,0,0
12863,52,2,504.2,84.03333333333333,1.0,2.0,17.0,0.033716779055930186,42.016666666666666,Kitchen,417.2,United Kingdom,186,0.16666666666666666,146,504.2,2,0,0,6,0,3,-1,0
12864,138,1,147.12,49.04,0.0,0.0,0.0,0.0,12.26,Other,129.72,United Kingdom,216,0.08333333333333333,0,147.12,1,0,0,7,0,3,0,0
12865,26,3,1548.07,16.125729166666666,1.0,48.0,20.16,0.013022666933665791,129.00583333333333,Other,368.89,Austria,877,0.25,333,1548.07,3,0,0,7,0,3,0,0
12866,283,1,559.12,21.504615384615384,0.0,0.0,0.0,0.0,46.593333333333334,Kitchen,341.22,Belgium,171,0.08333333333333333,0,559.12,1,0,0,6,0,3,0,0
12867,26,10,3958.74,7.237184643510054,3.0,24.0,50.6,0.01278184472837317,329.895,Home Decor,827.15,United Kingdom,4260,0.8333333333333334,334,3958.74,10,0,0,5,3,3,0,3
12868,186,6,1607.0600000000002,15.0192523364486,0.0,0.0,0.0,0.0,133.92166666666668,Home Decor,312.92,United Kingdom,928,0.5,187,1607.0600000000002,6,0,0,5,0,3,0,0
12871,84,2,380.64,34.60363636363636,0.0,0.0,0.0,0.0,31.72,Electronics,265.2,United Kingdom,200,0.16666666666666666,123,380.64,2,0,0,3,0,3,0,0
12872,327,2,599.97,9.090454545454547,0.0,0.0,0.0,0.0,49.9975,Home Decor,169.06,United Kingdom,319,0.16666666666666666,38,599.97,2,0,0,5,0,3,0,0
12873,282,1,374.0,93.5,0.0,0.0,0.0,0.0,31.166666666666668,Stationery,374.0,United Kingdom,128,0.08333333333333333,0,374.0,1,0,0,9,0,3,0,0
12875,143,2,343.2300000000001,171.61500000000004,0.0,0.0,0.0,0.0,28.602500000000006,Home Decor,343.2300000000001,United Kingdom,2019,0.16666666666666666,219,343.2300000000001,2,0,0,5,3,0,-1,3
12876,58,2,2218.02,26.09435294117647,0.0,0.0,0.0,0.0,184.835,Kitchen,1053.72,Belgium,1941,0.16666666666666666,138,2218.02,2,0,0,6,0,3,0,0
12877,4,12,1535.77,9.972532467532467,0.0,0.0,0.0,0.0,127.98083333333334,Other,549.94,United Kingdom,1178,1.0,354,1535.77,12,1,0,7,0,3,0,0
12878,18,3,841.64,17.176326530612243,1.0,11.0,13.35,0.01586188869350316,70.13666666666667,Kitchen,445.54,United Kingdom,536,0.25,248,841.64,3,0,0,6,0,3,0,0
12879,45,4,552.5699999999999,46.04749999999999,1.0,7.0,20.650000000000002,0.037370830844960824,46.04749999999999,Crockery,478.55,United Kingdom,363,0.3333333333333333,47,552.5699999999999,4,0,0,2,0,3,0,0
12881,276,1,298.0,42.57142857142857,0.0,0.0,0.0,0.0,24.833333333333332,Other,214.8,United Kingdom,21,0.08333333333333333,0,298.0,1,0,0,7,0,3,0,0
12882,9,2,1463.04,112.54153846153847,0.0,0.0,0.0,0.0,121.92,Textiles,849.6,United Kingdom,246,0.16666666666666666,24,1463.04,2,0,0,11,3,3,0,3
12883,25,4,703.47,16.749285714285715,0.0,0.0,0.0,0.0,58.6225,Home Decor,208.14000000000001,United Kingdom,196,0.3333333333333333,64,703.47,4,0,0,5,0,3,0,0
12884,88,1,309.05,44.15,0.0,0.0,0.0,0.0,25.754166666666666,Other,197.0,United Kingdom,43,0.08333333333333333,0,309.05,1,0,0,7,0,3,0,0
12885,63,4,1158.27,16.087083333333332,1.0,1.0,16.95,0.01463389365173923,96.5225,Kitchen,584.21,United Kingdom,654,0.3333333333333333,60,1158.27,4,0,0,6,0,3,0,0
12886,68,3,1351.09,15.7103488372093,1.0,9.0,27.310000000000002,0.02021330925400973,112.59083333333332,Kitchen,290.22,United Kingdom,761,0.25,151,1351.09,3,0,0,6,0,3,0,0
12888,214,4,313.77,44.824285714285715,2.0,8.0,40.349999999999994,0.1285973802466775,26.147499999999997,Home Decor,177.42000000000002,United Kingdom,68,0.3333333333333333,41,313.77,4,0,0,5,2,2,-1,2
12890,24,1,376.71999999999997,4.768607594936708,0.0,0.0,0.0,0.0,31.39333333333333,Electronics,93.73,United Kingdom,256,0.08333333333333333,0,376.71999999999997,1,0,0,3,0,3,0,0
12891,186,3,331.0,110.33333333333333,0.0,0.0,0.0,0.0,27.583333333333332,Kitchen,204.00000000000003,United Kingdom,950,0.25,107,331.0,3,0,0,6,3,3,0,3
12893,31,1,176.55,5.695161290322581,0.0,0.0,0.0,0.0,14.7125,Home Decor,54.89,United Kingdom,90,0.08333333333333333,0,176.55,1,0,0,5,0,3,0,0
12895,42,3,347.3,14.470833333333333,1.0,6.0,25.5,0.0734235531241002,28.941666666666666,Kitchen,123.30000000000001,United Kingdom,204,0.25,44,347.3,3,0,0,6,2,3,0,2
12897,205,2,216.5,54.125,0.0,0.0,0.0,0.0,18.041666666666668,Home Decor,186.8,United Kingdom,110,0.16666666666666666,97,216.5,2,0,0,5,0,3,0,0
12902,265,1,138.68,13.868,0.0,0.0,0.0,0.0,11.556666666666667,Electronics,62.0,United Kingdom,66,0.08333333333333333,0,138.68,1,0,0,3,0,3,0,0
12904,18,2,496.06,6.986760563380281,0.0,0.0,0.0,0.0,41.33833333333333,Home Decor,317.77,United Kingdom,294,0.16666666666666666,154,496.06,2,0,0,5,0,3,0,0
12906,12,5,2919.81,46.34619047619047,0.0,0.0,0.0,0.0,243.3175,Other,913.4,United Kingdom,1749,0.4166666666666667,66,2919.81,5,0,0,7,0,3,0,0
12909,40,8,2128.83,22.1753125,3.0,10.0,49.84,0.02341192110220168,177.4025,Home Decor,681.3,United Kingdom,1270,0.6666666666666666,213,2128.83,8,0,0,5,0,3,0,0
12910,23,8,3075.04,41.00053333333333,0.0,0.0,0.0,0.0,256.25333333333333,Toys,1049.52,United Kingdom,1692,0.6666666666666666,218,3075.04,8,0,0,12,3,3,0,3
12912,3,5,1662.3,69.2625,0.0,0.0,0.0,0.0,138.525,Electronics,643.5600000000001,United Kingdom,670,0.4166666666666667,37,1662.3,5,0,0,3,0,3,0,0
12913,5,5,2483.63,49.6726,0.0,0.0,0.0,0.0,206.96916666666667,Home Decor,993.86,United Kingdom,1419,0.4166666666666667,363,2483.63,5,0,0,5,0,3,0,0
12915,149,2,363.65,16.529545454545453,0.0,0.0,0.0,0.0,30.304166666666664,Kitchen,270.8,United Kingdom,93,0.16666666666666666,223,363.65,2,0,0,6,0,3,0,0
12916,139,5,2921.15,27.820476190476192,1.0,8.0,23.799999999999997,0.008147476165208906,243.42916666666667,Home Decor,794.55,United Kingdom,1075,0.4166666666666667,181,2921.15,5,0,0,5,0,3,0,0
12917,128,1,594.0,297.0,0.0,0.0,0.0,0.0,49.5,Other,594.0,United Kingdom,120,0.08333333333333333,0,594.0,1,0,0,7,3,0,-1,3
12919,8,8,1301.44,25.02769230769231,2.0,5.0,33.75,0.025932812884189818,108.45333333333333,Other,376.32,United Kingdom,668,0.6666666666666666,161,1301.44,8,0,0,7,0,3,0,0
12920,17,1,162.78,6.028888888888889,0.0,0.0,0.0,0.0,13.565,Home Decor,30.3,United Kingdom,128,0.08333333333333333,0,162.78,1,0,0,5,0,3,0,0
12922,161,1,405.38,14.477857142857143,0.0,0.0,0.0,0.0,33.781666666666666,Other,155.48,United Kingdom,370,0.08333333333333333,0,405.38,1,0,0,7,0,3,0,0
12923,64,1,172.82,6.172142857142857,0.0,0.0,0.0,0.0,14.401666666666666,Toys,50.6,United Kingdom,68,0.08333333333333333,0,172.82,1,0,0,12,0,3,0,0
12924,88,5,929.95,29.998387096774195,1.0,1.0,3.75,0.004032474864240012,77.49583333333334,Crockery,488.35,United Kingdom,480,0.4166666666666667,239,929.95,5,0,0,2,0,3,0,0
12925,5,2,694.05,15.423333333333332,0.0,0.0,0.0,0.0,57.8375,Other,239.04,United Kingdom,541,0.16666666666666666,70,694.05,2,0,0,7,0,3,0,0
12928,35,5,2062.7000000000003,24.555952380952384,0.0,0.0,0.0,0.0,171.89166666666668,Bags,576.7,United Kingdom,1472,0.4166666666666667,323,2062.7000000000003,5,0,0,1,0,3,0,0
12929,122,2,105.1,11.677777777777777,1.0,1.0,12.75,0.12131303520456709,8.758333333333333,Kitchen,35.349999999999994,United Kingdom,36,0.16666666666666666,189,105.1,2,0,0,6,2,2,0,2
12930,78,4,409.90000000000003,15.181481481481482,2.0,2.0,5.9,0.014393754574286412,34.15833333333334,Home Decor,138.99,United Kingdom,250,0.3333333333333333,93,409.90000000000003,4,0,0,5,0,3,0,0
12933,24,4,606.28,5.666168224299065,1.0,1.0,1.25,0.0020617536451804446,50.52333333333333,Other,136.23,United Kingdom,498,0.3333333333333333,259,606.28,4,0,0,7,0,3,0,0
12935,2,8,2156.45,16.588076923076922,1.0,1.0,4.25,0.001970831690973591,179.70416666666665,Kitchen,1008.28,United Kingdom,1852,0.6666666666666666,317,2156.45,8,0,0,6,0,3,0,0
12936,17,5,1012.9,16.077777777777776,1.0,20.0,51.0,0.050350478823180965,84.40833333333333,Stationery,266.40000000000003,United Kingdom,539,0.4166666666666667,61,1012.9,5,0,0,9,0,3,0,0
12937,15,4,1504.27,12.535583333333333,0.0,0.0,0.0,0.0,125.35583333333334,Home Decor,417.88,United Kingdom,1007,0.3333333333333333,252,1504.27,4,0,0,5,0,3,0,0
12938,26,1,114.14,12.682222222222222,0.0,0.0,0.0,0.0,9.511666666666667,Home Decor,53.48,United Kingdom,140,0.08333333333333333,0,114.14,1,0,0,5,0,3,0,0
12939,64,8,11581.8,246.42127659574467,0.0,0.0,0.0,0.0,965.15,Toys,5961.6,United Kingdom,4876,0.6666666666666666,270,11581.8,8,0,0,12,3,0,-1,3
12940,46,4,862.44,8.624400000000001,2.0,5.0,37.25,0.04319141041695654,71.87,Home Decor,357.01,United Kingdom,399,0.3333333333333333,41,862.44,4,0,0,5,0,3,0,0
12942,131,3,675.6,9.651428571428571,0.0,0.0,0.0,0.0,56.300000000000004,Home Decor,254.22,United Kingdom,198,0.25,234,675.6,3,0,0,5,0,3,0,0
12944,36,2,604.51,20.150333333333332,0.0,0.0,0.0,0.0,50.37583333333333,Stationery,163.74,United Kingdom,289,0.16666666666666666,319,604.51,2,0,0,9,0,3,0,0
12945,288,1,462.95,20.128260869565217,0.0,0.0,0.0,0.0,38.579166666666666,Home Decor,140.9,United Kingdom,165,0.08333333333333333,0,462.95,1,0,0,5,0,3,0,0
12947,144,11,1407.29,13.663009708737864,5.0,8.0,196.69999999999996,0.13977218625869578,117.27416666666666,Kitchen,322.36,United Kingdom,1157,0.9166666666666666,229,1407.29,11,1,0,6,2,2,-1,2
12948,16,8,2053.7,17.40423728813559,1.0,3.0,11.25,0.0054779179042703414,171.14166666666665,Toys,562.6,United Kingdom,1077,0.6666666666666666,248,2053.7,8,0,0,12,0,3,0,0
12949,31,10,4143.02,18.917899543378997,2.0,18.0,24.2,0.005841149692736216,345.2516666666667,Home Decor,1274.83,United Kingdom,2363,0.8333333333333334,221,4143.02,10,0,0,5,3,3,0,3
12950,2,3,1843.0,80.1304347826087,0.0,0.0,0.0,0.0,153.58333333333334,Bags,992.2,United Kingdom,1380,0.25,21,1843.0,3,0,0,1,3,3,0,3
12951,9,8,1042.07,16.031846153846153,2.0,3.0,22.0,0.02111182550116595,86.83916666666666,Kitchen,219.45,United Kingdom,500,0.6666666666666666,322,1042.07,8,0,0,6,0,3,0,0
12952,6,5,1382.8400000000001,17.285500000000003,1.0,1.0,4.95,0.003579589829625987,115.23666666666668,Kitchen,526.21,United Kingdom,652,0.4166666666666667,72,1382.8400000000001,5,0,0,6,0,3,0,0
12953,10,1,329.85,19.40294117647059,0.0,0.0,0.0,0.0,27.4875,Electronics,78.10000000000001,United Kingdom,84,0.08333333333333333,0,329.85,1,0,0,3,0,3,0,0
12955,1,14,4734.26,25.870273224043718,3.0,22.0,22.9,0.004837081191147085,394.5216666666667,Other,892.3599999999999,United Kingdom,3642,1.1666666666666667,266,4734.26,14,1,1,7,3,0,0,3
12956,306,1,108.07,5.687894736842105,0.0,0.0,0.0,0.0,9.005833333333333,Home Decor,48.47,United Kingdom,34,0.08333333333333333,0,108.07,1,0,0,5,0,3,0,0
12957,4,12,3979.04,16.307540983606557,4.0,18.0,38.5,0.009675700671518758,331.58666666666664,Other,1230.51,United Kingdom,2531,1.0,335,3979.04,12,1,0,7,3,3,0,3
12962,7,2,266.39,16.649375,0.0,0.0,0.0,0.0,22.199166666666667,Kitchen,67.80000000000001,United Kingdom,129,0.16666666666666666,106,266.39,2,0,0,6,0,3,0,0
12963,8,9,1841.03,19.177395833333332,1.0,8.0,15.6,0.008473517541810834,153.41916666666665,Home Decor,331.53,United Kingdom,873,0.75,357,1841.03,9,0,0,5,0,3,0,0
12965,89,1,769.8100000000001,7.1278703703703705,0.0,0.0,0.0,0.0,64.15083333333334,Home Decor,239.48000000000002,United Kingdom,282,0.08333333333333333,0,769.8100000000001,1,0,0,5,0,3,0,0
12966,10,1,160.18,16.018,0.0,0.0,0.0,0.0,13.348333333333334,Home Decor,54.68000000000001,United Kingdom,75,0.08333333333333333,0,160.18,1,0,0,5,0,3,0,0
12967,3,4,1194.75,36.20454545454545,2.0,195.0,466.15000000000003,0.3901653065494874,99.5625,Storage,449.20000000000005,United Kingdom,243,0.3333333333333333,368,1194.75,4,0,0,10,1,1,-1,1
12968,112,1,135.95,27.189999999999998,0.0,0.0,0.0,0.0,11.329166666666666,Storage,61.199999999999996,United Kingdom,73,0.08333333333333333,0,135.95,1,0,0,10,0,3,0,0
12970,7,4,405.47,3.1431782945736435,0.0,0.0,0.0,0.0,33.78916666666667,Other,99.4,United Kingdom,268,0.3333333333333333,315,405.47,4,0,0,7,0,3,0,0
12974,198,1,144.8,18.1,0.0,0.0,0.0,0.0,12.066666666666668,Other,73.5,United Kingdom,24,0.08333333333333333,0,144.8,1,0,0,7,0,3,0,0
12976,212,1,738.6,33.57272727272727,0.0,0.0,0.0,0.0,61.550000000000004,Bags,356.0,United Kingdom,561,0.08333333333333333,0,738.6,1,0,0,1,0,3,0,0
12977,156,1,39.239999999999995,4.359999999999999,0.0,0.0,0.0,0.0,3.2699999999999996,Furniture,20.0,United Kingdom,12,0.08333333333333333,0,39.239999999999995,1,0,0,4,0,3,0,0
12980,156,12,7092.06,295.5025,3.0,22.0,282.84000000000003,0.039881219279024716,591.005,Other,5074.05,United Kingdom,864,1.0,203,7092.06,12,1,0,7,3,0,-1,3
12981,30,2,372.21999999999997,18.610999999999997,0.0,0.0,0.0,0.0,31.01833333333333,Kitchen,136.04,United Kingdom,242,0.16666666666666666,103,372.21999999999997,2,0,0,6,0,3,0,0
12982,240,2,377.2,11.094117647058823,1.0,10.0,13.34,0.03536585365853659,31.433333333333334,Crockery,74.57,United Kingdom,278,0.16666666666666666,2,377.2,2,0,0,2,0,3,0,0
12984,19,1,97.5,24.375,0.0,0.0,0.0,0.0,8.125,Bags,60.0,United Kingdom,26,0.08333333333333333,0,97.5,1,0,0,1,0,3,0,0
12985,1,3,1215.6200000000001,15.584871794871797,1.0,120.0,23.759999999999998,0.01954558167848505,101.30166666666668,Other,309.98,United Kingdom,1413,0.25,27,1215.6200000000001,3,0,0,7,0,3,0,0
12987,74,3,545.0,18.166666666666668,1.0,2.0,13.7,0.025137614678899082,45.416666666666664,Other,159.3,United Kingdom,217,0.25,124,545.0,3,0,0,7,0,3,0,0
12988,292,1,505.82,6.094216867469879,0.0,0.0,0.0,0.0,42.151666666666664,Other,209.95,United Kingdom,126,0.08333333333333333,0,505.82,1,0,0,7,0,3,0,0
12989,3,19,6854.51,100.80161764705883,4.0,28.0,69.6,0.010153898674011707,571.2091666666666,Home Decor,2454.37,United Kingdom,2915,1.5833333333333333,361,6854.51,19,1,1,5,3,0,-1,3
12990,31,3,409.5,31.5,0.0,0.0,0.0,0.0,34.125,Bags,267.8,United Kingdom,200,0.25,278,409.5,3,0,0,1,0,3,0,0
12991,23,2,503.76,16.25032258064516,0.0,0.0,0.0,0.0,41.98,Other,176.4,United Kingdom,405,0.16666666666666666,89,503.76,2,0,0,7,0,3,0,0
12993,23,4,414.76,15.361481481481482,0.0,0.0,0.0,0.0,34.56333333333333,Kitchen,83.05000000000001,United Kingdom,240,0.3333333333333333,275,414.76,4,0,0,6,0,3,0,0
12994,4,5,902.22,12.35917808219178,2.0,19.0,72.2,0.08002482764735874,75.185,Kitchen,298.55,United Kingdom,440,0.4166666666666667,264,902.22,5,0,0,6,2,3,0,2
12995,78,2,200.72,40.144,1.0,10.0,10.6,0.05280988441610203,16.726666666666667,Home Decor,135.0,United Kingdom,98,0.16666666666666666,7,200.72,2,0,0,5,0,3,0,0
12997,22,7,1197.94,17.879701492537315,3.0,16.0,28.950000000000003,0.024166485800624405,99.82833333333333,Home Decor,385.38,United Kingdom,648,0.5833333333333334,294,1197.94,7,0,0,5,0,3,0,0
12999,196,3,455.88,16.28142857142857,0.0,0.0,0.0,0.0,37.99,Toys,235.2,United Kingdom,342,0.25,49,455.88,3,0,0,12,0,3,0,0
13000,107,3,534.85,17.253225806451614,0.0,0.0,0.0,0.0,44.57083333333333,Kitchen,190.06,United Kingdom,379,0.25,258,534.85,3,0,0,6,0,3,0,0
13001,4,15,9765.07,28.720794117647056,2.0,8.0,20.9,0.0021402816364859646,813.7558333333333,Storage,2074.75,United Kingdom,5482,1.25,322,9765.07,15,1,1,10,3,0,-1,3
13002,318,1,120.94999999999999,17.27857142857143,0.0,0.0,0.0,0.0,10.079166666666666,Home Decor,80.99999999999999,United Kingdom,73,0.08333333333333333,0,120.94999999999999,1,0,0,5,0,3,0,0
13003,106,3,149.05,24.84166666666667,0.0,0.0,0.0,0.0,12.420833333333334,Storage,105.0,United Kingdom,103,0.25,109,149.05,3,0,0,10,0,3,0,0
13004,12,22,5613.43,13.72476772616137,4.0,26.0,42.480000000000004,0.007567565641684318,467.78583333333336,Other,1231.85,United Kingdom,4796,1.8333333333333333,346,5613.43,22,1,1,7,3,0,0,3
13005,174,3,468.95,16.170689655172414,1.0,5.0,44.75,0.09542595159398656,39.079166666666666,Kitchen,150.15,United Kingdom,167,0.25,72,468.95,3,0,0,6,2,2,0,2
13006,56,1,81.57,20.3925,0.0,0.0,0.0,0.0,6.797499999999999,Kitchen,38.25,United Kingdom,55,0.08333333333333333,0,81.57,1,0,0,6,0,3,0,0
13008,323,2,178.46999999999997,11.897999999999998,1.0,60.0,51.0,0.2857623129937805,14.872499999999997,Storage,54.89999999999999,United Kingdom,115,0.16666666666666666,37,178.46999999999997,2,0,0,10,1,1,-1,1
13012,9,11,1296.6200000000001,12.232264150943397,3.0,153.0,350.22,0.2701022658913174,108.05166666666668,Home Decor,578.63,United Kingdom,667,0.9166666666666666,285,1296.6200000000001,11,1,0,5,1,1,-1,1
13014,3,16,3365.43,27.36121951219512,6.0,21.0,100.85000000000001,0.029966453023833512,280.4525,Kitchen,1649.05,United Kingdom,884,1.3333333333333333,278,3365.43,16,1,1,6,3,3,0,3
13015,53,5,3339.64,19.08365714285714,0.0,0.0,0.0,0.0,278.30333333333334,Kitchen,925.66,United Kingdom,1609,0.4166666666666667,195,3339.64,5,0,0,6,0,3,0,0
13016,73,3,789.89,16.806170212765956,0.0,0.0,0.0,0.0,65.82416666666667,Kitchen,369.8,United Kingdom,527,0.25,49,789.89,3,0,0,6,0,3,0,0
13017,7,1,204.0,204.0,0.0,0.0,0.0,0.0,17.0,Storage,204.0,United Kingdom,48,0.08333333333333333,0,204.0,1,0,0,10,3,0,1,3
13018,16,29,7272.75,15.844771241830065,1.0,1.0,4.95,0.0006806228730535217,606.0625,Home Decor,1276.43,United Kingdom,5434,2.4166666666666665,279,7272.75,29,1,1,5,3,0,-1,3
13021,4,12,2584.4,19.286567164179104,3.0,16.0,31.98,0.012374245472837022,215.36666666666667,Kitchen,749.1600000000001,United Kingdom,1336,1.0,361,2584.4,12,1,0,6,0,3,0,0
13023,64,2,689.9,17.2475,0.0,0.0,0.0,0.0,57.49166666666667,Kitchen,191.60000000000002,United Kingdom,286,0.16666666666666666,65,689.9,2,0,0,6,0,3,0,0
13026,1,8,936.15,21.77093023255814,3.0,34.0,39.21,0.04188431341131229,78.0125,Other,347.76,United Kingdom,1586,0.6666666666666666,274,936.15,8,0,0,7,0,3,0,0
13028,23,3,659.68,14.035744680851062,1.0,2.0,1.6400000000000001,0.00248605384428814,54.97333333333333,Bags,149.5,United Kingdom,796,0.25,22,659.68,3,0,0,1,0,3,0,0
13029,31,3,1247.5,124.75,0.0,0.0,0.0,0.0,103.95833333333333,Kitchen,1152.0,United Kingdom,134,0.25,322,1247.5,3,0,0,6,3,3,0,3
13030,11,2,752.4399999999999,8.178695652173912,0.0,0.0,0.0,0.0,62.703333333333326,Other,158.51999999999998,United Kingdom,348,0.16666666666666666,356,752.4399999999999,2,0,0,7,0,3,0,0
13032,39,3,996.52,13.286933333333334,1.0,8.0,13.66,0.01370770280576406,83.04333333333334,Kitchen,316.71,United Kingdom,367,0.25,48,996.52,3,0,0,6,0,3,0,0
13033,357,1,190.55,17.322727272727274,0.0,0.0,0.0,0.0,15.879166666666668,Bags,39.0,United Kingdom,83,0.08333333333333333,0,190.55,1,0,0,1,0,3,0,0
13034,55,2,642.77,17.372162162162162,0.0,0.0,0.0,0.0,53.564166666666665,Kitchen,191.3,United Kingdom,369,0.16666666666666666,314,642.77,2,0,0,6,0,3,0,0
13035,58,3,886.63,29.554333333333332,1.0,17.0,35.25,0.03975728319592164,73.88583333333334,Stationery,345.6,United Kingdom,627,0.25,203,886.63,3,0,0,9,0,3,0,0
13037,138,3,881.07,18.355625,0.0,0.0,0.0,0.0,73.4225,Home Decor,230.62,United Kingdom,431,0.25,118,881.07,3,0,0,5,0,3,0,0
13038,80,3,908.46,32.445,0.0,0.0,0.0,0.0,75.705,Kitchen,712.8,United Kingdom,360,0.25,210,908.46,3,0,0,6,0,3,0,0
13040,9,2,676.99,15.743953488372092,0.0,0.0,0.0,0.0,56.41583333333333,Stationery,124.35000000000001,United Kingdom,355,0.16666666666666666,24,676.99,2,0,0,9,0,3,0,0
13043,254,2,471.57,33.683571428571426,1.0,3.0,44.849999999999994,0.09510783128697753,39.2975,Kitchen,267.62,United Kingdom,251,0.16666666666666666,19,471.57,2,0,0,6,2,2,0,2
13044,291,1,560.47,16.983939393939394,0.0,0.0,0.0,0.0,46.70583333333334,Other,323.35,United Kingdom,429,0.08333333333333333,0,560.47,1,0,0,7,0,3,0,0
13045,99,1,305.28000000000003,16.96,0.0,0.0,0.0,0.0,25.44,Kitchen,109.80000000000001,United Kingdom,221,0.08333333333333333,0,305.28000000000003,1,0,0,6,0,3,0,0
13046,31,2,629.31,17.980285714285714,0.0,0.0,0.0,0.0,52.442499999999995,Home Decor,248.11,United Kingdom,264,0.16666666666666666,235,629.31,2,0,0,5,0,3,0,0
13047,32,18,3079.1,15.70969387755102,8.0,36.0,158.44,0.05145659445941996,256.59166666666664,Kitchen,769.6800000000001,United Kingdom,1355,1.5,342,3079.1,18,1,1,6,3,3,0,3
13048,14,5,1789.41,13.157426470588236,1.0,8.0,30.0,0.01676530252988415,149.1175,Bags,729.64,United Kingdom,1220,0.4166666666666667,312,1789.41,5,0,0,1,0,3,0,0
13049,64,2,656.6800000000001,46.90571428571429,0.0,0.0,0.0,0.0,54.723333333333336,Crockery,279.9,United Kingdom,268,0.16666666666666666,253,656.6800000000001,2,0,0,2,0,3,0,0
13050,9,28,5684.61,13.47063981042654,11.0,41.0,152.25,0.026782839983745588,473.7175,Home Decor,2014.53,United Kingdom,3707,2.3333333333333335,357,5684.61,28,1,1,5,3,0,3,3
13052,212,1,348.15000000000003,19.34166666666667,0.0,0.0,0.0,0.0,29.012500000000003,Home Decor,138.3,United Kingdom,222,0.08333333333333333,0,348.15000000000003,1,0,0,5,0,3,0,0
13055,64,4,1201.96,15.40974358974359,1.0,3.0,12.450000000000001,0.010358081799727113,100.16333333333334,Other,314.82,United Kingdom,891,0.3333333333333333,149,1201.96,4,0,0,7,0,3,0,0
13058,25,3,271.40000000000003,33.925000000000004,0.0,0.0,0.0,0.0,22.61666666666667,Stationery,148.5,United Kingdom,52,0.25,127,271.40000000000003,3,0,0,9,0,3,0,0
13059,250,1,183.4,22.925,0.0,0.0,0.0,0.0,15.283333333333333,Kitchen,89.25,United Kingdom,35,0.08333333333333333,0,183.4,1,0,0,6,0,3,0,0
13060,254,1,307.53,20.502,0.0,0.0,0.0,0.0,25.627499999999998,Home Decor,117.17999999999999,United Kingdom,123,0.08333333333333333,0,307.53,1,0,0,5,0,3,0,0
13061,72,1,248.61,24.861,0.0,0.0,0.0,0.0,20.7175,Stationery,118.05000000000001,United Kingdom,107,0.08333333333333333,0,248.61,1,0,0,9,0,3,0,0
13062,191,1,346.98,31.543636363636367,0.0,0.0,0.0,0.0,28.915000000000003,Kitchen,185.9,United Kingdom,343,0.08333333333333333,0,346.98,1,0,0,6,0,3,0,0
13064,13,4,1105.59,16.258676470588235,0.0,0.0,0.0,0.0,92.1325,Other,347.28,United Kingdom,514,0.3333333333333333,314,1105.59,4,0,0,7,0,3,0,0
13066,24,3,430.9,8.793877551020408,1.0,2.0,39.9,0.09259689022975169,35.90833333333333,Home Decor,158.76000000000002,United Kingdom,320,0.25,7,430.9,3,0,0,5,2,3,0,2
13067,82,1,115.46000000000001,7.697333333333334,0.0,0.0,0.0,0.0,9.621666666666668,Home Decor,24.55,United Kingdom,32,0.08333333333333333,0,115.46000000000001,1,0,0,5,0,3,0,0
13068,10,2,344.0,172.0,0.0,0.0,0.0,0.0,28.666666666666668,Bags,344.0,United Kingdom,200,0.16666666666666666,309,344.0,2,0,0,1,3,0,2,3
13069,1,27,3713.14,7.917142857142857,3.0,419.0,718.3000000000002,0.19344813284713214,309.42833333333334,Kitchen,729.11,United Kingdom,5454,2.25,368,3713.14,27,1,1,6,2,2,-1,2
13070,192,1,228.8,25.422222222222224,0.0,0.0,0.0,0.0,19.066666666666666,Bags,166.4,United Kingdom,110,0.08333333333333333,0,228.8,1,0,0,1,0,3,0,0
13072,267,1,177.15,25.307142857142857,0.0,0.0,0.0,0.0,14.762500000000001,Kitchen,141.75,United Kingdom,69,0.08333333333333333,0,177.15,1,0,0,6,0,3,0,0
13075,130,1,919.61,41.80045454545455,0.0,0.0,0.0,0.0,76.63416666666667,Bags,228.8,United Kingdom,485,0.08333333333333333,0,919.61,1,0,0,1,0,3,0,0
13077,1,4,728.02,6.558738738738739,0.0,0.0,0.0,0.0,60.66833333333333,Home Decor,257.56,United Kingdom,862,0.3333333333333333,365,728.02,4,0,0,5,0,3,0,0
13079,4,5,220.10000000000002,36.68333333333334,0.0,0.0,0.0,0.0,18.34166666666667,Storage,184.7,United Kingdom,62,0.4166666666666667,136,220.10000000000002,5,0,0,10,0,3,0,0
13080,179,1,58.08,9.68,0.0,0.0,0.0,0.0,4.84,Kitchen,30.6,United Kingdom,120,0.08333333333333333,0,58.08,1,0,0,6,0,3,0,0
13082,126,10,3595.48,47.939733333333336,1.0,11.0,18.15,0.005048004717033609,299.62333333333333,Other,1803.05,United Kingdom,4313,0.8333333333333334,212,3595.48,10,0,0,7,3,0,-1,3
13083,4,2,303.75,16.875,0.0,0.0,0.0,0.0,25.3125,Electronics,121.8,United Kingdom,187,0.16666666666666666,71,303.75,2,0,0,3,0,3,0,0
13085,158,3,272.38,9.392413793103447,1.0,108.0,143.7,0.527571774726485,22.698333333333334,Kitchen,91.2,United Kingdom,108,0.25,137,272.38,3,0,0,6,1,1,-1,1
13090,9,18,8689.39,53.971366459627326,4.0,69.0,221.43000000000004,0.02548280143945663,724.1158333333333,Stationery,2934.79,United Kingdom,2194,1.5,364,8689.39,18,1,1,9,3,0,-1,3
13091,21,2,319.82,13.325833333333334,1.0,16.0,26.0,0.08129572884747671,26.651666666666667,Other,121.9,United Kingdom,450,0.16666666666666666,7,319.82,2,0,0,7,2,3,0,2
13092,71,6,459.83,17.685769230769232,1.0,8.0,18.0,0.0391449013765957,38.31916666666667,Stationery,145.05,United Kingdom,271,0.5,288,459.83,6,0,0,9,0,3,0,0
13093,267,13,7741.47,45.53805882352941,5.0,18.0,91.0,0.011754873428431551,645.1225000000001,Kitchen,1848.43,United Kingdom,3943,1.0833333333333333,106,7741.47,13,1,1,6,3,0,-1,3
13094,21,16,1708.8600000000001,56.962,4.0,174.0,218.46000000000004,0.12783961237316108,142.405,Electronics,1414.14,United Kingdom,1542,1.3333333333333333,347,1708.8600000000001,16,1,1,3,2,2,-1,2
13095,71,1,74.39999999999999,12.399999999999999,0.0,0.0,0.0,0.0,6.199999999999999,Other,26.759999999999998,United Kingdom,144,0.08333333333333333,0,74.39999999999999,1,0,0,7,0,3,0,0
13097,33,14,5886.12,13.531310344827586,4.0,22.0,117.10000000000001,0.019894259716077826,490.51,Kitchen,1282.94,United Kingdom,2338,1.1666666666666667,327,5886.12,14,1,1,6,3,0,0,3
13099,99,1,207.35999999999999,207.35999999999999,0.0,0.0,0.0,0.0,17.279999999999998,Other,207.35999999999999,United Kingdom,288,0.08333333333333333,0,207.35999999999999,1,0,0,7,3,0,1,3
13101,234,1,101.19,12.64875,0.0,0.0,0.0,0.0,8.4325,Crockery,37.59,United Kingdom,113,0.08333333333333333,0,101.19,1,0,0,2,0,3,0,0
13102,1,27,6336.29,20.439645161290322,3.0,44.0,87.8,0.013856689008867966,528.0241666666667,Electronics,1544.64,United Kingdom,4160,2.25,363,6336.29,27,1,1,3,3,0,3,3
13103,40,1,243.94,30.4925,0.0,0.0,0.0,0.0,20.328333333333333,Electronics,151.8,United Kingdom,82,0.08333333333333333,0,243.94,1,0,0,3,0,3,0,0
13104,3,6,1098.48,54.924,0.0,0.0,0.0,0.0,91.54,Home Decor,561.6,United Kingdom,504,0.5,351,1098.48,6,0,0,5,0,3,0,0
13106,129,2,59.5,29.75,1.0,4.0,17.0,0.2857142857142857,4.958333333333333,Home Decor,59.5,United Kingdom,14,0.16666666666666666,4,59.5,2,0,0,5,1,1,-1,1
13107,44,5,1524.07,25.401166666666665,1.0,5.0,7.550000000000001,0.004953840702854856,127.00583333333333,Kitchen,348.45,United Kingdom,1288,0.4166666666666667,289,1524.07,5,0,0,6,0,3,0,0
13109,3,5,766.84,15.3368,3.0,6.0,19.700000000000003,0.025689844035261596,63.903333333333336,Toys,150.8,United Kingdom,514,0.4166666666666667,154,766.84,5,0,0,12,0,3,0,0
13110,31,8,1452.8700000000001,9.951164383561645,1.0,4.0,35.8,0.02464088321735599,121.0725,Home Decor,339.25,United Kingdom,384,0.6666666666666666,279,1452.8700000000001,8,0,0,5,0,3,0,0
13115,9,14,2205.63,16.709318181818183,10.0,33.0,89.15,0.04041929063351514,183.8025,Toys,491.40000000000003,United Kingdom,1534,1.1666666666666667,357,2205.63,14,1,1,12,3,3,-1,3
13116,117,2,485.19,15.651290322580644,1.0,1.0,15.95,0.03287371957377522,40.4325,Home Decor,266.6,United Kingdom,290,0.16666666666666666,21,485.19,2,0,0,5,0,3,0,0
13117,22,8,984.91,12.959342105263158,0.0,0.0,0.0,0.0,82.07583333333334,Home Decor,307.27,United Kingdom,945,0.6666666666666666,350,984.91,8,0,0,5,0,3,0,0
13118,20,7,1125.0,13.71951219512195,2.0,21.0,72.81,0.06472,93.75,Bags,249.45000000000002,United Kingdom,389,0.5833333333333334,269,1125.0,7,0,0,1,2,3,0,2
13120,239,1,30.599999999999998,30.599999999999998,0.0,0.0,0.0,0.0,2.55,Home Decor,30.599999999999998,United Kingdom,12,0.08333333333333333,0,30.599999999999998,1,0,0,5,0,3,0,0
13121,269,2,254.73,4.806226415094339,1.0,25.0,29.0,0.11384603305460685,21.2275,Other,61.48,United Kingdom,227,0.16666666666666666,0,254.73,2,0,0,7,2,2,0,2
13122,94,2,922.39,16.77072727272727,0.0,0.0,0.0,0.0,76.86583333333333,Home Decor,242.06,United Kingdom,585,0.16666666666666666,146,922.39,2,0,0,5,0,3,0,0
13124,90,3,3756.33,16.920405405405404,0.0,0.0,0.0,0.0,313.0275,Home Decor,1345.8899999999999,United Kingdom,2119,0.25,269,3756.33,3,0,0,5,0,3,0,0
13126,5,10,2056.29,14.480915492957747,2.0,13.0,43.349999999999994,0.021081656770202645,171.3575,Home Decor,669.46,United Kingdom,2130,0.8333333333333334,361,2056.29,10,0,0,5,0,3,0,0
13127,78,1,259.17,17.278000000000002,0.0,0.0,0.0,0.0,21.5975,Kitchen,69.75,United Kingdom,127,0.08333333333333333,0,259.17,1,0,0,6,0,3,0,0
13130,94,1,64.0,32.0,0.0,0.0,0.0,0.0,5.333333333333333,Kitchen,64.0,United Kingdom,32,0.08333333333333333,0,64.0,1,0,0,6,0,3,0,0
13131,23,4,1039.3,22.593478260869563,1.0,4.0,34.0,0.03271432695083229,86.60833333333333,Stationery,372.0,United Kingdom,443,0.3333333333333333,164,1039.3,4,0,0,9,0,3,0,0
13132,262,1,77.3,25.766666666666666,0.0,0.0,0.0,0.0,6.441666666666666,Home Decor,60.3,United Kingdom,20,0.08333333333333333,0,77.3,1,0,0,5,0,3,0,0
13133,274,2,109.8,15.685714285714285,0.0,0.0,0.0,0.0,9.15,Home Decor,45.25,United Kingdom,32,0.16666666666666666,30,109.8,2,0,0,5,0,3,0,0
13134,73,7,1740.63,16.577428571428573,3.0,15.0,52.95,0.03042002033746402,145.0525,Home Decor,483.81,United Kingdom,1044,0.5833333333333334,167,1740.63,7,0,0,5,0,3,0,0
13136,50,11,2545.38,18.31208633093525,6.0,16.0,62.23000000000001,0.02444821598346809,212.115,Kitchen,505.69,United Kingdom,1312,0.9166666666666666,315,2545.38,11,1,0,6,0,3,0,0
13137,11,9,3557.96,5.1714534883720935,1.0,1.0,45.33,0.012740446772869847,296.49666666666667,Kitchen,823.59,United Kingdom,2203,0.75,298,3557.96,9,0,0,6,0,3,0,0
13138,22,6,962.39,15.276031746031746,0.0,0.0,0.0,0.0,80.19916666666667,Toys,300.3,United Kingdom,473,0.5,350,962.39,6,0,0,12,0,3,0,0
13139,16,8,5055.79,29.05626436781609,1.0,7.0,9.15,0.0018098061826143886,421.31583333333333,Bags,1128.3000000000002,United Kingdom,2418,0.6666666666666666,243,5055.79,8,0,0,1,3,3,0,3
13140,108,3,422.47,9.388222222222224,0.0,0.0,0.0,0.0,35.20583333333334,Home Decor,232.92,United Kingdom,185,0.25,258,422.47,3,0,0,5,0,3,0,0
13141,85,6,2385.8,17.54264705882353,1.0,1.0,2.95,0.0012364825215860507,198.8166666666667,Kitchen,413.75,United Kingdom,1547,0.5,230,2385.8,6,0,0,6,0,3,0,0
13142,19,1,307.09,13.351739130434781,0.0,0.0,0.0,0.0,25.590833333333332,Stationery,118.01,United Kingdom,258,0.08333333333333333,0,307.09,1,0,0,9,0,3,0,0
13144,333,1,110.95,36.983333333333334,0.0,0.0,0.0,0.0,9.245833333333334,Kitchen,63.75,United Kingdom,21,0.08333333333333333,0,110.95,1,0,0,6,0,3,0,0
13145,40,5,614.77,87.82428571428571,1.0,3.0,3.75,0.006099842217414643,51.23083333333333,Stationery,320.92,United Kingdom,142,0.4166666666666667,332,614.77,5,0,0,9,3,3,0,3
13146,26,1,228.91,13.465294117647058,0.0,0.0,0.0,0.0,19.075833333333332,Electronics,78.5,United Kingdom,154,0.08333333333333333,0,228.91,1,0,0,3,0,3,0,0
13147,10,4,712.8000000000001,178.20000000000002,0.0,0.0,0.0,0.0,59.400000000000006,Electronics,712.8000000000001,United Kingdom,144,0.3333333333333333,89,712.8000000000001,4,0,0,3,3,0,2,3
13148,29,17,3324.62,9.778294117647059,5.0,147.0,358.64,0.10787398259049154,277.0516666666667,Other,782.51,United Kingdom,1818,1.4166666666666667,335,3324.62,17,1,1,7,2,2,-1,2
13149,14,4,1676.06,19.48906976744186,0.0,0.0,0.0,0.0,139.67166666666665,Home Decor,780.92,United Kingdom,1280,0.3333333333333333,274,1676.06,4,0,0,5,0,3,0,0
13151,203,2,1250.3700000000001,16.6716,1.0,2.0,7.5,0.005998224525540439,104.1975,Home Decor,444.85,United Kingdom,361,0.16666666666666666,92,1250.3700000000001,2,0,0,5,0,3,0,0
13153,6,1,486.22,32.41466666666667,0.0,0.0,0.0,0.0,40.51833333333334,Seasonal,289.6,United Kingdom,418,0.08333333333333333,0,486.22,1,0,0,8,0,3,0,0
13155,33,4,971.76,11.432470588235294,0.0,0.0,0.0,0.0,80.98,Toys,270.0,United Kingdom,497,0.3333333333333333,335,971.76,4,0,0,12,0,3,0,0
13157,49,5,1721.57,19.343483146067413,1.0,9.0,19.65,0.011414000011617303,143.46416666666667,Home Decor,420.81,United Kingdom,1430,0.4166666666666667,248,1721.57,5,0,0,5,0,3,0,0
13158,95,4,1201.06,15.203291139240505,0.0,0.0,0.0,0.0,100.08833333333332,Bags,234.48,United Kingdom,784,0.3333333333333333,224,1201.06,4,0,0,1,0,3,0,0
13159,9,5,1371.25,11.332644628099173,1.0,14.0,58.10000000000001,0.04237010027347311,114.27083333333333,Stationery,228.91,United Kingdom,1044,0.4166666666666667,106,1371.25,5,0,0,9,0,3,0,0
13160,22,1,91.8,22.95,0.0,0.0,0.0,0.0,7.6499999999999995,Kitchen,34.8,United Kingdom,56,0.08333333333333333,0,91.8,1,0,0,6,0,3,0,0
13161,313,1,112.75,14.09375,0.0,0.0,0.0,0.0,9.395833333333334,Home Decor,70.9,United Kingdom,29,0.08333333333333333,0,112.75,1,0,0,5,0,3,0,0
13162,122,5,1644.99,20.060853658536587,1.0,50.0,43.3,0.0263223484641244,137.0825,Home Decor,377.4,United Kingdom,1663,0.4166666666666667,212,1644.99,5,0,0,5,0,3,0,0
13165,46,2,1021.48,24.32095238095238,0.0,0.0,0.0,0.0,85.12333333333333,Home Decor,603.92,United Kingdom,1376,0.16666666666666666,305,1021.48,2,0,0,5,0,3,0,0
13166,282,2,414.7,9.873809523809523,1.0,2.0,2.5,0.006028454304316373,34.55833333333333,Home Decor,107.94999999999999,United Kingdom,214,0.16666666666666666,0,414.7,2,0,0,5,0,3,0,0
13167,19,4,791.33,12.174307692307693,0.0,0.0,0.0,0.0,65.94416666666667,Other,237.64,United Kingdom,785,0.3333333333333333,125,791.33,4,0,0,7,0,3,0,0
13168,36,5,1290.54,10.08234375,1.0,2.0,9.05,0.007012568382227595,107.545,Home Decor,445.32,United Kingdom,668,0.4166666666666667,281,1290.54,5,0,0,5,0,3,0,0
13169,64,2,712.88,54.83692307692308,0.0,0.0,0.0,0.0,59.406666666666666,Other,571.2,United Kingdom,272,0.16666666666666666,188,712.88,2,0,0,7,0,3,0,0
13170,27,1,108.81,3.6270000000000002,0.0,0.0,0.0,0.0,9.0675,Other,54.949999999999996,United Kingdom,141,0.08333333333333333,0,108.81,1,0,0,7,0,3,0,0
13171,8,5,426.81,8.891875,2.0,2.0,41.6,0.09746725709332021,35.5675,Home Decor,165.16,United Kingdom,227,0.4166666666666667,291,426.81,5,0,0,5,2,2,0,2
13173,4,2,353.65,8.224418604651163,0.0,0.0,0.0,0.0,29.47083333333333,Other,85.55,United Kingdom,277,0.16666666666666666,363,353.65,2,0,0,7,0,3,0,0
13174,16,3,2742.82,9.361160409556314,0.0,0.0,0.0,0.0,228.56833333333336,Home Decor,789.65,United Kingdom,1352,0.25,352,2742.82,3,0,0,5,0,3,0,0
13176,46,1,481.49,7.186417910447761,0.0,0.0,0.0,0.0,40.12416666666667,Other,105.86999999999999,United Kingdom,448,0.08333333333333333,0,481.49,1,0,0,7,0,3,0,0
13177,65,1,282.45,16.61470588235294,0.0,0.0,0.0,0.0,23.537499999999998,Toys,172.5,United Kingdom,91,0.08333333333333333,0,282.45,1,0,0,12,0,3,0,0
13178,26,11,5725.47,21.60554716981132,0.0,0.0,0.0,0.0,477.1225,Bags,1866.45,United Kingdom,3570,0.9166666666666666,334,5725.47,11,1,0,1,3,0,0,3
13182,45,1,121.18,11.016363636363637,0.0,0.0,0.0,0.0,10.098333333333334,Stationery,62.58,United Kingdom,201,0.08333333333333333,0,121.18,1,0,0,9,0,3,0,0
13183,8,9,3957.78,42.10404255319149,0.0,0.0,0.0,0.0,329.815,Home Decor,3006.0,United Kingdom,2208,0.75,326,3957.78,9,0,0,5,3,3,0,3
13184,15,12,1616.45,8.930662983425414,2.0,30.0,52.5,0.03247857960345201,134.70416666666668,Home Decor,727.46,United Kingdom,1632,1.0,275,1616.45,12,1,0,5,0,3,0,0
13185,268,1,71.4,71.4,0.0,0.0,0.0,0.0,5.95,Other,71.4,United Kingdom,12,0.08333333333333333,0,71.4,1,0,0,7,0,3,0,0
13186,40,5,1539.69,18.329642857142858,2.0,16.0,36.2,0.02351122628581078,128.3075,Home Decor,768.21,United Kingdom,804,0.4166666666666667,89,1539.69,5,0,0,5,0,3,0,0
13187,337,1,236.02,6.378918918918919,0.0,0.0,0.0,0.0,19.668333333333333,Home Decor,85.52,United Kingdom,95,0.08333333333333333,0,236.02,1,0,0,5,0,3,0,0
13188,11,1,114.60000000000001,57.300000000000004,0.0,0.0,0.0,0.0,9.55,Stationery,99.60000000000001,United Kingdom,25,0.08333333333333333,0,114.60000000000001,1,0,0,9,0,3,0,0
13189,19,2,260.68,8.988965517241379,0.0,0.0,0.0,0.0,21.723333333333333,Other,54.16,United Kingdom,842,0.16666666666666666,96,260.68,2,0,0,7,0,3,0,0
13192,95,2,911.94,14.475238095238096,0.0,0.0,0.0,0.0,75.995,Home Decor,213.94,United Kingdom,595,0.16666666666666666,109,911.94,2,0,0,5,0,3,0,0
13193,61,1,112.08,4.4832,0.0,0.0,0.0,0.0,9.34,Home Decor,41.33,United Kingdom,46,0.08333333333333333,0,112.08,1,0,0,5,0,3,0,0
13194,136,1,60.7,20.233333333333334,0.0,0.0,0.0,0.0,5.058333333333334,Electronics,34.0,United Kingdom,26,0.08333333333333333,0,60.7,1,0,0,3,0,3,0,0
13196,11,4,1797.78,16.343454545454545,0.0,0.0,0.0,0.0,149.815,Stationery,556.27,United Kingdom,1224,0.3333333333333333,250,1797.78,4,0,0,9,0,3,0,0
13198,10,8,3384.09,14.77768558951965,2.0,3.0,17.15,0.005067832120304128,282.0075,Other,707.35,United Kingdom,2645,0.6666666666666666,351,3384.09,8,0,0,7,0,3,0,0
13200,19,4,870.09,18.915,0.0,0.0,0.0,0.0,72.50750000000001,Home Decor,287.25,United Kingdom,516,0.3333333333333333,107,870.09,4,0,0,5,0,3,0,0
13203,10,4,869.46,15.253684210526316,0.0,0.0,0.0,0.0,72.455,Home Decor,352.2,United Kingdom,800,0.3333333333333333,232,869.46,4,0,0,5,0,3,0,0
13207,15,2,250.26000000000002,31.282500000000002,0.0,0.0,0.0,0.0,20.855,Other,111.24000000000001,United Kingdom,130,0.16666666666666666,135,250.26000000000002,2,0,0,7,0,3,0,0
13208,59,7,1199.65,8.051342281879196,1.0,18.0,18.0,0.015004376276413952,99.97083333333335,Home Decor,586.53,United Kingdom,785,0.5833333333333334,250,1199.65,7,0,0,5,0,3,0,0
13209,30,11,5820.16,17.690455927051673,3.0,21.0,71.45,0.01227629480976468,485.0133333333333,Other,1060.75,United Kingdom,4232,0.9166666666666666,331,5820.16,11,1,0,7,3,0,0,3
13210,94,1,353.48,16.067272727272726,0.0,0.0,0.0,0.0,29.456666666666667,Home Decor,146.88,United Kingdom,316,0.08333333333333333,0,353.48,1,0,0,5,0,3,0,0
13211,10,3,1095.42,19.916727272727275,0.0,0.0,0.0,0.0,91.28500000000001,Stationery,600.8,United Kingdom,834,0.25,350,1095.42,3,0,0,9,0,3,0,0
13212,9,4,779.33,5.488239436619718,1.0,1.0,7.5,0.009623651084906265,64.94416666666667,Other,183.04999999999998,United Kingdom,308,0.3333333333333333,52,779.33,4,0,0,7,0,3,0,0
13213,57,6,1518.43,16.50467391304348,1.0,3.0,2.15,0.0014159361972563766,126.53583333333334,Home Decor,376.28,United Kingdom,1357,0.5,142,1518.43,6,0,0,5,0,3,0,0
13216,268,1,333.74,66.748,0.0,0.0,0.0,0.0,27.811666666666667,Toys,185.0,United Kingdom,297,0.08333333333333333,0,333.74,1,0,0,12,0,3,0,0
13218,127,1,62.63999999999999,12.527999999999999,0.0,0.0,0.0,0.0,5.22,Crockery,19.799999999999997,United Kingdom,88,0.08333333333333333,0,62.63999999999999,1,0,0,2,0,3,0,0
13220,78,4,819.2900000000001,39.01380952380953,0.0,0.0,0.0,0.0,68.27416666666667,Other,597.1,United Kingdom,196,0.3333333333333333,158,819.2900000000001,4,0,0,7,0,3,0,0
13221,240,2,847.41,12.839545454545455,0.0,0.0,0.0,0.0,70.61749999999999,Kitchen,212.95,United Kingdom,244,0.16666666666666666,119,847.41,2,0,0,6,0,3,0,0
13223,200,2,163.20000000000002,32.64,0.0,0.0,0.0,0.0,13.600000000000001,Home Decor,100.80000000000001,United Kingdom,88,0.16666666666666666,31,163.20000000000002,2,0,0,5,0,3,0,0
13224,60,3,2150.85,19.732568807339447,1.0,6.0,5.1,0.0023711555896506033,179.23749999999998,Home Decor,737.8,United Kingdom,1512,0.25,91,2150.85,3,0,0,5,0,3,0,0
13225,3,8,6083.04,178.91294117647058,1.0,64.0,380.8,0.06260027880796444,506.92,Home Decor,2570.88,United Kingdom,3352,0.6666666666666666,358,6083.04,8,0,0,5,3,0,-1,3
13226,273,1,108.21000000000001,6.7631250000000005,0.0,0.0,0.0,0.0,9.0175,Other,37.5,United Kingdom,80,0.08333333333333333,0,108.21000000000001,1,0,0,7,0,3,0,0
13227,202,1,257.7,28.633333333333333,0.0,0.0,0.0,0.0,21.474999999999998,Bags,97.5,United Kingdom,99,0.08333333333333333,0,257.7,1,0,0,1,0,3,0,0
13228,81,1,358.0,179.0,0.0,0.0,0.0,0.0,29.833333333333332,Bags,179.0,United Kingdom,200,0.08333333333333333,0,358.0,1,0,0,1,3,0,2,3
13229,226,1,160.95,16.095,0.0,0.0,0.0,0.0,13.4125,Kitchen,100.2,United Kingdom,63,0.08333333333333333,0,160.95,1,0,0,6,0,3,0,0
13230,4,15,2712.07,4.612363945578232,1.0,121.0,43.559999999999995,0.016061532335079846,226.00583333333336,Home Decor,628.43,United Kingdom,1517,1.25,360,2712.07,15,1,1,5,0,3,0,0
13232,13,7,1328.35,6.575990099009901,0.0,0.0,0.0,0.0,110.69583333333333,Kitchen,498.73,United Kingdom,773,0.5833333333333334,230,1328.35,7,0,0,6,0,3,0,0
13233,74,2,605.12,14.072558139534884,0.0,0.0,0.0,0.0,50.42666666666667,Home Decor,144.72,United Kingdom,1004,0.16666666666666666,261,605.12,2,0,0,5,0,3,0,0
13236,25,3,727.27,18.64794871794872,1.0,5.0,17.58,0.024172590647214925,60.60583333333333,Home Decor,337.14,United Kingdom,411,0.25,82,727.27,3,0,0,5,0,3,0,0
13238,11,5,680.83,21.2759375,1.0,2.0,19.9,0.02922902927309313,56.73583333333334,Bags,456.3,United Kingdom,296,0.4166666666666667,349,680.83,5,0,0,1,0,3,0,0
13239,262,1,329.56,15.693333333333333,0.0,0.0,0.0,0.0,27.463333333333335,Kitchen,186.44,United Kingdom,327,0.08333333333333333,0,329.56,1,0,0,6,0,3,0,0
13240,96,4,663.65,9.905223880597015,0.0,0.0,0.0,0.0,55.30416666666667,Crockery,229.59,United Kingdom,298,0.3333333333333333,269,663.65,4,0,0,2,0,3,0,0
13242,112,3,270.40000000000003,20.800000000000004,0.0,0.0,0.0,0.0,22.533333333333335,Bags,249.60000000000002,United Kingdom,130,0.25,101,270.40000000000003,3,0,0,1,0,3,0,0
13243,203,1,585.12,10.265263157894736,0.0,0.0,0.0,0.0,48.76,Toys,146.05,United Kingdom,232,0.08333333333333333,0,585.12,1,0,0,12,0,3,0,0
13244,93,1,121.74000000000001,4.508888888888889,0.0,0.0,0.0,0.0,10.145000000000001,Crockery,44.6,United Kingdom,38,0.08333333333333333,0,121.74000000000001,1,0,0,2,0,3,0,0
13245,51,1,430.5,26.90625,0.0,0.0,0.0,0.0,35.875,Kitchen,139.65,United Kingdom,125,0.08333333333333333,0,430.5,1,0,0,6,0,3,0,0
13246,18,7,1896.32,13.741449275362319,1.0,50.0,65.2,0.034382382720216,158.02666666666667,Home Decor,603.77,United Kingdom,1537,0.5833333333333334,312,1896.32,7,0,0,5,0,3,0,0
13247,18,4,501.12,20.0448,0.0,0.0,0.0,0.0,41.76,Kitchen,303.3,United Kingdom,328,0.3333333333333333,64,501.12,4,0,0,6,0,3,0,0
13248,125,2,465.68,17.91076923076923,0.0,0.0,0.0,0.0,38.806666666666665,Crockery,96.30000000000001,United Kingdom,305,0.16666666666666666,64,465.68,2,0,0,2,0,3,0,0
13249,92,3,711.41,30.93086956521739,0.0,0.0,0.0,0.0,59.284166666666664,Storage,311.18000000000006,United Kingdom,546,0.25,168,711.41,3,0,0,10,0,3,0,0
13253,157,2,1030.4,28.622222222222224,0.0,0.0,0.0,0.0,85.86666666666667,Stationery,285.0,United Kingdom,1572,0.16666666666666666,182,1030.4,2,0,0,9,0,3,0,0
13258,12,3,672.83,18.689722222222223,0.0,0.0,0.0,0.0,56.06916666666667,Home Decor,288.75,United Kingdom,282,0.25,193,672.83,3,0,0,5,0,3,0,0
13259,62,1,283.18,3.4960493827160493,0.0,0.0,0.0,0.0,23.598333333333333,Kitchen,82.61,United Kingdom,126,0.08333333333333333,0,283.18,1,0,0,6,0,3,0,0
13260,61,1,557.62,69.7025,0.0,0.0,0.0,0.0,46.468333333333334,Kitchen,318.4,United Kingdom,142,0.08333333333333333,0,557.62,1,0,0,6,0,3,0,0
13261,269,2,944.1,104.9,0.0,0.0,0.0,0.0,78.675,Textiles,405.0,United Kingdom,210,0.16666666666666666,17,944.1,2,0,0,11,3,3,0,3
13262,263,1,200.29,18.208181818181817,0.0,0.0,0.0,0.0,16.690833333333334,Home Decor,64.52,United Kingdom,125,0.08333333333333333,0,200.29,1,0,0,5,0,3,0,0
13263,1,35,7436.93,4.46126574685063,0.0,0.0,0.0,0.0,619.7441666666667,Home Decor,2617.38,United Kingdom,4768,2.9166666666666665,323,7436.93,35,1,1,5,3,0,-1,3
13265,53,5,2092.66,23.251777777777775,0.0,0.0,0.0,0.0,174.38833333333332,Home Decor,602.81,United Kingdom,1740,0.4166666666666667,220,2092.66,5,0,0,5,0,3,0,0
13266,11,19,3717.67,18.40430693069307,7.0,129.0,116.59000000000003,0.031361040651806116,309.80583333333334,Kitchen,874.26,United Kingdom,4299,1.5833333333333333,347,3717.67,19,1,1,6,3,0,0,3
13267,3,27,4404.4400000000005,19.662678571428575,8.0,30.0,117.05000000000001,0.02657545567654458,367.0366666666667,Electronics,990.96,United Kingdom,1939,2.25,364,4404.4400000000005,27,1,1,3,3,0,-1,3
13268,18,15,3127.7,7.108409090909091,4.0,23.0,47.050000000000004,0.015043002845541454,260.64166666666665,Home Decor,882.55,United Kingdom,3601,1.25,249,3127.7,15,1,1,5,3,3,0,3
13269,1,17,5312.97,16.655078369905958,2.0,5.0,30.31,0.005704907048223498,442.7475,Home Decor,1095.07,United Kingdom,3508,1.4166666666666667,368,5312.97,17,1,1,5,3,0,0,3
13271,37,2,172.37,1.8735869565217391,1.0,72.0,39.12,0.22695364622614142,14.364166666666668,Home Decor,63.19,United Kingdom,168,0.16666666666666666,0,172.37,2,0,0,5,2,2,-1,2
13272,31,2,276.56,18.437333333333335,0.0,0.0,0.0,0.0,23.046666666666667,Home Decor,148.16,United Kingdom,96,0.16666666666666666,58,276.56,2,0,0,5,0,3,0,0
13273,113,1,138.98,8.68625,0.0,0.0,0.0,0.0,11.581666666666665,Stationery,40.959999999999994,United Kingdom,153,0.08333333333333333,0,138.98,1,0,0,9,0,3,0,0
13276,64,2,590.9300000000001,19.69766666666667,0.0,0.0,0.0,0.0,49.24416666666667,Electronics,170.83,United Kingdom,161,0.16666666666666666,36,590.9300000000001,2,0,0,3,0,3,0,0
13277,16,4,258.4,32.3,0.0,0.0,0.0,0.0,21.53333333333333,Bags,125.4,United Kingdom,176,0.3333333333333333,117,258.4,4,0,0,1,0,3,0,0
13278,41,1,542.73,11.798478260869565,0.0,0.0,0.0,0.0,45.2275,Other,135.73,United Kingdom,537,0.08333333333333333,0,542.73,1,0,0,7,0,3,0,0
13279,64,2,126.30000000000001,11.481818181818182,1.0,3.0,11.45,0.0906571654790182,10.525,Crockery,67.09,United Kingdom,70,0.16666666666666666,14,126.30000000000001,2,0,0,2,2,3,0,2
13280,122,3,798.46,9.737317073170733,0.0,0.0,0.0,0.0,66.53833333333334,Kitchen,273.8,United Kingdom,518,0.25,214,798.46,3,0,0,6,0,3,0,0
13282,18,6,1047.8400000000001,26.196000000000005,3.0,18.0,84.3,0.08045121392579019,87.32000000000001,Electronics,478.35,United Kingdom,289,0.5,202,1047.8400000000001,6,0,0,3,2,3,0,2
13283,60,2,93.66,13.379999999999999,0.0,0.0,0.0,0.0,7.805,Bags,55.1,United Kingdom,90,0.16666666666666666,125,93.66,2,0,0,1,0,3,0,0
13284,323,2,196.15,14.010714285714286,1.0,12.0,5.04,0.025694621463165944,16.345833333333335,Kitchen,112.3,United Kingdom,79,0.16666666666666666,8,196.15,2,0,0,6,0,3,0,0
13285,23,4,2709.12,14.487272727272726,0.0,0.0,0.0,0.0,225.76,Home Decor,588.84,United Kingdom,2051,0.3333333333333333,266,2709.12,4,0,0,5,0,3,0,0
13291,156,1,361.11,8.597857142857142,0.0,0.0,0.0,0.0,30.0925,Home Decor,188.93,United Kingdom,233,0.08333333333333333,0,361.11,1,0,0,5,0,3,0,0
13292,39,2,578.9399999999999,18.67548387096774,0.0,0.0,0.0,0.0,48.245,Other,213.86999999999998,United Kingdom,347,0.16666666666666666,245,578.9399999999999,2,0,0,7,0,3,0,0
13294,190,2,873.74,16.18037037037037,0.0,0.0,0.0,0.0,72.81166666666667,Home Decor,227.39,United Kingdom,453,0.16666666666666666,59,873.74,2,0,0,5,0,3,0,0
13295,360,2,197.95000000000002,17.995454545454546,1.0,1.0,3.25,0.016418287446324828,16.495833333333334,Electronics,64.85000000000001,United Kingdom,81,0.16666666666666666,12,197.95000000000002,2,0,0,3,0,3,0,0
13296,137,1,87.4,17.48,0.0,0.0,0.0,0.0,7.283333333333334,Storage,34.0,United Kingdom,78,0.08333333333333333,0,87.4,1,0,0,10,0,3,0,0
13297,8,4,2089.85,35.421186440677964,0.0,0.0,0.0,0.0,174.15416666666667,Home Decor,533.46,United Kingdom,963,0.3333333333333333,59,2089.85,4,0,0,5,0,3,0,0
13298,1,1,360.0,180.0,0.0,0.0,0.0,0.0,30.0,Storage,360.0,United Kingdom,96,0.08333333333333333,0,360.0,1,0,0,10,3,0,1,3
13299,268,1,142.5,28.5,0.0,0.0,0.0,0.0,11.875,Other,59.699999999999996,United Kingdom,30,0.08333333333333333,0,142.5,1,0,0,7,0,3,0,0
13300,165,2,365.29,16.60409090909091,1.0,2.0,6.6,0.01806783651345506,30.440833333333334,Storage,84.74999999999999,United Kingdom,201,0.16666666666666666,4,365.29,2,0,0,10,0,3,0,0
13301,104,4,618.09,7.630740740740741,0.0,0.0,0.0,0.0,51.5075,Home Decor,299.58,United Kingdom,345,0.3333333333333333,188,618.09,4,0,0,5,0,3,0,0
13302,155,1,63.75,63.75,0.0,0.0,0.0,0.0,5.3125,Stationery,63.75,United Kingdom,5,0.08333333333333333,0,63.75,1,0,0,9,0,3,0,0
13304,351,1,300.42,14.305714285714286,0.0,0.0,0.0,0.0,25.035,Kitchen,90.0,United Kingdom,238,0.08333333333333333,0,300.42,1,0,0,6,0,3,0,0
13305,4,10,2000.86,24.701975308641973,0.0,0.0,0.0,0.0,166.73833333333332,Other,493.77,United Kingdom,1232,0.8333333333333334,368,2000.86,10,0,0,7,0,3,0,0
13307,120,1,15.0,15.0,0.0,0.0,0.0,0.0,1.25,Toys,15.0,United Kingdom,4,0.08333333333333333,0,15.0,1,0,0,12,0,3,0,0
13308,23,4,1367.6100000000001,23.993157894736843,1.0,3.0,17.9,0.013088526699863262,113.96750000000002,Storage,307.85,United Kingdom,840,0.3333333333333333,180,1367.6100000000001,4,0,0,10,0,3,0,0
13309,7,5,1456.79,13.614859813084111,0.0,0.0,0.0,0.0,121.39916666666666,Other,387.39,United Kingdom,1544,0.4166666666666667,301,1456.79,5,0,0,7,0,3,0,0
13310,9,6,1083.63,14.073116883116885,3.0,12.0,48.400000000000006,0.044664691822854666,90.30250000000001,Electronics,236.23000000000002,United Kingdom,575,0.5,315,1083.63,6,0,0,3,0,3,0,0
13311,4,2,598.57,23.02192307692308,0.0,0.0,0.0,0.0,49.880833333333335,Other,256.31,United Kingdom,305,0.16666666666666666,145,598.57,2,0,0,7,0,3,0,0
13313,22,5,1555.32,19.939999999999998,0.0,0.0,0.0,0.0,129.60999999999999,Bags,443.40000000000003,United Kingdom,851,0.4166666666666667,317,1555.32,5,0,0,1,0,3,0,0
13314,2,4,593.51,8.020405405405405,1.0,73.0,182.42999999999998,0.30737477043352257,49.45916666666667,Kitchen,184.47,United Kingdom,487,0.3333333333333333,72,593.51,4,0,0,6,1,1,4,1
13316,37,5,5570.6900000000005,64.03091954022989,1.0,1.0,162.24,0.0291238607784673,464.2241666666667,Toys,2078.64,United Kingdom,5507,0.4166666666666667,217,5570.6900000000005,5,0,0,12,3,0,-1,3
13317,64,9,2140.07,15.852370370370371,3.0,32.0,133.61,0.06243253725345433,178.33916666666667,Kitchen,488.3,United Kingdom,1003,0.75,294,2140.07,9,0,0,6,2,3,0,2
13318,1,3,640.76,32.038,0.0,0.0,0.0,0.0,53.39666666666667,Electronics,458.08,United Kingdom,304,0.25,36,640.76,3,0,0,3,0,3,0,0
13319,5,36,10664.34,21.32868,10.0,38.0,181.21,0.016992143911390672,888.695,Kitchen,3155.5,United Kingdom,4686,3.0,362,10664.34,36,1,1,6,3,0,-1,3
13320,70,6,1475.2,13.53394495412844,2.0,30.0,57.0,0.03863882863340564,122.93333333333334,Storage,322.98,United Kingdom,1056,0.5,143,1475.2,6,0,0,10,0,3,0,0
13321,72,2,567.36,51.57818181818182,0.0,0.0,0.0,0.0,47.28,Home Decor,339.8,United Kingdom,372,0.16666666666666666,14,567.36,2,0,0,5,0,3,0,0
13322,17,1,199.48000000000002,7.9792000000000005,0.0,0.0,0.0,0.0,16.623333333333335,Home Decor,122.32,United Kingdom,117,0.08333333333333333,0,199.48000000000002,1,0,0,5,0,3,0,0
13323,3,5,787.85,37.516666666666666,0.0,0.0,0.0,0.0,65.65416666666667,Storage,486.35,United Kingdom,175,0.4166666666666667,81,787.85,5,0,0,10,0,3,0,0
13324,32,12,7072.8,91.85454545454546,2.0,5.0,49.14999999999999,0.006949157335143082,589.4,Kitchen,4446.21,United Kingdom,5200,1.0,328,7072.8,12,1,0,6,3,0,-1,3
13325,82,1,675.3,56.275,0.0,0.0,0.0,0.0,56.275,Stationery,411.5,United Kingdom,240,0.08333333333333333,0,675.3,1,0,0,9,0,3,0,0
13327,39,9,3617.57,33.188715596330276,1.0,12.0,10.2,0.0028195722543033026,301.4641666666667,Bags,1071.15,United Kingdom,1588,0.75,326,3617.57,9,0,0,1,3,3,0,3
13328,316,1,1308.48,76.96941176470588,0.0,0.0,0.0,0.0,109.04,Kitchen,849.0,United Kingdom,680,0.08333333333333333,0,1308.48,1,0,0,6,0,3,0,0
13329,32,4,740.4,38.96842105263158,2.0,36.0,48.60000000000001,0.06564019448946516,61.699999999999996,Kitchen,302.64,United Kingdom,427,0.3333333333333333,335,740.4,4,0,0,6,2,3,0,2
13330,93,3,1140.93,21.526981132075473,0.0,0.0,0.0,0.0,95.0775,Bags,390.3,United Kingdom,751,0.25,223,1140.93,3,0,0,1,0,3,0,0
13332,14,1,350.9,16.70952380952381,0.0,0.0,0.0,0.0,29.241666666666664,Storage,102.39999999999999,United Kingdom,179,0.08333333333333333,0,350.9,1,0,0,10,0,3,0,0
13334,82,3,3502.32,13.216301886792454,0.0,0.0,0.0,0.0,291.86,Kitchen,830.44,United Kingdom,1764,0.25,223,3502.32,3,0,0,6,0,3,0,0
13336,77,1,795.12,15.590588235294117,0.0,0.0,0.0,0.0,66.26,Kitchen,227.34,United Kingdom,559,0.08333333333333333,0,795.12,1,0,0,6,0,3,0,0
13338,154,3,431.82,17.9925,2.0,9.0,55.2,0.12783104071140755,35.985,Kitchen,172.41,United Kingdom,247,0.25,3,431.82,3,0,0,6,2,2,0,2
13339,201,1,860.12,15.928148148148148,0.0,0.0,0.0,0.0,71.67666666666666,Other,224.66,United Kingdom,326,0.08333333333333333,0,860.12,1,0,0,7,0,3,0,0
13340,45,7,10736.48,80.12298507462687,0.0,0.0,0.0,0.0,894.7066666666666,Kitchen,3749.6600000000003,United Kingdom,5770,0.5833333333333334,231,10736.48,7,0,0,6,3,0,-1,3
13341,261,1,775.85,18.472619047619048,0.0,0.0,0.0,0.0,64.65416666666667,Kitchen,469.95,United Kingdom,301,0.08333333333333333,0,775.85,1,0,0,6,0,3,0,0
13343,173,2,303.93,13.815,1.0,9.0,49.5,0.16286644951140064,25.3275,Other,115.28,United Kingdom,126,0.16666666666666666,4,303.93,2,0,0,7,2,2,0,2
13344,68,3,2511.69,21.6525,0.0,0.0,0.0,0.0,209.3075,Kitchen,740.39,United Kingdom,952,0.25,209,2511.69,3,0,0,6,0,3,0,0
13345,277,2,377.6,17.163636363636364,1.0,2.0,11.899999999999999,0.03151483050847457,31.46666666666667,Home Decor,68.1,United Kingdom,139,0.16666666666666666,10,377.6,2,0,0,5,0,3,0,0
13347,70,1,341.36,42.67,0.0,0.0,0.0,0.0,28.44666666666667,Crockery,291.36,United Kingdom,205,0.08333333333333333,0,341.36,1,0,0,2,0,3,0,0
13348,64,1,233.76,16.697142857142858,0.0,0.0,0.0,0.0,19.48,Kitchen,137.4,United Kingdom,136,0.08333333333333333,0,233.76,1,0,0,6,0,3,0,0
13349,11,1,247.32,15.4575,0.0,0.0,0.0,0.0,20.61,Other,102.68,United Kingdom,225,0.08333333333333333,0,247.32,1,0,0,7,0,3,0,0
13350,16,3,910.72,21.17953488372093,1.0,3.0,68.4,0.07510541110330289,75.89333333333333,Crockery,343.4,United Kingdom,284,0.25,63,910.72,3,0,0,2,2,3,0,2
13351,66,1,373.94,23.37125,0.0,0.0,0.0,0.0,31.161666666666665,Other,187.15,United Kingdom,117,0.08333333333333333,0,373.94,1,0,0,7,0,3,0,0
13352,8,2,389.28,14.417777777777777,1.0,6.0,8.7,0.022348951911220716,32.44,Other,104.16,United Kingdom,315,0.16666666666666666,52,389.28,2,0,0,7,0,3,0,0
13354,71,1,743.53,14.579019607843136,0.0,0.0,0.0,0.0,61.96083333333333,Kitchen,153.51,United Kingdom,604,0.08333333333333333,0,743.53,1,0,0,6,0,3,0,0
13355,122,1,674.7,21.084375,0.0,0.0,0.0,0.0,56.225,Kitchen,211.35,United Kingdom,314,0.08333333333333333,0,674.7,1,0,0,6,0,3,0,0
13356,80,1,768.24,18.291428571428572,0.0,0.0,0.0,0.0,64.02,Kitchen,427.85,United Kingdom,325,0.08333333333333333,0,768.24,1,0,0,6,0,3,0,0
13357,257,1,609.4,6.847191011235955,0.0,0.0,0.0,0.0,50.78333333333333,Kitchen,192.37,United Kingdom,321,0.08333333333333333,0,609.4,1,0,0,6,0,3,0,0
13358,269,1,439.03,15.138965517241378,0.0,0.0,0.0,0.0,36.58583333333333,Other,147.4,United Kingdom,285,0.08333333333333333,0,439.03,1,0,0,7,0,3,0,0
13359,59,2,431.26,17.969166666666666,1.0,2.0,8.3,0.01924593052914715,35.93833333333333,Home Decor,139.45,United Kingdom,159,0.16666666666666666,4,431.26,2,0,0,5,0,3,0,0
13362,3,5,3085.4900000000002,18.25733727810651,1.0,3.0,5.25,0.0017015125636446722,257.12416666666667,Home Decor,690.51,United Kingdom,1379,0.4166666666666667,284,3085.4900000000002,5,0,0,5,0,3,0,0
13363,18,2,992.5,16.541666666666668,0.0,0.0,0.0,0.0,82.70833333333333,Crockery,237.56,United Kingdom,710,0.16666666666666666,26,992.5,2,0,0,2,0,3,0,0
13364,67,2,0.0,0.0,1.0,71.0,134.96,0.0,0.0,Crockery,0.0,United Kingdom,0,0.16666666666666666,4,0.0,2,0,0,2,0,3,0,0
13365,9,3,2191.22,16.600151515151513,1.0,9.0,34.150000000000006,0.015584925292759289,182.60166666666666,Kitchen,538.12,United Kingdom,1238,0.25,208,2191.22,3,0,0,6,0,3,0,0
13366,50,1,56.160000000000004,56.160000000000004,0.0,0.0,0.0,0.0,4.680000000000001,Other,56.160000000000004,United Kingdom,144,0.08333333333333333,0,56.160000000000004,1,0,0,7,0,3,0,0
13368,257,2,623.4,21.49655172413793,0.0,0.0,0.0,0.0,51.949999999999996,Kitchen,184.35000000000002,United Kingdom,327,0.16666666666666666,80,623.4,2,0,0,6,0,3,0,0
13369,354,2,263.75,13.881578947368421,1.0,22.0,44.53,0.16883412322274882,21.979166666666668,Other,95.0,United Kingdom,127,0.16666666666666666,11,263.75,2,0,0,7,2,2,0,2
13370,366,2,721.32,16.393636363636364,1.0,7.0,33.55,0.046511950313314475,60.11000000000001,Stationery,127.19999999999999,United Kingdom,336,0.16666666666666666,5,721.32,2,0,0,9,0,3,0,0
13372,90,1,378.64,16.46260869565217,0.0,0.0,0.0,0.0,31.55333333333333,Home Decor,99.32000000000001,United Kingdom,159,0.08333333333333333,0,378.64,1,0,0,5,0,3,0,0
13373,61,3,3312.25,20.963607594936708,0.0,0.0,0.0,0.0,276.0208333333333,Kitchen,667.27,United Kingdom,1651,0.25,215,3312.25,3,0,0,6,0,3,0,0
13375,81,2,772.9,20.339473684210525,1.0,1.0,5.75,0.007439513520507181,64.40833333333333,Stationery,140.2,United Kingdom,441,0.16666666666666666,7,772.9,2,0,0,9,0,3,0,0
13376,99,3,1019.76,19.240754716981133,0.0,0.0,0.0,0.0,84.98,Kitchen,519.4,United Kingdom,493,0.25,135,1019.76,3,0,0,6,0,3,0,0
13379,26,3,572.56,5.902680412371134,0.0,0.0,0.0,0.0,47.71333333333333,Home Decor,159.91,United Kingdom,601,0.25,110,572.56,3,0,0,5,0,3,0,0
13381,21,7,3626.81,20.96421965317919,1.0,2.0,12.5,0.0034465549615226606,302.2341666666667,Kitchen,1652.5900000000001,United Kingdom,2027,0.5833333333333334,277,3626.81,7,0,0,6,0,3,0,0
13382,281,1,222.99,14.866000000000001,0.0,0.0,0.0,0.0,18.5825,Other,129.37,United Kingdom,131,0.08333333333333333,0,222.99,1,0,0,7,0,3,0,0
13384,31,9,4122.28,26.595354838709675,2.0,7.0,29.65,0.007192621558943109,343.5233333333333,Home Decor,1435.06,United Kingdom,2415,0.75,147,4122.28,9,0,0,5,3,3,0,3
13385,330,1,534.57,15.273428571428573,0.0,0.0,0.0,0.0,44.54750000000001,Home Decor,101.25,United Kingdom,281,0.08333333333333333,0,534.57,1,0,0,5,0,3,0,0
13388,121,3,627.15,17.420833333333334,1.0,1.0,49.95,0.07964601769911506,52.262499999999996,Home Decor,207.4,United Kingdom,281,0.25,10,627.15,3,0,0,5,2,3,0,2
13389,11,3,797.96,15.646274509803922,0.0,0.0,0.0,0.0,66.49666666666667,Other,231.32,United Kingdom,429,0.25,221,797.96,3,0,0,7,0,3,0,0
13390,75,1,544.08,41.8523076923077,0.0,0.0,0.0,0.0,45.34,Stationery,438.6,United Kingdom,224,0.08333333333333333,0,544.08,1,0,0,9,0,3,0,0
13391,204,1,59.8,59.8,0.0,0.0,0.0,0.0,4.983333333333333,Crockery,59.8,United Kingdom,4,0.08333333333333333,0,59.8,1,0,0,2,0,3,0,0
13394,2,10,2312.8,14.102439024390245,2.0,177.0,207.22,0.08959702525077827,192.73333333333335,Kitchen,634.51,United Kingdom,2215,0.8333333333333334,308,2312.8,10,0,0,6,2,2,0,2
13395,185,1,307.72,14.653333333333334,0.0,0.0,0.0,0.0,25.643333333333334,Other,90.14,United Kingdom,336,0.08333333333333333,0,307.72,1,0,0,7,0,3,0,0
13396,22,4,1325.29,28.197659574468084,2.0,8.0,35.7,0.026937500471594898,110.44083333333333,Stationery,339.02000000000004,United Kingdom,592,0.3333333333333333,297,1325.29,4,0,0,9,0,3,0,0
13397,73,6,1539.18,39.46615384615385,1.0,1.0,4.95,0.003215998128873816,128.26500000000001,Kitchen,797.3000000000001,United Kingdom,429,0.5,266,1539.18,6,0,0,6,0,3,0,0
13398,192,1,457.34,17.59,0.0,0.0,0.0,0.0,38.111666666666665,Other,155.1,United Kingdom,281,0.08333333333333333,0,457.34,1,0,0,7,0,3,0,0
13402,127,2,621.23,15.92897435897436,0.0,0.0,0.0,0.0,51.76916666666667,Kitchen,222.70000000000002,United Kingdom,479,0.16666666666666666,244,621.23,2,0,0,6,0,3,0,0
13403,18,1,75.0,25.0,0.0,0.0,0.0,0.0,6.25,Electronics,75.0,United Kingdom,44,0.08333333333333333,0,75.0,1,0,0,3,0,3,0,0
13404,1,2,252.49,22.953636363636363,0.0,0.0,0.0,0.0,21.040833333333335,Home Decor,126.21,United Kingdom,111,0.16666666666666666,211,252.49,2,0,0,5,0,3,0,0
13405,74,3,572.451,21.201888888888888,0.0,0.0,0.0,0.0,47.70425,Other,198.801,United Kingdom,165,0.25,243,572.451,3,0,0,7,0,3,0,0
13410,9,7,988.91,32.96366666666667,2.0,5.0,14.15,0.014308683297772296,82.40916666666666,Storage,366.0,United Kingdom,513,0.5833333333333334,282,988.91,7,0,0,10,0,3,0,0
13411,107,1,213.55,11.863888888888889,0.0,0.0,0.0,0.0,17.795833333333334,Home Decor,74.7,United Kingdom,72,0.08333333333333333,0,213.55,1,0,0,5,0,3,0,0
13414,134,3,1390.5,57.9375,0.0,0.0,0.0,0.0,115.875,Other,944.5799999999999,United Kingdom,1574,0.25,162,1390.5,3,0,0,7,0,3,0,0
13416,44,2,712.5,37.5,0.0,0.0,0.0,0.0,59.375,Storage,423.5,United Kingdom,142,0.16666666666666666,37,712.5,2,0,0,10,0,3,0,0
13417,5,2,640.83,22.886785714285715,0.0,0.0,0.0,0.0,53.4025,Home Decor,195.0,United Kingdom,162,0.16666666666666666,200,640.83,2,0,0,5,0,3,0,0
13418,12,23,5845.44,18.61605095541401,5.0,79.0,281.98999999999995,0.04824102206164121,487.11999999999995,Electronics,1188.41,United Kingdom,3839,1.9166666666666667,360,5845.44,23,1,1,3,3,0,-1,3
13419,64,1,221.06,13.81625,0.0,0.0,0.0,0.0,18.421666666666667,Home Decor,75.30000000000001,United Kingdom,275,0.08333333333333333,0,221.06,1,0,0,5,0,3,0,0
13420,135,4,140.35,14.035,2.0,13.0,19.5,0.13893836836480228,11.695833333333333,Home Decor,55.65,United Kingdom,88,0.3333333333333333,36,140.35,4,0,0,5,2,2,0,2
13421,40,3,1831.61,17.7826213592233,1.0,1.0,2.1,0.0011465322858032006,152.63416666666666,Other,362.4,United Kingdom,1127,0.25,249,1831.61,3,0,0,7,0,3,0,0
13422,51,2,2601.55,20.324609375,1.0,5.0,24.75,0.009513559224308585,216.79583333333335,Kitchen,666.55,United Kingdom,1321,0.16666666666666666,13,2601.55,2,0,0,6,0,3,0,0
13425,108,3,1624.21,20.823205128205128,0.0,0.0,0.0,0.0,135.35083333333333,Other,335.7,United Kingdom,1123,0.25,186,1624.21,3,0,0,7,0,3,0,0
13426,1,12,3550.7000000000003,22.331446540880506,2.0,21.0,90.62,0.02552172810995015,295.8916666666667,Home Decor,1040.16,United Kingdom,2224,1.0,358,3550.7000000000003,12,1,0,5,3,3,0,3
13427,19,3,582.6,20.089655172413792,0.0,0.0,0.0,0.0,48.550000000000004,Home Decor,348.56,United Kingdom,545,0.25,195,582.6,3,0,0,5,0,3,0,0
13428,10,1,201.78,2.8419718309859157,0.0,0.0,0.0,0.0,16.815,Home Decor,38.58,United Kingdom,151,0.08333333333333333,0,201.78,1,0,0,5,0,3,0,0
13429,11,4,1006.8,15.02686567164179,0.0,0.0,0.0,0.0,83.89999999999999,Home Decor,443.16,United Kingdom,1390,0.3333333333333333,64,1006.8,4,0,0,5,0,3,0,0
13430,19,4,648.6899999999999,12.012777777777776,2.0,13.0,30.76,0.047418643728129005,54.0575,Other,180.24,United Kingdom,738,0.3333333333333333,67,648.6899999999999,4,0,0,7,0,3,0,0
13431,67,2,1269.1,27.589130434782607,0.0,0.0,0.0,0.0,105.75833333333333,Kitchen,429.32,United Kingdom,672,0.16666666666666666,21,1269.1,2,0,0,6,0,3,0,0
13434,74,2,534.24,53.424,0.0,0.0,0.0,0.0,44.52,Home Decor,322.20000000000005,United Kingdom,300,0.16666666666666666,22,534.24,2,0,0,5,0,3,0,0
13435,5,9,3794.4900000000002,36.83970873786408,2.0,4.0,15.4,0.004058516427767631,316.20750000000004,Other,1091.7,United Kingdom,2125,0.75,183,3794.4900000000002,9,0,0,7,3,3,0,3
13436,2,1,196.89,16.4075,0.0,0.0,0.0,0.0,16.4075,Kitchen,58.3,United Kingdom,76,0.08333333333333333,0,196.89,1,0,0,6,0,3,0,0
13437,14,7,3408.06,20.40754491017964,0.0,0.0,0.0,0.0,284.005,Home Decor,976.73,United Kingdom,1283,0.5833333333333334,175,3408.06,7,0,0,5,0,3,0,0
13439,255,1,283.71,5.253888888888889,0.0,0.0,0.0,0.0,23.6425,Home Decor,90.69,United Kingdom,242,0.08333333333333333,0,283.71,1,0,0,5,0,3,0,0
13441,92,1,296.64,22.818461538461538,0.0,0.0,0.0,0.0,24.72,Home Decor,211.44,United Kingdom,204,0.08333333333333333,0,296.64,1,0,0,5,0,3,0,0
13447,23,4,1104.23,17.81016129032258,1.0,7.0,24.91,0.022558706066670892,92.01916666666666,Stationery,293.70000000000005,United Kingdom,577,0.3333333333333333,12,1104.23,4,0,0,9,0,3,0,0
13448,17,10,3460.9900000000002,17.479747474747477,4.0,22.0,73.7,0.02129448510397314,288.41583333333335,Home Decor,1004.12,United Kingdom,1626,0.8333333333333334,357,3460.9900000000002,10,0,0,5,0,3,0,0
13449,24,1,291.88,15.362105263157895,0.0,0.0,0.0,0.0,24.323333333333334,Other,62.89,United Kingdom,222,0.08333333333333333,0,291.88,1,0,0,7,0,3,0,0
13450,27,6,2043.7199999999998,28.784788732394365,0.0,0.0,0.0,0.0,170.30999999999997,Kitchen,581.1,United Kingdom,1982,0.5,191,2043.7199999999998,6,0,0,6,0,3,0,0
13451,26,6,2838.56,6.540460829493087,1.0,6.0,59.699999999999996,0.02103179076714954,236.54666666666665,Kitchen,760.55,United Kingdom,2122,0.5,308,2838.56,6,0,0,6,0,3,0,0
13452,259,2,590.0,295.0,0.0,0.0,0.0,0.0,49.166666666666664,Stationery,590.0,United Kingdom,2,0.16666666666666666,11,590.0,2,0,0,9,3,0,-1,3
13453,166,2,356.97999999999996,20.998823529411762,0.0,0.0,0.0,0.0,29.74833333333333,Home Decor,149.67999999999998,United Kingdom,134,0.16666666666666666,123,356.97999999999996,2,0,0,5,0,3,0,0
13455,25,4,1007.35,19.006603773584906,2.0,9.0,50.99000000000001,0.05061795800863653,83.94583333333334,Kitchen,404.13,United Kingdom,345,0.3333333333333333,341,1007.35,4,0,0,6,0,3,0,0
13456,18,7,1737.8200000000002,26.73569230769231,1.0,9.0,28.9,0.016630030728153663,144.81833333333336,Stationery,517.35,United Kingdom,756,0.5833333333333334,189,1737.8200000000002,7,0,0,9,0,3,0,0
13458,7,22,9537.92,24.207918781725887,8.0,48.0,108.65,0.01139137254244112,794.8266666666667,Home Decor,3450.52,United Kingdom,5460,1.8333333333333333,352,9537.92,22,1,1,5,3,0,5,3
13460,29,2,183.44,10.790588235294118,0.0,0.0,0.0,0.0,15.286666666666667,Stationery,98.28,United Kingdom,286,0.16666666666666666,20,183.44,2,0,0,9,0,3,0,0
13461,39,3,1445.0,53.51851851851852,0.0,0.0,0.0,0.0,120.41666666666667,Bags,851.0,United Kingdom,1170,0.25,124,1445.0,3,0,0,1,0,3,0,0
13462,183,2,143.25,14.325,1.0,1.0,8.25,0.05759162303664921,11.9375,Storage,37.8,United Kingdom,61,0.16666666666666666,69,143.25,2,0,0,10,0,3,0,0
13464,58,1,674.68,16.45560975609756,0.0,0.0,0.0,0.0,56.22333333333333,Electronics,141.1,United Kingdom,403,0.08333333333333333,0,674.68,1,0,0,3,0,3,0,0
13466,100,2,297.95,16.552777777777777,1.0,1.0,9.95,0.03339486491021983,24.829166666666666,Stationery,81.00000000000001,United Kingdom,258,0.16666666666666666,83,297.95,2,0,0,9,0,3,0,0
13467,11,2,1071.91,10.937857142857144,0.0,0.0,0.0,0.0,89.32583333333334,Home Decor,296.79,United Kingdom,580,0.16666666666666666,25,1071.91,2,0,0,5,0,3,0,0
13470,99,2,165.0,16.5,0.0,0.0,0.0,0.0,13.75,Bags,66.0,United Kingdom,100,0.16666666666666666,15,165.0,2,0,0,1,0,3,0,0
13471,1,4,2501.84,9.84976377952756,0.0,0.0,0.0,0.0,208.48666666666668,Kitchen,1143.1100000000001,United Kingdom,1583,0.3333333333333333,46,2501.84,4,0,0,6,0,3,0,0
13473,61,3,417.53999999999996,18.979090909090907,1.0,6.0,5.1,0.01221439862049145,34.794999999999995,Other,153.75,United Kingdom,260,0.25,272,417.53999999999996,3,0,0,7,0,3,0,0
13474,236,1,226.84,3.658709677419355,0.0,0.0,0.0,0.0,18.903333333333332,Kitchen,98.45,United Kingdom,129,0.08333333333333333,0,226.84,1,0,0,6,0,3,0,0
13475,191,4,1431.78,16.648604651162792,0.0,0.0,0.0,0.0,119.315,Other,339.09,United Kingdom,1012,0.3333333333333333,107,1431.78,4,0,0,7,0,3,0,0
13476,179,4,1092.77,17.91426229508197,2.0,3.0,145.7,0.1333308930516028,91.06416666666667,Kitchen,430.05,United Kingdom,414,0.3333333333333333,102,1092.77,4,0,0,6,2,2,0,2
13477,38,8,1441.53,17.796666666666667,2.0,3.0,13.05,0.009052881313604296,120.1275,Electronics,313.08,United Kingdom,1018,0.6666666666666666,253,1441.53,8,0,0,3,0,3,0,0
13479,198,3,291.0,18.1875,1.0,1.0,9.95,0.03419243986254295,24.25,Home Decor,201.29999999999998,United Kingdom,133,0.25,36,291.0,3,0,0,5,0,3,0,0
13481,46,8,1776.81,15.864374999999999,3.0,15.0,27.75,0.015617876981781959,148.0675,Bags,458.40000000000003,United Kingdom,1127,0.6666666666666666,322,1776.81,8,0,0,1,0,3,0,0
13482,232,1,184.64,16.785454545454545,0.0,0.0,0.0,0.0,15.386666666666665,Storage,54.449999999999996,United Kingdom,116,0.08333333333333333,0,184.64,1,0,0,10,0,3,0,0
13483,66,1,140.34,14.034,0.0,0.0,0.0,0.0,11.695,Other,119.94,United Kingdom,160,0.08333333333333333,0,140.34,1,0,0,7,0,3,0,0
13484,241,1,313.8,39.225,0.0,0.0,0.0,0.0,26.150000000000002,Textiles,214.5,United Kingdom,44,0.08333333333333333,0,313.8,1,0,0,11,0,3,0,0
13485,233,1,454.24,19.749565217391304,0.0,0.0,0.0,0.0,37.85333333333333,Stationery,198.7,United Kingdom,277,0.08333333333333333,0,454.24,1,0,0,9,0,3,0,0
13486,78,3,1122.41,16.2668115942029,0.0,0.0,0.0,0.0,93.53416666666668,Home Decor,328.96000000000004,United Kingdom,669,0.25,76,1122.41,3,0,0,5,0,3,0,0
13487,58,3,575.4,16.923529411764704,0.0,0.0,0.0,0.0,47.949999999999996,Home Decor,202.15,United Kingdom,265,0.25,295,575.4,3,0,0,5,0,3,0,0
13488,17,17,8910.61,20.86793911007026,4.0,6.0,57.7,0.006475426485953262,742.5508333333333,Kitchen,2293.73,United Kingdom,4512,1.4166666666666667,350,8910.61,17,1,1,6,3,0,0,3
13489,105,4,449.52,32.10857142857143,0.0,0.0,0.0,0.0,37.46,Electronics,371.64,United Kingdom,560,0.3333333333333333,189,449.52,4,0,0,3,0,3,0,0
13491,52,10,1215.82,14.137441860465115,0.0,0.0,0.0,0.0,101.31833333333333,Kitchen,537.11,United Kingdom,903,0.8333333333333334,320,1215.82,10,0,0,6,0,3,0,0
13492,136,3,1269.84,25.3968,0.0,0.0,0.0,0.0,105.82,Textiles,421.2,Switzerland,408,0.25,78,1269.84,3,0,0,11,0,3,0,0
13493,275,2,618.63,77.32875,0.0,0.0,0.0,0.0,51.5525,Seasonal,354.6,Switzerland,380,0.16666666666666666,11,618.63,2,0,0,8,0,3,0,0
13494,312,1,316.26000000000005,17.570000000000004,0.0,0.0,0.0,0.0,26.355000000000004,Other,110.15,United Kingdom,162,0.08333333333333333,0,316.26000000000005,1,0,0,7,0,3,0,0
13495,8,6,1990.1200000000001,38.27153846153846,1.0,15.0,54.75,0.02751090386509356,165.84333333333333,Storage,662.8,United Kingdom,814,0.5,360,1990.1200000000001,6,0,0,10,0,3,0,0
13496,11,3,617.9300000000001,17.164722222222224,1.0,12.0,35.400000000000006,0.057288042334892306,51.49416666666667,Home Decor,166.01,United Kingdom,329,0.25,349,617.9300000000001,3,0,0,5,0,3,0,0
13497,283,3,321.05,16.052500000000002,1.0,4.0,27.0,0.08409904999221304,26.754166666666666,Home Decor,70.1,United Kingdom,159,0.25,85,321.05,3,0,0,5,2,2,0,2
13499,18,7,1146.96,25.488,2.0,7.0,12.149999999999999,0.010593220338983049,95.58,Home Decor,737.46,United Kingdom,1358,0.5833333333333334,252,1146.96,7,0,0,5,0,3,0,0
13500,23,4,1136.77,16.966716417910447,1.0,24.0,30.0,0.02639056273476605,94.73083333333334,Storage,261.3,United Kingdom,585,0.3333333333333333,99,1136.77,4,0,0,10,0,3,0,0
13501,243,2,1310.47,24.725849056603774,1.0,3.0,29.849999999999998,0.022778087251138904,109.20583333333333,Kitchen,312.03999999999996,Switzerland,557,0.16666666666666666,45,1310.47,2,0,0,6,0,3,0,0
13502,17,3,292.0,16.22222222222222,0.0,0.0,0.0,0.0,24.333333333333332,Kitchen,104.76,United Kingdom,264,0.25,307,292.0,3,0,0,6,0,3,0,0
13503,71,1,216.85,12.755882352941176,0.0,0.0,0.0,0.0,18.070833333333333,Stationery,114.95,United Kingdom,248,0.08333333333333333,0,216.85,1,0,0,9,0,3,0,0
13504,64,1,295.93,13.451363636363636,0.0,0.0,0.0,0.0,24.660833333333333,Kitchen,140.3,United Kingdom,178,0.08333333333333333,0,295.93,1,0,0,6,0,3,0,0
13505,68,8,4282.88,18.867312775330397,4.0,25.0,110.75000000000001,0.02585876793185894,356.9066666666667,Stationery,1220.62,Switzerland,2461,0.6666666666666666,165,4282.88,8,0,0,9,3,3,0,3
13506,312,3,452.82,15.614482758620689,1.0,3.0,5.7,0.012587783225122566,37.735,Kitchen,81.10000000000001,United Kingdom,321,0.25,57,452.82,3,0,0,6,0,3,0,0
13507,3,4,2479.16,15.303456790123455,0.0,0.0,0.0,0.0,206.59666666666666,Home Decor,586.84,United Kingdom,1597,0.3333333333333333,142,2479.16,4,0,0,5,0,3,0,0
13508,244,1,110.97,9.2475,0.0,0.0,0.0,0.0,9.2475,Kitchen,30.9,United Kingdom,24,0.08333333333333333,0,110.97,1,0,0,6,0,3,0,0
13509,9,7,979.72,22.266363636363636,0.0,0.0,0.0,0.0,81.64333333333333,Other,311.52,United Kingdom,1106,0.5833333333333334,275,979.72,7,0,0,7,0,3,0,0
13510,1,5,1785.16,15.257777777777779,1.0,4.0,6.4,0.0035851128190190237,148.76333333333335,Kitchen,353.07,United Kingdom,1382,0.4166666666666667,182,1785.16,5,0,0,6,0,3,0,0
13512,261,1,251.21,16.747333333333334,0.0,0.0,0.0,0.0,20.934166666666666,Home Decor,79.87,United Kingdom,143,0.08333333333333333,0,251.21,1,0,0,5,0,3,0,0
13513,127,1,205.1,20.509999999999998,0.0,0.0,0.0,0.0,17.091666666666665,Home Decor,135.15,United Kingdom,109,0.08333333333333333,0,205.1,1,0,0,5,0,3,0,0
13514,74,1,152.20000000000002,38.050000000000004,0.0,0.0,0.0,0.0,12.683333333333335,Home Decor,70.80000000000001,United Kingdom,40,0.08333333333333333,0,152.20000000000002,1,0,0,5,0,3,0,0
13515,73,4,891.12,15.103728813559322,0.0,0.0,0.0,0.0,74.26,Home Decor,294.26,United Kingdom,681,0.3333333333333333,175,891.12,4,0,0,5,0,3,0,0
13516,21,3,1389.41,31.5775,0.0,0.0,0.0,0.0,115.78416666666668,Other,405.5,United Kingdom,985,0.25,217,1389.41,3,0,0,7,0,3,0,0
13517,60,5,2109.07,14.74874125874126,2.0,9.0,19.35,0.009174659921197495,175.75583333333336,Kitchen,527.8,United Kingdom,1360,0.4166666666666667,120,2109.07,5,0,0,6,0,3,0,0
13518,86,1,627.16,17.42111111111111,0.0,0.0,0.0,0.0,52.26333333333333,Home Decor,131.34,United Kingdom,382,0.08333333333333333,0,627.16,1,0,0,5,0,3,0,0
13519,50,2,110.80000000000001,12.311111111111112,1.0,1.0,11.95,0.10785198555956677,9.233333333333334,Other,68.2,United Kingdom,22,0.16666666666666666,27,110.80000000000001,2,0,0,7,2,2,0,2
13520,59,8,3487.75,36.713157894736845,2.0,7.0,136.6,0.039165651207798725,290.6458333333333,Storage,1821.6,Switzerland,1642,0.6666666666666666,312,3487.75,8,0,0,10,3,3,-1,3
13521,1,3,1071.73,2.5639473684210525,0.0,0.0,0.0,0.0,89.31083333333333,Other,233.6,United Kingdom,718,0.25,8,1071.73,3,0,0,7,0,3,0,0
13522,30,1,125.80000000000001,25.160000000000004,0.0,0.0,0.0,0.0,10.483333333333334,Storage,35.7,United Kingdom,44,0.08333333333333333,0,125.80000000000001,1,0,0,10,0,3,0,0
13523,33,6,3755.38,21.21683615819209,1.0,7.0,209.5,0.055786631446085345,312.9483333333333,Kitchen,921.35,United Kingdom,1745,0.5,333,3755.38,6,0,0,6,0,3,0,0
13524,41,5,680.1800000000001,25.191851851851855,0.0,0.0,0.0,0.0,56.68166666666667,Kitchen,297.68,United Kingdom,324,0.4166666666666667,179,680.1800000000001,5,0,0,6,0,3,0,0
13525,15,2,628.78,104.79666666666667,0.0,0.0,0.0,0.0,52.39833333333333,Home Decor,464.0,United Kingdom,394,0.16666666666666666,233,628.78,2,0,0,5,3,3,0,3
13527,34,8,2218.61,10.17711009174312,1.0,19.0,23.75,0.010704900816276857,184.8841666666667,Home Decor,928.75,United Kingdom,1664,0.6666666666666666,293,2218.61,8,0,0,5,0,3,0,0
13529,79,2,307.76,20.517333333333333,0.0,0.0,0.0,0.0,25.646666666666665,Toys,151.95,United Kingdom,74,0.16666666666666666,125,307.76,2,0,0,12,0,3,0,0
13531,205,2,483.8,21.990909090909092,0.0,0.0,0.0,0.0,40.31666666666667,Kitchen,248.2,United Kingdom,174,0.16666666666666666,161,483.8,2,0,0,6,0,3,0,0
13532,34,1,210.31,3.1865151515151515,0.0,0.0,0.0,0.0,17.525833333333335,Other,82.18,United Kingdom,129,0.08333333333333333,0,210.31,1,0,0,7,0,3,0,0
13533,183,3,269.09,3.5878666666666663,0.0,0.0,0.0,0.0,22.424166666666665,Kitchen,88.44,United Kingdom,202,0.25,84,269.09,3,0,0,6,0,3,0,0
13536,1,7,3444.39,19.35050561797753,0.0,0.0,0.0,0.0,287.03249999999997,Stationery,642.7,United Kingdom,2126,0.5833333333333334,74,3444.39,7,0,0,9,0,3,0,0
13538,43,7,1280.85,51.233999999999995,0.0,0.0,0.0,0.0,106.7375,Textiles,761.4,United Kingdom,175,0.5833333333333334,272,1280.85,7,0,0,11,0,3,0,0
13539,86,4,605.84,15.943157894736842,1.0,6.0,25.5,0.042090320876799155,50.48666666666667,Other,103.97999999999999,United Kingdom,314,0.3333333333333333,223,605.84,4,0,0,7,0,3,0,0
13544,40,2,276.06,3.539230769230769,0.0,0.0,0.0,0.0,23.005,Other,51.36,United Kingdom,112,0.16666666666666666,200,276.06,2,0,0,7,0,3,0,0
13546,12,3,621.09,6.4029896907216495,0.0,0.0,0.0,0.0,51.7575,Kitchen,253.93,United Kingdom,357,0.25,188,621.09,3,0,0,6,0,3,0,0
13548,96,2,678.16,5.51349593495935,0.0,0.0,0.0,0.0,56.51333333333333,Home Decor,186.4,United Kingdom,436,0.16666666666666666,147,678.16,2,0,0,5,0,3,0,0
13549,26,8,916.12,17.61769230769231,1.0,1.0,2.08,0.002270444919879492,76.34333333333333,Kitchen,293.67,United Kingdom,457,0.6666666666666666,216,916.12,8,0,0,6,0,3,0,0
13551,319,1,91.80000000000001,22.950000000000003,0.0,0.0,0.0,0.0,7.650000000000001,Other,53.550000000000004,United Kingdom,12,0.08333333333333333,0,91.80000000000001,1,0,0,7,0,3,0,0
13552,66,16,3539.53,29.25231404958678,4.0,31.0,200.54000000000002,0.0566572398030247,294.96083333333337,Home Decor,1002.7,United Kingdom,1386,1.3333333333333333,249,3539.53,16,1,1,5,3,3,0,3
13555,74,4,4098.88,30.362074074074076,0.0,0.0,0.0,0.0,341.5733333333333,Home Decor,924.26,United Kingdom,2636,0.3333333333333333,128,4098.88,4,0,0,5,0,3,0,0
13557,28,2,584.06,17.178235294117645,0.0,0.0,0.0,0.0,48.67166666666666,Kitchen,213.68,United Kingdom,546,0.16666666666666666,252,584.06,2,0,0,6,0,3,0,0
13558,6,4,594.52,3.517869822485207,0.0,0.0,0.0,0.0,49.54333333333333,Kitchen,135.65,United Kingdom,338,0.3333333333333333,62,594.52,4,0,0,6,0,3,0,0
13560,7,1,171.42000000000002,5.3568750000000005,0.0,0.0,0.0,0.0,14.285000000000002,Home Decor,46.88,United Kingdom,63,0.08333333333333333,0,171.42000000000002,1,0,0,5,0,3,0,0
13561,216,1,141.85999999999999,10.132857142857143,0.0,0.0,0.0,0.0,11.821666666666665,Electronics,81.6,United Kingdom,83,0.08333333333333333,0,141.85999999999999,1,0,0,3,0,3,0,0
13562,82,3,1799.33,21.943048780487803,0.0,0.0,0.0,0.0,149.94416666666666,Bags,497.12,United Kingdom,757,0.25,163,1799.33,3,0,0,1,0,3,0,0
13563,84,2,777.53,15.867959183673468,0.0,0.0,0.0,0.0,64.79416666666667,Other,301.79,United Kingdom,209,0.16666666666666666,55,777.53,2,0,0,7,0,3,0,0
13565,19,2,240.22,6.321578947368421,0.0,0.0,0.0,0.0,20.018333333333334,Home Decor,105.65,United Kingdom,172,0.16666666666666666,315,240.22,2,0,0,5,0,3,0,0
13566,41,2,856.84,5.0700591715976335,0.0,0.0,0.0,0.0,71.40333333333334,Home Decor,211.7,United Kingdom,567,0.16666666666666666,41,856.84,2,0,0,5,0,3,0,0
13568,173,1,187.05,4.3500000000000005,0.0,0.0,0.0,0.0,15.5875,Home Decor,48.4,United Kingdom,66,0.08333333333333333,0,187.05,1,0,0,5,0,3,0,0
13569,17,2,338.62,4.286329113924051,0.0,0.0,0.0,0.0,28.218333333333334,Home Decor,90.86,United Kingdom,156,0.16666666666666666,350,338.62,2,0,0,5,0,3,0,0
13570,243,1,239.49,8.870000000000001,0.0,0.0,0.0,0.0,19.9575,Home Decor,94.28,United Kingdom,161,0.08333333333333333,0,239.49,1,0,0,5,0,3,0,0
13571,13,12,2088.94,6.143941176470588,0.0,0.0,0.0,0.0,174.07833333333335,Home Decor,589.06,United Kingdom,1757,1.0,240,2088.94,12,1,0,5,0,3,0,0
13572,206,1,1384.25,41.946969696969695,0.0,0.0,0.0,0.0,115.35416666666667,Crockery,709.77,United Kingdom,534,0.08333333333333333,0,1384.25,1,0,0,2,0,3,0,0
13573,50,2,290.25,11.61,0.0,0.0,0.0,0.0,24.1875,Home Decor,74.49,United Kingdom,302,0.16666666666666666,202,290.25,2,0,0,5,0,3,0,0
13575,23,5,732.0699999999999,15.914565217391303,0.0,0.0,0.0,0.0,61.00583333333333,Home Decor,252.3,United Kingdom,449,0.4166666666666667,152,732.0699999999999,5,0,0,5,0,3,0,0
13576,10,20,6703.3,51.56384615384616,2.0,6.0,14.040000000000001,0.002094490773201259,558.6083333333333,Home Decor,5921.3,United Kingdom,2640,1.6666666666666667,362,6703.3,20,1,1,5,3,0,-1,3
13577,25,5,1658.3,19.50941176470588,1.0,20.0,29.3,0.017668696858228305,138.19166666666666,Bags,553.0,United Kingdom,771,0.4166666666666667,216,1658.3,5,0,0,1,0,3,0,0
13579,15,2,467.04,20.30608695652174,0.0,0.0,0.0,0.0,38.92,Home Decor,95.69999999999999,United Kingdom,176,0.16666666666666666,354,467.04,2,0,0,5,0,3,0,0
13581,309,1,118.0,11.8,0.0,0.0,0.0,0.0,9.833333333333334,Home Decor,31.8,United Kingdom,30,0.08333333333333333,0,118.0,1,0,0,5,0,3,0,0
13583,156,1,781.03,14.736415094339621,0.0,0.0,0.0,0.0,65.08583333333333,Other,186.62,United Kingdom,725,0.08333333333333333,0,781.03,1,0,0,7,0,3,0,0
13584,307,1,142.4,5.933333333333334,0.0,0.0,0.0,0.0,11.866666666666667,Other,43.5,United Kingdom,37,0.08333333333333333,0,142.4,1,0,0,7,0,3,0,0
13588,16,13,2445.12,13.584,4.0,33.0,33.830000000000005,0.013835721764166998,203.76,Stationery,757.83,United Kingdom,2573,1.0833333333333333,239,2445.12,13,1,1,9,3,3,0,3
13589,15,2,379.65,18.07857142857143,0.0,0.0,0.0,0.0,31.6375,Other,106.6,United Kingdom,114,0.16666666666666666,164,379.65,2,0,0,7,0,3,0,0
13590,11,7,1976.12,22.203595505617976,1.0,2.0,5.800000000000001,0.0029350444305001728,164.67666666666665,Home Decor,644.38,United Kingdom,1846,0.5833333333333334,291,1976.12,7,0,0,5,0,3,0,0
13591,65,3,1117.13,19.26086206896552,0.0,0.0,0.0,0.0,93.09416666666668,Kitchen,395.25,United Kingdom,485,0.25,202,1117.13,3,0,0,6,0,3,0,0
13592,36,4,247.95999999999998,15.497499999999999,0.0,0.0,0.0,0.0,20.66333333333333,Other,113.64,United Kingdom,84,0.3333333333333333,228,247.95999999999998,4,0,0,7,0,3,0,0
13593,108,6,1965.0800000000002,15.352187500000001,1.0,24.0,46.8,0.023815824292140776,163.7566666666667,Home Decor,795.75,United Kingdom,695,0.5,227,1965.0800000000002,6,0,0,5,0,3,0,0
13594,53,1,396.97,15.268076923076924,0.0,0.0,0.0,0.0,33.08083333333334,Kitchen,138.28,United Kingdom,359,0.08333333333333333,0,396.97,1,0,0,6,0,3,0,0
13596,6,2,664.11,4.548698630136986,0.0,0.0,0.0,0.0,55.3425,Kitchen,121.68,United Kingdom,384,0.16666666666666666,7,664.11,2,0,0,6,0,3,0,0
13598,47,2,147.29,4.091388888888889,1.0,1.0,12.75,0.08656392151537783,12.274166666666666,Home Decor,56.55,United Kingdom,51,0.16666666666666666,0,147.29,2,0,0,5,2,3,0,2
13599,1,33,5026.85,19.113498098859317,12.0,125.0,123.07000000000002,0.024482528820235338,418.9041666666667,Home Decor,1187.38,United Kingdom,3168,2.75,365,5026.85,33,1,1,5,3,0,3,3
13600,312,1,219.52,11.553684210526317,0.0,0.0,0.0,0.0,18.293333333333333,Other,173.42,United Kingdom,324,0.08333333333333333,0,219.52,1,0,0,7,0,3,0,0
13601,45,2,693.32,7.003232323232324,0.0,0.0,0.0,0.0,57.77666666666667,Kitchen,316.16,United Kingdom,548,0.16666666666666666,166,693.32,2,0,0,6,0,3,0,0
13602,65,1,428.89,18.647391304347824,0.0,0.0,0.0,0.0,35.740833333333335,Other,123.9,United Kingdom,267,0.08333333333333333,0,428.89,1,0,0,7,0,3,0,0
13603,26,1,164.34,6.086666666666667,0.0,0.0,0.0,0.0,13.695,Other,48.3,United Kingdom,164,0.08333333333333333,0,164.34,1,0,0,7,0,3,0,0
13606,29,3,276.75,6.91875,0.0,0.0,0.0,0.0,23.0625,Kitchen,82.61,United Kingdom,276,0.25,282,276.75,3,0,0,6,0,3,0,0
13607,40,1,675.51,6.964020618556701,0.0,0.0,0.0,0.0,56.2925,Home Decor,277.14,United Kingdom,288,0.08333333333333333,0,675.51,1,0,0,5,0,3,0,0
13610,12,9,1065.88,4.91188940092166,2.0,2.0,16.45,0.015433257027057452,88.82333333333334,Other,248.07999999999998,United Kingdom,486,0.75,273,1065.88,9,0,0,7,0,3,0,0
13611,89,4,1140.8,15.416216216216215,1.0,4.0,13.6,0.011921458625525946,95.06666666666666,Other,335.28000000000003,United Kingdom,750,0.3333333333333333,270,1140.8,4,0,0,7,0,3,0,0
13614,24,4,1585.46,8.130564102564103,0.0,0.0,0.0,0.0,132.12166666666667,Kitchen,419.7,United Kingdom,564,0.3333333333333333,306,1585.46,4,0,0,6,0,3,0,0
13615,313,2,399.99,16.66625,1.0,6.0,17.700000000000003,0.044251106277656944,33.3325,Other,124.59,United Kingdom,183,0.16666666666666666,6,399.99,2,0,0,7,0,3,0,0
13617,40,3,544.18,12.367727272727272,0.0,0.0,0.0,0.0,45.34833333333333,Crockery,180.47,United Kingdom,300,0.25,140,544.18,3,0,0,2,0,3,0,0
13618,174,1,177.34,13.641538461538461,0.0,0.0,0.0,0.0,14.778333333333334,Home Decor,96.66,United Kingdom,246,0.08333333333333333,0,177.34,1,0,0,5,0,3,0,0
13621,117,1,213.85,11.255263157894737,0.0,0.0,0.0,0.0,17.820833333333333,Other,75.84,United Kingdom,343,0.08333333333333333,0,213.85,1,0,0,7,0,3,0,0
13623,31,7,652.4,7.860240963855421,2.0,8.0,75.33999999999999,0.11548129981606375,54.36666666666667,Electronics,219.85,United Kingdom,278,0.5833333333333334,266,652.4,7,0,0,3,2,2,0,2
13626,253,1,257.23,13.53842105263158,0.0,0.0,0.0,0.0,21.435833333333335,Stationery,70.5,United Kingdom,209,0.08333333333333333,0,257.23,1,0,0,9,0,3,0,0
13627,59,7,1624.02,17.276808510638297,2.0,3.0,14.45,0.008897673673969531,135.335,Home Decor,525.84,United Kingdom,1266,0.5833333333333334,298,1624.02,7,0,0,5,0,3,0,0
13629,23,11,7792.36,132.07389830508475,0.0,0.0,0.0,0.0,649.3633333333333,Bags,4047.0,United Kingdom,4372,0.9166666666666666,315,7792.36,11,1,0,1,3,0,-1,3
13630,5,11,1995.68,24.946,4.0,14.0,36.1,0.018089072396376173,166.30666666666667,Electronics,952.6,United Kingdom,1377,0.9166666666666666,280,1995.68,11,1,0,3,0,3,0,0
13631,100,12,3021.77,251.81416666666667,1.0,7.0,48.65,0.016099835526860087,251.81416666666667,Kitchen,1042.5,United Kingdom,460,1.0,167,3021.77,12,1,0,6,3,0,-1,3
13632,25,6,2114.68,14.484109589041095,1.0,1.0,4.25,0.0020097603419902774,176.22333333333333,Home Decor,593.11,United Kingdom,1030,0.5,218,2114.68,6,0,0,5,0,3,0,0
13634,33,5,1547.3600000000001,8.319139784946238,0.0,0.0,0.0,0.0,128.9466666666667,Home Decor,479.38,United Kingdom,700,0.4166666666666667,293,1547.3600000000001,5,0,0,5,0,3,0,0
13635,68,1,1071.03,17.274677419354838,0.0,0.0,0.0,0.0,89.2525,Stationery,207.04999999999998,United Kingdom,677,0.08333333333333333,0,1071.03,1,0,0,9,0,3,0,0
13636,37,6,941.62,14.7128125,1.0,6.0,7.5,0.007964996495401541,78.46833333333333,Home Decor,311.32,United Kingdom,586,0.5,248,941.62,6,0,0,5,0,3,0,0
13637,52,3,804.3,8.124242424242423,0.0,0.0,0.0,0.0,67.02499999999999,Home Decor,286.6,United Kingdom,405,0.25,174,804.3,3,0,0,5,0,3,0,0
13638,16,1,122.64,15.33,0.0,0.0,0.0,0.0,10.22,Stationery,57.84,United Kingdom,93,0.08333333333333333,0,122.64,1,0,0,9,0,3,0,0
13639,74,1,1033.34,25.833499999999997,0.0,0.0,0.0,0.0,86.11166666666666,Other,375.3,United Kingdom,800,0.08333333333333333,0,1033.34,1,0,0,7,0,3,0,0
13642,216,1,312.28,5.478596491228069,0.0,0.0,0.0,0.0,26.02333333333333,Other,94.72,United Kingdom,151,0.08333333333333333,0,312.28,1,0,0,7,0,3,0,0
13643,31,3,519.44,18.551428571428573,0.0,0.0,0.0,0.0,43.28666666666667,Bags,270.3,United Kingdom,273,0.25,154,519.44,3,0,0,1,0,3,0,0
13644,9,5,2597.52,17.55081081081081,1.0,7.0,26.74,0.01029443469155194,216.46,Home Decor,1510.83,United Kingdom,2060,0.4166666666666667,96,2597.52,5,0,0,5,0,3,0,0
13645,120,1,252.1,50.42,0.0,0.0,0.0,0.0,21.008333333333333,Other,162.1,United Kingdom,158,0.08333333333333333,0,252.1,1,0,0,7,0,3,0,0
13647,10,5,1640.22,20.762278481012657,1.0,1.0,7.9,0.004816427064662058,136.685,Bags,374.3,United Kingdom,886,0.4166666666666667,225,1640.22,5,0,0,1,0,3,0,0
13649,257,2,346.6,15.069565217391306,0.0,0.0,0.0,0.0,28.883333333333336,Home Decor,98.85,United Kingdom,139,0.16666666666666666,109,346.6,2,0,0,5,0,3,0,0
13650,17,7,1809.34,18.46265306122449,1.0,4.0,27.0,0.014922568450374171,150.77833333333334,Home Decor,347.48,United Kingdom,918,0.5833333333333334,250,1809.34,7,0,0,5,0,3,0,0
13651,35,2,94.2,15.700000000000001,0.0,0.0,0.0,0.0,7.8500000000000005,Kitchen,33.3,United Kingdom,33,0.16666666666666666,4,94.2,2,0,0,6,0,3,0,0
13652,46,3,1095.08,17.38222222222222,0.0,0.0,0.0,0.0,91.25666666666666,Home Decor,266.68,United Kingdom,578,0.25,322,1095.08,3,0,0,5,0,3,0,0
13654,43,6,2707.33,16.30921686746988,0.0,0.0,0.0,0.0,225.61083333333332,Other,669.1,United Kingdom,2182,0.5,230,2707.33,6,0,0,7,0,3,0,0
13655,114,2,932.97,16.66017857142857,0.0,0.0,0.0,0.0,77.7475,Home Decor,255.3,United Kingdom,605,0.16666666666666666,127,932.97,2,0,0,5,0,3,0,0
13656,165,2,379.65,7.747959183673469,0.0,0.0,0.0,0.0,31.6375,Home Decor,121.94,United Kingdom,490,0.16666666666666666,172,379.65,2,0,0,5,0,3,0,0
13657,11,2,382.14,23.88375,0.0,0.0,0.0,0.0,31.845,Electronics,136.8,United Kingdom,209,0.16666666666666666,190,382.14,2,0,0,3,0,3,0,0
13658,10,7,2421.47,21.620267857142856,2.0,10.0,217.7,0.08990406653809463,201.78916666666666,Bags,590.3000000000001,United Kingdom,1009,0.5833333333333334,194,2421.47,7,0,0,1,2,2,0,2
13659,197,3,1540.65,14.398598130841123,1.0,15.0,22.35,0.014506863985979944,128.38750000000002,Home Decor,481.72,United Kingdom,867,0.25,123,1540.65,3,0,0,5,0,3,0,0
13662,86,7,862.58,15.132982456140352,4.0,5.0,18.68,0.021655962345521574,71.88166666666667,Other,216.36,United Kingdom,528,0.5833333333333334,173,862.58,7,0,0,7,0,3,0,0
13663,179,1,189.47,14.574615384615385,0.0,0.0,0.0,0.0,15.789166666666667,Electronics,82.5,United Kingdom,91,0.08333333333333333,0,189.47,1,0,0,3,0,3,0,0
13666,60,3,84.65,7.054166666666667,0.0,0.0,0.0,0.0,7.054166666666667,Electronics,37.4,United Kingdom,41,0.25,227,84.65,3,0,0,3,0,3,0,0
13667,149,1,299.05,3.603012048192771,0.0,0.0,0.0,0.0,24.920833333333334,Other,58.38,United Kingdom,149,0.08333333333333333,0,299.05,1,0,0,7,0,3,0,0
13668,3,29,6162.31,12.47431174089069,8.0,105.0,147.52,0.02393907479500382,513.5258333333334,Home Decor,1996.64,United Kingdom,3617,2.4166666666666665,359,6162.31,29,1,1,5,3,0,3,3
13669,51,2,218.55,24.283333333333335,0.0,0.0,0.0,0.0,18.212500000000002,Other,80.39999999999999,United Kingdom,237,0.16666666666666666,98,218.55,2,0,0,7,0,3,0,0
13670,75,1,349.7,13.988,0.0,0.0,0.0,0.0,29.141666666666666,Stationery,150.3,United Kingdom,282,0.08333333333333333,0,349.7,1,0,0,9,0,3,0,0
13673,19,2,387.44,6.457333333333334,0.0,0.0,0.0,0.0,32.28666666666667,Other,89.94,United Kingdom,114,0.16666666666666666,13,387.44,2,0,0,7,0,3,0,0
13675,151,2,486.82000000000005,19.472800000000003,0.0,0.0,0.0,0.0,40.568333333333335,Home Decor,308.86,United Kingdom,330,0.16666666666666666,133,486.82000000000005,2,0,0,5,0,3,0,0
13678,152,1,232.6,14.5375,0.0,0.0,0.0,0.0,19.383333333333333,Electronics,101.2,United Kingdom,924,0.08333333333333333,0,232.6,1,0,0,3,0,3,0,0
13681,18,4,827.83,14.523333333333333,0.0,0.0,0.0,0.0,68.98583333333333,Home Decor,484.47,United Kingdom,360,0.3333333333333333,137,827.83,4,0,0,5,0,3,0,0
13682,187,1,59.5,19.833333333333332,0.0,0.0,0.0,0.0,4.958333333333333,Other,25.5,United Kingdom,10,0.08333333333333333,0,59.5,1,0,0,7,0,3,0,0
13684,286,2,62.13,2.071,1.0,1.0,3.0,0.048285852245292124,5.1775,Home Decor,36.88,United Kingdom,37,0.16666666666666666,0,62.13,2,0,0,5,0,3,0,0
13685,3,7,3119.44,79.98564102564103,0.0,0.0,0.0,0.0,259.9533333333333,Kitchen,1795.27,United Kingdom,5056,0.5833333333333334,57,3119.44,7,0,0,6,3,0,-1,3
13686,183,1,72.0,9.0,0.0,0.0,0.0,0.0,6.0,Home Decor,27.5,United Kingdom,70,0.08333333333333333,0,72.0,1,0,0,5,0,3,0,0
13689,63,1,910.0,151.66666666666666,0.0,0.0,0.0,0.0,75.83333333333333,Bags,716.0,United Kingdom,512,0.08333333333333333,0,910.0,1,0,0,1,3,0,2,3
13690,59,1,172.25,19.13888888888889,0.0,0.0,0.0,0.0,14.354166666666666,Kitchen,138.5,United Kingdom,67,0.08333333333333333,0,172.25,1,0,0,6,0,3,0,0
13692,25,5,1466.8700000000001,26.67036363636364,2.0,2.0,21.45,0.014622972724235957,122.23916666666668,Stationery,573.8199999999999,United Kingdom,1224,0.4166666666666667,211,1466.8700000000001,5,0,0,9,0,3,0,0
13695,31,15,2504.13,27.823666666666668,0.0,0.0,0.0,0.0,208.6775,Electronics,1065.18,United Kingdom,1603,1.25,228,2504.13,15,1,1,3,3,3,0,3
13697,39,1,151.29999999999998,12.608333333333333,0.0,0.0,0.0,0.0,12.608333333333333,Home Decor,47.16,United Kingdom,177,0.08333333333333333,0,151.29999999999998,1,0,0,5,0,3,0,0
13699,155,1,308.58000000000004,22.041428571428575,0.0,0.0,0.0,0.0,25.715000000000003,Textiles,190.8,United Kingdom,66,0.08333333333333333,0,308.58000000000004,1,0,0,11,0,3,0,0
13700,26,10,2248.63,11.590876288659794,0.0,0.0,0.0,0.0,187.38583333333335,Home Decor,746.86,United Kingdom,2281,0.8333333333333334,300,2248.63,10,0,0,5,0,3,0,0
13703,318,1,99.5,99.5,0.0,0.0,0.0,0.0,8.291666666666666,Kitchen,99.5,United Kingdom,10,0.08333333333333333,0,99.5,1,0,0,6,0,3,0,0
13704,5,10,2295.31,17.002296296296297,1.0,3.0,12.75,0.005554805233280036,191.27583333333334,Kitchen,504.85,United Kingdom,1528,0.8333333333333334,83,2295.31,10,0,0,6,0,3,0,0
13705,8,3,711.86,25.423571428571428,0.0,0.0,0.0,0.0,59.321666666666665,Home Decor,336.46,United Kingdom,363,0.25,366,711.86,3,0,0,5,0,3,0,0
13706,303,1,330.79,16.5395,0.0,0.0,0.0,0.0,27.565833333333334,Other,100.22,United Kingdom,189,0.08333333333333333,0,330.79,1,0,0,7,0,3,0,0
13707,267,2,806.41,16.800208333333334,0.0,0.0,0.0,0.0,67.20083333333334,Storage,144.3,United Kingdom,351,0.16666666666666666,48,806.41,2,0,0,10,0,3,0,0
13708,271,1,285.33,5.823061224489796,0.0,0.0,0.0,0.0,23.7775,Home Decor,130.6,United Kingdom,301,0.08333333333333333,0,285.33,1,0,0,5,0,3,0,0
13709,4,17,6228.71,18.05423188405797,4.0,15.0,78.94,0.012673571253116616,519.0591666666667,Home Decor,1611.3300000000002,United Kingdom,3493,1.4166666666666667,311,6228.71,17,1,1,5,3,0,0,3
13710,32,1,180.48,22.56,0.0,0.0,0.0,0.0,15.04,Stationery,67.2,United Kingdom,176,0.08333333333333333,0,180.48,1,0,0,9,0,3,0,0
13711,219,2,252.06,19.38923076923077,0.0,0.0,0.0,0.0,21.005,Kitchen,108.06,United Kingdom,140,0.16666666666666666,0,252.06,2,0,0,6,0,3,0,0
13712,247,1,228.84,22.884,0.0,0.0,0.0,0.0,19.07,Other,112.8,United Kingdom,352,0.08333333333333333,0,228.84,1,0,0,7,0,3,0,0
13715,281,8,1051.99,9.831682242990654,3.0,8.0,25.4,0.024144716204526656,87.66583333333334,Home Decor,255.6,United Kingdom,554,0.6666666666666666,91,1051.99,8,0,0,5,0,3,0,0
13716,269,1,138.28,6.584761904761905,0.0,0.0,0.0,0.0,11.523333333333333,Electronics,53.9,United Kingdom,138,0.08333333333333333,0,138.28,1,0,0,3,0,3,0,0
13717,32,7,1432.26,13.905436893203884,1.0,1.0,12.75,0.008902014997277032,119.355,Home Decor,329.8,United Kingdom,1958,0.5833333333333334,266,1432.26,7,0,0,5,0,3,0,0
13718,246,2,306.55,25.545833333333334,0.0,0.0,0.0,0.0,25.545833333333334,Other,212.4,United Kingdom,173,0.16666666666666666,49,306.55,2,0,0,7,0,3,0,0
13719,15,5,1041.68,17.361333333333334,0.0,0.0,0.0,0.0,86.80666666666667,Home Decor,266.08,United Kingdom,609,0.4166666666666667,219,1041.68,5,0,0,5,0,3,0,0
13720,117,4,799.9,18.60232558139535,0.0,0.0,0.0,0.0,66.65833333333333,Home Decor,196.25,United Kingdom,501,0.3333333333333333,138,799.9,4,0,0,5,0,3,0,0
13721,36,1,524.14,18.719285714285714,0.0,0.0,0.0,0.0,43.678333333333335,Other,157.2,United Kingdom,316,0.08333333333333333,0,524.14,1,0,0,7,0,3,0,0
13722,120,4,2369.16,27.548372093023254,1.0,1.0,6.25,0.002638065812355434,197.42999999999998,Home Decor,639.46,United Kingdom,1400,0.3333333333333333,162,2369.16,4,0,0,5,0,3,0,0
13723,217,1,199.85000000000002,33.30833333333334,0.0,0.0,0.0,0.0,16.65416666666667,Other,170.15,United Kingdom,43,0.08333333333333333,0,199.85000000000002,1,0,0,7,0,3,0,0
13725,50,11,1809.81,15.337372881355932,3.0,147.0,170.75,0.0943469203949586,150.8175,Kitchen,635.78,United Kingdom,659,0.9166666666666666,258,1809.81,11,1,0,6,2,2,0,2
13726,39,2,1079.6599999999999,25.70619047619047,0.0,0.0,0.0,0.0,89.97166666666665,Storage,361.79999999999995,United Kingdom,1054,0.16666666666666666,61,1079.6599999999999,2,0,0,10,0,3,0,0
13727,29,2,333.48,16.674,0.0,0.0,0.0,0.0,27.790000000000003,Other,90.18,United Kingdom,162,0.16666666666666666,4,333.48,2,0,0,7,0,3,0,0
13728,37,6,1016.14,16.12920634920635,0.0,0.0,0.0,0.0,84.67833333333333,Textiles,367.5,United Kingdom,458,0.5,273,1016.14,6,0,0,11,0,3,0,0
13730,136,2,752.6,17.50232558139535,0.0,0.0,0.0,0.0,62.71666666666667,Kitchen,189.1,United Kingdom,488,0.16666666666666666,25,752.6,2,0,0,6,0,3,0,0
13731,219,2,610.59,16.068157894736842,0.0,0.0,0.0,0.0,50.8825,Home Decor,142.51999999999998,United Kingdom,278,0.16666666666666666,27,610.59,2,0,0,5,0,3,0,0
13732,28,1,491.86,14.904848484848486,0.0,0.0,0.0,0.0,40.98833333333334,Kitchen,140.82000000000002,United Kingdom,498,0.08333333333333333,0,491.86,1,0,0,6,0,3,0,0
13735,25,8,2764.48,13.354975845410628,4.0,47.0,119.06,0.04306777404792221,230.37333333333333,Other,664.0,United Kingdom,1081,0.6666666666666666,209,2764.48,8,0,0,7,0,3,0,0
13736,5,3,721.9,3.740414507772021,1.0,4.0,7.9,0.010943343953456159,60.15833333333333,Kitchen,286.11,United Kingdom,492,0.25,255,721.9,3,0,0,6,0,3,0,0
13737,200,1,339.59999999999997,11.319999999999999,0.0,0.0,0.0,0.0,28.299999999999997,Home Decor,140.67,United Kingdom,125,0.08333333333333333,0,339.59999999999997,1,0,0,5,0,3,0,0
13739,18,1,216.9,72.3,0.0,0.0,0.0,0.0,18.075,Electronics,175.2,United Kingdom,54,0.08333333333333333,0,216.9,1,0,0,3,0,3,0,0
13740,241,1,350.75,15.25,0.0,0.0,0.0,0.0,29.229166666666668,Crockery,114.03,United Kingdom,425,0.08333333333333333,0,350.75,1,0,0,2,0,3,0,0
13741,72,4,666.33,19.038,1.0,1.0,2.1,0.003151591553734636,55.5275,Other,163.65,United Kingdom,217,0.3333333333333333,145,666.33,4,0,0,7,0,3,0,0
13742,17,14,3079.27,9.775460317460317,2.0,8.0,28.599999999999998,0.009287915642343802,256.60583333333335,Home Decor,715.9,United Kingdom,1107,1.1666666666666667,303,3079.27,14,1,1,5,0,3,0,0
13743,3,8,1340.1499999999999,31.90833333333333,1.0,1.0,1.45,0.0010819684363690633,111.67916666666666,Other,486.95,United Kingdom,1775,0.6666666666666666,256,1340.1499999999999,8,0,0,7,0,3,0,0
13744,95,2,1080.52,17.15111111111111,0.0,0.0,0.0,0.0,90.04333333333334,Home Decor,478.52,United Kingdom,1153,0.16666666666666666,197,1080.52,2,0,0,5,0,3,0,0
13745,151,2,291.54,11.213076923076924,1.0,10.0,8.5,0.029155518968237634,24.295,Stationery,115.92,United Kingdom,486,0.16666666666666666,10,291.54,2,0,0,9,0,3,0,0
13748,96,5,948.25,33.86607142857143,0.0,0.0,0.0,0.0,79.02083333333333,Stationery,642.9,United Kingdom,439,0.4166666666666667,278,948.25,5,0,0,9,0,3,0,0
13750,54,5,1647.26,68.63583333333334,0.0,0.0,0.0,0.0,137.27166666666668,Home Decor,1356.54,United Kingdom,516,0.4166666666666667,283,1647.26,5,0,0,5,0,3,0,0
13751,288,1,296.25,32.916666666666664,0.0,0.0,0.0,0.0,24.6875,Kitchen,205.2,United Kingdom,152,0.08333333333333333,0,296.25,1,0,0,6,0,3,0,0
13752,124,6,1175.38,15.671733333333334,0.0,0.0,0.0,0.0,97.94833333333334,Electronics,429.18,United Kingdom,874,0.5,122,1175.38,6,0,0,3,0,3,0,0
13753,288,1,741.26,21.178857142857144,0.0,0.0,0.0,0.0,61.77166666666667,Home Decor,189.29999999999998,United Kingdom,512,0.08333333333333333,0,741.26,1,0,0,5,0,3,0,0
13754,152,2,282.59999999999997,23.549999999999997,0.0,0.0,0.0,0.0,23.549999999999997,Kitchen,146.1,United Kingdom,214,0.16666666666666666,165,282.59999999999997,2,0,0,6,0,3,0,0
13755,4,10,2101.39,6.526055900621118,1.0,23.0,6.67,0.003174089531215053,175.1158333333333,Home Decor,409.03,United Kingdom,1219,0.8333333333333334,59,2101.39,10,0,0,5,0,3,0,0
13756,2,15,5145.12,35.979860139860136,1.0,24.0,44.400000000000006,0.008629536337344902,428.76,Home Decor,1518.96,United Kingdom,3164,1.25,365,5145.12,15,1,1,5,3,0,0,3
13758,12,7,3190.55,27.26965811965812,0.0,0.0,0.0,0.0,265.87916666666666,Kitchen,920.4,United Kingdom,1844,0.5833333333333334,361,3190.55,7,0,0,6,0,3,0,0
13759,33,2,659.4100000000001,26.376400000000004,0.0,0.0,0.0,0.0,54.95083333333334,Crockery,317.42,United Kingdom,287,0.16666666666666666,37,659.4100000000001,2,0,0,2,0,3,0,0
13760,54,2,286.79,5.03140350877193,0.0,0.0,0.0,0.0,23.89916666666667,Stationery,86.57000000000001,United Kingdom,197,0.16666666666666666,202,286.79,2,0,0,9,0,3,0,0
13761,50,2,1070.65,15.295000000000002,0.0,0.0,0.0,0.0,89.22083333333335,Kitchen,245.55,United Kingdom,642,0.16666666666666666,129,1070.65,2,0,0,6,0,3,0,0
13763,63,3,1689.46,99.38,2.0,3.0,25.5,0.01509358019722278,140.78833333333333,Toys,562.16,United Kingdom,725,0.25,107,1689.46,3,0,0,12,3,3,-1,3
13764,71,3,1519.42,7.340193236714976,0.0,0.0,0.0,0.0,126.61833333333334,Kitchen,320.95,United Kingdom,926,0.25,266,1519.42,3,0,0,6,0,3,0,0
13769,2,16,2771.8700000000003,19.383706293706297,6.0,11.0,24.64,0.008889305775523382,230.9891666666667,Home Decor,928.5600000000001,United Kingdom,1152,1.3333333333333333,365,2771.8700000000003,16,1,1,5,3,3,0,3
13771,64,5,2631.7,21.930833333333332,1.0,1.0,2.75,0.0010449519322111183,219.3083333333333,Kitchen,608.1,United Kingdom,1476,0.4166666666666667,182,2631.7,5,0,0,6,0,3,0,0
13772,34,3,1122.63,6.489190751445087,0.0,0.0,0.0,0.0,93.55250000000001,Kitchen,337.31,United Kingdom,540,0.25,205,1122.63,3,0,0,6,0,3,0,0
13774,82,1,345.0,15.681818181818182,0.0,0.0,0.0,0.0,28.75,Kitchen,109.30000000000001,United Kingdom,192,0.08333333333333333,0,345.0,1,0,0,6,0,3,0,0
13778,103,1,178.7,19.855555555555554,0.0,0.0,0.0,0.0,14.891666666666666,Storage,99.35,United Kingdom,70,0.08333333333333333,0,178.7,1,0,0,10,0,3,0,0
13780,7,2,360.01,6.315964912280702,0.0,0.0,0.0,0.0,30.000833333333333,Electronics,98.47000000000001,United Kingdom,318,0.16666666666666666,163,360.01,2,0,0,3,0,3,0,0
13781,251,1,127.84,7.5200000000000005,0.0,0.0,0.0,0.0,10.653333333333334,Home Decor,60.88,United Kingdom,30,0.08333333333333333,0,127.84,1,0,0,5,0,3,0,0
13782,13,6,908.86,8.043008849557522,0.0,0.0,0.0,0.0,75.73833333333333,Home Decor,262.23,United Kingdom,369,0.5,315,908.86,6,0,0,5,0,3,0,0
13784,10,11,2462.79,79.44483870967741,0.0,0.0,0.0,0.0,205.2325,Electronics,573.24,United Kingdom,2493,0.9166666666666666,322,2462.79,11,1,0,3,3,3,-1,3
13786,367,1,230.39999999999998,32.91428571428571,0.0,0.0,0.0,0.0,19.2,Electronics,113.39999999999999,United Kingdom,136,0.08333333333333333,0,230.39999999999998,1,0,0,3,0,3,0,0
13787,76,2,309.04,9.969032258064518,0.0,0.0,0.0,0.0,25.753333333333334,Home Decor,109.58000000000001,United Kingdom,337,0.16666666666666666,288,309.04,2,0,0,5,0,3,0,0
13790,4,1,348.8,7.751111111111111,0.0,0.0,0.0,0.0,29.066666666666666,Other,93.83999999999999,United Kingdom,748,0.08333333333333333,0,348.8,1,0,0,7,0,3,0,0
13791,43,3,1047.68,61.62823529411765,1.0,372.0,468.32000000000005,0.4470067196090409,87.30666666666667,Bags,883.18,United Kingdom,828,0.25,124,1047.68,3,0,0,1,1,1,-1,1
13792,66,2,195.55,15.042307692307693,0.0,0.0,0.0,0.0,16.295833333333334,Home Decor,36.2,United Kingdom,92,0.16666666666666666,221,195.55,2,0,0,5,0,3,0,0
13799,117,2,688.86,17.663076923076922,0.0,0.0,0.0,0.0,57.405,Kitchen,256.68,United Kingdom,402,0.16666666666666666,177,688.86,2,0,0,6,0,3,0,0
13800,310,1,558.32,16.91878787878788,0.0,0.0,0.0,0.0,46.52666666666667,Other,130.7,United Kingdom,331,0.08333333333333333,0,558.32,1,0,0,7,0,3,0,0
13801,67,1,324.8,14.121739130434783,0.0,0.0,0.0,0.0,27.066666666666666,Home Decor,138.1,United Kingdom,168,0.08333333333333333,0,324.8,1,0,0,5,0,3,0,0
13802,138,6,3906.27,59.18590909090909,3.0,291.0,693.15,0.17744549147908362,325.5225,Kitchen,1984.81,United Kingdom,2281,0.5,222,3906.27,6,0,0,6,2,2,-1,2
13803,255,1,277.07,16.298235294117646,0.0,0.0,0.0,0.0,23.089166666666667,Home Decor,82.72,United Kingdom,121,0.08333333333333333,0,277.07,1,0,0,5,0,3,0,0
13804,31,7,2588.39,19.173259259259257,0.0,0.0,0.0,0.0,215.69916666666666,Kitchen,767.68,United Kingdom,1462,0.5833333333333334,259,2588.39,7,0,0,6,0,3,0,0
13805,52,2,924.6,71.12307692307692,0.0,0.0,0.0,0.0,77.05,Bags,338.0,United Kingdom,1900,0.16666666666666666,76,924.6,2,0,0,1,0,3,0,0
13806,64,1,256.38,25.637999999999998,0.0,0.0,0.0,0.0,21.365,Crockery,65.4,United Kingdom,56,0.08333333333333333,0,256.38,1,0,0,2,0,3,0,0
13807,367,1,112.6,16.085714285714285,0.0,0.0,0.0,0.0,9.383333333333333,Other,44.4,United Kingdom,36,0.08333333333333333,0,112.6,1,0,0,7,0,3,0,0
13808,6,5,1747.66,22.995526315789476,0.0,0.0,0.0,0.0,145.63833333333335,Other,382.8,United Kingdom,782,0.4166666666666667,91,1747.66,5,0,0,7,0,3,0,0
13809,305,1,155.05,12.920833333333334,0.0,0.0,0.0,0.0,12.920833333333334,Home Decor,70.7,Cyprus,29,0.08333333333333333,0,155.05,1,0,0,5,0,3,0,0
13811,184,4,591.75,42.267857142857146,1.0,1.0,222.75,0.376425855513308,49.3125,Electronics,519.75,Germany,67,0.3333333333333333,55,591.75,4,0,0,3,1,1,-1,1
13812,42,3,539.0,14.972222222222221,0.0,0.0,0.0,0.0,44.916666666666664,Other,159.04,Germany,333,0.25,63,539.0,3,0,0,7,0,3,0,0
13813,40,5,1353.41,19.06211267605634,1.0,2.0,13.45,0.009937860663065885,112.78416666666668,Kitchen,449.64,Germany,550,0.4166666666666667,95,1353.41,5,0,0,6,0,3,0,0
13814,56,3,1562.12,26.933103448275862,1.0,2.0,17.0,0.010882646659667632,130.17666666666665,Electronics,420.0,Germany,862,0.25,81,1562.12,3,0,0,3,0,3,0,0
13815,22,5,4014.91,22.683107344632766,1.0,3.0,12.450000000000001,0.003100941241522226,334.5758333333333,Bags,949.2,Germany,2557,0.4166666666666667,296,4014.91,5,0,0,1,0,3,0,0
13816,24,4,555.04,16.819393939393937,2.0,9.0,16.63,0.029961804554626693,46.25333333333333,Storage,172.20000000000002,Germany,260,0.3333333333333333,40,555.04,4,0,0,10,0,3,0,0
13817,29,2,382.98,15.957500000000001,0.0,0.0,0.0,0.0,31.915000000000003,Storage,126.8,Germany,211,0.16666666666666666,322,382.98,2,0,0,10,0,3,0,0
13819,302,3,1140.35,31.676388888888887,0.0,0.0,0.0,0.0,95.02916666666665,Kitchen,554.5,United Kingdom,1109,0.25,18,1140.35,3,0,0,6,0,3,0,0
13821,145,2,385.64,6.536271186440678,0.0,0.0,0.0,0.0,32.13666666666666,Bags,92.6,United Kingdom,153,0.16666666666666666,116,385.64,2,0,0,1,0,3,0,0
13822,6,2,632.0,6.583333333333333,0.0,0.0,0.0,0.0,52.666666666666664,Home Decor,251.18,United Kingdom,611,0.16666666666666666,34,632.0,2,0,0,5,0,3,0,0
13823,19,2,957.66,23.941499999999998,0.0,0.0,0.0,0.0,79.80499999999999,Home Decor,634.31,United Kingdom,439,0.16666666666666666,72,957.66,2,0,0,5,0,3,0,0
13824,33,5,1698.94,36.93347826086956,0.0,0.0,0.0,0.0,141.57833333333335,Storage,434.3,United Kingdom,768,0.4166666666666667,277,1698.94,5,0,0,10,0,3,0,0
13826,158,2,174.65,14.554166666666667,1.0,2.0,14.85,0.08502719725164615,14.554166666666667,Kitchen,179.55,United Kingdom,80,0.16666666666666666,18,174.65,2,0,0,6,2,3,0,2
13827,58,3,409.8,4.4543478260869565,0.0,0.0,0.0,0.0,34.15,Home Decor,83.9,United Kingdom,138,0.25,85,409.8,3,0,0,5,0,3,0,0
13828,22,1,209.49,13.966000000000001,0.0,0.0,0.0,0.0,17.4575,Other,80.96000000000001,United Kingdom,311,0.08333333333333333,0,209.49,1,0,0,7,0,3,0,0
13831,16,6,2198.45,30.534027777777776,0.0,0.0,0.0,0.0,183.20416666666665,Electronics,1078.5,United Kingdom,743,0.5,353,2198.45,6,0,0,3,0,3,0,0
13832,18,2,40.949999999999996,10.237499999999999,1.0,3.0,11.25,0.27472527472527475,3.4124999999999996,Kitchen,21.15,United Kingdom,25,0.16666666666666666,1,40.949999999999996,2,0,0,6,1,1,-1,1
13833,159,1,383.85,13.708928571428572,0.0,0.0,0.0,0.0,31.9875,Home Decor,114.95,United Kingdom,117,0.08333333333333333,0,383.85,1,0,0,5,0,3,0,0
13835,25,4,834.57,15.174000000000001,0.0,0.0,0.0,0.0,69.5475,Kitchen,231.3,United Kingdom,442,0.3333333333333333,190,834.57,4,0,0,6,0,3,0,0
13837,212,2,266.59000000000003,14.810555555555558,0.0,0.0,0.0,0.0,22.215833333333336,Home Decor,72.65,United Kingdom,182,0.16666666666666666,105,266.59000000000003,2,0,0,5,0,3,0,0
13838,6,4,674.82,4.089818181818182,0.0,0.0,0.0,0.0,56.23500000000001,Home Decor,184.64,United Kingdom,254,0.3333333333333333,364,674.82,4,0,0,5,0,3,0,0
13841,253,1,85.0,85.0,0.0,0.0,0.0,0.0,7.083333333333333,Other,85.0,United Kingdom,100,0.08333333333333333,0,85.0,1,0,0,7,0,3,0,0
13842,59,9,3385.62,16.43504854368932,0.0,0.0,0.0,0.0,282.135,Home Decor,1337.44,United Kingdom,1768,0.75,308,3385.62,9,0,0,5,0,3,0,0
13844,11,1,361.62,18.081,0.0,0.0,0.0,0.0,30.135,Stationery,80.28,United Kingdom,196,0.08333333333333333,0,361.62,1,0,0,9,0,3,0,0
13845,65,1,312.98,34.775555555555556,0.0,0.0,0.0,0.0,26.081666666666667,Home Decor,282.98,United Kingdom,182,0.08333333333333333,0,312.98,1,0,0,5,0,3,0,0
13846,25,4,847.61,14.613965517241379,1.0,5.0,17.45,0.020587298403747005,70.63416666666667,Other,228.57,United Kingdom,383,0.3333333333333333,335,847.61,4,0,0,7,0,3,0,0
13848,92,3,1255.0,251.0,0.0,0.0,0.0,0.0,104.58333333333333,Other,1255.0,United Kingdom,3700,0.25,273,1255.0,3,0,0,7,3,0,-1,3
13849,52,2,1537.95,15.227227722772279,0.0,0.0,0.0,0.0,128.1625,Home Decor,420.33,United Kingdom,1016,0.16666666666666666,119,1537.95,2,0,0,5,0,3,0,0
13850,88,2,1586.81,16.88095744680851,1.0,3.0,8.67,0.0054637921364246505,132.23416666666665,Bags,302.5,United Kingdom,941,0.16666666666666666,41,1586.81,2,0,0,1,0,3,0,0
13851,96,3,2651.46,32.73407407407407,0.0,0.0,0.0,0.0,220.955,Home Decor,1245.14,United Kingdom,1705,0.25,192,2651.46,3,0,0,5,0,3,0,0
13853,9,2,1056.94,44.03916666666667,1.0,8.0,33.2,0.03141143300471171,88.07833333333333,Kitchen,555.84,United Kingdom,304,0.16666666666666666,48,1056.94,2,0,0,6,0,3,0,0
13854,9,29,8025.0199999999995,70.39491228070175,4.0,18.0,84.5,0.010529568773660378,668.7516666666667,Home Decor,2093.04,United Kingdom,2278,2.4166666666666665,356,8025.0199999999995,29,1,1,5,3,0,-1,3
13856,169,5,363.4,21.376470588235293,2.0,10.0,25.1,0.06906989543203083,30.28333333333333,Crockery,121.60000000000001,United Kingdom,484,0.4166666666666667,34,363.4,5,0,0,2,2,3,0,2
13858,57,1,216.17,19.651818181818182,0.0,0.0,0.0,0.0,18.014166666666664,Home Decor,95.3,United Kingdom,75,0.08333333333333333,0,216.17,1,0,0,5,0,3,0,0
13859,326,1,201.16,7.184285714285714,0.0,0.0,0.0,0.0,16.763333333333332,Home Decor,115.85000000000001,United Kingdom,129,0.08333333333333333,0,201.16,1,0,0,5,0,3,0,0
13860,1,6,1240.0,16.103896103896105,1.0,2.0,5.9,0.004758064516129033,103.33333333333333,Home Decor,458.6,United Kingdom,589,0.5,85,1240.0,6,0,0,5,0,3,0,0
13862,18,10,2187.31,15.403591549295774,2.0,6.0,22.05,0.010080875596051772,182.27583333333334,Kitchen,919.96,United Kingdom,1682,0.8333333333333334,314,2187.31,10,0,0,6,0,3,0,0
13863,245,2,299.56,13.616363636363637,1.0,5.0,6.22,0.020763786887434903,24.963333333333335,Home Decor,94.22,United Kingdom,219,0.16666666666666666,2,299.56,2,0,0,5,0,3,0,0
13865,58,4,501.56,16.718666666666667,0.0,0.0,0.0,0.0,41.79666666666667,Kitchen,113.7,United Kingdom,204,0.3333333333333333,231,501.56,4,0,0,6,0,3,0,0
13866,74,1,145.67000000000002,20.810000000000002,0.0,0.0,0.0,0.0,12.139166666666668,Home Decor,61.72,United Kingdom,57,0.08333333333333333,0,145.67000000000002,1,0,0,5,0,3,0,0
13867,31,3,1005.09,16.7515,0.0,0.0,0.0,0.0,83.75750000000001,Home Decor,350.38,United Kingdom,501,0.25,186,1005.09,3,0,0,5,0,3,0,0
13868,7,2,3192.54,96.74363636363637,0.0,0.0,0.0,0.0,266.045,Bags,2743.1,United Kingdom,1964,0.16666666666666666,31,3192.54,2,0,0,1,3,3,0,3
13869,123,4,3083.65,10.143585526315789,0.0,0.0,0.0,0.0,256.97083333333336,Home Decor,891.96,United Kingdom,1709,0.3333333333333333,233,3083.65,4,0,0,5,0,3,0,0
13870,2,10,2751.25,23.315677966101696,2.0,5.0,19.69,0.007156746933212177,229.27083333333334,Stationery,728.48,United Kingdom,1320,0.8333333333333334,285,2751.25,10,0,0,9,0,3,0,0
13871,23,14,6389.8,18.90473372781065,1.0,5.0,13.450000000000001,0.0021049172118063164,532.4833333333333,Kitchen,2120.55,United Kingdom,2801,1.1666666666666667,286,6389.8,14,1,1,6,3,0,0,3
13873,120,4,381.7,15.904166666666667,1.0,2.0,7.9,0.02069688236835211,31.808333333333334,Kitchen,87.27000000000001,United Kingdom,138,0.3333333333333333,190,381.7,4,0,0,6,0,3,0,0
13874,358,1,540.45,30.025000000000002,0.0,0.0,0.0,0.0,45.0375,Other,260.3,United Kingdom,180,0.08333333333333333,0,540.45,1,0,0,7,0,3,0,0
13875,54,5,1786.79,17.180673076923078,0.0,0.0,0.0,0.0,148.89916666666667,Home Decor,528.76,United Kingdom,1316,0.4166666666666667,247,1786.79,5,0,0,5,0,3,0,0
13876,64,1,122.7,17.52857142857143,0.0,0.0,0.0,0.0,10.225,Other,49.0,United Kingdom,36,0.08333333333333333,0,122.7,1,0,0,7,0,3,0,0
13877,86,1,117.24,39.08,0.0,0.0,0.0,0.0,9.77,Electronics,69.6,United Kingdom,108,0.08333333333333333,0,117.24,1,0,0,3,0,3,0,0
13878,55,1,1271.57,36.330571428571425,0.0,0.0,0.0,0.0,105.96416666666666,Electronics,405.85,United Kingdom,463,0.08333333333333333,0,1271.57,1,0,0,3,0,3,0,0
13880,21,13,3219.77,19.513757575757577,0.0,0.0,0.0,0.0,268.31416666666667,Kitchen,735.7,United Kingdom,1842,1.0833333333333333,345,3219.77,13,1,1,6,3,3,0,3
13882,3,6,1131.28,17.14060606060606,1.0,3.0,59.849999999999994,0.052904674351177426,94.27333333333333,Home Decor,259.54,United Kingdom,950,0.5,61,1131.28,6,0,0,5,0,3,0,0
13883,1,9,2538.75,16.379032258064516,4.0,68.0,135.73000000000002,0.0534633185622846,211.5625,Kitchen,1217.66,United Kingdom,1368,0.75,325,2538.75,9,0,0,6,0,3,0,0
13884,7,6,781.3000000000001,13.021666666666668,1.0,3.0,6.300000000000001,0.00806348393702803,65.10833333333333,Home Decor,311.25,United Kingdom,297,0.5,276,781.3000000000001,6,0,0,5,0,3,0,0
13885,189,2,506.8,18.1,0.0,0.0,0.0,0.0,42.233333333333334,Home Decor,200.14999999999998,United Kingdom,182,0.16666666666666666,11,506.8,2,0,0,5,0,3,0,0
13886,71,1,243.56,15.2225,0.0,0.0,0.0,0.0,20.296666666666667,Home Decor,92.46,United Kingdom,126,0.08333333333333333,0,243.56,1,0,0,5,0,3,0,0
13887,204,1,349.55,18.397368421052633,0.0,0.0,0.0,0.0,29.129166666666666,Home Decor,141.72,United Kingdom,147,0.08333333333333333,0,349.55,1,0,0,5,0,3,0,0
13888,120,2,595.67,15.273589743589742,0.0,0.0,0.0,0.0,49.63916666666666,Home Decor,369.96,United Kingdom,254,0.16666666666666666,98,595.67,2,0,0,5,0,3,0,0
13889,93,1,416.90000000000003,27.793333333333337,0.0,0.0,0.0,0.0,34.74166666666667,Home Decor,191.20000000000002,United Kingdom,146,0.08333333333333333,0,416.90000000000003,1,0,0,5,0,3,0,0
13890,1,14,1860.8600000000001,16.323333333333334,4.0,5.0,22.95,0.012333007319196499,155.0716666666667,Home Decor,512.48,United Kingdom,826,1.1666666666666667,357,1860.8600000000001,14,1,1,5,0,3,0,0
13892,27,4,632.97,23.443333333333335,0.0,0.0,0.0,0.0,52.7475,Home Decor,189.83999999999997,United Kingdom,983,0.3333333333333333,219,632.97,4,0,0,5,0,3,0,0
13893,298,1,821.1,39.1,0.0,0.0,0.0,0.0,68.425,Stationery,427.8,United Kingdom,190,0.08333333333333333,0,821.1,1,0,0,9,0,3,0,0
13894,22,5,535.97,17.865666666666666,2.0,15.0,28.65,0.05345448439278317,44.66416666666667,Crockery,132.57,United Kingdom,339,0.4166666666666667,288,535.97,5,0,0,2,0,3,0,0
13895,21,5,2588.12,21.74890756302521,1.0,1.0,4.95,0.0019125851969769563,215.67666666666665,Home Decor,739.23,United Kingdom,1364,0.4166666666666667,143,2588.12,5,0,0,5,0,3,0,0
13897,50,1,311.16,18.303529411764707,0.0,0.0,0.0,0.0,25.930000000000003,Stationery,159.96,United Kingdom,200,0.08333333333333333,0,311.16,1,0,0,9,0,3,0,0
13898,326,1,155.93,12.994166666666667,0.0,0.0,0.0,0.0,12.994166666666667,Kitchen,68.81,United Kingdom,133,0.08333333333333333,0,155.93,1,0,0,6,0,3,0,0
13899,16,2,388.52,20.448421052631577,0.0,0.0,0.0,0.0,32.376666666666665,Storage,108.0,United Kingdom,156,0.16666666666666666,258,388.52,2,0,0,10,0,3,0,0
13900,183,3,740.95,17.23139534883721,0.0,0.0,0.0,0.0,61.74583333333334,Home Decor,207.34,United Kingdom,430,0.25,79,740.95,3,0,0,5,0,3,0,0
13901,72,5,2867.2,19.242953020134227,0.0,0.0,0.0,0.0,238.9333333333333,Other,589.74,United Kingdom,1739,0.4166666666666667,246,2867.2,5,0,0,7,0,3,0,0
13904,37,2,332.64,12.793846153846154,0.0,0.0,0.0,0.0,27.72,Kitchen,117.9,United Kingdom,332,0.16666666666666666,257,332.64,2,0,0,6,0,3,0,0
13908,80,5,2347.05,18.627380952380953,1.0,8.0,22.500000000000004,0.009586502204895509,195.5875,Kitchen,852.13,United Kingdom,1470,0.4166666666666667,196,2347.05,5,0,0,6,0,3,0,0
13911,57,9,2580.91,17.43858108108108,0.0,0.0,0.0,0.0,215.07583333333332,Other,741.8399999999999,United Kingdom,2731,0.75,251,2580.91,9,0,0,7,0,3,0,0
13914,4,3,613.95,18.05735294117647,1.0,1.0,12.5,0.020359964166463067,51.1625,Kitchen,295.0,United Kingdom,379,0.25,32,613.95,3,0,0,6,0,3,0,0
13917,50,2,272.04,15.113333333333335,0.0,0.0,0.0,0.0,22.67,Home Decor,172.92000000000002,United Kingdom,228,0.16666666666666666,141,272.04,2,0,0,5,0,3,0,0
13918,50,2,1212.8400000000001,40.428000000000004,0.0,0.0,0.0,0.0,101.07000000000001,Storage,357.32,United Kingdom,1140,0.16666666666666666,203,1212.8400000000001,2,0,0,10,0,3,0,0
13919,53,3,350.15999999999997,10.61090909090909,1.0,37.0,34.65,0.09895476353666896,29.179999999999996,Stationery,151.5,Denmark,437,0.25,68,350.15999999999997,3,0,0,9,2,2,0,2
13922,352,1,172.25,24.607142857142858,0.0,0.0,0.0,0.0,14.354166666666666,Home Decor,63.0,United Kingdom,93,0.08333333333333333,0,172.25,1,0,0,5,0,3,0,0
13923,54,1,351.13,17.5565,0.0,0.0,0.0,0.0,29.260833333333334,Home Decor,218.75,United Kingdom,185,0.08333333333333333,0,351.13,1,0,0,5,0,3,0,0
13924,2,11,1682.0800000000002,12.277956204379564,5.0,43.0,156.77,0.09320008560829449,140.17333333333335,Home Decor,726.39,United Kingdom,1532,0.9166666666666666,70,1682.0800000000002,11,0,0,5,2,2,0,2
13925,36,6,616.65,13.703333333333333,2.0,4.0,61.599999999999994,0.09989459174572285,51.387499999999996,Kitchen,357.15999999999997,United Kingdom,327,0.5,98,616.65,6,0,0,6,2,2,0,2
13926,23,1,223.85000000000002,20.35,0.0,0.0,0.0,0.0,18.65416666666667,Other,55.650000000000006,United Kingdom,104,0.08333333333333333,0,223.85000000000002,1,0,0,7,0,3,0,0
13927,75,1,348.99,16.61857142857143,0.0,0.0,0.0,0.0,29.0825,Kitchen,67.2,United Kingdom,214,0.08333333333333333,0,348.99,1,0,0,6,0,3,0,0
13928,11,4,464.57,17.206296296296298,0.0,0.0,0.0,0.0,38.714166666666664,Other,158.48000000000002,United Kingdom,129,0.3333333333333333,122,464.57,4,0,0,7,0,3,0,0
13929,169,3,802.85,80.285,1.0,4.0,39.8,0.04957339478109235,66.90416666666667,Home Decor,770.3,United Kingdom,139,0.25,157,802.85,3,0,0,5,0,3,-1,0
13930,58,2,337.34,19.843529411764706,0.0,0.0,0.0,0.0,28.111666666666665,Kitchen,145.14000000000001,United Kingdom,274,0.16666666666666666,78,337.34,2,0,0,6,0,3,0,0
13931,86,3,1230.93,20.86322033898305,1.0,4.0,6.6,0.0053617996149252995,102.5775,Stationery,417.39,United Kingdom,721,0.25,195,1230.93,3,0,0,9,0,3,0,0
13932,295,1,307.4,19.2125,0.0,0.0,0.0,0.0,25.616666666666664,Electronics,173.0,United Kingdom,72,0.08333333333333333,0,307.4,1,0,0,3,0,3,0,0
13933,109,2,608.7900000000001,26.469130434782613,0.0,0.0,0.0,0.0,50.73250000000001,Storage,190.44,United Kingdom,205,0.16666666666666666,39,608.7900000000001,2,0,0,10,0,3,0,0
13934,264,1,922.1,29.74516129032258,0.0,0.0,0.0,0.0,76.84166666666667,Other,298.34999999999997,United Kingdom,390,0.08333333333333333,0,922.1,1,0,0,7,0,3,0,0
13936,171,2,361.28,13.38074074074074,1.0,6.0,15.299999999999999,0.042349424269264836,30.106666666666666,Other,168.38,United Kingdom,324,0.16666666666666666,8,361.28,2,0,0,7,0,3,0,0
13937,169,1,158.85,17.65,0.0,0.0,0.0,0.0,13.237499999999999,Stationery,50.39999999999999,United Kingdom,123,0.08333333333333333,0,158.85,1,0,0,9,0,3,0,0
13938,35,1,71.66,10.237142857142857,0.0,0.0,0.0,0.0,5.971666666666667,Kitchen,71.66,United Kingdom,70,0.08333333333333333,0,71.66,1,0,0,6,0,3,0,0
13939,23,4,556.75,12.103260869565217,1.0,4.0,11.8,0.02119443197126179,46.395833333333336,Home Decor,202.06,United Kingdom,843,0.3333333333333333,288,556.75,4,0,0,5,0,3,0,0
13940,17,4,839.14,17.12530612244898,0.0,0.0,0.0,0.0,69.92833333333333,Home Decor,391.14,United Kingdom,516,0.3333333333333333,126,839.14,4,0,0,5,0,3,0,0
13941,22,7,4912.41,104.51936170212765,2.0,57.0,200.55,0.04082517542306119,409.3675,Electronics,3747.57,United Kingdom,2307,0.5833333333333334,350,4912.41,7,0,0,3,3,3,-1,3
13946,79,3,561.5699999999999,51.05181818181818,0.0,0.0,0.0,0.0,46.79749999999999,Stationery,337.32,United Kingdom,443,0.25,188,561.5699999999999,3,0,0,9,0,3,0,0
13947,65,1,90.6,18.119999999999997,0.0,0.0,0.0,0.0,7.55,Home Decor,77.1,United Kingdom,44,0.08333333333333333,0,90.6,1,0,0,5,0,3,0,0
13948,361,1,102.0,34.0,0.0,0.0,0.0,0.0,8.5,Kitchen,46.8,United Kingdom,40,0.08333333333333333,0,102.0,1,0,0,6,0,3,0,0
13949,3,6,2427.32,15.170750000000002,0.0,0.0,0.0,0.0,202.27666666666667,Kitchen,690.21,United Kingdom,2474,0.5,91,2427.32,6,0,0,6,0,3,0,0
13950,11,5,728.56,20.237777777777776,1.0,2.0,16.5,0.022647414077083563,60.71333333333333,Electronics,219.74,United Kingdom,321,0.4166666666666667,235,728.56,5,0,0,3,0,3,0,0
13951,176,3,674.45,17.293589743589745,0.0,0.0,0.0,0.0,56.20416666666667,Home Decor,163.47,United Kingdom,459,0.25,118,674.45,3,0,0,5,0,3,0,0
13952,211,3,3246.091,23.52239855072464,1.0,6.0,4.9799999999999995,0.001534152924240263,270.50758333333334,Kitchen,1829.41,United Kingdom,1425,0.25,27,3246.091,3,0,0,6,0,3,0,0
13953,7,7,3515.68,175.784,0.0,0.0,0.0,0.0,292.9733333333333,Other,3279.88,United Kingdom,2724,0.5833333333333334,345,3515.68,7,0,0,7,3,0,-1,3
13954,2,3,378.59,12.619666666666665,1.0,9.0,61.33,0.1619958266198262,31.549166666666665,Kitchen,133.45,United Kingdom,141,0.25,69,378.59,3,0,0,6,2,2,0,2
13955,154,2,322.96,9.786666666666665,0.0,0.0,0.0,0.0,26.91333333333333,Kitchen,147.45,United Kingdom,154,0.16666666666666666,151,322.96,2,0,0,6,0,3,0,0
13956,5,5,1019.27,6.933809523809524,0.0,0.0,0.0,0.0,84.93916666666667,Home Decor,309.75,United Kingdom,486,0.4166666666666667,266,1019.27,5,0,0,5,0,3,0,0
13959,79,3,594.04,6.600444444444444,0.0,0.0,0.0,0.0,49.50333333333333,Kitchen,222.92,United Kingdom,355,0.25,283,594.04,3,0,0,6,0,3,0,0
13960,21,2,230.22,19.185,0.0,0.0,0.0,0.0,19.185,Home Decor,132.9,United Kingdom,142,0.16666666666666666,50,230.22,2,0,0,5,0,3,0,0
13962,22,2,169.55,15.413636363636364,0.0,0.0,0.0,0.0,14.129166666666668,Home Decor,73.3,United Kingdom,87,0.16666666666666666,223,169.55,2,0,0,5,0,3,0,0
13963,308,4,664.54,18.986857142857144,0.0,0.0,0.0,0.0,55.37833333333333,Kitchen,244.79000000000002,United Kingdom,460,0.3333333333333333,59,664.54,4,0,0,6,0,3,0,0
13967,146,1,80.7,40.35,0.0,0.0,0.0,0.0,6.7250000000000005,Electronics,45.0,United Kingdom,42,0.08333333333333333,0,80.7,1,0,0,3,0,3,0,0
13969,7,20,8956.92,14.308178913738018,2.0,59.0,67.25,0.007508161287585464,746.41,Bags,1434.32,United Kingdom,4469,1.6666666666666667,357,8956.92,20,1,1,1,3,0,-1,3
13971,9,11,2702.2200000000003,17.102658227848103,3.0,26.0,56.040000000000006,0.02073850389679597,225.18500000000003,Kitchen,612.4200000000001,United Kingdom,1818,0.9166666666666666,276,2702.2200000000003,11,1,0,6,0,3,0,0
13972,71,2,190.25,12.683333333333334,0.0,0.0,0.0,0.0,15.854166666666666,Home Decor,88.52000000000001,United Kingdom,187,0.16666666666666666,131,190.25,2,0,0,5,0,3,0,0
13973,287,1,264.7,24.063636363636363,0.0,0.0,0.0,0.0,22.058333333333334,Kitchen,127.7,United Kingdom,109,0.08333333333333333,0,264.7,1,0,0,6,0,3,0,0
13974,49,1,413.59000000000003,14.77107142857143,0.0,0.0,0.0,0.0,34.465833333333336,Seasonal,87.96000000000001,United Kingdom,249,0.08333333333333333,0,413.59000000000003,1,0,0,8,0,3,0,0
13975,31,7,2438.19,7.366132930513595,1.0,7.0,23.05,0.009453734122443288,203.1825,Kitchen,521.72,United Kingdom,1690,0.5833333333333334,245,2438.19,7,0,0,6,0,3,0,0
13976,207,1,357.98,35.798,0.0,0.0,0.0,0.0,29.831666666666667,Home Decor,131.1,United Kingdom,154,0.08333333333333333,0,357.98,1,0,0,5,0,3,0,0
13978,15,2,196.79000000000002,13.119333333333335,0.0,0.0,0.0,0.0,16.39916666666667,Home Decor,65.04,United Kingdom,315,0.16666666666666666,30,196.79000000000002,2,0,0,5,0,3,0,0
13979,73,1,869.87,16.108703703703704,0.0,0.0,0.0,0.0,72.48916666666666,Home Decor,210.32,United Kingdom,639,0.08333333333333333,0,869.87,1,0,0,5,0,3,0,0
13980,60,1,200.14,18.19454545454545,0.0,0.0,0.0,0.0,16.67833333333333,Home Decor,91.12,United Kingdom,172,0.08333333333333333,0,200.14,1,0,0,5,0,3,0,0
13982,39,5,1861.11,16.183565217391305,1.0,4.0,10.700000000000001,0.005749257163735621,155.0925,Kitchen,544.5,United Kingdom,1132,0.4166666666666667,326,1861.11,5,0,0,6,0,3,0,0
13983,30,13,2590.46,23.129107142857144,1.0,13.0,12.969999999999999,0.005006832763293005,215.87166666666667,Home Decor,1027.84,United Kingdom,1170,1.0833333333333333,337,2590.46,13,1,1,5,0,3,0,0
13985,4,16,7024.53,20.01290598290598,1.0,8.0,35.6,0.0050679547243730185,585.3774999999999,Kitchen,1459.5900000000001,United Kingdom,3437,1.3333333333333333,260,7024.53,16,1,1,6,3,0,0,3
13986,17,1,320.46,24.650769230769228,0.0,0.0,0.0,0.0,26.705,Electronics,185.4,United Kingdom,430,0.08333333333333333,0,320.46,1,0,0,3,0,3,0,0
13988,20,9,4098.8,17.14979079497908,3.0,19.0,49.160000000000004,0.011993754269542306,341.56666666666666,Home Decor,1464.96,United Kingdom,3025,0.75,234,4098.8,9,0,0,5,3,3,0,3
13989,66,2,1266.08,30.88,0.0,0.0,0.0,0.0,105.50666666666666,Home Decor,438.9,United Kingdom,1313,0.16666666666666666,173,1266.08,2,0,0,5,0,3,0,0
13990,213,1,311.3,19.45625,0.0,0.0,0.0,0.0,25.941666666666666,Home Decor,107.80000000000001,United Kingdom,190,0.08333333333333333,0,311.3,1,0,0,5,0,3,0,0
13991,12,7,847.54,10.089761904761904,1.0,2.0,5.34,0.006300587582886943,70.62833333333333,Kitchen,301.15,United Kingdom,993,0.5833333333333334,131,847.54,7,0,0,6,0,3,0,0
13992,30,1,76.8,15.36,0.0,0.0,0.0,0.0,6.3999999999999995,Kitchen,28.5,United Kingdom,64,0.08333333333333333,0,76.8,1,0,0,6,0,3,0,0
13993,32,12,3409.66,27.277279999999998,3.0,8.0,56.7,0.016629224028202227,284.1383333333333,Kitchen,947.48,United Kingdom,892,1.0,298,3409.66,12,1,0,6,3,3,0,3
13994,4,6,2274.14,15.36581081081081,0.0,0.0,0.0,0.0,189.51166666666666,Home Decor,591.73,United Kingdom,932,0.5,144,2274.14,6,0,0,5,0,3,0,0
13995,15,6,1383.49,15.902183908045977,1.0,12.0,10.2,0.007372659000065052,115.29083333333334,Home Decor,366.52,United Kingdom,867,0.5,230,1383.49,6,0,0,5,0,3,0,0
13999,10,15,3865.26,18.23235849056604,3.0,12.0,36.55,0.009456026244030155,322.105,Kitchen,723.5,United Kingdom,2231,1.25,351,3865.26,15,1,1,6,3,3,0,3
14000,206,2,633.71,39.606875,1.0,3.0,1.9500000000000002,0.003077117293399189,52.80916666666667,Other,191.9,United Kingdom,707,0.16666666666666666,4,633.71,2,0,0,7,0,3,0,0
14001,46,4,2030.3300000000002,50.758250000000004,1.0,3.0,12.75,0.006279767328463845,169.1941666666667,Bags,576.0,United Kingdom,959,0.3333333333333333,327,2030.3300000000002,4,0,0,1,0,3,0,0
14002,134,2,529.73,11.270851063829788,0.0,0.0,0.0,0.0,44.14416666666667,Other,119.55,United Kingdom,877,0.16666666666666666,22,529.73,2,0,0,7,0,3,0,0
14004,43,7,4582.64,26.799064327485382,0.0,0.0,0.0,0.0,381.8866666666667,Kitchen,914.86,United Kingdom,2668,0.5833333333333334,245,4582.64,7,0,0,6,3,3,0,3
14005,10,5,2874.72,34.22285714285714,0.0,0.0,0.0,0.0,239.55999999999997,Kitchen,1590.66,United Kingdom,2478,0.4166666666666667,206,2874.72,5,0,0,6,0,3,0,0
14006,116,3,962.19,32.073,0.0,0.0,0.0,0.0,80.1825,Home Decor,369.82,United Kingdom,641,0.25,196,962.19,3,0,0,5,0,3,0,0
14009,198,3,685.9300000000001,15.589318181818184,1.0,4.0,9.680000000000001,0.014112227195194846,57.160833333333336,Kitchen,286.05,United Kingdom,361,0.25,7,685.9300000000001,3,0,0,6,0,3,0,0
14012,278,1,328.8,29.89090909090909,0.0,0.0,0.0,0.0,27.400000000000002,Home Decor,163.0,United Kingdom,160,0.08333333333333333,0,328.8,1,0,0,5,0,3,0,0
14013,110,3,473.02,13.91235294117647,0.0,0.0,0.0,0.0,39.41833333333333,Kitchen,194.84,United Kingdom,462,0.25,165,473.02,3,0,0,6,0,3,0,0
14014,77,1,505.18,12.953333333333333,0.0,0.0,0.0,0.0,42.098333333333336,Home Decor,175.07999999999998,United Kingdom,1076,0.08333333333333333,0,505.18,1,0,0,5,0,3,0,0
14015,53,1,917.34,45.867000000000004,0.0,0.0,0.0,0.0,76.44500000000001,Kitchen,249.12,United Kingdom,378,0.08333333333333333,0,917.34,1,0,0,6,0,3,0,0
14016,154,5,4328.46,26.718888888888888,1.0,1.0,12.75,0.0029456203823068714,360.705,Other,1058.4299999999998,EIRE,2124,0.4166666666666667,203,4328.46,5,0,0,7,0,3,0,0
14019,47,4,1398.96,20.57294117647059,1.0,3.0,22.65,0.016190598730485502,116.58,Crockery,297.44,United Kingdom,1034,0.3333333333333333,91,1398.96,4,0,0,2,0,3,0,0
14020,17,2,642.8,16.48205128205128,0.0,0.0,0.0,0.0,53.56666666666666,Stationery,155.34,United Kingdom,441,0.16666666666666666,71,642.8,2,0,0,9,0,3,0,0
14021,155,3,631.9,28.722727272727273,0.0,0.0,0.0,0.0,52.65833333333333,Kitchen,221.3,United Kingdom,192,0.25,101,631.9,3,0,0,6,0,3,0,0
14022,225,1,440.0,15.714285714285714,0.0,0.0,0.0,0.0,36.666666666666664,Home Decor,121.22,United Kingdom,487,0.08333333333333333,0,440.0,1,0,0,5,0,3,0,0
14023,7,2,584.07,18.840967741935486,0.0,0.0,0.0,0.0,48.67250000000001,Other,194.96,United Kingdom,345,0.16666666666666666,242,584.07,2,0,0,7,0,3,0,0
14024,122,2,327.7,20.48125,0.0,0.0,0.0,0.0,27.308333333333334,Kitchen,149.2,United Kingdom,150,0.16666666666666666,2,327.7,2,0,0,6,0,3,0,0
14027,61,1,104.82,17.47,0.0,0.0,0.0,0.0,8.735,Kitchen,77.52,United Kingdom,62,0.08333333333333333,0,104.82,1,0,0,6,0,3,0,0
14029,63,2,467.66,31.177333333333333,0.0,0.0,0.0,0.0,38.97166666666667,Other,265.56,United Kingdom,198,0.16666666666666666,80,467.66,2,0,0,7,0,3,0,0
14030,18,8,2358.84,9.747272727272728,0.0,0.0,0.0,0.0,196.57000000000002,Home Decor,773.6,United Kingdom,1478,0.6666666666666666,348,2358.84,8,0,0,5,0,3,0,0
14031,7,23,14634.64,56.72341085271318,4.0,418.0,2652.22,0.18122891987776946,1219.5533333333333,Crockery,2926.4700000000003,United Kingdom,5370,1.9166666666666667,365,14634.64,23,1,1,2,2,2,-1,2
14032,2,18,2929.84,19.275263157894738,7.0,24.0,45.75,0.015615187177456788,244.15333333333334,Crockery,979.34,United Kingdom,2008,1.5,364,2929.84,18,1,1,2,3,3,0,3
14034,22,4,509.09,5.720112359550561,1.0,108.0,139.8,0.27460763322791654,42.424166666666665,Home Decor,228.46,United Kingdom,312,0.3333333333333333,135,509.09,4,0,0,5,1,1,-1,1
14035,29,5,1428.02,21.636666666666667,0.0,0.0,0.0,0.0,119.00166666666667,Home Decor,667.72,United Kingdom,739,0.4166666666666667,268,1428.02,5,0,0,5,0,3,0,0
14036,285,1,626.65,16.49078947368421,0.0,0.0,0.0,0.0,52.22083333333333,Home Decor,217.81,United Kingdom,268,0.08333333333333333,0,626.65,1,0,0,5,0,3,0,0
14037,176,2,147.20000000000002,5.257142857142858,0.0,0.0,0.0,0.0,12.266666666666667,Toys,63.800000000000004,United Kingdom,46,0.16666666666666666,188,147.20000000000002,2,0,0,12,0,3,0,0
14038,78,4,1554.48,16.71483870967742,1.0,2.0,5.9,0.003795481447172045,129.54,Bags,522.2,United Kingdom,963,0.3333333333333333,128,1554.48,4,0,0,1,0,3,0,0
14039,33,1,152.2,25.366666666666664,0.0,0.0,0.0,0.0,12.683333333333332,Crockery,69.6,United Kingdom,92,0.08333333333333333,0,152.2,1,0,0,2,0,3,0,0
14040,41,15,3487.59,14.840808510638299,3.0,30.0,72.72999999999999,0.020853942120490077,290.6325,Kitchen,974.4,United Kingdom,1514,1.25,290,3487.59,15,1,1,6,3,3,0,3
14041,266,1,141.41,6.733809523809524,0.0,0.0,0.0,0.0,11.784166666666666,Kitchen,108.27,United Kingdom,94,0.08333333333333333,0,141.41,1,0,0,6,0,3,0,0
14044,27,4,646.42,3.1379611650485435,0.0,0.0,0.0,0.0,53.86833333333333,Home Decor,190.6,United Kingdom,304,0.3333333333333333,283,646.42,4,0,0,5,0,3,0,0
14045,109,4,1659.75,276.625,0.0,0.0,0.0,0.0,138.3125,Kitchen,1659.75,United Kingdom,535,0.3333333333333333,264,1659.75,4,0,0,6,3,0,-1,3
14046,284,1,154.99,11.070714285714287,0.0,0.0,0.0,0.0,12.915833333333333,Other,82.6,United Kingdom,460,0.08333333333333333,0,154.99,1,0,0,7,0,3,0,0
14047,9,7,1290.01,37.94147058823529,2.0,4.0,18.6,0.014418492879900158,107.50083333333333,Storage,479.54,United Kingdom,377,0.5833333333333334,364,1290.01,7,0,0,10,0,3,0,0
14048,277,2,375.13,4.262840909090909,1.0,14.0,34.8,0.09276784048196625,31.260833333333334,Home Decor,133.59,United Kingdom,274,0.16666666666666666,27,375.13,2,0,0,5,2,2,0,2
14049,17,6,5536.15,11.184141414141413,2.0,24.0,42.57,0.007689459281269475,461.3458333333333,Other,1097.55,United Kingdom,3784,0.5,301,5536.15,6,0,0,7,3,3,0,3
14050,32,2,746.36,13.821481481481483,0.0,0.0,0.0,0.0,62.196666666666665,Kitchen,245.70000000000002,United Kingdom,689,0.16666666666666666,74,746.36,2,0,0,6,0,3,0,0
14051,1,26,15477.34,71.98762790697674,3.0,15.0,133.05,0.0085964384060827,1289.7783333333334,Other,5206.54,United Kingdom,3741,2.1666666666666665,365,15477.34,26,1,1,7,3,0,-1,3
14052,20,1,225.36,4.024285714285715,0.0,0.0,0.0,0.0,18.78,Home Decor,41.18,United Kingdom,89,0.08333333333333333,0,225.36,1,0,0,5,0,3,0,0
14053,124,2,260.25,65.0625,0.0,0.0,0.0,0.0,21.6875,Toys,231.0,United Kingdom,215,0.16666666666666666,35,260.25,2,0,0,12,0,3,0,0
14054,65,1,92.46,15.409999999999998,0.0,0.0,0.0,0.0,7.704999999999999,Bags,49.5,United Kingdom,62,0.08333333333333333,0,92.46,1,0,0,1,0,3,0,0
14055,106,1,725.6400000000001,72.56400000000001,0.0,0.0,0.0,0.0,60.470000000000006,Storage,415.00000000000006,United Kingdom,216,0.08333333333333333,0,725.6400000000001,1,0,0,10,0,3,0,0
14056,1,29,8062.46,7.263477477477477,6.0,41.0,90.25000000000001,0.01119385398501202,671.8716666666667,Electronics,1870.89,United Kingdom,4211,2.4166666666666665,282,8062.46,29,1,1,3,3,0,3,3
14057,24,18,6141.099999999999,21.176206896551722,1.0,168.0,70.56,0.011489798244614158,511.75833333333327,Storage,1499.1999999999998,United Kingdom,4705,1.5,336,6141.099999999999,18,1,1,10,3,0,0,3
14059,267,1,183.6,22.95,0.0,0.0,0.0,0.0,15.299999999999999,Toys,63.0,United Kingdom,128,0.08333333333333333,0,183.6,1,0,0,12,0,3,0,0
14060,5,20,6135.38,30.223546798029556,1.0,12.0,5.04,0.0008214650111321548,511.2816666666667,Other,1312.0,United Kingdom,5374,1.6666666666666667,368,6135.38,20,1,1,7,3,0,0,3
14062,10,12,10464.85,94.27792792792793,0.0,0.0,0.0,0.0,872.0708333333333,Home Decor,3646.2200000000003,United Kingdom,5593,1.0,354,10464.85,12,1,0,5,3,0,-1,3
14064,29,7,1168.9199999999998,14.79645569620253,2.0,438.0,165.42,0.14151524484139205,97.40999999999998,Home Decor,751.42,United Kingdom,1334,0.5833333333333334,245,1168.9199999999998,7,0,0,5,2,2,-1,2
14066,267,1,152.55,21.792857142857144,0.0,0.0,0.0,0.0,12.7125,Home Decor,73.95,United Kingdom,45,0.08333333333333333,0,152.55,1,0,0,5,0,3,0,0
14067,64,2,374.7,7.2057692307692305,0.0,0.0,0.0,0.0,31.224999999999998,Kitchen,81.98,United Kingdom,361,0.16666666666666666,32,374.7,2,0,0,6,0,3,0,0
14068,320,1,265.85,11.077083333333334,0.0,0.0,0.0,0.0,22.15416666666667,Kitchen,92.10000000000001,United Kingdom,73,0.08333333333333333,0,265.85,1,0,0,6,0,3,0,0
14071,4,9,1306.16,3.9342168674698796,1.0,95.0,131.41,0.10060788877319776,108.84666666666668,Home Decor,444.53000000000003,United Kingdom,899,0.75,261,1306.16,9,0,0,5,2,2,0,2
14073,21,2,139.54,9.967142857142857,1.0,2.0,11.5,0.0824136448330228,11.628333333333332,Home Decor,57.879999999999995,United Kingdom,128,0.16666666666666666,11,139.54,2,0,0,5,2,3,0,2
14075,5,3,942.26,21.913023255813954,0.0,0.0,0.0,0.0,78.52166666666666,Electronics,195.12,United Kingdom,754,0.25,256,942.26,3,0,0,3,0,3,0,0
14076,129,1,118.67,2.6970454545454547,0.0,0.0,0.0,0.0,9.889166666666666,Home Decor,32.22,United Kingdom,79,0.08333333333333333,0,118.67,1,0,0,5,0,3,0,0
14077,41,5,499.41999999999996,11.89095238095238,0.0,0.0,0.0,0.0,41.61833333333333,Electronics,203.63,United Kingdom,268,0.4166666666666667,233,499.41999999999996,5,0,0,3,0,3,0,0
14078,102,6,1049.37,16.144153846153845,0.0,0.0,0.0,0.0,87.44749999999999,Kitchen,754.06,United Kingdom,310,0.5,271,1049.37,6,0,0,6,0,3,0,0
14079,125,1,375.1,31.258333333333336,0.0,0.0,0.0,0.0,31.258333333333336,Kitchen,250.75,United Kingdom,301,0.08333333333333333,0,375.1,1,0,0,6,0,3,0,0
14080,33,1,45.599999999999994,11.399999999999999,0.0,0.0,0.0,0.0,3.7999999999999994,Accessories,35.4,United Kingdom,48,0.08333333333333333,0,45.599999999999994,1,0,0,0,0,3,0,0
14081,267,4,891.77,5.828562091503268,2.0,3.0,29.849999999999998,0.03347275642822701,74.31416666666667,Kitchen,437.23,United Kingdom,589,0.3333333333333333,101,891.77,4,0,0,6,0,3,0,0
14082,365,1,182.25,6.2844827586206895,0.0,0.0,0.0,0.0,15.1875,Storage,42.15,United Kingdom,110,0.08333333333333333,0,182.25,1,0,0,10,0,3,0,0
14083,4,9,1002.9,5.6661016949152545,0.0,0.0,0.0,0.0,83.575,Electronics,187.89,United Kingdom,705,0.75,367,1002.9,9,0,0,3,0,3,0,0
14085,2,19,4408.54,9.818574610244989,1.0,1.0,12.75,0.00289211394248436,367.37833333333333,Home Decor,808.16,United Kingdom,3176,1.5833333333333333,366,4408.54,19,1,1,5,3,0,0,3
14087,3,2,178.72,2.590144927536232,1.0,1.0,12.75,0.07134064458370636,14.893333333333333,Other,63.879999999999995,United Kingdom,249,0.16666666666666666,0,178.72,2,0,0,7,2,3,0,2
14089,57,1,158.75,12.211538461538462,0.0,0.0,0.0,0.0,13.229166666666666,Other,84.45,United Kingdom,133,0.08333333333333333,0,158.75,1,0,0,7,0,3,0,0
14090,325,1,76.32000000000001,76.32000000000001,0.0,0.0,0.0,0.0,6.36,Crockery,76.32000000000001,United Kingdom,72,0.08333333333333333,0,76.32000000000001,1,0,0,2,0,3,0,0
14092,8,17,4063.1,18.723963133640552,3.0,5.0,13.81,0.0033988826265659226,338.59166666666664,Kitchen,990.6800000000001,United Kingdom,2061,1.4166666666666667,365,4063.1,17,1,1,6,3,3,0,3
14093,12,1,433.86,4.3386000000000005,0.0,0.0,0.0,0.0,36.155,Other,164.38,United Kingdom,391,0.08333333333333333,0,433.86,1,0,0,7,0,3,0,0
14098,37,1,147.35,7.016666666666667,0.0,0.0,0.0,0.0,12.279166666666667,Crockery,61.199999999999996,United Kingdom,104,0.08333333333333333,0,147.35,1,0,0,2,0,3,0,0
14099,16,12,3092.9700000000003,12.273690476190477,1.0,2.0,11.2,0.0036211149801000327,257.7475,Home Decor,1212.14,United Kingdom,2177,1.0,338,3092.9700000000003,12,1,0,5,3,3,0,3
14100,138,1,191.95000000000002,7.678000000000001,0.0,0.0,0.0,0.0,15.995833333333335,Kitchen,71.35,United Kingdom,63,0.08333333333333333,0,191.95000000000002,1,0,0,6,0,3,0,0
14101,74,6,5976.79,170.76542857142857,0.0,0.0,0.0,0.0,498.06583333333333,Crockery,3062.7599999999998,United Kingdom,6942,0.5,252,5976.79,6,0,0,2,3,0,-1,3
14102,5,8,1060.33,16.83063492063492,3.0,23.0,45.55,0.04295832429526657,88.36083333333333,Other,860.85,United Kingdom,746,0.6666666666666666,39,1060.33,8,0,0,7,0,3,0,0
14104,155,2,216.20999999999998,10.295714285714284,0.0,0.0,0.0,0.0,18.0175,Other,118.9,United Kingdom,72,0.16666666666666666,11,216.20999999999998,2,0,0,7,0,3,0,0
14105,85,2,1260.33,16.58328947368421,1.0,2.0,5.9,0.004681313624209533,105.02749999999999,Kitchen,301.75,United Kingdom,798,0.16666666666666666,153,1260.33,2,0,0,6,0,3,0,0
14107,52,8,2688.48,21.681290322580644,1.0,5.0,14.75,0.005486371481283104,224.04,Kitchen,1217.07,United Kingdom,1788,0.6666666666666666,312,2688.48,8,0,0,6,0,3,0,0
14108,31,3,594.16,16.976,1.0,1.0,3.75,0.0063114312643059115,49.51333333333333,Other,110.31,United Kingdom,380,0.25,70,594.16,3,0,0,7,0,3,0,0
14110,4,13,5669.65,36.343910256410254,1.0,2.0,13.5,0.0023810993623945044,472.4708333333333,Home Decor,3741.36,United Kingdom,2443,1.0833333333333333,263,5669.65,13,1,1,5,3,0,0,3
14111,14,5,688.6,62.6,1.0,1.0,4.25,0.006171943072901539,57.38333333333333,Kitchen,216.0,United Kingdom,457,0.4166666666666667,227,688.6,5,0,0,6,0,3,0,0
14112,23,12,2774.17,16.035664739884393,5.0,43.0,140.98000000000002,0.05081880346193637,231.18083333333334,Bags,761.1,United Kingdom,1608,1.0,253,2774.17,12,1,0,1,3,3,-1,3
14113,4,8,1377.92,34.448,4.0,110.0,462.5,0.33565083604273105,114.82666666666667,Storage,646.98,United Kingdom,635,0.6666666666666666,351,1377.92,8,0,0,10,1,1,-1,1
14114,274,2,386.53,25.768666666666665,0.0,0.0,0.0,0.0,32.21083333333333,Toys,163.5,United Kingdom,101,0.16666666666666666,56,386.53,2,0,0,12,0,3,0,0
14116,20,5,1382.74,19.204722222222223,0.0,0.0,0.0,0.0,115.22833333333334,Other,309.85,United Kingdom,707,0.4166666666666667,101,1382.74,5,0,0,7,0,3,0,0
14117,144,1,90.0,30.0,0.0,0.0,0.0,0.0,7.5,Electronics,60.0,United Kingdom,72,0.08333333333333333,0,90.0,1,0,0,3,0,3,0,0
14121,4,6,2740.3,17.020496894409938,2.0,4.0,39.85,0.014542203408385943,228.35833333333335,Other,811.04,United Kingdom,2078,0.5,56,2740.3,6,0,0,7,0,3,0,0
14124,84,1,419.58000000000004,83.91600000000001,0.0,0.0,0.0,0.0,34.965,Home Decor,256.32,United Kingdom,1618,0.08333333333333333,0,419.58000000000004,1,0,0,5,0,3,0,0
14125,11,3,2720.63,16.38933734939759,0.0,0.0,0.0,0.0,226.71916666666667,Electronics,523.34,United Kingdom,1628,0.25,67,2720.63,3,0,0,3,0,3,0,0
14126,8,4,643.6300000000001,40.22687500000001,1.0,50.0,62.5,0.09710547985643925,53.635833333333345,Other,471.93,United Kingdom,458,0.3333333333333333,2,643.6300000000001,4,0,0,7,2,2,0,2
14127,123,3,709.71,16.129772727272726,0.0,0.0,0.0,0.0,59.142500000000005,Home Decor,208.5,United Kingdom,321,0.25,187,709.71,3,0,0,5,0,3,0,0
14128,61,2,637.5,13.858695652173912,0.0,0.0,0.0,0.0,53.125,Home Decor,179.56,United Kingdom,564,0.16666666666666666,195,637.5,2,0,0,5,0,3,0,0
14129,2,5,1123.8600000000001,21.61269230769231,0.0,0.0,0.0,0.0,93.65500000000002,Toys,390.9,United Kingdom,592,0.4166666666666667,259,1123.8600000000001,5,0,0,12,0,3,0,0
14130,319,1,480.91,7.286515151515152,0.0,0.0,0.0,0.0,40.075833333333335,Kitchen,294.25,United Kingdom,257,0.08333333333333333,0,480.91,1,0,0,6,0,3,0,0
14132,2,12,3580.13,17.811592039800995,1.0,2.0,5.9,0.0016479848497121614,298.3441666666667,Other,1112.44,United Kingdom,3366,1.0,181,3580.13,12,1,0,7,3,3,0,3
14133,130,5,590.3399999999999,19.677999999999997,2.0,6.0,15.3,0.025917268015042183,49.19499999999999,Home Decor,240.07,United Kingdom,342,0.4166666666666667,186,590.3399999999999,5,0,0,5,0,3,0,0
14138,2,2,965.8800000000001,20.99739130434783,0.0,0.0,0.0,0.0,80.49000000000001,Home Decor,342.66,United Kingdom,600,0.16666666666666666,62,965.8800000000001,2,0,0,5,0,3,0,0
14139,46,1,415.82,15.993076923076924,0.0,0.0,0.0,0.0,34.651666666666664,Stationery,134.06,United Kingdom,510,0.08333333333333333,0,415.82,1,0,0,9,0,3,0,0
14140,4,3,920.05,13.732089552238806,1.0,2.0,15.0,0.016303461768382155,76.67083333333333,Stationery,166.56,United Kingdom,809,0.25,27,920.05,3,0,0,9,0,3,0,0
14141,3,6,879.0300000000001,19.109347826086957,2.0,18.0,36.1,0.041067995404024886,73.25250000000001,Home Decor,275.43,United Kingdom,337,0.5,102,879.0300000000001,6,0,0,5,0,3,0,0
14143,134,1,115.8,16.54285714285714,0.0,0.0,0.0,0.0,9.65,Electronics,51.0,United Kingdom,30,0.08333333333333333,0,115.8,1,0,0,3,0,3,0,0
14145,47,5,3148.2,262.34999999999997,1.0,120.0,594.0,0.18867924528301888,262.34999999999997,Other,2910.6,United Kingdom,636,0.4166666666666667,170,3148.2,5,0,0,7,2,0,-1,2
14146,9,6,2949.57,12.039061224489796,1.0,551.0,1241.4299999999998,0.42088507816393567,245.7975,Home Decor,590.04,United Kingdom,1886,0.5,348,2949.57,6,0,0,5,1,1,-1,1
14147,49,3,468.4,78.06666666666666,1.0,12.0,15.0,0.032023911187019645,39.03333333333333,Stationery,386.8,United Kingdom,96,0.25,236,468.4,3,0,0,9,0,3,-1,0
14148,234,1,157.2,52.4,0.0,0.0,0.0,0.0,13.1,Kitchen,157.2,United Kingdom,16,0.08333333333333333,0,157.2,1,0,0,6,0,3,0,0
14150,36,2,658.64,25.33230769230769,0.0,0.0,0.0,0.0,54.88666666666666,Electronics,284.40000000000003,United Kingdom,496,0.16666666666666666,324,658.64,2,0,0,3,0,3,0,0
14152,75,3,611.09,12.2218,1.0,12.0,10.2,0.016691485705869837,50.92416666666667,Stationery,162.96,United Kingdom,699,0.25,158,611.09,3,0,0,9,0,3,0,0
14154,239,2,1345.62,25.87730769230769,0.0,0.0,0.0,0.0,112.13499999999999,Other,480.59999999999997,United Kingdom,465,0.16666666666666666,0,1345.62,2,0,0,7,0,3,0,0
14155,266,1,118.75,19.791666666666668,0.0,0.0,0.0,0.0,9.895833333333334,Other,71.4,United Kingdom,25,0.08333333333333333,0,118.75,1,0,0,7,0,3,0,0
14157,20,3,392.44,8.349787234042553,1.0,11.0,32.45,0.08268779940882684,32.70333333333333,Home Decor,115.74000000000001,United Kingdom,260,0.25,265,392.44,3,0,0,5,2,3,0,2
14158,40,1,507.66,12.381951219512196,0.0,0.0,0.0,0.0,42.305,Home Decor,173.86,United Kingdom,781,0.08333333333333333,0,507.66,1,0,0,5,0,3,0,0
14159,20,14,4615.64,3.901639898562976,3.0,13.0,14.71,0.003186990319868967,384.6366666666667,Home Decor,1094.6,United Kingdom,4335,1.1666666666666667,343,4615.64,14,1,1,5,3,0,0,3
14161,216,3,1097.6200000000001,10.554038461538463,0.0,0.0,0.0,0.0,91.46833333333335,Home Decor,421.46,United Kingdom,450,0.25,153,1097.6200000000001,3,0,0,5,0,3,0,0
14162,174,2,289.36,11.5744,0.0,0.0,0.0,0.0,24.113333333333333,Other,110.61,United Kingdom,142,0.16666666666666666,118,289.36,2,0,0,7,0,3,0,0
14163,87,4,2445.91,47.036730769230765,0.0,0.0,0.0,0.0,203.82583333333332,Other,1709.39,United Kingdom,893,0.3333333333333333,151,2445.91,4,0,0,7,0,3,0,0
14164,71,2,1631.77,56.26793103448276,0.0,0.0,0.0,0.0,135.98083333333332,Bags,537.0,United Kingdom,1033,0.16666666666666666,10,1631.77,2,0,0,1,0,3,0,0
14165,276,1,120.44,5.0183333333333335,0.0,0.0,0.0,0.0,10.036666666666667,Kitchen,39.5,United Kingdom,53,0.08333333333333333,0,120.44,1,0,0,6,0,3,0,0
14167,39,4,562.59,11.251800000000001,0.0,0.0,0.0,0.0,46.8825,Electronics,279.15,United Kingdom,147,0.3333333333333333,291,562.59,4,0,0,3,0,3,0,0
14171,98,1,363.79,6.272241379310345,0.0,0.0,0.0,0.0,30.315833333333334,Home Decor,130.81,United Kingdom,167,0.08333333333333333,0,363.79,1,0,0,5,0,3,0,0
14173,11,4,450.84,15.546206896551723,0.0,0.0,0.0,0.0,37.57,Furniture,157.5,United Kingdom,150,0.3333333333333333,208,450.84,4,0,0,4,0,3,0,0
14174,33,1,134.46,5.171538461538462,0.0,0.0,0.0,0.0,11.205,Home Decor,83.91,United Kingdom,94,0.08333333333333333,0,134.46,1,0,0,5,0,3,0,0
14175,51,7,3108.06,18.95158536585366,4.0,54.0,114.23999999999998,0.036756047180556355,259.005,Kitchen,662.02,United Kingdom,1461,0.5833333333333334,278,3108.06,7,0,0,6,0,3,0,0
14176,297,5,574.0,17.9375,1.0,2.0,2.9,0.005052264808362369,47.833333333333336,Home Decor,184.10000000000002,United Kingdom,207,0.4166666666666667,70,574.0,5,0,0,5,0,3,0,0
14177,85,5,544.51,12.96452380952381,1.0,1.0,4.95,0.009090742135130668,45.37583333333333,Crockery,295.55,United Kingdom,203,0.4166666666666667,94,544.51,5,0,0,2,0,3,0,0
14178,9,7,1600.26,5.032264150943396,0.0,0.0,0.0,0.0,133.355,Kitchen,344.39000000000004,United Kingdom,1494,0.5833333333333334,173,1600.26,7,0,0,6,0,3,0,0
14179,41,2,701.57,4.46859872611465,0.0,0.0,0.0,0.0,58.46416666666667,Home Decor,184.02,United Kingdom,319,0.16666666666666666,11,701.57,2,0,0,5,0,3,0,0
14180,11,31,4640.77,18.712782258064518,6.0,9.0,107.75,0.02321812975001993,386.73083333333335,Kitchen,1491.42,United Kingdom,710,2.5833333333333335,361,4640.77,31,1,1,6,3,0,-1,3
14184,67,1,452.89,18.870416666666667,0.0,0.0,0.0,0.0,37.740833333333335,Kitchen,182.7,United Kingdom,127,0.08333333333333333,0,452.89,1,0,0,6,0,3,0,0
14185,331,1,197.65,65.88333333333334,0.0,0.0,0.0,0.0,16.470833333333335,Home Decor,177.75,United Kingdom,6,0.08333333333333333,0,197.65,1,0,0,5,0,3,0,0
14188,9,10,2018.91,28.435352112676057,4.0,17.0,35.45,0.01755897984556023,168.2425,Bags,833.95,United Kingdom,1145,0.8333333333333334,301,2018.91,10,0,0,1,0,3,0,0
14189,2,24,4604.31,16.622057761732854,9.0,18.0,49.769999999999996,0.01080943724466858,383.69250000000005,Electronics,1073.8,United Kingdom,3919,2.0,366,4604.31,24,1,1,3,3,0,0,3
14191,2,14,4660.01,17.718669201520914,1.0,5.0,24.75,0.005311147400971242,388.3341666666667,Bags,1293.14,United Kingdom,3657,1.1666666666666667,218,4660.01,14,1,1,1,3,0,0,3
14193,68,2,853.39,20.318809523809524,0.0,0.0,0.0,0.0,71.11583333333333,Toys,307.70000000000005,United Kingdom,445,0.16666666666666666,201,853.39,2,0,0,12,0,3,0,0
14194,5,32,11216.75,18.570778145695364,11.0,57.0,132.77,0.011836761985423586,934.7291666666666,Kitchen,2529.61,United Kingdom,5783,2.6666666666666665,303,11216.75,32,1,1,6,3,0,-1,3
14195,202,3,962.7,120.3375,1.0,58.0,49.3,0.05121013815311103,80.22500000000001,Other,678.3,United Kingdom,702,0.25,50,962.7,3,0,0,7,3,3,-1,3
14196,107,1,335.52,55.919999999999995,0.0,0.0,0.0,0.0,27.959999999999997,Electronics,163.2,United Kingdom,142,0.08333333333333333,0,335.52,1,0,0,3,0,3,0,0
14198,4,7,663.5,15.079545454545455,3.0,10.0,37.900000000000006,0.05712132629992465,55.291666666666664,Other,206.54999999999998,United Kingdom,280,0.5833333333333334,235,663.5,7,0,0,7,0,3,0,0
14199,218,1,185.39999999999998,92.69999999999999,0.0,0.0,0.0,0.0,15.449999999999998,Kitchen,185.39999999999998,United Kingdom,28,0.08333333333333333,0,185.39999999999998,1,0,0,6,0,3,0,0
14201,60,9,688.04,17.64205128205128,2.0,12.0,59.400000000000006,0.08633218998895414,57.336666666666666,Home Decor,275.18,United Kingdom,578,0.75,299,688.04,9,0,0,5,2,2,0,2
14204,2,1,150.61,3.861794871794872,0.0,0.0,0.0,0.0,12.550833333333335,Other,39.85,United Kingdom,72,0.08333333333333333,0,150.61,1,0,0,7,0,3,0,0
14206,239,2,308.26,14.67904761904762,1.0,2.0,19.9,0.06455589437487835,25.688333333333333,Other,231.06,United Kingdom,274,0.16666666666666666,121,308.26,2,0,0,7,2,3,0,2
14208,95,1,151.74,15.174000000000001,0.0,0.0,0.0,0.0,12.645000000000001,Kitchen,41.1,United Kingdom,114,0.08333333333333333,0,151.74,1,0,0,6,0,3,0,0
14209,11,7,2067.13,23.49011363636364,1.0,3.0,6.300000000000001,0.003047703821240077,172.26083333333335,Home Decor,914.78,United Kingdom,688,0.5833333333333334,321,2067.13,7,0,0,5,0,3,0,0
14210,91,7,1900.89,18.455242718446602,1.0,1.0,4.95,0.002604043369158657,158.4075,Kitchen,933.71,United Kingdom,759,0.5833333333333334,280,1900.89,7,0,0,6,0,3,0,0
14211,53,13,2208.3,18.71440677966102,4.0,10.0,32.8,0.014853054385726575,184.025,Home Decor,695.76,United Kingdom,1232,1.0833333333333333,241,2208.3,13,1,1,5,0,3,0,0
14212,90,1,1070.48,118.94222222222223,0.0,0.0,0.0,0.0,89.20666666666666,Kitchen,295.2,United Kingdom,1152,0.08333333333333333,0,1070.48,1,0,0,6,3,3,0,3
14214,31,7,1000.23,14.289,2.0,3.0,4.15,0.0041490457194845185,83.3525,Other,208.01999999999998,United Kingdom,748,0.5833333333333334,246,1000.23,7,0,0,7,0,3,0,0
14215,12,7,1777.92,16.31119266055046,1.0,4.0,11.8,0.006636969042476602,148.16,Kitchen,423.38,United Kingdom,1354,0.5833333333333334,356,1777.92,7,0,0,6,0,3,0,0
14216,3,4,1839.3,31.17457627118644,0.0,0.0,0.0,0.0,153.275,Other,761.46,United Kingdom,594,0.3333333333333333,34,1839.3,4,0,0,7,0,3,0,0
14217,2,24,1925.36,17.994018691588785,7.0,12.0,79.62000000000002,0.04135330535588151,160.44666666666666,Home Decor,530.49,United Kingdom,677,2.0,364,1925.36,24,1,1,5,3,0,-1,3
14218,43,1,169.48000000000002,14.123333333333335,0.0,0.0,0.0,0.0,14.123333333333335,Home Decor,63.68,United Kingdom,160,0.08333333333333333,0,169.48000000000002,1,0,0,5,0,3,0,0
14219,4,1,89.94,12.848571428571429,0.0,0.0,0.0,0.0,7.495,Home Decor,44.88,United Kingdom,78,0.08333333333333333,0,89.94,1,0,0,5,0,3,0,0
14220,247,2,632.4,30.114285714285714,0.0,0.0,0.0,0.0,52.699999999999996,Home Decor,352.38,United Kingdom,272,0.16666666666666666,110,632.4,2,0,0,5,0,3,0,0
14221,42,10,3427.85,17.669329896907215,1.0,1.0,4.95,0.0014440538529982352,285.65416666666664,Home Decor,1798.93,United Kingdom,2190,0.8333333333333334,296,3427.85,10,0,0,5,0,3,0,0
14222,177,1,683.17,16.662682926829266,0.0,0.0,0.0,0.0,56.93083333333333,Other,180.95999999999998,United Kingdom,607,0.08333333333333333,0,683.17,1,0,0,7,0,3,0,0
14223,92,4,975.23,15.987377049180328,1.0,2.0,15.9,0.01630384627216144,81.26916666666666,Kitchen,514.28,United Kingdom,583,0.3333333333333333,171,975.23,4,0,0,6,0,3,0,0
14224,110,4,1009.73,8.93566371681416,0.0,0.0,0.0,0.0,84.14416666666666,Kitchen,318.87,United Kingdom,483,0.3333333333333333,209,1009.73,4,0,0,6,0,3,0,0
14226,29,7,2184.2400000000002,30.33666666666667,2.0,7.0,30.549999999999997,0.013986558253671755,182.02,Home Decor,592.5,United Kingdom,1289,0.5833333333333334,240,2184.2400000000002,7,0,0,5,0,3,0,0
14227,26,15,3315.71,18.11863387978142,5.0,9.0,35.25,0.010631207192426358,276.30916666666667,Bags,971.45,United Kingdom,1811,1.25,258,3315.71,15,1,1,1,3,3,0,3
14229,52,5,1450.6,33.73488372093023,2.0,20.0,96.6,0.06659313387563767,120.88333333333333,Home Decor,731.03,United Kingdom,590,0.4166666666666667,281,1450.6,5,0,0,5,2,3,0,2
14231,179,5,822.0600000000001,15.223333333333334,2.0,7.0,103.65,0.12608568717611854,68.50500000000001,Home Decor,227.42000000000002,United Kingdom,402,0.4166666666666667,109,822.0600000000001,5,0,0,5,2,2,0,2
14232,32,8,2043.93,17.321440677966102,3.0,4.0,4.14,0.0020255096798814046,170.32750000000001,Home Decor,715.44,United Kingdom,1937,0.6666666666666666,232,2043.93,8,0,0,5,0,3,0,0
14233,44,5,1447.51,40.20861111111111,1.0,9.0,15.209999999999999,0.010507699428674067,120.62583333333333,Home Decor,547.76,United Kingdom,671,0.4166666666666667,273,1447.51,5,0,0,5,0,3,0,0
14234,22,4,754.12,5.130068027210885,0.0,0.0,0.0,0.0,62.843333333333334,Home Decor,323.43,United Kingdom,951,0.3333333333333333,35,754.12,4,0,0,5,0,3,0,0
14235,10,6,3093.86,38.67325,1.0,12.0,51.0,0.01648426237774172,257.82166666666666,Home Decor,828.1,United Kingdom,1947,0.5,250,3093.86,6,0,0,5,3,3,0,3
14236,81,2,490.86,32.724000000000004,0.0,0.0,0.0,0.0,40.905,Kitchen,264.9,United Kingdom,310,0.16666666666666666,291,490.86,2,0,0,6,0,3,0,0
14238,326,1,146.85,18.35625,0.0,0.0,0.0,0.0,12.237499999999999,Home Decor,42.349999999999994,United Kingdom,111,0.08333333333333333,0,146.85,1,0,0,5,0,3,0,0
14239,43,13,2323.5,20.030172413793103,2.0,7.0,57.35,0.024682590918872392,193.625,Bags,431.2,United Kingdom,986,1.0833333333333333,272,2323.5,13,1,1,1,0,3,0,0
14240,30,2,890.34,21.19857142857143,0.0,0.0,0.0,0.0,74.19500000000001,Kitchen,325.35,United Kingdom,418,0.16666666666666666,195,890.34,2,0,0,6,0,3,0,0
14241,184,1,213.70000000000002,21.37,0.0,0.0,0.0,0.0,17.808333333333334,Kitchen,106.00000000000001,United Kingdom,146,0.08333333333333333,0,213.70000000000002,1,0,0,6,0,3,0,0
14242,235,2,280.55,17.534375,0.0,0.0,0.0,0.0,23.379166666666666,Home Decor,91.1,United Kingdom,123,0.16666666666666666,91,280.55,2,0,0,5,0,3,0,0
14243,9,14,2535.88,17.134324324324325,4.0,17.0,52.89,0.020856665141883685,211.32333333333335,Home Decor,917.78,United Kingdom,1204,1.1666666666666667,357,2535.88,14,1,1,5,3,3,0,3
14245,176,5,1677.48,14.977500000000001,3.0,5.0,15.969999999999999,0.009520232730047451,139.79,Kitchen,615.56,United Kingdom,971,0.4166666666666667,87,1677.48,5,0,0,6,0,3,0,0
14246,111,3,1474.06,19.654133333333334,0.0,0.0,0.0,0.0,122.83833333333332,Other,425.18,United Kingdom,804,0.25,135,1474.06,3,0,0,7,0,3,0,0
14247,278,1,136.76999999999998,6.838499999999999,0.0,0.0,0.0,0.0,11.397499999999999,Other,32.699999999999996,United Kingdom,47,0.08333333333333333,0,136.76999999999998,1,0,0,7,0,3,0,0
14248,318,1,302.58,37.8225,0.0,0.0,0.0,0.0,25.215,Stationery,219.0,United Kingdom,102,0.08333333333333333,0,302.58,1,0,0,9,0,3,0,0
14250,7,3,1904.05,17.153603603603603,0.0,0.0,0.0,0.0,158.67083333333332,Kitchen,485.89000000000004,United Kingdom,1200,0.25,82,1904.05,3,0,0,6,0,3,0,0
14251,2,5,2879.7000000000003,36.91923076923077,0.0,0.0,0.0,0.0,239.97500000000002,Stationery,1050.24,United Kingdom,1674,0.4166666666666667,55,2879.7000000000003,5,0,0,9,0,3,0,0
14256,254,3,935.0600000000001,17.315925925925928,1.0,4.0,34.0,0.03636130301798815,77.92166666666667,Kitchen,451.55,United Kingdom,410,0.25,110,935.0600000000001,3,0,0,6,0,3,0,0
14257,51,6,3087.27,28.85299065420561,1.0,5.0,12.450000000000001,0.004032689074813671,257.2725,Kitchen,766.47,United Kingdom,1677,0.5,267,3087.27,6,0,0,6,0,3,0,0
14258,9,10,12650.08,112.94714285714285,1.0,2.0,19.9,0.0015731125811062063,1054.1733333333334,Kitchen,3085.1,United Kingdom,7098,0.8333333333333334,328,12650.08,10,0,0,6,3,0,-1,3
14259,142,1,120.0,24.0,0.0,0.0,0.0,0.0,10.0,Other,72.0,United Kingdom,68,0.08333333333333333,0,120.0,1,0,0,7,0,3,0,0
14261,51,2,1163.45,22.37403846153846,0.0,0.0,0.0,0.0,96.95416666666667,Kitchen,446.03,United Kingdom,406,0.16666666666666666,27,1163.45,2,0,0,6,0,3,0,0
14262,8,8,2618.23,18.3093006993007,0.0,0.0,0.0,0.0,218.18583333333333,Electronics,638.88,United Kingdom,1645,0.6666666666666666,232,2618.23,8,0,0,3,0,3,0,0
14264,155,3,319.47,16.81421052631579,1.0,4.0,14.5,0.045387673333959364,26.622500000000002,Home Decor,154.52,United Kingdom,66,0.25,217,319.47,3,0,0,5,0,3,0,0
14265,109,2,530.18,17.10258064516129,0.0,0.0,0.0,0.0,44.181666666666665,Stationery,169.2,Unspecified,330,0.16666666666666666,39,530.18,2,0,0,9,0,3,0,0
14267,151,7,1279.09,19.380151515151514,4.0,69.0,237.15000000000003,0.18540524904424244,106.59083333333332,Kitchen,988.05,United Kingdom,461,0.5833333333333334,109,1279.09,7,0,0,6,2,2,0,2
14270,332,1,492.65000000000003,16.98793103448276,0.0,0.0,0.0,0.0,41.05416666666667,Kitchen,216.45000000000002,United Kingdom,197,0.08333333333333333,0,492.65000000000003,1,0,0,6,0,3,0,0
14271,226,1,112.32,11.232,0.0,0.0,0.0,0.0,9.36,Home Decor,54.6,United Kingdom,88,0.08333333333333333,0,112.32,1,0,0,5,0,3,0,0
14272,74,2,437.96,13.271515151515151,0.0,0.0,0.0,0.0,36.49666666666666,Other,146.95,United Kingdom,599,0.16666666666666666,180,437.96,2,0,0,7,0,3,0,0
14273,51,4,559.97,19.309310344827587,0.0,0.0,0.0,0.0,46.66416666666667,Bags,261.8,United Kingdom,264,0.3333333333333333,190,559.97,4,0,0,1,0,3,0,0
14276,88,5,1019.39,13.591866666666666,2.0,21.0,100.35,0.09844122465395971,84.94916666666667,Bags,281.55,United Kingdom,723,0.4166666666666667,201,1019.39,5,0,0,1,2,3,0,2
14277,15,4,3928.8,17.461333333333336,1.0,360.0,259.2,0.06597434331093463,327.40000000000003,Other,912.6999999999999,France,1616,0.3333333333333333,197,3928.8,4,0,0,7,2,3,0,2
14280,197,1,134.04,16.755,0.0,0.0,0.0,0.0,11.17,Kitchen,54.89999999999999,United Kingdom,52,0.08333333333333333,0,134.04,1,0,0,6,0,3,0,0
14282,3,15,3701.44,24.035324675324677,0.0,0.0,0.0,0.0,308.4533333333333,Bags,2411.45,United Kingdom,2656,1.25,364,3701.44,15,1,1,1,3,0,0,3
14284,31,3,578.45,17.01323529411765,1.0,4.0,16.8,0.029043132509292073,48.20416666666667,Kitchen,217.29999999999998,United Kingdom,157,0.25,55,578.45,3,0,0,6,0,3,0,0
14285,21,4,1910.01,70.74111111111111,0.0,0.0,0.0,0.0,159.1675,Stationery,929.82,United Kingdom,541,0.3333333333333333,155,1910.01,4,0,0,9,0,3,0,0
14286,24,5,4595.81,16.12564912280702,2.0,32.0,32.94,0.007167398130035836,382.9841666666667,Other,1625.69,United Kingdom,4306,0.4166666666666667,219,4595.81,5,0,0,7,3,3,0,3
14287,8,4,151.23000000000002,13.74818181818182,1.0,25.0,25.4,0.16795609336771802,12.602500000000001,Kitchen,58.55,United Kingdom,236,0.3333333333333333,190,151.23000000000002,4,0,0,6,2,2,0,2
14288,212,2,413.85,24.344117647058823,1.0,1.0,12.75,0.030808263863718738,34.487500000000004,Kitchen,170.25,United Kingdom,187,0.16666666666666666,1,413.85,2,0,0,6,0,3,0,0
14289,9,6,911.26,19.388510638297873,0.0,0.0,0.0,0.0,75.93833333333333,Home Decor,321.20000000000005,United Kingdom,292,0.5,280,911.26,6,0,0,5,0,3,0,0
14290,11,6,2307.4500000000003,22.40242718446602,1.0,2.0,7.2,0.003120327634401612,192.28750000000002,Other,422.06,United Kingdom,913,0.5,350,2307.4500000000003,6,0,0,7,0,3,0,0
14291,2,12,3873.3,16.27436974789916,1.0,1.0,9.95,0.0025688689231404744,322.77500000000003,Other,707.72,United Kingdom,2748,1.0,273,3873.3,12,1,0,7,3,3,0,3
14292,8,14,4819.33,44.62342592592592,5.0,20.0,52.60000000000001,0.010914380214677145,401.61083333333335,Kitchen,1912.2,United Kingdom,1643,1.1666666666666667,318,4819.33,14,1,1,6,3,3,0,3
14293,3,4,1046.56,17.15672131147541,0.0,0.0,0.0,0.0,87.21333333333332,Home Decor,289.35,United Kingdom,709,0.3333333333333333,365,1046.56,4,0,0,5,0,3,0,0
14295,40,2,154.70000000000002,22.1,1.0,2.0,11.5,0.07433742727860373,12.891666666666667,Home Decor,141.0,United Kingdom,82,0.16666666666666666,292,154.70000000000002,2,0,0,5,2,3,0,2
14297,18,6,1284.06,20.0634375,2.0,4.0,21.270000000000003,0.016564646511845246,107.005,Home Decor,682.48,United Kingdom,861,0.5,257,1284.06,6,0,0,5,0,3,0,0
14299,8,18,2855.35,17.625617283950618,9.0,136.0,1110.27,0.3888384961563381,237.94583333333333,Home Decor,960.1700000000001,United Kingdom,2013,1.5,358,2855.35,18,1,1,5,1,1,-1,1
14300,19,1,43.2,14.4,0.0,0.0,0.0,0.0,3.6,Other,33.0,United Kingdom,32,0.08333333333333333,0,43.2,1,0,0,7,0,3,0,0
14301,108,2,632.04,39.5025,1.0,6.0,8.1,0.012815644579456997,52.669999999999995,Kitchen,190.0,United Kingdom,600,0.16666666666666666,9,632.04,2,0,0,6,0,3,0,0
14305,71,5,1803.76,16.39781818181818,2.0,20.0,55.20000000000001,0.03060274094114517,150.31333333333333,Home Decor,545.25,United Kingdom,1069,0.4166666666666667,64,1803.76,5,0,0,5,0,3,0,0
14306,51,3,2083.42,59.52628571428571,1.0,2.0,9.9,0.004751802325023279,173.61833333333334,Electronics,509.55,United Kingdom,1073,0.25,34,2083.42,3,0,0,3,0,3,0,0
14307,89,6,2995.72,16.642888888888887,0.0,0.0,0.0,0.0,249.64333333333332,Kitchen,719.94,United Kingdom,2058,0.5,284,2995.72,6,0,0,6,0,3,0,0
14309,8,10,2319.68,18.85918699186992,1.0,14.0,32.85,0.01416143606014623,193.30666666666664,Crockery,652.26,United Kingdom,1619,0.8333333333333334,350,2319.68,10,0,0,2,0,3,0,0
14311,225,2,229.71,8.507777777777777,1.0,21.0,80.55,0.3506595272299856,19.142500000000002,Home Decor,75.37,United Kingdom,125,0.16666666666666666,17,229.71,2,0,0,5,1,1,-1,1
14312,47,6,1611.59,18.524022988505745,0.0,0.0,0.0,0.0,134.29916666666665,Home Decor,957.61,United Kingdom,1012,0.5,290,1611.59,6,0,0,5,0,3,0,0
14314,107,1,120.0,15.0,0.0,0.0,0.0,0.0,10.0,Other,106.32,United Kingdom,296,0.08333333333333333,0,120.0,1,0,0,7,0,3,0,0
14315,21,7,2456.98,23.62480769230769,1.0,11.0,24.15,0.009829139838338122,204.74833333333333,Bags,553.1,United Kingdom,1010,0.5833333333333334,245,2456.98,7,0,0,1,0,3,0,0
14317,65,1,508.58000000000004,21.190833333333334,0.0,0.0,0.0,0.0,42.38166666666667,Other,124.56,United Kingdom,255,0.08333333333333333,0,508.58000000000004,1,0,0,7,0,3,0,0
14320,207,3,343.11,8.169285714285715,1.0,86.0,134.68,0.39252717787298536,28.5925,Home Decor,92.8,United Kingdom,239,0.25,126,343.11,3,0,0,5,1,1,-1,1
14321,11,5,1530.75,12.445121951219512,0.0,0.0,0.0,0.0,127.5625,Home Decor,455.84,United Kingdom,2406,0.4166666666666667,322,1530.75,5,0,0,5,0,3,0,0
14323,115,4,574.26,14.006341463414634,2.0,10.0,30.800000000000004,0.053634242329258536,47.855,Kitchen,239.27,United Kingdom,340,0.3333333333333333,123,574.26,4,0,0,6,0,3,0,0
14326,235,2,166.85,18.538888888888888,1.0,4.0,17.0,0.10188792328438717,13.904166666666667,Other,60.0,United Kingdom,99,0.16666666666666666,7,166.85,2,0,0,7,2,2,0,2
14327,163,1,311.65,25.97083333333333,0.0,0.0,0.0,0.0,25.97083333333333,Home Decor,130.2,United Kingdom,139,0.08333333333333333,0,311.65,1,0,0,5,0,3,0,0
14329,9,14,4889.14,18.243059701492538,7.0,20.0,86.1,0.01761045909914627,407.42833333333334,Home Decor,1615.78,United Kingdom,3067,1.1666666666666667,320,4889.14,14,1,1,5,3,0,0,3
14331,124,2,462.65999999999997,16.523571428571426,0.0,0.0,0.0,0.0,38.555,Kitchen,178.65,United Kingdom,252,0.16666666666666666,10,462.65999999999997,2,0,0,6,0,3,0,0
14332,23,3,840.21,33.6084,0.0,0.0,0.0,0.0,70.0175,Electronics,359.94,United Kingdom,463,0.25,125,840.21,3,0,0,3,0,3,0,0
14333,64,2,351.45,18.49736842105263,1.0,6.0,63.75,0.18139137857447718,29.287499999999998,Electronics,203.05,United Kingdom,52,0.16666666666666666,3,351.45,2,0,0,3,2,2,0,2
14334,17,9,2539.46,15.579509202453988,1.0,1.0,12.75,0.005020752443432855,211.62166666666667,Home Decor,744.13,United Kingdom,1730,0.75,341,2539.46,9,0,0,5,0,3,0,0
14335,16,2,454.86,7.581,0.0,0.0,0.0,0.0,37.905,Electronics,117.01,Germany,375,0.16666666666666666,80,454.86,2,0,0,3,0,3,0,0
14336,17,4,1614.91,17.943444444444445,0.0,0.0,0.0,0.0,134.57583333333335,Home Decor,405.09,United Kingdom,1759,0.3333333333333333,259,1614.91,4,0,0,5,0,3,0,0
14338,158,4,554.22,16.300588235294118,2.0,6.0,34.0,0.06134747934033416,46.185,Kitchen,186.0,United Kingdom,329,0.3333333333333333,38,554.22,4,0,0,6,2,3,0,2
14339,235,4,289.90999999999997,16.106111111111108,3.0,18.0,19.61,0.06764168190127971,24.159166666666664,Storage,116.1,United Kingdom,150,0.3333333333333333,8,289.90999999999997,4,0,0,10,2,3,0,2
14340,219,1,134.7,22.45,0.0,0.0,0.0,0.0,11.225,Home Decor,57.0,United Kingdom,58,0.08333333333333333,0,134.7,1,0,0,5,0,3,0,0
14341,45,9,2151.08,16.675038759689922,1.0,2.0,15.9,0.0073916358294438145,179.25666666666666,Kitchen,447.33000000000004,United Kingdom,1395,0.75,273,2151.08,9,0,0,6,0,3,0,0
14342,21,6,607.71,25.321250000000003,2.0,10.0,60.85000000000001,0.10012999621530007,50.642500000000005,Home Decor,220.5,United Kingdom,337,0.5,188,607.71,6,0,0,5,2,2,0,2
14344,127,8,889.9300000000001,12.534225352112676,0.0,0.0,0.0,0.0,74.16083333333334,Home Decor,361.75,United Kingdom,477,0.6666666666666666,241,889.9300000000001,8,0,0,5,0,3,0,0
14345,39,1,108.97999999999999,18.16333333333333,0.0,0.0,0.0,0.0,9.081666666666665,Storage,46.85,United Kingdom,50,0.08333333333333333,0,108.97999999999999,1,0,0,10,0,3,0,0
14346,121,2,1021.58,17.026333333333334,0.0,0.0,0.0,0.0,85.13166666666667,Other,379.78,United Kingdom,605,0.16666666666666666,176,1021.58,2,0,0,7,0,3,0,0
14348,260,1,409.57,22.753888888888888,0.0,0.0,0.0,0.0,34.130833333333335,Furniture,91.80000000000001,United Kingdom,183,0.08333333333333333,0,409.57,1,0,0,4,0,3,0,0
14349,10,1,133.5,4.306451612903226,0.0,0.0,0.0,0.0,11.125,Home Decor,76.47,United Kingdom,86,0.08333333333333333,0,133.5,1,0,0,5,0,3,0,0
14350,271,2,258.7,12.319047619047618,1.0,17.0,24.229999999999997,0.09366061074603788,21.558333333333334,Home Decor,67.67999999999999,United Kingdom,166,0.16666666666666666,3,258.7,2,0,0,5,2,2,0,2
14351,165,1,51.0,51.0,0.0,0.0,0.0,0.0,4.25,Other,51.0,United Kingdom,12,0.08333333333333333,0,51.0,1,0,0,7,0,3,0,0
14352,157,4,1078.96,22.95659574468085,0.0,0.0,0.0,0.0,89.91333333333334,Stationery,306.30000000000007,United Kingdom,538,0.3333333333333333,116,1078.96,4,0,0,9,0,3,0,0
14353,215,1,90.6,15.1,0.0,0.0,0.0,0.0,7.55,Home Decor,30.0,United Kingdom,64,0.08333333333333333,0,90.6,1,0,0,5,0,3,0,0
14354,6,2,163.62,18.18,0.0,0.0,0.0,0.0,13.635,Other,46.8,United Kingdom,210,0.16666666666666666,24,163.62,2,0,0,7,0,3,0,0
14355,366,1,174.4,15.854545454545455,0.0,0.0,0.0,0.0,14.533333333333333,Electronics,62.800000000000004,United Kingdom,92,0.08333333333333333,0,174.4,1,0,0,3,0,3,0,0
14356,60,4,666.9399999999999,17.551052631578944,2.0,11.0,34.28999999999999,0.05141392029267999,55.578333333333326,Other,215.17999999999998,United Kingdom,266,0.3333333333333333,21,666.9399999999999,4,0,0,7,0,3,0,0
14357,43,1,225.12,5.628,0.0,0.0,0.0,0.0,18.76,Kitchen,103.39,United Kingdom,147,0.08333333333333333,0,225.12,1,0,0,6,0,3,0,0
14359,19,6,882.58,15.216896551724139,3.0,8.0,29.6,0.033538036212014774,73.54833333333333,Kitchen,233.45,United Kingdom,363,0.5,68,882.58,6,0,0,6,0,3,0,0
14360,32,4,2118.03,18.102820512820514,0.0,0.0,0.0,0.0,176.50250000000003,Stationery,441.63,United Kingdom,1139,0.3333333333333333,62,2118.03,4,0,0,9,0,3,0,0
14362,22,1,151.5,4.094594594594595,0.0,0.0,0.0,0.0,12.625,Crockery,41.95,United Kingdom,96,0.08333333333333333,0,151.5,1,0,0,2,0,3,0,0
14364,109,8,3717.35,53.87463768115942,0.0,0.0,0.0,0.0,309.77916666666664,Bags,1634.9,United Kingdom,1967,0.6666666666666666,102,3717.35,8,0,0,1,3,3,0,3
14367,8,19,9134.12,17.234188679245285,3.0,28.0,93.7,0.010258240531107538,761.1766666666667,Kitchen,2257.88,United Kingdom,4398,1.5833333333333333,267,9134.12,19,1,1,6,3,0,0,3
14368,320,1,155.0,19.375,0.0,0.0,0.0,0.0,12.916666666666666,Other,81.5,United Kingdom,36,0.08333333333333333,0,155.0,1,0,0,7,0,3,0,0
14371,295,1,100.5,25.125,0.0,0.0,0.0,0.0,8.375,Storage,59.400000000000006,United Kingdom,34,0.08333333333333333,0,100.5,1,0,0,10,0,3,0,0
14373,358,1,76.55,19.1375,0.0,0.0,0.0,0.0,6.379166666666666,Home Decor,35.15,United Kingdom,17,0.08333333333333333,0,76.55,1,0,0,5,0,3,0,0
14375,185,1,235.56,3.5690909090909093,0.0,0.0,0.0,0.0,19.63,Home Decor,57.980000000000004,United Kingdom,184,0.08333333333333333,0,235.56,1,0,0,5,0,3,0,0
14377,191,2,617.05,56.095454545454544,0.0,0.0,0.0,0.0,51.42083333333333,Home Decor,262.35,United Kingdom,219,0.16666666666666666,70,617.05,2,0,0,5,0,3,0,0
14379,44,2,348.1,7.567391304347827,0.0,0.0,0.0,0.0,29.008333333333336,Home Decor,84.46,United Kingdom,292,0.16666666666666666,251,348.1,2,0,0,5,0,3,0,0
14381,52,1,202.68,3.619285714285714,0.0,0.0,0.0,0.0,16.89,Other,62.2,United Kingdom,146,0.08333333333333333,0,202.68,1,0,0,7,0,3,0,0
14382,26,1,615.49,4.88484126984127,0.0,0.0,0.0,0.0,51.29083333333333,Kitchen,191.76,United Kingdom,1231,0.08333333333333333,0,615.49,1,0,0,6,0,3,0,0
14383,38,3,1247.69,21.14728813559322,0.0,0.0,0.0,0.0,103.97416666666668,Home Decor,459.01,United Kingdom,817,0.25,125,1247.69,3,0,0,5,0,3,0,0
14385,9,3,202.11,14.436428571428573,0.0,0.0,0.0,0.0,16.8425,Bags,78.9,United Kingdom,159,0.25,14,202.11,3,0,0,1,0,3,0,0
14386,297,1,142.4,20.342857142857145,0.0,0.0,0.0,0.0,11.866666666666667,Textiles,62.4,United Kingdom,54,0.08333333333333333,0,142.4,1,0,0,11,0,3,0,0
14387,33,3,1727.6,12.428776978417266,0.0,0.0,0.0,0.0,143.96666666666667,Electronics,427.49,United Kingdom,795,0.25,76,1727.6,3,0,0,3,0,3,0,0
14388,9,10,3172.04,16.607539267015706,2.0,8.0,40.800000000000004,0.012862385089721443,264.33666666666664,Bags,965.9,United Kingdom,1933,0.8333333333333334,364,3172.04,10,0,0,1,0,3,0,0
14389,9,5,999.72,16.12451612903226,3.0,27.0,43.739999999999995,0.043752250630176445,83.31,Bags,405.1,United Kingdom,702,0.4166666666666667,309,999.72,5,0,0,1,0,3,0,0
14390,10,13,4582.22,15.855432525951558,4.0,11.0,60.35,0.013170471954642073,381.8516666666667,Storage,1025.3500000000001,United Kingdom,2122,1.0833333333333333,362,4582.22,13,1,1,10,3,3,0,3
14393,218,1,67.95,13.59,0.0,0.0,0.0,0.0,5.6625000000000005,Stationery,67.95,United Kingdom,13,0.08333333333333333,0,67.95,1,0,0,9,0,3,0,0
14396,65,2,487.99,6.684794520547945,0.0,0.0,0.0,0.0,40.66583333333333,Other,143.23,United Kingdom,225,0.16666666666666666,306,487.99,2,0,0,7,0,3,0,0
14397,1,23,2556.68,26.912421052631576,4.0,38.0,56.28,0.022012923009527983,213.05666666666664,Electronics,1782.6299999999999,United Kingdom,1852,1.9166666666666667,212,2556.68,23,1,1,3,3,0,-1,3
14400,141,2,559.7,21.52692307692308,1.0,4.0,15.0,0.026800071466857242,46.64166666666667,Home Decor,217.55,United Kingdom,450,0.16666666666666666,8,559.7,2,0,0,5,0,3,0,0
14401,4,14,4039.98,22.07639344262295,1.0,2.0,11.5,0.002846548745290818,336.665,Home Decor,1851.96,United Kingdom,4505,1.1666666666666667,355,4039.98,14,1,1,5,3,0,0,3
14403,130,5,1426.31,54.85807692307692,1.0,6.0,49.5,0.034704937916722176,118.85916666666667,Other,830.6600000000001,United Kingdom,513,0.4166666666666667,116,1426.31,5,0,0,7,0,3,0,0
14404,34,7,1409.72,13.957623762376238,1.0,8.0,39.6,0.028090684674970917,117.47666666666667,Home Decor,421.95,United Kingdom,819,0.5833333333333334,335,1409.72,7,0,0,5,0,3,0,0
14406,119,1,156.75,19.59375,0.0,0.0,0.0,0.0,13.0625,Home Decor,63.6,United Kingdom,77,0.08333333333333333,0,156.75,1,0,0,5,0,3,0,0
14407,107,9,2111.08,27.777368421052632,3.0,3.0,46.65,0.02209769407128105,175.92333333333332,Kitchen,816.95,United Kingdom,1412,0.75,169,2111.08,9,0,0,6,0,3,0,0
14408,11,7,2599.03,24.519150943396227,0.0,0.0,0.0,0.0,216.58583333333334,Home Decor,1572.13,United Kingdom,1610,0.5833333333333334,253,2599.03,7,0,0,5,0,3,0,0
14409,71,7,1908.25,34.695454545454545,1.0,72.0,151.20000000000002,0.07923490108738374,159.02083333333334,Other,499.68,United Kingdom,1158,0.5833333333333334,297,1908.25,7,0,0,7,2,2,0,2
14411,311,1,1063.0,75.92857142857143,0.0,0.0,0.0,0.0,88.58333333333333,Kitchen,800.6,United Kingdom,196,0.08333333333333333,0,1063.0,1,0,0,6,0,3,0,0
14412,35,3,761.3299999999999,16.918444444444443,1.0,2.0,8.7,0.011427370522638015,63.44416666666666,Other,204.72,United Kingdom,784,0.25,37,761.3299999999999,3,0,0,7,0,3,0,0
14413,362,1,121.05,5.502272727272727,0.0,0.0,0.0,0.0,10.0875,Kitchen,44.6,United Kingdom,67,0.08333333333333333,0,121.05,1,0,0,6,0,3,0,0
14414,92,8,1485.1299999999999,15.15438775510204,1.0,3.0,11.850000000000001,0.00797909947277343,123.76083333333332,Other,424.03999999999996,United Kingdom,2509,0.6666666666666666,267,1485.1299999999999,8,0,0,7,0,3,0,0
14415,1,18,5766.85,9.595424292845259,5.0,38.0,88.72000000000001,0.015384481996237116,480.5708333333334,Home Decor,1454.6,United Kingdom,2958,1.5,359,5766.85,18,1,1,5,3,0,0,3
14416,22,2,490.22,35.01571428571429,0.0,0.0,0.0,0.0,40.85166666666667,Electronics,323.22,United Kingdom,326,0.16666666666666666,20,490.22,2,0,0,3,0,3,0,0
14418,4,3,1937.25,15.622983870967742,0.0,0.0,0.0,0.0,161.4375,Electronics,499.15000000000003,United Kingdom,1711,0.25,104,1937.25,3,0,0,3,0,3,0,0
14419,11,6,1051.79,5.206881188118811,0.0,0.0,0.0,0.0,87.64916666666666,Storage,214.70000000000002,United Kingdom,483,0.5,354,1051.79,6,0,0,10,0,3,0,0
14420,85,2,385.87,12.862333333333334,1.0,1.0,1.65,0.004276051519941949,32.155833333333334,Kitchen,109.92,United Kingdom,333,0.16666666666666666,13,385.87,2,0,0,6,0,3,0,0
14421,57,2,813.11,30.115185185185187,0.0,0.0,0.0,0.0,67.75916666666667,Storage,273.0,United Kingdom,365,0.16666666666666666,154,813.11,2,0,0,10,0,3,0,0
14422,1,6,4263.64,19.205585585585588,0.0,0.0,0.0,0.0,355.30333333333334,Home Decor,1381.18,United Kingdom,2906,0.5,266,4263.64,6,0,0,5,3,3,0,3
14423,218,1,265.2,88.39999999999999,0.0,0.0,0.0,0.0,22.099999999999998,Electronics,163.2,United Kingdom,120,0.08333333333333333,0,265.2,1,0,0,3,0,3,0,0
14426,19,16,3918.9,14.844318181818181,6.0,360.0,562.77,0.14360407257138483,326.575,Other,773.84,United Kingdom,2339,1.3333333333333333,340,3918.9,16,1,1,7,2,2,-1,2
14427,50,2,363.34000000000003,21.37294117647059,0.0,0.0,0.0,0.0,30.278333333333336,Electronics,92.2,United Kingdom,228,0.16666666666666666,13,363.34000000000003,2,0,0,3,0,3,0,0
14428,7,7,1209.3700000000001,8.57709219858156,2.0,8.0,14.69,0.012146820245251658,100.78083333333335,Kitchen,345.99,United Kingdom,420,0.5833333333333334,317,1209.3700000000001,7,0,0,6,0,3,0,0
14431,299,2,423.26,20.155238095238094,1.0,6.0,47.1,0.11127911921750225,35.27166666666667,Kitchen,131.61,United Kingdom,124,0.16666666666666666,4,423.26,2,0,0,6,2,2,0,2
14432,10,6,2248.5,5.964190981432361,0.0,0.0,0.0,0.0,187.375,Home Decor,872.08,United Kingdom,2013,0.5,79,2248.5,6,0,0,5,0,3,0,0
14434,22,6,1372.8,114.39999999999999,0.0,0.0,0.0,0.0,114.39999999999999,Storage,597.6,United Kingdom,368,0.5,50,1372.8,6,0,0,10,3,3,0,3
14436,99,1,89.06,9.895555555555555,0.0,0.0,0.0,0.0,7.421666666666667,Stationery,36.0,United Kingdom,129,0.08333333333333333,0,89.06,1,0,0,9,0,3,0,0
14438,306,1,131.9,14.655555555555557,0.0,0.0,0.0,0.0,10.991666666666667,Bags,67.0,United Kingdom,82,0.08333333333333333,0,131.9,1,0,0,1,0,3,0,0
14439,320,1,2661.24,83.16375,0.0,0.0,0.0,0.0,221.76999999999998,Textiles,810.0,Greece,526,0.08333333333333333,0,2661.24,1,0,0,11,0,3,-1,0
14440,8,5,2357.6800000000003,42.8669090909091,0.0,0.0,0.0,0.0,196.47333333333336,Home Decor,1446.94,United Kingdom,588,0.4166666666666667,357,2357.6800000000003,5,0,0,5,0,3,0,0
14441,1,10,1545.14,26.188813559322035,6.0,16.0,167.75,0.10856621406474494,128.76166666666668,Home Decor,520.9300000000001,United Kingdom,430,0.8333333333333334,364,1545.14,10,0,0,5,2,2,0,2
14442,2,5,1544.62,22.715,3.0,7.0,45.199999999999996,0.029262860768344317,128.71833333333333,Home Decor,474.59000000000003,Channel Islands,475,0.4166666666666667,315,1544.62,5,0,0,5,0,3,0,0
14443,54,7,1400.88,14.29469387755102,3.0,7.0,19.32,0.013791331163268802,116.74000000000001,Home Decor,447.40999999999997,United Kingdom,931,0.5833333333333334,318,1400.88,7,0,0,5,0,3,0,0
14446,1,4,1010.35,3.6474729241877255,0.0,0.0,0.0,0.0,84.19583333333334,Home Decor,222.73,United Kingdom,916,0.3333333333333333,245,1010.35,4,0,0,5,0,3,0,0
14447,19,5,1163.23,16.617571428571427,0.0,0.0,0.0,0.0,96.93583333333333,Toys,319.20000000000005,United Kingdom,571,0.4166666666666667,261,1163.23,5,0,0,12,0,3,0,0
14448,9,2,375.35,18.767500000000002,0.0,0.0,0.0,0.0,31.27916666666667,Other,243.00000000000003,United Kingdom,104,0.16666666666666666,354,375.35,2,0,0,7,0,3,0,0
14449,19,4,885.8,3.5431999999999997,0.0,0.0,0.0,0.0,73.81666666666666,Home Decor,398.71,United Kingdom,741,0.3333333333333333,353,885.8,4,0,0,5,0,3,0,0
14450,181,3,483.25,12.08125,0.0,0.0,0.0,0.0,40.270833333333336,Kitchen,199.47,United Kingdom,241,0.25,139,483.25,3,0,0,6,0,3,0,0
14451,60,2,643.9,6.132380952380952,0.0,0.0,0.0,0.0,53.65833333333333,Home Decor,138.82999999999998,United Kingdom,378,0.16666666666666666,134,643.9,2,0,0,5,0,3,0,0
14452,11,2,259.05,4.3175,0.0,0.0,0.0,0.0,21.587500000000002,Kitchen,87.24000000000001,United Kingdom,116,0.16666666666666666,83,259.05,2,0,0,6,0,3,0,0
14453,190,1,119.93,5.451363636363637,0.0,0.0,0.0,0.0,9.994166666666667,Electronics,38.17,United Kingdom,49,0.08333333333333333,0,119.93,1,0,0,3,0,3,0,0
14456,5,14,3002.5099999999998,3.147285115303983,5.0,7.0,14.77,0.004919217587951414,250.20916666666665,Home Decor,590.73,United Kingdom,2878,1.1666666666666667,137,3002.5099999999998,14,1,1,5,3,3,0,3
14457,311,1,113.64,28.41,0.0,0.0,0.0,0.0,9.47,Textiles,75.0,United Kingdom,88,0.08333333333333333,0,113.64,1,0,0,11,0,3,0,0
14459,155,1,1837.92,49.67351351351351,0.0,0.0,0.0,0.0,153.16,Kitchen,830.26,United Kingdom,760,0.08333333333333333,0,1837.92,1,0,0,6,0,3,0,0
14460,110,4,383.34,22.54941176470588,1.0,12.0,51.0,0.13304116450148695,31.944999999999997,Bags,106.32,United Kingdom,869,0.3333333333333333,200,383.34,4,0,0,1,2,2,-1,2
14461,148,3,2103.06,11.683666666666666,0.0,0.0,0.0,0.0,175.255,Kitchen,493.34000000000003,United Kingdom,766,0.25,113,2103.06,3,0,0,6,0,3,0,0
14462,64,15,1942.45,8.127405857740586,4.0,32.0,38.120000000000005,0.019624700764498446,161.87083333333334,Home Decor,1018.3000000000001,United Kingdom,924,1.25,275,1942.45,15,1,1,5,0,3,0,0
14463,98,3,529.62,88.27,0.0,0.0,0.0,0.0,44.135,Other,193.5,United Kingdom,179,0.25,107,529.62,3,0,0,7,0,3,0,0
14465,247,3,1038.44,8.44260162601626,0.0,0.0,0.0,0.0,86.53666666666668,Storage,387.42,United Kingdom,398,0.25,56,1038.44,3,0,0,10,0,3,0,0
14466,29,7,2272.4,31.561111111111114,0.0,0.0,0.0,0.0,189.36666666666667,Kitchen,1566.4,United Kingdom,1006,0.5833333333333334,343,2272.4,7,0,0,6,0,3,0,0
14467,18,4,596.26,6.699550561797753,0.0,0.0,0.0,0.0,49.68833333333333,Toys,134.65,United Kingdom,276,0.3333333333333333,295,596.26,4,0,0,12,0,3,0,0
14470,12,2,461.19,10.725348837209303,0.0,0.0,0.0,0.0,38.4325,Home Decor,95.52,United Kingdom,193,0.16666666666666666,275,461.19,2,0,0,5,0,3,0,0
14472,104,8,1852.67,6.991207547169812,0.0,0.0,0.0,0.0,154.38916666666668,Home Decor,885.31,United Kingdom,1135,0.6666666666666666,251,1852.67,8,0,0,5,0,3,0,0
14473,74,2,234.34000000000003,33.47714285714286,0.0,0.0,0.0,0.0,19.528333333333336,Stationery,95.2,United Kingdom,88,0.16666666666666666,208,234.34000000000003,2,0,0,9,0,3,0,0
14474,43,2,537.71,17.92366666666667,1.0,1.0,9.95,0.018504398281601605,44.80916666666667,Home Decor,168.1,United Kingdom,139,0.16666666666666666,2,537.71,2,0,0,5,0,3,0,0
14475,72,6,799.82,17.017446808510638,3.0,19.0,126.03,0.15757295391463078,66.65166666666667,Home Decor,349.78,United Kingdom,428,0.5,233,799.82,6,0,0,5,2,2,0,2
14476,257,1,193.0,11.352941176470589,0.0,0.0,0.0,0.0,16.083333333333332,Home Decor,55.65,United Kingdom,110,0.08333333333333333,0,193.0,1,0,0,5,0,3,0,0
14477,20,5,1307.81,118.89181818181818,1.0,1.0,1.79,0.0013687003463805905,108.98416666666667,Bags,1128.81,United Kingdom,719,0.4166666666666667,277,1307.81,5,0,0,1,3,3,0,3
14479,254,2,316.25,17.569444444444443,0.0,0.0,0.0,0.0,26.354166666666668,Home Decor,87.2,United Kingdom,117,0.16666666666666666,111,316.25,2,0,0,5,0,3,0,0
14480,11,1,279.05,21.465384615384615,0.0,0.0,0.0,0.0,23.254166666666666,Home Decor,131.82,United Kingdom,143,0.08333333333333333,0,279.05,1,0,0,5,0,3,0,0
14481,165,2,636.51,21.217,0.0,0.0,0.0,0.0,53.0425,Home Decor,200.25,United Kingdom,489,0.16666666666666666,122,636.51,2,0,0,5,0,3,0,0
14482,18,6,2022.81,14.765036496350364,0.0,0.0,0.0,0.0,168.5675,Kitchen,672.95,United Kingdom,1627,0.5,220,2022.81,6,0,0,6,0,3,0,0
14483,150,2,129.2,12.919999999999998,1.0,2.0,7.9,0.06114551083591332,10.766666666666666,Home Decor,43.2,United Kingdom,95,0.16666666666666666,131,129.2,2,0,0,5,0,3,0,0
14484,50,1,321.92,22.994285714285716,0.0,0.0,0.0,0.0,26.826666666666668,Kitchen,157.9,United Kingdom,210,0.08333333333333333,0,321.92,1,0,0,6,0,3,0,0
14485,39,1,162.8,3.539130434782609,0.0,0.0,0.0,0.0,13.566666666666668,Kitchen,47.13,United Kingdom,70,0.08333333333333333,0,162.8,1,0,0,6,0,3,0,0
14487,27,7,1152.73,8.175390070921987,1.0,1.0,12.75,0.011060699383203351,96.06083333333333,Home Decor,404.60999999999996,United Kingdom,711,0.5833333333333334,341,1152.73,7,0,0,5,0,3,0,0
14488,51,2,1047.43,21.376122448979594,1.0,6.0,16.85,0.0160869938802593,87.28583333333334,Stationery,229.45999999999998,United Kingdom,793,0.16666666666666666,16,1047.43,2,0,0,9,0,3,0,0
14489,207,1,463.38,15.446,0.0,0.0,0.0,0.0,38.615,Bags,214.25,United Kingdom,299,0.08333333333333333,0,463.38,1,0,0,1,0,3,0,0
14491,175,2,340.93,20.05470588235294,0.0,0.0,0.0,0.0,28.410833333333333,Stationery,67.88,United Kingdom,139,0.16666666666666666,197,340.93,2,0,0,9,0,3,0,0
14493,7,7,2362.84,19.21008130081301,2.0,6.0,20.4,0.008633678116165291,196.90333333333334,Other,503.03,United Kingdom,1279,0.5833333333333334,147,2362.84,7,0,0,7,0,3,0,0
14494,26,1,139.56,19.937142857142856,0.0,0.0,0.0,0.0,11.63,Other,94.55999999999999,United Kingdom,92,0.08333333333333333,0,139.56,1,0,0,7,0,3,0,0
14495,51,2,123.8,20.633333333333333,0.0,0.0,0.0,0.0,10.316666666666666,Bags,83.2,United Kingdom,62,0.16666666666666666,70,123.8,2,0,0,1,0,3,0,0
14496,312,2,538.8100000000001,28.35842105263158,0.0,0.0,0.0,0.0,44.90083333333334,Home Decor,200.96,United Kingdom,159,0.16666666666666666,61,538.8100000000001,2,0,0,5,0,3,0,0
14497,301,2,457.47,14.757096774193549,1.0,2.0,17.9,0.03912824884691892,38.1225,Kitchen,148.11,United Kingdom,233,0.16666666666666666,7,457.47,2,0,0,6,0,3,0,0
14498,43,5,1957.32,10.141554404145078,0.0,0.0,0.0,0.0,163.10999999999999,Other,603.91,United Kingdom,1098,0.4166666666666667,319,1957.32,5,0,0,7,0,3,0,0
14499,26,3,808.44,4.254947368421053,0.0,0.0,0.0,0.0,67.37,Home Decor,204.31,United Kingdom,496,0.25,252,808.44,3,0,0,5,0,3,0,0
14500,88,3,356.85,50.978571428571435,0.0,0.0,0.0,0.0,29.7375,Other,131.7,United Kingdom,117,0.25,101,356.85,3,0,0,7,0,3,0,0
14501,64,3,190.31,15.859166666666667,1.0,42.0,60.89999999999999,0.3200042036677,15.859166666666667,Home Decor,119.29,United Kingdom,119,0.25,255,190.31,3,0,0,5,1,1,4,1
14502,20,14,2310.18,3.756390243902439,3.0,15.0,119.65,0.05179250101723676,192.515,Home Decor,891.75,United Kingdom,1465,1.1666666666666667,293,2310.18,14,1,1,5,0,3,0,0
14503,3,6,3543.26,21.605243902439025,0.0,0.0,0.0,0.0,295.2716666666667,Kitchen,656.35,United Kingdom,2004,0.5,175,3543.26,6,0,0,6,0,3,0,0
14504,47,4,673.26,6.2921495327102805,0.0,0.0,0.0,0.0,56.105,Home Decor,281.59,United Kingdom,308,0.3333333333333333,231,673.26,4,0,0,5,0,3,0,0
14505,17,11,5772.49,7.316210392902408,3.0,16.0,86.94,0.015061091487382395,481.0408333333333,Home Decor,1193.71,United Kingdom,2723,0.9166666666666666,344,5772.49,11,1,0,5,3,0,0,3
14506,17,5,1960.65,6.6462711864406785,0.0,0.0,0.0,0.0,163.38750000000002,Textiles,414.28000000000003,United Kingdom,704,0.4166666666666667,351,1960.65,5,0,0,11,0,3,0,0
14507,24,7,1352.88,13.947216494845362,1.0,12.0,15.0,0.011087457867660102,112.74000000000001,Home Decor,348.96999999999997,United Kingdom,582,0.5833333333333334,252,1352.88,7,0,0,5,0,3,0,0
14508,22,2,268.05,4.873636363636364,0.0,0.0,0.0,0.0,22.337500000000002,Kitchen,71.56,United Kingdom,129,0.16666666666666666,67,268.05,2,0,0,6,0,3,0,0
14511,11,6,1267.4099999999999,17.850845070422533,1.0,12.0,47.400000000000006,0.0373991052619121,105.61749999999999,Home Decor,419.23,United Kingdom,772,0.5,122,1267.4099999999999,6,0,0,5,0,3,0,0
14512,188,2,275.28,11.968695652173912,0.0,0.0,0.0,0.0,22.939999999999998,Other,101.19999999999999,United Kingdom,122,0.16666666666666666,44,275.28,2,0,0,7,0,3,0,0
14513,101,4,438.49,24.360555555555557,1.0,6.0,17.099999999999998,0.03899746858537252,36.54083333333333,Electronics,271.84000000000003,United Kingdom,355,0.3333333333333333,188,438.49,4,0,0,3,0,3,0,0
14514,61,3,990.2,14.35072463768116,0.0,0.0,0.0,0.0,82.51666666666667,Home Decor,371.86,United Kingdom,564,0.25,270,990.2,3,0,0,5,0,3,0,0
14515,18,6,2076.89,21.192755102040817,0.0,0.0,0.0,0.0,173.07416666666666,Home Decor,675.25,United Kingdom,1110,0.5,200,2076.89,6,0,0,5,0,3,0,0
14517,33,2,330.45,18.358333333333334,0.0,0.0,0.0,0.0,27.537499999999998,Home Decor,134.65,United Kingdom,91,0.16666666666666666,108,330.45,2,0,0,5,0,3,0,0
14518,64,1,174.37,10.898125,0.0,0.0,0.0,0.0,14.530833333333334,Home Decor,91.68,United Kingdom,278,0.08333333333333333,0,174.37,1,0,0,5,0,3,0,0
14520,2,2,270.6,67.65,0.0,0.0,0.0,0.0,22.55,Kitchen,260.4,United Kingdom,146,0.16666666666666666,289,270.6,2,0,0,6,0,3,0,0
14522,24,4,974.54,57.32588235294117,0.0,0.0,0.0,0.0,81.21166666666666,Home Decor,271.5,United Kingdom,525,0.3333333333333333,173,974.54,4,0,0,5,0,3,0,0
14523,108,1,241.09,20.090833333333332,0.0,0.0,0.0,0.0,20.090833333333332,Electronics,106.71000000000001,United Kingdom,251,0.08333333333333333,0,241.09,1,0,0,3,0,3,0,0
14524,32,9,1843.83,9.359543147208122,0.0,0.0,0.0,0.0,153.6525,Kitchen,369.3,United Kingdom,669,0.75,329,1843.83,9,0,0,6,0,3,0,0
14525,9,13,4105.07,14.20439446366782,4.0,34.0,110.83000000000001,0.02699832158769522,342.08916666666664,Home Decor,1539.96,United Kingdom,2603,1.0833333333333333,352,4105.07,13,1,1,5,3,3,0,3
14528,37,1,364.21999999999997,20.234444444444442,0.0,0.0,0.0,0.0,30.351666666666663,Electronics,164.06,United Kingdom,278,0.08333333333333333,0,364.21999999999997,1,0,0,3,0,3,0,0
14529,60,3,578.61,2.7164788732394367,0.0,0.0,0.0,0.0,48.2175,Crockery,100.58,United Kingdom,325,0.25,50,578.61,3,0,0,2,0,3,0,0
14530,26,6,2862.11,13.437136150234743,0.0,0.0,0.0,0.0,238.5091666666667,Home Decor,1661.52,United Kingdom,1395,0.5,270,2862.11,6,0,0,5,0,3,0,0
14532,236,4,932.85,14.57578125,0.0,0.0,0.0,0.0,77.7375,Textiles,477.0,United Kingdom,284,0.3333333333333333,115,932.85,4,0,0,11,0,3,0,0
14533,25,9,1812.6200000000001,27.88646153846154,2.0,1242.0,137.10000000000002,0.07563637166091074,151.05166666666668,Other,482.54,United Kingdom,2777,0.75,328,1812.6200000000001,9,0,0,7,2,2,0,2
14534,3,25,4025.6,7.359414990859232,7.0,122.0,371.7,0.09233406200317965,335.46666666666664,Other,804.07,United Kingdom,1905,2.0833333333333335,316,4025.6,25,1,1,7,2,2,-1,2
14535,59,4,2831.7400000000002,8.55510574018127,1.0,6.0,23.1,0.00815752858666403,235.97833333333335,Home Decor,793.75,United Kingdom,1818,0.3333333333333333,189,2831.7400000000002,4,0,0,5,0,3,0,0
14536,260,1,170.95,9.497222222222222,0.0,0.0,0.0,0.0,14.245833333333332,Kitchen,83.25,United Kingdom,39,0.08333333333333333,0,170.95,1,0,0,6,0,3,0,0
14537,58,1,355.56,35.556,0.0,0.0,0.0,0.0,29.63,Toys,242.16,United Kingdom,120,0.08333333333333333,0,355.56,1,0,0,12,0,3,0,0
14538,65,2,388.25,20.43421052631579,0.0,0.0,0.0,0.0,32.354166666666664,Home Decor,87.30000000000001,United Kingdom,155,0.16666666666666666,191,388.25,2,0,0,5,0,3,0,0
14539,16,2,537.48,16.79625,0.0,0.0,0.0,0.0,44.79,Other,137.42000000000002,United Kingdom,428,0.16666666666666666,28,537.48,2,0,0,7,0,3,0,0
14540,10,3,952.66,13.417746478873239,0.0,0.0,0.0,0.0,79.38833333333334,Kitchen,170.0,United Kingdom,411,0.25,299,952.66,3,0,0,6,0,3,0,0
14541,59,8,1453.35,13.84142857142857,0.0,0.0,0.0,0.0,121.1125,Other,382.17,United Kingdom,641,0.6666666666666666,260,1453.35,8,0,0,7,0,3,0,0
14542,186,1,103.25,20.65,0.0,0.0,0.0,0.0,8.604166666666666,Crockery,52.7,United Kingdom,19,0.08333333333333333,0,103.25,1,0,0,2,0,3,0,0
14543,4,21,2916.17,27.77304761904762,5.0,75.0,683.56,0.23440334411231167,243.01416666666668,Kitchen,1425.54,United Kingdom,600,1.75,360,2916.17,21,1,1,6,2,1,-1,2
14544,24,2,2004.3,18.056756756756755,0.0,0.0,0.0,0.0,167.025,Home Decor,547.21,United Kingdom,1536,0.16666666666666666,337,2004.3,2,0,0,5,0,3,0,0
14546,4,9,2482.86,5.982795180722892,4.0,30.0,91.07,0.036679474477014404,206.905,Home Decor,734.51,United Kingdom,1283,0.75,244,2482.86,9,0,0,5,0,3,0,0
14547,4,9,3953.9500000000003,11.106601123595507,1.0,10.0,20.8,0.0052605622225875386,329.49583333333334,Home Decor,1602.83,United Kingdom,2629,0.75,50,3953.9500000000003,9,0,0,5,0,3,0,0
14548,151,2,652.8,163.2,0.0,0.0,0.0,0.0,54.4,Electronics,652.8,United Kingdom,256,0.16666666666666666,167,652.8,2,0,0,3,3,0,2,3
14549,311,1,289.24,5.165,0.0,0.0,0.0,0.0,24.103333333333335,Home Decor,79.85,United Kingdom,136,0.08333333333333333,0,289.24,1,0,0,5,0,3,0,0
14550,11,2,757.37,16.114255319148935,0.0,0.0,0.0,0.0,63.11416666666667,Home Decor,248.32,United Kingdom,389,0.16666666666666666,33,757.37,2,0,0,5,0,3,0,0
14551,18,2,186.23,18.622999999999998,0.0,0.0,0.0,0.0,15.519166666666665,Electronics,75.0,United Kingdom,106,0.16666666666666666,185,186.23,2,0,0,3,0,3,0,0
14552,152,1,164.22,2.8810526315789473,0.0,0.0,0.0,0.0,13.685,Home Decor,52.18,United Kingdom,90,0.08333333333333333,0,164.22,1,0,0,5,0,3,0,0
14553,19,5,859.27,7.604159292035398,0.0,0.0,0.0,0.0,71.60583333333334,Home Decor,338.6,United Kingdom,493,0.4166666666666667,319,859.27,5,0,0,5,0,3,0,0
14554,10,4,2279.4900000000002,11.229014778325125,0.0,0.0,0.0,0.0,189.9575,Kitchen,470.47,United Kingdom,1443,0.3333333333333333,42,2279.4900000000002,4,0,0,6,0,3,0,0
14555,57,2,312.54,16.449473684210528,0.0,0.0,0.0,0.0,26.045,Electronics,165.09,United Kingdom,122,0.16666666666666666,244,312.54,2,0,0,3,0,3,0,0
14557,64,2,0.0,0.0,1.0,510.0,788.3800000000001,0.0,0.0,Kitchen,1.7763568394002505e-15,United Kingdom,0,0.16666666666666666,21,0.0,2,0,0,6,0,3,0,0
14560,7,24,2174.18,28.607631578947366,2.0,37.0,63.59,0.029247808369132273,181.18166666666664,Kitchen,2005.69,United Kingdom,1223,2.0,350,2174.18,24,1,1,6,3,0,-1,3
14561,76,3,1080.76,15.6631884057971,0.0,0.0,0.0,0.0,90.06333333333333,Home Decor,659.8199999999999,United Kingdom,1014,0.25,108,1080.76,3,0,0,5,0,3,0,0
14562,4,22,4676.62,10.604580498866213,4.0,152.0,330.15,0.07059585769209387,389.7183333333333,Kitchen,1267.85,United Kingdom,1663,1.8333333333333333,300,4676.62,22,1,1,6,2,2,-1,2
14565,96,6,3073.77,23.82767441860465,2.0,8.0,25.35,0.008247201319552212,256.1475,Home Decor,715.17,United Kingdom,1532,0.5,265,3073.77,6,0,0,5,0,3,0,0
14567,35,3,1524.46,44.83705882352941,1.0,2.0,5.9,0.0038702228986001604,127.03833333333334,Kitchen,540.96,United Kingdom,410,0.25,95,1524.46,3,0,0,6,0,3,0,0
14569,1,1,227.39,18.949166666666667,0.0,0.0,0.0,0.0,18.949166666666667,Kitchen,132.35,United Kingdom,79,0.08333333333333333,0,227.39,1,0,0,6,0,3,0,0
14570,281,2,218.06,7.519310344827586,0.0,0.0,0.0,0.0,18.171666666666667,Other,147.36,United Kingdom,95,0.16666666666666666,0,218.06,2,0,0,7,0,3,0,0
14572,3,10,2775.39,10.473169811320755,3.0,3.0,29.15,0.010503028403215403,231.2825,Kitchen,696.89,United Kingdom,1417,0.8333333333333334,320,2775.39,10,0,0,6,0,3,0,0
14573,180,13,1590.12,6.824549356223176,4.0,6.0,49.7,0.03125550272935376,132.51,Home Decor,413.25,United Kingdom,528,1.0833333333333333,192,1590.12,13,1,1,5,0,3,0,0
14577,13,4,859.71,6.989512195121952,0.0,0.0,0.0,0.0,71.6425,Home Decor,307.56,United Kingdom,353,0.3333333333333333,350,859.71,4,0,0,5,0,3,0,0
14578,3,1,168.63,7.02625,0.0,0.0,0.0,0.0,14.0525,Storage,51.8,United Kingdom,240,0.08333333333333333,0,168.63,1,0,0,10,0,3,0,0
14581,17,1,138.6,8.152941176470588,0.0,0.0,0.0,0.0,11.549999999999999,Stationery,47.02,United Kingdom,217,0.08333333333333333,0,138.6,1,0,0,9,0,3,0,0
14582,41,1,114.11,19.018333333333334,0.0,0.0,0.0,0.0,9.509166666666667,Other,55.300000000000004,United Kingdom,73,0.08333333333333333,0,114.11,1,0,0,7,0,3,0,0
14583,6,5,986.96,3.2680794701986757,0.0,0.0,0.0,0.0,82.24666666666667,Kitchen,208.66,United Kingdom,751,0.4166666666666667,200,986.96,5,0,0,6,0,3,0,0
14584,169,5,1020.06,10.303636363636363,1.0,4.0,13.0,0.012744348371664412,85.005,Home Decor,470.54,United Kingdom,377,0.4166666666666667,29,1020.06,5,0,0,5,0,3,0,0
14585,50,1,157.05,5.415517241379311,0.0,0.0,0.0,0.0,13.0875,Bags,41.6,United Kingdom,91,0.08333333333333333,0,157.05,1,0,0,1,0,3,0,0
14587,19,10,1577.39,4.240295698924731,1.0,2.0,2.9,0.0018384800207938428,131.44916666666668,Home Decor,456.55,United Kingdom,747,0.8333333333333334,312,1577.39,10,0,0,5,0,3,0,0
14591,15,4,1320.21,7.501193181818182,0.0,0.0,0.0,0.0,110.0175,Home Decor,449.39,United Kingdom,1228,0.3333333333333333,197,1320.21,4,0,0,5,0,3,0,0
14592,35,3,557.94,3.5312658227848104,0.0,0.0,0.0,0.0,46.495000000000005,Storage,107.35,United Kingdom,407,0.25,28,557.94,3,0,0,10,0,3,0,0
14593,22,3,617.15,4.087086092715231,0.0,0.0,0.0,0.0,51.42916666666667,Crockery,132.62,United Kingdom,330,0.25,177,617.15,3,0,0,2,0,3,0,0
14594,7,2,363.33,6.987115384615384,0.0,0.0,0.0,0.0,30.2775,Home Decor,77.65,United Kingdom,183,0.16666666666666666,365,363.33,2,0,0,5,0,3,0,0
14595,20,6,1740.6,17.06470588235294,0.0,0.0,0.0,0.0,145.04999999999998,Kitchen,416.12,United Kingdom,978,0.5,293,1740.6,6,0,0,6,0,3,0,0
14597,11,2,866.24,18.430638297872342,0.0,0.0,0.0,0.0,72.18666666666667,Other,256.87,United Kingdom,566,0.16666666666666666,180,866.24,2,0,0,7,0,3,0,0
14598,44,1,221.97,4.4394,0.0,0.0,0.0,0.0,18.4975,Bags,59.07,United Kingdom,189,0.08333333333333333,0,221.97,1,0,0,1,0,3,0,0
14600,306,1,393.33000000000004,15.733200000000002,0.0,0.0,0.0,0.0,32.7775,Home Decor,160.8,United Kingdom,125,0.08333333333333333,0,393.33000000000004,1,0,0,5,0,3,0,0
14601,11,1,213.96,30.565714285714286,0.0,0.0,0.0,0.0,17.830000000000002,Home Decor,120.0,United Kingdom,168,0.08333333333333333,0,213.96,1,0,0,5,0,3,0,0
14607,16,17,10981.1,100.74403669724771,3.0,3768.0,5228.400000000001,0.4761271639453243,915.0916666666667,Electronics,3750.92,United Kingdom,7758,1.4166666666666667,245,10981.1,17,1,1,3,1,1,-1,1
14608,4,4,1785.15,89.25750000000001,0.0,0.0,0.0,0.0,148.76250000000002,Storage,1053.15,United Kingdom,437,0.3333333333333333,358,1785.15,4,0,0,10,3,3,0,3
14609,72,4,601.56,150.39,0.0,0.0,0.0,0.0,50.129999999999995,Storage,335.15999999999997,United Kingdom,7026,0.3333333333333333,224,601.56,4,0,0,10,3,0,-1,3
14616,243,3,406.08000000000004,135.36,0.0,0.0,0.0,0.0,33.84,Other,396.0,United Kingdom,104,0.25,74,406.08000000000004,3,0,0,7,3,3,0,3
14618,9,4,538.59,31.681764705882355,1.0,3.0,14.850000000000001,0.027571993538684343,44.8825,Home Decor,201.6,United Kingdom,261,0.3333333333333333,356,538.59,4,0,0,5,0,3,0,0
14619,239,2,379.51,17.250454545454545,1.0,7.0,14.93,0.039340201839213725,31.625833333333333,Home Decor,180.73000000000002,United Kingdom,145,0.16666666666666666,6,379.51,2,0,0,5,0,3,0,0
14620,204,3,393.28000000000003,13.109333333333334,1.0,26.0,19.5,0.04958299430431245,32.77333333333333,Home Decor,93.30000000000001,United Kingdom,188,0.25,79,393.28000000000003,3,0,0,5,0,3,0,0
14621,1,6,1765.76,18.393333333333334,1.0,6.0,22.6,0.012799021384559624,147.14666666666668,Other,401.51,United Kingdom,987,0.5,357,1765.76,6,0,0,7,0,3,0,0
14622,185,1,320.58000000000004,15.265714285714287,0.0,0.0,0.0,0.0,26.715000000000003,Home Decor,87.5,United Kingdom,146,0.08333333333333333,0,320.58000000000004,1,0,0,5,0,3,0,0
14623,32,6,866.8,6.46865671641791,1.0,2.0,19.9,0.022958006460544533,72.23333333333333,Kitchen,267.38,United Kingdom,416,0.5,203,866.8,6,0,0,6,0,3,0,0
14624,57,2,225.85,17.373076923076923,0.0,0.0,0.0,0.0,18.820833333333333,Other,73.0,United Kingdom,162,0.16666666666666666,1,225.85,2,0,0,7,0,3,0,0
14625,185,5,848.48,14.88561403508772,3.0,5.0,51.15,0.06028427305298887,70.70666666666666,Kitchen,407.38,United Kingdom,330,0.4166666666666667,186,848.48,5,0,0,6,0,3,0,0
14626,9,7,2757.07,21.881507936507937,3.0,16.0,34.2,0.01240447286430885,229.75583333333336,Home Decor,637.68,United Kingdom,1387,0.5833333333333334,224,2757.07,7,0,0,5,0,3,0,0
14628,91,2,671.96,27.998333333333335,0.0,0.0,0.0,0.0,55.99666666666667,Home Decor,129.45,United Kingdom,272,0.16666666666666666,151,671.96,2,0,0,5,0,3,0,0
14629,4,3,935.46,6.195099337748345,1.0,4.0,19.8,0.021166057340773523,77.955,Home Decor,224.93,United Kingdom,374,0.25,43,935.46,3,0,0,5,0,3,0,0
14631,51,3,1006.98,24.56048780487805,0.0,0.0,0.0,0.0,83.915,Other,432.88,United Kingdom,622,0.25,248,1006.98,3,0,0,7,0,3,0,0
14632,263,1,114.56,14.32,0.0,0.0,0.0,0.0,9.546666666666667,Crockery,40.64,United Kingdom,96,0.08333333333333333,0,114.56,1,0,0,2,0,3,0,0
14633,266,1,344.90000000000003,17.245,0.0,0.0,0.0,0.0,28.74166666666667,Home Decor,115.10000000000001,United Kingdom,96,0.08333333333333333,0,344.90000000000003,1,0,0,5,0,3,0,0
14636,36,2,609.85,21.780357142857145,0.0,0.0,0.0,0.0,50.82083333333333,Electronics,175.76,United Kingdom,241,0.16666666666666666,232,609.85,2,0,0,3,0,3,0,0
14638,51,1,443.6,27.725,0.0,0.0,0.0,0.0,36.96666666666667,Home Decor,130.29,United Kingdom,166,0.08333333333333333,0,443.6,1,0,0,5,0,3,0,0
14639,52,8,2952.34,16.870514285714286,2.0,3.0,32.15,0.01088966717925442,246.02833333333334,Home Decor,896.73,United Kingdom,1428,0.6666666666666666,309,2952.34,8,0,0,5,0,3,0,0
14640,16,8,2024.45,18.07544642857143,2.0,57.0,82.92999999999999,0.040964212502161076,168.70416666666668,Home Decor,520.92,United Kingdom,823,0.6666666666666666,211,2024.45,8,0,0,5,0,3,0,0
14641,22,1,110.46,15.78,0.0,0.0,0.0,0.0,9.205,Home Decor,77.46,United Kingdom,90,0.08333333333333333,0,110.46,1,0,0,5,0,3,0,0
14642,59,1,96.12,48.06,0.0,0.0,0.0,0.0,8.01,Electronics,76.32000000000001,United Kingdom,76,0.08333333333333333,0,96.12,1,0,0,3,0,3,0,0
14643,170,3,668.61,19.665,1.0,60.0,25.200000000000003,0.03769013326154261,55.7175,Furniture,198.90000000000003,United Kingdom,755,0.25,187,668.61,3,0,0,4,0,3,0,0
14644,9,4,780.46,26.91241379310345,2.0,6.0,50.3,0.06444917100171693,65.03833333333334,Kitchen,396.62,United Kingdom,252,0.3333333333333333,289,780.46,4,0,0,6,2,3,0,2
14645,157,2,597.09,19.903000000000002,0.0,0.0,0.0,0.0,49.7575,Kitchen,208.66,United Kingdom,381,0.16666666666666666,118,597.09,2,0,0,6,0,3,0,0
14647,201,1,236.04000000000002,8.430000000000001,0.0,0.0,0.0,0.0,19.67,Storage,122.85,United Kingdom,91,0.08333333333333333,0,236.04000000000002,1,0,0,10,0,3,0,0
14649,5,4,1402.59,7.5408064516129025,0.0,0.0,0.0,0.0,116.8825,Home Decor,465.03000000000003,United Kingdom,1004,0.3333333333333333,207,1402.59,4,0,0,5,0,3,0,0
14651,67,2,653.75,6.4727722772277225,0.0,0.0,0.0,0.0,54.479166666666664,Other,186.07,United Kingdom,343,0.16666666666666666,143,653.75,2,0,0,7,0,3,0,0
14652,77,1,114.18,3.937241379310345,0.0,0.0,0.0,0.0,9.515,Other,51.8,United Kingdom,53,0.08333333333333333,0,114.18,1,0,0,7,0,3,0,0
14653,1,7,1926.65,8.233547008547008,0.0,0.0,0.0,0.0,160.55416666666667,Home Decor,550.42,United Kingdom,945,0.5833333333333334,337,1926.65,7,0,0,5,0,3,0,0
14655,4,5,1930.15,38.603,1.0,1.0,2.08,0.0010776364531254047,160.84583333333333,Bags,696.92,United Kingdom,1088,0.4166666666666667,218,1930.15,5,0,0,1,0,3,0,0
14656,169,2,291.05,3.638125,0.0,0.0,0.0,0.0,24.254166666666666,Kitchen,73.68,United Kingdom,120,0.16666666666666666,114,291.05,2,0,0,6,0,3,0,0
14657,18,5,838.27,6.600551181102362,1.0,1.0,9.95,0.011869683992031206,69.85583333333334,Kitchen,425.54,United Kingdom,465,0.4166666666666667,308,838.27,5,0,0,6,0,3,0,0
14658,5,2,247.15,8.522413793103448,0.0,0.0,0.0,0.0,20.595833333333335,Other,134.6,United Kingdom,47,0.16666666666666666,111,247.15,2,0,0,7,0,3,0,0
14659,9,12,2456.53,9.484671814671815,3.0,12.0,73.4,0.029879545537811466,204.71083333333334,Kitchen,605.84,United Kingdom,1183,1.0,306,2456.53,12,1,0,6,0,3,0,0
14660,87,2,285.74,9.524666666666667,0.0,0.0,0.0,0.0,23.811666666666667,Toys,126.36,United Kingdom,228,0.16666666666666666,14,285.74,2,0,0,12,0,3,0,0
14661,27,1,107.95,26.9875,0.0,0.0,0.0,0.0,8.995833333333334,Kitchen,66.9,United Kingdom,35,0.08333333333333333,0,107.95,1,0,0,6,0,3,0,0
14662,29,4,741.37,4.722101910828026,0.0,0.0,0.0,0.0,61.780833333333334,Stationery,144.57,United Kingdom,578,0.3333333333333333,287,741.37,4,0,0,9,0,3,0,0
14664,20,2,636.24,6.492244897959184,0.0,0.0,0.0,0.0,53.02,Home Decor,399.36,United Kingdom,465,0.16666666666666666,13,636.24,2,0,0,5,0,3,0,0
14665,61,7,1258.38,10.755384615384616,2.0,240.0,577.32,0.45878033662327755,104.86500000000001,Home Decor,607.51,United Kingdom,500,0.5833333333333334,250,1258.38,7,0,0,5,1,1,-1,1
14666,24,1,195.25,13.946428571428571,0.0,0.0,0.0,0.0,16.270833333333332,Home Decor,89.1,United Kingdom,161,0.08333333333333333,0,195.25,1,0,0,5,0,3,0,0
14667,11,27,9165.04,16.07901754385965,2.0,3.0,10.0,0.001091102712044901,763.7533333333334,Home Decor,3017.0,United Kingdom,5316,2.25,357,9165.04,27,1,1,5,3,0,5,3
14669,242,3,1259.24,7.58578313253012,0.0,0.0,0.0,0.0,104.93666666666667,Kitchen,419.04,United Kingdom,770,0.25,90,1259.24,3,0,0,6,0,3,0,0
14670,280,2,392.86,3.1939837398373987,0.0,0.0,0.0,0.0,32.73833333333334,Other,93.94,United Kingdom,326,0.16666666666666666,0,392.86,2,0,0,7,0,3,0,0
14672,235,2,765.55,12.549999999999999,0.0,0.0,0.0,0.0,63.79583333333333,Electronics,253.10000000000002,United Kingdom,454,0.16666666666666666,101,765.55,2,0,0,3,0,3,0,0
14673,3,5,1736.4,23.464864864864865,0.0,0.0,0.0,0.0,144.70000000000002,Electronics,657.96,United Kingdom,1004,0.4166666666666667,364,1736.4,5,0,0,3,0,3,0,0
14675,16,1,596.36,6.148041237113402,0.0,0.0,0.0,0.0,49.696666666666665,Electronics,142.67,United Kingdom,336,0.08333333333333333,0,596.36,1,0,0,3,0,3,0,0
14676,31,8,2543.2400000000002,57.800909090909094,2.0,2.0,5.0,0.0019659961309196144,211.9366666666667,Toys,525.8100000000001,United Kingdom,2498,0.6666666666666666,269,2543.2400000000002,8,0,0,12,3,3,0,3
14681,71,3,498.95,71.27857142857142,0.0,0.0,0.0,0.0,41.579166666666666,Other,364.95,United Kingdom,76,0.25,140,498.95,3,0,0,7,0,3,0,0
14682,188,2,52.0,26.0,0.0,0.0,0.0,0.0,4.333333333333333,Electronics,52.0,United Kingdom,80,0.16666666666666666,13,52.0,2,0,0,3,0,3,0,0
14684,26,5,1201.51,3.080794871794872,0.0,0.0,0.0,0.0,100.12583333333333,Home Decor,313.81,United Kingdom,821,0.4166666666666667,336,1201.51,5,0,0,5,0,3,0,0
14687,107,1,628.38,41.892,0.0,0.0,0.0,0.0,52.365,Electronics,330.96,United Kingdom,470,0.08333333333333333,0,628.38,1,0,0,3,0,3,0,0
14688,8,27,5055.61,14.201151685393258,6.0,399.0,523.49,0.10354635741285424,421.3008333333333,Kitchen,1419.61,United Kingdom,3185,2.25,366,5055.61,27,1,1,6,2,2,-1,2
14689,209,1,112.8,8.676923076923076,0.0,0.0,0.0,0.0,9.4,Storage,30.0,United Kingdom,76,0.08333333333333333,0,112.8,1,0,0,10,0,3,0,0
14690,44,3,341.96,6.576153846153845,1.0,7.0,13.09,0.038279330915896595,28.496666666666666,Home Decor,117.03,United Kingdom,160,0.25,107,341.96,3,0,0,5,0,3,0,0
14691,31,5,2114.33,29.779295774647885,0.0,0.0,0.0,0.0,176.19416666666666,Textiles,411.6,United Kingdom,707,0.4166666666666667,182,2114.33,5,0,0,11,0,3,0,0
14692,137,5,582.05,8.435507246376812,1.0,10.0,9.5,0.016321621853792632,48.50416666666666,Home Decor,158.2,United Kingdom,255,0.4166666666666667,185,582.05,5,0,0,5,0,3,0,0
14693,265,1,172.9,21.6125,0.0,0.0,0.0,0.0,14.408333333333333,Kitchen,127.5,United Kingdom,34,0.08333333333333333,0,172.9,1,0,0,6,0,3,0,0
14696,4,9,2070.97,15.571203007518795,2.0,4.0,7.98,0.0038532668266561087,172.58083333333332,Other,372.13,United Kingdom,1626,0.75,368,2070.97,9,0,0,7,0,3,0,0
14697,218,2,188.60999999999999,8.573181818181817,0.0,0.0,0.0,0.0,15.7175,Other,109.41,United Kingdom,181,0.16666666666666666,0,188.60999999999999,2,0,0,7,0,3,0,0
14698,2,5,1217.27,6.0863499999999995,0.0,0.0,0.0,0.0,101.43916666666667,Home Decor,382.84,United Kingdom,602,0.4166666666666667,49,1217.27,5,0,0,5,0,3,0,0
14699,214,1,109.13000000000001,13.641250000000001,0.0,0.0,0.0,0.0,9.094166666666668,Home Decor,33.480000000000004,United Kingdom,77,0.08333333333333333,0,109.13000000000001,1,0,0,5,0,3,0,0
14700,32,3,2195.1,19.599107142857143,0.0,0.0,0.0,0.0,182.92499999999998,Kitchen,739.05,United Kingdom,1314,0.25,206,2195.1,3,0,0,6,0,3,0,0
14701,11,12,2462.94,7.2015789473684215,3.0,23.0,63.150000000000006,0.025640088674510952,205.245,Home Decor,481.77,United Kingdom,898,1.0,305,2462.94,12,1,0,5,0,3,0,0
14702,1,18,3210.29,9.359446064139942,1.0,10.0,41.5,0.012927181033489187,267.52416666666664,Kitchen,746.47,United Kingdom,1429,1.5,364,3210.29,18,1,1,6,3,3,0,3
14703,15,1,318.17,14.462272727272728,0.0,0.0,0.0,0.0,26.514166666666668,Home Decor,54.879999999999995,United Kingdom,183,0.08333333333333333,0,318.17,1,0,0,5,0,3,0,0
14704,11,9,1493.96,3.8014249363867685,0.0,0.0,0.0,0.0,124.49666666666667,Home Decor,517.71,United Kingdom,1043,0.75,168,1493.96,9,0,0,5,0,3,0,0
14705,199,1,179.0,179.0,0.0,0.0,0.0,0.0,14.916666666666666,Bags,179.0,United Kingdom,100,0.08333333333333333,0,179.0,1,0,0,1,3,0,2,3
14708,3,4,1096.67,37.816206896551726,1.0,6.0,29.700000000000003,0.02708198455323844,91.38916666666667,Stationery,324.44,United Kingdom,615,0.3333333333333333,365,1096.67,4,0,0,9,0,3,0,0
14709,15,14,4911.14,24.929644670050763,1.0,2.0,9.9,0.002015825246276832,409.2616666666667,Bags,3109.1,United Kingdom,2482,1.1666666666666667,343,4911.14,14,1,1,1,3,0,0,3
14710,14,4,599.48,4.4079411764705885,0.0,0.0,0.0,0.0,49.95666666666667,Other,115.6,United Kingdom,375,0.3333333333333333,45,599.48,4,0,0,7,0,3,0,0
14711,10,12,2809.02,8.095158501440922,1.0,12.0,30.599999999999998,0.010893478864515025,234.085,Home Decor,781.67,United Kingdom,954,1.0,252,2809.02,12,1,0,5,0,3,0,0
14712,29,3,917.07,36.6828,0.0,0.0,0.0,0.0,76.4225,Storage,723.12,United Kingdom,315,0.25,82,917.07,3,0,0,10,0,3,0,0
14713,9,12,2660.1,7.823823529411764,1.0,2.0,2.1,0.0007894440058644412,221.67499999999998,Home Decor,622.25,United Kingdom,1611,1.0,355,2660.1,12,1,0,5,0,3,0,0
14714,24,1,160.19,16.019,0.0,0.0,0.0,0.0,13.349166666666667,Kitchen,138.74,United Kingdom,229,0.08333333333333333,0,160.19,1,0,0,6,0,3,0,0
14715,25,4,867.38,12.21661971830986,0.0,0.0,0.0,0.0,72.28166666666667,Other,380.02,United Kingdom,521,0.3333333333333333,306,867.38,4,0,0,7,0,3,0,0
14716,43,2,307.51,6.029607843137255,0.0,0.0,0.0,0.0,25.625833333333333,Other,79.91,United Kingdom,495,0.16666666666666666,105,307.51,2,0,0,7,0,3,0,0
14719,2,6,1571.89,6.660550847457627,1.0,1.0,9.95,0.0063299594755358195,130.99083333333334,Kitchen,282.34,United Kingdom,1024,0.5,247,1571.89,6,0,0,6,0,3,0,0
14720,6,3,663.81,17.94081081081081,0.0,0.0,0.0,0.0,55.317499999999995,Kitchen,155.85000000000002,United Kingdom,219,0.25,120,663.81,3,0,0,6,0,3,0,0
14722,147,1,180.42000000000002,6.443571428571429,0.0,0.0,0.0,0.0,15.035000000000002,Kitchen,39.65,United Kingdom,118,0.08333333333333333,0,180.42000000000002,1,0,0,6,0,3,0,0
14723,10,6,1122.3600000000001,4.333436293436294,0.0,0.0,0.0,0.0,93.53000000000002,Home Decor,338.76,United Kingdom,673,0.5,361,1122.3600000000001,6,0,0,5,0,3,0,0
14725,25,1,655.58,13.948510638297874,0.0,0.0,0.0,0.0,54.63166666666667,Other,227.9,United Kingdom,588,0.08333333333333333,0,655.58,1,0,0,7,0,3,0,0
14727,274,1,268.58,26.857999999999997,0.0,0.0,0.0,0.0,22.381666666666664,Other,101.69999999999999,United Kingdom,62,0.08333333333333333,0,268.58,1,0,0,7,0,3,0,0
14730,1,8,1897.57,4.107294372294372,0.0,0.0,0.0,0.0,158.13083333333333,Home Decor,377.21,United Kingdom,1078,0.6666666666666666,275,1897.57,8,0,0,5,0,3,0,0
14731,47,3,380.02,8.444888888888888,0.0,0.0,0.0,0.0,31.668333333333333,Storage,91.05,United Kingdom,256,0.25,165,380.02,3,0,0,10,0,3,0,0
14732,8,10,2686.34,18.029127516778523,2.0,3.0,16.15,0.006011897228198961,223.86166666666668,Other,690.3,United Kingdom,1402,0.8333333333333334,330,2686.34,10,0,0,7,0,3,0,0
14733,9,15,9451.54,43.75712962962963,3.0,39.0,134.37,0.014216730818469794,787.6283333333334,Home Decor,3340.89,United Kingdom,3725,1.25,358,9451.54,15,1,1,5,3,0,-1,3
14735,4,34,5807.69,28.330195121951217,2.0,104.0,258.0,0.04442385871146704,483.97416666666663,Electronics,1778.94,United Kingdom,2160,2.8333333333333335,354,5807.69,34,1,1,3,3,0,-1,3
14737,4,3,1164.55,68.50294117647059,0.0,0.0,0.0,0.0,97.04583333333333,Stationery,680.2,United Kingdom,345,0.25,349,1164.55,3,0,0,9,0,3,0,0
14738,39,9,1289.94,23.03464285714286,2.0,25.0,24.509999999999998,0.01900088376203544,107.495,Home Decor,643.32,United Kingdom,576,0.75,276,1289.94,9,0,0,5,0,3,0,0
14739,2,8,3899.1,63.91967213114754,1.0,3.0,3.18,0.0008155728244979611,324.925,Stationery,1623.0,United Kingdom,3817,0.6666666666666666,364,3899.1,8,0,0,9,3,3,-1,3
14740,191,4,1423.21,15.303333333333335,1.0,6.0,25.0,0.017565924916210538,118.60083333333334,Other,306.1,United Kingdom,729,0.3333333333333333,92,1423.21,4,0,0,7,0,3,0,0
14741,12,6,1400.34,23.73457627118644,0.0,0.0,0.0,0.0,116.695,Home Decor,437.40000000000003,United Kingdom,841,0.5,361,1400.34,6,0,0,5,0,3,0,0
14744,16,9,1088.53,38.87607142857143,2.0,2.0,11.45,0.010518773024170211,90.71083333333333,Bags,372.5,United Kingdom,625,0.75,350,1088.53,9,0,0,1,0,3,0,0
14745,113,6,1167.16,16.673714285714286,1.0,18.0,53.1,0.045495047808355324,97.26333333333334,Home Decor,274.36,United Kingdom,1020,0.5,172,1167.16,6,0,0,5,0,3,0,0
14747,248,2,294.3,15.489473684210527,1.0,2.0,33.9,0.11518858307849132,24.525000000000002,Electronics,65.25,United Kingdom,82,0.16666666666666666,1,294.3,2,0,0,3,2,2,0,2
14748,29,6,1311.79,14.25858695652174,1.0,31.0,103.96,0.07925048978876192,109.31583333333333,Home Decor,278.71,United Kingdom,1192,0.5,339,1311.79,6,0,0,5,2,3,0,2
14752,44,1,389.64,77.928,0.0,0.0,0.0,0.0,32.47,Stationery,260.64,United Kingdom,260,0.08333333333333333,0,389.64,1,0,0,9,0,3,0,0
14753,87,1,563.15,18.771666666666665,0.0,0.0,0.0,0.0,46.92916666666667,Home Decor,108.35,United Kingdom,211,0.08333333333333333,0,563.15,1,0,0,5,0,3,0,0
14754,45,2,638.05,15.562195121951218,0.0,0.0,0.0,0.0,53.17083333333333,Home Decor,330.93,United Kingdom,486,0.16666666666666666,250,638.05,2,0,0,5,0,3,0,0
14755,10,12,4965.38,20.950970464135022,1.0,2.0,44.900000000000006,0.00904261103883288,413.7816666666667,Kitchen,1396.39,United Kingdom,2217,1.0,324,4965.38,12,1,0,6,3,0,0,3
14756,15,1,738.96,19.446315789473687,0.0,0.0,0.0,0.0,61.580000000000005,Stationery,184.31,United Kingdom,416,0.08333333333333333,0,738.96,1,0,0,9,0,3,0,0
14757,75,1,420.5,22.13157894736842,0.0,0.0,0.0,0.0,35.041666666666664,Home Decor,187.38,United Kingdom,160,0.08333333333333333,0,420.5,1,0,0,5,0,3,0,0
14758,145,4,1484.06,20.90225352112676,0.0,0.0,0.0,0.0,123.67166666666667,Crockery,418.71999999999997,United Kingdom,419,0.3333333333333333,114,1484.06,4,0,0,2,0,3,0,0
14759,5,3,1625.97,15.940882352941177,0.0,0.0,0.0,0.0,135.4975,Kitchen,487.15000000000003,United Kingdom,569,0.25,228,1625.97,3,0,0,6,0,3,0,0
14760,294,2,53.8,7.685714285714285,1.0,12.0,35.400000000000006,0.6579925650557622,4.483333333333333,Home Decor,29.999999999999996,United Kingdom,28,0.16666666666666666,2,53.8,2,0,0,5,1,1,-1,1
14761,59,2,255.9,23.263636363636365,0.0,0.0,0.0,0.0,21.325,Seasonal,105.9,United Kingdom,118,0.16666666666666666,276,255.9,2,0,0,8,0,3,0,0
14762,264,1,300.52,14.310476190476189,0.0,0.0,0.0,0.0,25.043333333333333,Bags,100.0,United Kingdom,341,0.08333333333333333,0,300.52,1,0,0,1,0,3,0,0
14764,44,2,250.55,35.792857142857144,1.0,15.0,27.75,0.11075633606066652,20.879166666666666,Home Decor,147.0,United Kingdom,175,0.16666666666666666,2,250.55,2,0,0,5,2,2,0,2
14765,29,3,254.11,6.515641025641026,0.0,0.0,0.0,0.0,21.175833333333333,Stationery,81.98,United Kingdom,135,0.25,147,254.11,3,0,0,9,0,3,0,0
14766,8,8,2423.07,17.686642335766425,2.0,26.0,50.3,0.020758789469557212,201.9225,Kitchen,685.6,United Kingdom,1323,0.6666666666666666,364,2423.07,8,0,0,6,0,3,0,0
14768,17,3,139.5,23.25,1.0,18.0,53.1,0.3806451612903226,11.625,Kitchen,89.10000000000001,United Kingdom,34,0.25,109,139.5,3,0,0,6,1,1,-1,1
14769,3,10,10383.83,9.7409287054409,2.0,30.0,33.15,0.0031924636670669685,865.3191666666667,Home Decor,3015.05,United Kingdom,7209,0.8333333333333334,354,10383.83,10,0,0,5,3,0,-1,3
14770,232,2,876.42,16.854230769230767,0.0,0.0,0.0,0.0,73.035,Kitchen,187.5,United Kingdom,490,0.16666666666666666,90,876.42,2,0,0,6,0,3,0,0
14772,112,1,139.26,15.473333333333333,0.0,0.0,0.0,0.0,11.604999999999999,Kitchen,47.55,United Kingdom,82,0.08333333333333333,0,139.26,1,0,0,6,0,3,0,0
14775,58,3,1011.9,16.865,0.0,0.0,0.0,0.0,84.325,Other,387.59999999999997,United Kingdom,1174,0.25,313,1011.9,3,0,0,7,0,3,0,0
14776,51,13,2195.58,16.384925373134326,2.0,446.0,342.72,0.15609542808733912,182.965,Other,727.86,United Kingdom,2688,1.0833333333333333,261,2195.58,13,1,1,7,2,2,-1,2
14778,127,2,730.86,20.881714285714285,0.0,0.0,0.0,0.0,60.905,Kitchen,288.2,United Kingdom,306,0.16666666666666666,181,730.86,2,0,0,6,0,3,0,0
14779,281,3,386.15,9.418292682926829,0.0,0.0,0.0,0.0,32.17916666666667,Other,190.4,United Kingdom,84,0.25,43,386.15,3,0,0,7,0,3,0,0
14780,55,2,447.68,16.58074074074074,0.0,0.0,0.0,0.0,37.306666666666665,Kitchen,162.97,United Kingdom,310,0.16666666666666666,24,447.68,2,0,0,6,0,3,0,0
14782,320,1,200.10000000000002,33.35,0.0,0.0,0.0,0.0,16.675,Home Decor,143.10000000000002,United Kingdom,114,0.08333333333333333,0,200.10000000000002,1,0,0,5,0,3,0,0
14784,26,2,289.99,19.332666666666668,0.0,0.0,0.0,0.0,24.165833333333335,Other,134.35000000000002,United Kingdom,237,0.16666666666666666,297,289.99,2,0,0,7,0,3,0,0
14785,10,2,77.4,25.8,0.0,0.0,0.0,0.0,6.45,Seasonal,47.400000000000006,United Kingdom,84,0.16666666666666666,4,77.4,2,0,0,8,0,3,0,0
14788,7,2,679.4399999999999,22.648,0.0,0.0,0.0,0.0,56.62,Stationery,274.95,United Kingdom,421,0.16666666666666666,19,679.4399999999999,2,0,0,9,0,3,0,0
14789,29,1,197.64,32.94,0.0,0.0,0.0,0.0,16.47,Kitchen,136.44,United Kingdom,116,0.08333333333333333,0,197.64,1,0,0,6,0,3,0,0
14790,17,4,745.06,16.19695652173913,0.0,0.0,0.0,0.0,62.08833333333333,Electronics,249.3,United Kingdom,699,0.3333333333333333,236,745.06,4,0,0,3,0,3,0,0
14792,64,2,0.0,0.0,1.0,2.0,6.2,0.0,0.0,Bags,0.0,United Kingdom,0,0.16666666666666666,0,0.0,2,0,0,1,0,3,0,0
14793,4,2,214.14,14.276,1.0,3.0,14.850000000000001,0.06934715606612497,17.845,Storage,94.1,United Kingdom,88,0.16666666666666666,17,214.14,2,0,0,10,2,3,0,2
14794,3,9,1272.11,15.513536585365852,2.0,4.0,47.8,0.037575366910094256,106.00916666666666,Other,320.57,United Kingdom,669,0.75,331,1272.11,9,0,0,7,0,3,0,0
14795,166,1,131.45000000000002,21.908333333333335,0.0,0.0,0.0,0.0,10.954166666666667,Textiles,127.2,United Kingdom,17,0.08333333333333333,0,131.45000000000002,1,0,0,11,0,3,0,0
14796,1,27,7792.51,6.740925605536332,10.0,83.0,182.98,0.023481522641613548,649.3758333333334,Home Decor,2286.84,United Kingdom,5912,2.25,365,7792.51,27,1,1,5,3,0,-1,3
14798,53,3,173.74,14.478333333333333,0.0,0.0,0.0,0.0,14.478333333333333,Kitchen,61.540000000000006,United Kingdom,150,0.25,257,173.74,3,0,0,6,0,3,0,0
14799,51,1,157.7,12.13076923076923,0.0,0.0,0.0,0.0,13.141666666666666,Textiles,66.0,United Kingdom,146,0.08333333333333333,0,157.7,1,0,0,11,0,3,0,0
14800,48,16,4228.39,10.842025641025641,4.0,21.0,103.4,0.024453751900841692,352.36583333333334,Other,1034.87,United Kingdom,3623,1.3333333333333333,322,4228.39,16,1,1,7,3,0,0,3
14801,61,1,189.34,3.3217543859649123,0.0,0.0,0.0,0.0,15.778333333333334,Other,108.08,United Kingdom,173,0.08333333333333333,0,189.34,1,0,0,7,0,3,0,0
14803,162,3,845.55,19.217045454545453,0.0,0.0,0.0,0.0,70.46249999999999,Crockery,466.44,United Kingdom,370,0.25,130,845.55,3,0,0,2,0,3,0,0
14804,9,1,353.27,29.439166666666665,0.0,0.0,0.0,0.0,29.439166666666665,Home Decor,219.75,United Kingdom,121,0.08333333333333333,0,353.27,1,0,0,5,0,3,0,0
14805,15,4,546.4,11.878260869565217,0.0,0.0,0.0,0.0,45.53333333333333,Textiles,220.65,United Kingdom,114,0.3333333333333333,298,546.4,4,0,0,11,0,3,0,0
14806,75,1,193.39000000000001,17.580909090909092,0.0,0.0,0.0,0.0,16.115833333333335,Stationery,94.5,United Kingdom,330,0.08333333333333333,0,193.39000000000001,1,0,0,9,0,3,0,0
14808,40,15,2152.8,8.542857142857143,7.0,93.0,565.8,0.2628205128205128,179.4,Other,737.29,United Kingdom,2027,1.25,132,2152.8,15,1,1,7,1,1,-1,1
14810,41,11,2085.33,8.209960629921259,0.0,0.0,0.0,0.0,173.7775,Bags,783.69,United Kingdom,1015,0.9166666666666666,328,2085.33,11,1,0,1,0,3,0,0
14815,37,2,778.5,14.68867924528302,0.0,0.0,0.0,0.0,64.875,Kitchen,220.78,United Kingdom,744,0.16666666666666666,31,778.5,2,0,0,6,0,3,0,0
14816,197,1,271.85,67.9625,0.0,0.0,0.0,0.0,22.65416666666667,Stationery,250.0,United Kingdom,5,0.08333333333333333,0,271.85,1,0,0,9,0,3,0,0
14817,200,2,1110.34,17.624444444444443,0.0,0.0,0.0,0.0,92.52833333333332,Home Decor,361.8,United Kingdom,655,0.16666666666666666,76,1110.34,2,0,0,5,0,3,0,0
14818,74,3,657.8,13.704166666666666,0.0,0.0,0.0,0.0,54.81666666666666,Kitchen,266.75,United Kingdom,324,0.25,179,657.8,3,0,0,6,0,3,0,0
14819,64,2,272.07,20.928461538461537,0.0,0.0,0.0,0.0,22.6725,Kitchen,115.8,United Kingdom,109,0.16666666666666666,127,272.07,2,0,0,6,0,3,0,0
14820,21,4,507.29,17.492758620689656,0.0,0.0,0.0,0.0,42.274166666666666,Home Decor,216.7,United Kingdom,253,0.3333333333333333,152,507.29,4,0,0,5,0,3,0,0
14821,367,1,48.800000000000004,24.400000000000002,0.0,0.0,0.0,0.0,4.066666666666667,Home Decor,48.800000000000004,United Kingdom,20,0.08333333333333333,0,48.800000000000004,1,0,0,5,0,3,0,0
14823,180,3,321.43,4.591857142857143,0.0,0.0,0.0,0.0,26.785833333333333,Kitchen,120.8,United Kingdom,88,0.25,14,321.43,3,0,0,6,0,3,0,0
14824,10,4,1127.71,38.88655172413793,0.0,0.0,0.0,0.0,93.97583333333334,Bags,520.0,United Kingdom,525,0.3333333333333333,81,1127.71,4,0,0,1,0,3,0,0
14825,4,12,2221.01,18.50841666666667,0.0,0.0,0.0,0.0,185.08416666666668,Bags,607.5500000000001,United Kingdom,989,1.0,364,2221.01,12,1,0,1,0,3,0,0
14828,197,3,2139.76,125.86823529411765,0.0,0.0,0.0,0.0,178.31333333333336,Storage,628.7,United Kingdom,2172,0.25,140,2139.76,3,0,0,10,3,3,-1,3
14829,29,6,644.65,14.325555555555555,2.0,38.0,52.9,0.08206003257581633,53.72083333333333,Kitchen,162.0,United Kingdom,414,0.5,343,644.65,6,0,0,6,2,3,0,2
14830,53,1,188.88,4.843076923076923,0.0,0.0,0.0,0.0,15.74,Other,50.4,United Kingdom,164,0.08333333333333333,0,188.88,1,0,0,7,0,3,0,0
14834,18,8,1698.35,24.262142857142855,2.0,3.0,21.95,0.01292430888803839,141.52916666666667,Home Decor,530.24,United Kingdom,731,0.6666666666666666,222,1698.35,8,0,0,5,0,3,0,0
14836,10,3,102.44999999999999,17.075,0.0,0.0,0.0,0.0,8.5375,Other,64.8,United Kingdom,45,0.25,20,102.44999999999999,3,0,0,7,0,3,0,0
14837,90,5,1641.2,14.92,1.0,6.0,8.3,0.005057275164513771,136.76666666666668,Home Decor,345.24,United Kingdom,1430,0.4166666666666667,111,1641.2,5,0,0,5,0,3,0,0
14840,268,1,62.85,15.7125,0.0,0.0,0.0,0.0,5.2375,Textiles,30.0,United Kingdom,31,0.08333333333333333,0,62.85,1,0,0,11,0,3,0,0
14841,53,6,3295.76,23.88231884057971,0.0,0.0,0.0,0.0,274.6466666666667,Kitchen,1026.71,United Kingdom,1778,0.5,305,3295.76,6,0,0,6,0,3,0,0
14842,35,8,2456.8,15.549367088607596,4.0,20.0,367.88999999999993,0.14974356887007487,204.73333333333335,Kitchen,534.91,United Kingdom,1146,0.6666666666666666,272,2456.8,8,0,0,6,2,2,-1,2
14844,64,4,3189.81,24.537,0.0,0.0,0.0,0.0,265.8175,Kitchen,1406.35,United Kingdom,1833,0.3333333333333333,177,3189.81,4,0,0,6,0,3,0,0
14847,149,1,309.4,23.799999999999997,0.0,0.0,0.0,0.0,25.78333333333333,Bags,74.6,United Kingdom,120,0.08333333333333333,0,309.4,1,0,0,1,0,3,0,0
14849,22,28,7904.28,20.163979591836735,3.0,38.0,26.259999999999998,0.0033222507299842615,658.6899999999999,Kitchen,2232.7000000000003,United Kingdom,5656,2.3333333333333335,351,7904.28,28,1,1,6,3,0,5,3
14850,312,2,278.15,12.643181818181818,1.0,8.0,47.6,0.1711306848822578,23.179166666666664,Kitchen,124.25,United Kingdom,285,0.16666666666666666,56,278.15,2,0,0,6,2,2,0,2
14851,23,2,511.35,18.2625,0.0,0.0,0.0,0.0,42.612500000000004,Stationery,128.4,United Kingdom,325,0.16666666666666666,232,511.35,2,0,0,9,0,3,0,0
14852,58,6,2836.69,19.83699300699301,0.0,0.0,0.0,0.0,236.39083333333335,Home Decor,1116.47,United Kingdom,1747,0.5,193,2836.69,6,0,0,5,0,3,0,0
14853,9,3,463.05,46.305,1.0,1.0,12.75,0.0275348234531908,38.5875,Kitchen,372.54999999999995,United Kingdom,81,0.25,202,463.05,3,0,0,6,0,3,0,0
14854,78,8,2730.09,21.000692307692308,1.0,10.0,9.939999999999998,0.003640905611170327,227.50750000000002,Stationery,712.36,United Kingdom,1810,0.6666666666666666,196,2730.09,8,0,0,9,0,3,0,0
14855,119,2,645.65,32.2825,0.0,0.0,0.0,0.0,53.80416666666667,Electronics,379.5,United Kingdom,267,0.16666666666666666,15,645.65,2,0,0,3,0,3,0,0
14856,36,3,1290.53,19.854307692307692,0.0,0.0,0.0,0.0,107.54416666666667,Other,353.57,United Kingdom,711,0.25,20,1290.53,3,0,0,7,0,3,0,0
14857,60,3,1165.65,19.109016393442623,1.0,9.0,7.47,0.006408441642002316,97.1375,Home Decor,195.3,United Kingdom,455,0.25,88,1165.65,3,0,0,5,0,3,0,0
14859,13,5,1352.04,22.91593220338983,1.0,2.0,1.7,0.0012573592497263394,112.67,Bags,457.6,United Kingdom,669,0.4166666666666667,191,1352.04,5,0,0,1,0,3,0,0
14860,9,2,168.62,14.051666666666668,1.0,2.0,1.7,0.010081840825524848,14.051666666666668,Other,63.3,United Kingdom,230,0.16666666666666666,10,168.62,2,0,0,7,0,3,0,0
14861,52,1,125.79,20.965,0.0,0.0,0.0,0.0,10.4825,Storage,74.25,United Kingdom,117,0.08333333333333333,0,125.79,1,0,0,10,0,3,0,0
14862,26,2,841.1999999999999,17.525,0.0,0.0,0.0,0.0,70.1,Stationery,172.94,United Kingdom,772,0.16666666666666666,122,841.1999999999999,2,0,0,9,0,3,0,0
14863,29,1,266.76,24.25090909090909,0.0,0.0,0.0,0.0,22.23,Electronics,99.35999999999999,United Kingdom,132,0.08333333333333333,0,266.76,1,0,0,3,0,3,0,0
14865,7,2,52.2,13.05,0.0,0.0,0.0,0.0,4.3500000000000005,Other,33.0,United Kingdom,108,0.16666666666666666,364,52.2,2,0,0,7,0,3,0,0
14866,11,13,14197.45,137.83932038834953,1.0,183.0,192.45000000000002,0.013555251119038983,1183.1208333333334,Stationery,5392.67,United Kingdom,6569,1.0833333333333333,355,14197.45,13,1,1,9,3,0,-1,3
14867,186,4,701.33,18.954864864864867,1.0,1.0,8.95,0.012761467497469092,58.44416666666667,Home Decor,314.5,United Kingdom,327,0.3333333333333333,182,701.33,4,0,0,5,0,3,0,0
14868,3,9,2939.64,19.997551020408164,1.0,6.0,13.95,0.004745479038249582,244.97,Storage,485.35,United Kingdom,1399,0.75,230,2939.64,9,0,0,10,0,3,0,0
14869,4,3,717.7,10.108450704225353,1.0,1.0,3.75,0.005225024383447122,59.80833333333334,Other,215.68,United Kingdom,548,0.25,99,717.7,3,0,0,7,0,3,0,0
14870,262,1,327.25,25.173076923076923,0.0,0.0,0.0,0.0,27.270833333333332,Home Decor,141.0,United Kingdom,119,0.08333333333333333,0,327.25,1,0,0,5,0,3,0,0
14871,3,4,501.28000000000003,5.390107526881721,0.0,0.0,0.0,0.0,41.77333333333333,Storage,87.78,United Kingdom,179,0.3333333333333333,357,501.28000000000003,4,0,0,10,0,3,0,0
14873,210,1,519.68,18.56,0.0,0.0,0.0,0.0,43.306666666666665,Kitchen,307.08,United Kingdom,168,0.08333333333333333,0,519.68,1,0,0,6,0,3,0,0
14875,9,5,1448.72,28.9744,3.0,4.0,16.6,0.011458390855375781,120.72666666666667,Kitchen,600.5,United Kingdom,554,0.4166666666666667,253,1448.72,5,0,0,6,0,3,0,0
14878,13,9,1476.09,12.099098360655738,0.0,0.0,0.0,0.0,123.0075,Kitchen,471.97,United Kingdom,799,0.75,345,1476.09,9,0,0,6,0,3,0,0
14880,77,3,690.59,15.012826086956522,0.0,0.0,0.0,0.0,57.54916666666667,Home Decor,116.24,United Kingdom,365,0.25,211,690.59,3,0,0,5,0,3,0,0
14881,20,1,255.4,15.023529411764706,0.0,0.0,0.0,0.0,21.283333333333335,Other,69.36,United Kingdom,316,0.08333333333333333,0,255.4,1,0,0,7,0,3,0,0
14882,27,2,589.7,53.60909090909092,0.0,0.0,0.0,0.0,49.14166666666667,Home Decor,206.9,United Kingdom,158,0.16666666666666666,7,589.7,2,0,0,5,0,3,0,0
14883,19,7,756.64,14.011851851851851,1.0,1.0,4.95,0.0065420807781772046,63.053333333333335,Home Decor,349.82,United Kingdom,789,0.5833333333333334,193,756.64,7,0,0,5,0,3,0,0
14885,132,1,765.3199999999999,51.02133333333333,0.0,0.0,0.0,0.0,63.776666666666664,Stationery,408.6,United Kingdom,724,0.08333333333333333,0,765.3199999999999,1,0,0,9,0,3,0,0
14886,253,1,364.8,20.266666666666666,0.0,0.0,0.0,0.0,30.400000000000002,Home Decor,140.1,United Kingdom,160,0.08333333333333333,0,364.8,1,0,0,5,0,3,0,0
14887,79,1,1862.0,310.3333333333333,0.0,0.0,0.0,0.0,155.16666666666666,Bags,1432.0,United Kingdom,1100,0.08333333333333333,0,1862.0,1,0,0,1,3,0,-1,3
14888,207,1,369.2,18.46,0.0,0.0,0.0,0.0,30.766666666666666,Bags,155.5,United Kingdom,184,0.08333333333333333,0,369.2,1,0,0,1,0,3,0,0
14889,336,1,135.9,13.59,0.0,0.0,0.0,0.0,11.325000000000001,Kitchen,70.80000000000001,United Kingdom,90,0.08333333333333333,0,135.9,1,0,0,6,0,3,0,0
14890,254,1,125.65,17.95,0.0,0.0,0.0,0.0,10.470833333333333,Home Decor,47.650000000000006,United Kingdom,51,0.08333333333333333,0,125.65,1,0,0,5,0,3,0,0
14891,148,2,554.38,16.79939393939394,0.0,0.0,0.0,0.0,46.19833333333333,Bags,151.1,United Kingdom,505,0.16666666666666666,39,554.38,2,0,0,1,0,3,0,0
14893,10,2,1237.8500000000001,16.956849315068496,0.0,0.0,0.0,0.0,103.15416666666668,Bags,269.39,United Kingdom,799,0.16666666666666666,2,1237.8500000000001,2,0,0,1,0,3,0,0
14894,85,1,655.75,28.51086956521739,0.0,0.0,0.0,0.0,54.645833333333336,Storage,200.52,United Kingdom,265,0.08333333333333333,0,655.75,1,0,0,10,0,3,0,0
14895,8,24,11020.26,21.77916996047431,4.0,28.0,118.45,0.010748385246809058,918.355,Kitchen,4086.25,United Kingdom,4823,2.0,314,11020.26,24,1,1,6,3,0,5,3
14896,205,2,468.77000000000004,10.901627906976746,0.0,0.0,0.0,0.0,39.06416666666667,Kitchen,187.0,United Kingdom,279,0.16666666666666666,160,468.77000000000004,2,0,0,6,0,3,0,0
14897,8,4,1366.38,24.84327272727273,0.0,0.0,0.0,0.0,113.86500000000001,Electronics,685.5600000000001,United Kingdom,468,0.3333333333333333,289,1366.38,4,0,0,3,0,3,0,0
14898,23,8,1194.11,10.661696428571428,2.0,12.0,75.2,0.06297577275125409,99.50916666666666,Home Decor,437.58,United Kingdom,989,0.6666666666666666,347,1194.11,8,0,0,5,2,3,0,2
14901,11,10,1414.99,14.438673469387755,1.0,2.0,6.3,0.004452328285005548,117.91583333333334,Kitchen,335.8,United Kingdom,659,0.8333333333333334,361,1414.99,10,0,0,6,0,3,0,0
14902,21,2,314.11,13.087916666666667,1.0,9.0,18.55,0.059055744802776096,26.175833333333333,Home Decor,62.0,United Kingdom,209,0.16666666666666666,4,314.11,2,0,0,5,0,3,0,0
14903,21,10,2729.18,7.60217270194986,5.0,45.0,66.14999999999999,0.024238049524032856,227.43166666666664,Home Decor,1015.38,United Kingdom,1486,0.8333333333333334,257,2729.18,10,0,0,5,0,3,0,0
14904,2,2,1025.44,14.86144927536232,0.0,0.0,0.0,0.0,85.45333333333333,Kitchen,245.48,United Kingdom,1985,0.16666666666666666,23,1025.44,2,0,0,6,0,3,0,0
14905,154,3,599.9,33.327777777777776,1.0,13.0,16.25,0.027087847974662446,49.99166666666667,Electronics,244.79999999999998,United Kingdom,274,0.25,79,599.9,3,0,0,3,0,3,0,0
14907,3,10,3478.85,20.707440476190477,3.0,5.0,22.25,0.006395791712778648,289.90416666666664,Kitchen,926.22,United Kingdom,1686,0.8333333333333334,364,3478.85,10,0,0,6,0,3,0,0
14908,74,1,277.8,30.866666666666667,0.0,0.0,0.0,0.0,23.150000000000002,Home Decor,249.7,United Kingdom,132,0.08333333333333333,0,277.8,1,0,0,5,0,3,0,0
14910,3,7,389.86,11.138857142857143,3.0,17.0,44.489999999999995,0.11411788847278509,32.48833333333334,Home Decor,131.62,United Kingdom,221,0.5833333333333334,51,389.86,7,0,0,5,2,2,0,2
14912,17,3,841.52,30.054285714285715,1.0,1.0,26.33,0.03128862059131096,70.12666666666667,Other,371.15,Italy,970,0.25,230,841.52,3,0,0,7,0,3,0,0
14913,36,4,1227.43,14.108390804597702,0.0,0.0,0.0,0.0,102.28583333333334,Other,271.09999999999997,United Kingdom,1743,0.3333333333333333,323,1227.43,4,0,0,7,0,3,0,0
14915,86,3,258.83,19.91,1.0,7.0,48.65,0.18796121006065758,21.569166666666664,Home Decor,116.78,United Kingdom,105,0.25,192,258.83,3,0,0,5,2,2,0,2
14916,71,5,1264.84,16.010632911392403,1.0,4.0,4.14,0.0032731412668796055,105.40333333333332,Kitchen,457.45,United Kingdom,1132,0.4166666666666667,253,1264.84,5,0,0,6,0,3,0,0
14918,116,2,1610.15,35.781111111111116,0.0,0.0,0.0,0.0,134.17916666666667,Other,469.20000000000005,United Kingdom,675,0.16666666666666666,38,1610.15,2,0,0,7,0,3,0,0
14920,213,2,977.77,17.153859649122808,0.0,0.0,0.0,0.0,81.48083333333334,Other,210.53,United Kingdom,509,0.16666666666666666,0,977.77,2,0,0,7,0,3,0,0
14921,30,2,1316.07,16.872692307692308,0.0,0.0,0.0,0.0,109.6725,Stationery,395.40000000000003,United Kingdom,953,0.16666666666666666,171,1316.07,2,0,0,9,0,3,0,0
14923,51,1,749.1,17.025000000000002,0.0,0.0,0.0,0.0,62.425000000000004,Home Decor,236.73000000000002,United Kingdom,418,0.08333333333333333,0,749.1,1,0,0,5,0,3,0,0
14924,246,1,310.05,31.005000000000003,0.0,0.0,0.0,0.0,25.837500000000002,Other,187.4,United Kingdom,64,0.08333333333333333,0,310.05,1,0,0,7,0,3,0,0
14929,32,1,223.88,20.35272727272727,0.0,0.0,0.0,0.0,18.656666666666666,Electronics,93.18,United Kingdom,136,0.08333333333333333,0,223.88,1,0,0,3,0,3,0,0
14930,109,3,2362.96,18.605984251968504,0.0,0.0,0.0,0.0,196.91333333333333,Home Decor,845.26,Channel Islands,1160,0.25,165,2362.96,3,0,0,5,0,3,0,0
14931,5,6,964.6800000000001,22.96857142857143,1.0,1.0,293.0,0.30372766098602644,80.39,Home Decor,227.16,Channel Islands,416,0.5,236,964.6800000000001,6,0,0,5,1,1,4,1
14932,366,1,363.53,21.384117647058822,0.0,0.0,0.0,0.0,30.294166666666666,Textiles,158.0,Channel Islands,80,0.08333333333333333,0,363.53,1,0,0,11,0,3,0,0
14934,73,3,1888.84,21.46409090909091,1.0,1.0,2.1,0.0011117934817136445,157.40333333333334,Kitchen,452.85,Channel Islands,1041,0.25,209,1888.84,3,0,0,6,0,3,0,0
14935,297,1,1784.71,178.471,0.0,0.0,0.0,0.0,148.72583333333333,Other,708.55,Channel Islands,935,0.08333333333333333,0,1784.71,1,0,0,7,3,0,2,3
14936,9,9,8117.42,22.178743169398906,1.0,2.0,19.599999999999998,0.0024145602913240903,676.4516666666667,Kitchen,2588.98,Channel Islands,4083,0.75,266,8117.42,9,0,0,6,3,0,0,3
14937,57,4,1617.63,46.218,1.0,1.0,4.25,0.002627300433350024,134.8025,Kitchen,517.11,Channel Islands,483,0.3333333333333333,73,1617.63,4,0,0,6,0,3,0,0
14944,30,14,5842.95,33.97063953488372,2.0,14.0,57.300000000000004,0.0098066901137268,486.91249999999997,Home Decor,2486.52,United Kingdom,2801,1.1666666666666667,322,5842.95,14,1,1,5,3,0,0,3
14946,14,1,100.9,33.63333333333333,0.0,0.0,0.0,0.0,8.408333333333333,Stationery,100.9,United Kingdom,22,0.08333333333333333,0,100.9,1,0,0,9,0,3,0,0
14947,72,2,290.82,20.77285714285714,0.0,0.0,0.0,0.0,24.235,Home Decor,166.02,United Kingdom,179,0.16666666666666666,58,290.82,2,0,0,5,0,3,0,0
14948,23,7,1066.57,16.66515625,1.0,12.0,35.400000000000006,0.03319050788977752,88.88083333333333,Kitchen,682.07,United Kingdom,661,0.5833333333333334,196,1066.57,7,0,0,6,0,3,0,0
14950,9,2,361.25,18.0625,1.0,1.0,9.95,0.027543252595155707,30.104166666666668,Electronics,146.4,United Kingdom,135,0.16666666666666666,10,361.25,2,0,0,3,0,3,0,0
14951,79,1,311.69,15.5845,0.0,0.0,0.0,0.0,25.974166666666665,Stationery,88.8,United Kingdom,311,0.08333333333333333,0,311.69,1,0,0,9,0,3,0,0
14952,46,15,7912.79,53.10597315436242,4.0,60.0,186.7,0.02359471185258297,659.3991666666667,Kitchen,2826.7200000000003,United Kingdom,3295,1.25,320,7912.79,15,1,1,6,3,0,-1,3
14953,25,1,285.67,5.2901851851851855,0.0,0.0,0.0,0.0,23.805833333333336,Home Decor,54.53,United Kingdom,224,0.08333333333333333,0,285.67,1,0,0,5,0,3,0,0
14954,12,1,294.85,3.8292207792207793,0.0,0.0,0.0,0.0,24.570833333333336,Kitchen,88.73,United Kingdom,117,0.08333333333333333,0,294.85,1,0,0,6,0,3,0,0
14957,253,1,58.49,4.8741666666666665,0.0,0.0,0.0,0.0,4.8741666666666665,Crockery,28.299999999999997,United Kingdom,34,0.08333333333333333,0,58.49,1,0,0,2,0,3,0,0
14958,147,3,483.72999999999996,11.798292682926828,0.0,0.0,0.0,0.0,40.31083333333333,Other,301.46,United Kingdom,128,0.25,98,483.72999999999996,3,0,0,7,0,3,0,0
14959,59,5,684.97,11.229016393442624,1.0,3.0,10.45,0.015256142604785609,57.08083333333334,Home Decor,329.04,United Kingdom,491,0.4166666666666667,237,684.97,5,0,0,5,0,3,0,0
14960,8,2,221.27,8.195185185185185,0.0,0.0,0.0,0.0,18.43916666666667,Other,79.65,United Kingdom,221,0.16666666666666666,162,221.27,2,0,0,7,0,3,0,0
14961,11,12,7006.58,22.102776025236594,3.0,16.0,38.099999999999994,0.0054377456619349234,583.8816666666667,Kitchen,2295.11,United Kingdom,3692,1.0,349,7006.58,12,1,0,6,3,0,0,3
14962,271,1,126.7,25.34,0.0,0.0,0.0,0.0,10.558333333333334,Stationery,70.2,United Kingdom,44,0.08333333333333333,0,126.7,1,0,0,9,0,3,0,0
14963,10,5,1472.34,7.6684375,0.0,0.0,0.0,0.0,122.695,Other,403.6,United Kingdom,1159,0.4166666666666667,173,1472.34,5,0,0,7,0,3,0,0
14964,247,1,206.21,15.862307692307693,0.0,0.0,0.0,0.0,17.184166666666666,Electronics,101.76,United Kingdom,143,0.08333333333333333,0,206.21,1,0,0,3,0,3,0,0
14965,96,2,596.09,7.359135802469136,0.0,0.0,0.0,0.0,49.67416666666667,Home Decor,168.87,United Kingdom,363,0.16666666666666666,0,596.09,2,0,0,5,0,3,0,0
14966,15,1,183.02,5.08388888888889,0.0,0.0,0.0,0.0,15.251666666666667,Other,39.87,United Kingdom,179,0.08333333333333333,0,183.02,1,0,0,7,0,3,0,0
14967,50,1,463.8,77.3,0.0,0.0,0.0,0.0,38.65,Storage,263.4,United Kingdom,140,0.08333333333333333,0,463.8,1,0,0,10,0,3,0,0
14968,30,1,147.59,3.988918918918919,0.0,0.0,0.0,0.0,12.299166666666666,Stationery,32.99,United Kingdom,127,0.08333333333333333,0,147.59,1,0,0,9,0,3,0,0
14970,68,4,1592.06,46.825294117647054,0.0,0.0,0.0,0.0,132.67166666666665,Textiles,994.65,United Kingdom,250,0.3333333333333333,248,1592.06,4,0,0,11,0,3,0,0
14971,35,3,1097.98,7.083741935483871,0.0,0.0,0.0,0.0,91.49833333333333,Home Decor,201.5,United Kingdom,639,0.25,8,1097.98,3,0,0,5,0,3,0,0
14972,128,1,114.77,6.376111111111111,0.0,0.0,0.0,0.0,9.564166666666667,Other,29.59,United Kingdom,28,0.08333333333333333,0,114.77,1,0,0,7,0,3,0,0
14973,107,3,1314.45,41.0765625,0.0,0.0,0.0,0.0,109.53750000000001,Home Decor,706.84,United Kingdom,369,0.25,118,1314.45,3,0,0,5,0,3,0,0
14974,37,1,89.94,5.290588235294117,0.0,0.0,0.0,0.0,7.495,Other,18.58,United Kingdom,37,0.08333333333333333,0,89.94,1,0,0,7,0,3,0,0
14975,57,1,279.94,25.44909090909091,0.0,0.0,0.0,0.0,23.328333333333333,Home Decor,135.9,United Kingdom,380,0.08333333333333333,0,279.94,1,0,0,5,0,3,0,0
14976,57,8,765.86,10.49123287671233,1.0,4.0,25.0,0.03264304180920795,63.821666666666665,Home Decor,362.75,United Kingdom,230,0.6666666666666666,269,765.86,8,0,0,5,0,3,0,0
14978,72,5,1921.3700000000001,8.97836448598131,0.0,0.0,0.0,0.0,160.11416666666668,Textiles,496.5,United Kingdom,523,0.4166666666666667,258,1921.3700000000001,5,0,0,11,0,3,0,0
14981,246,1,102.12,12.765,0.0,0.0,0.0,0.0,8.51,Home Decor,49.5,United Kingdom,97,0.08333333333333333,0,102.12,1,0,0,5,0,3,0,0
14984,19,2,202.37,5.188974358974359,0.0,0.0,0.0,0.0,16.864166666666666,Home Decor,59.05,United Kingdom,58,0.16666666666666666,161,202.37,2,0,0,5,0,3,0,0
14985,198,2,292.01,3.5181927710843373,0.0,0.0,0.0,0.0,24.334166666666665,Other,97.44,United Kingdom,256,0.16666666666666666,159,292.01,2,0,0,7,0,3,0,0
14987,16,2,326.4,81.6,0.0,0.0,0.0,0.0,27.2,Electronics,326.4,United Kingdom,128,0.16666666666666666,349,326.4,2,0,0,3,0,3,0,0
14988,212,1,334.54,8.3635,0.0,0.0,0.0,0.0,27.878333333333334,Electronics,89.43,United Kingdom,141,0.08333333333333333,0,334.54,1,0,0,3,0,3,0,0
14995,39,2,231.98000000000002,3.866333333333334,0.0,0.0,0.0,0.0,19.331666666666667,Home Decor,103.32000000000001,United Kingdom,102,0.16666666666666666,241,231.98000000000002,2,0,0,5,0,3,0,0
14997,46,4,540.98,20.036296296296296,1.0,18.0,5.22,0.009649155236792486,45.08166666666667,Home Decor,221.04,United Kingdom,1102,0.3333333333333333,131,540.98,4,0,0,5,0,3,0,0
14998,170,2,414.87,5.606351351351352,0.0,0.0,0.0,0.0,34.5725,Kitchen,157.3,United Kingdom,258,0.16666666666666666,71,414.87,2,0,0,6,0,3,0,0
15000,48,1,490.52,6.37038961038961,0.0,0.0,0.0,0.0,40.876666666666665,Home Decor,95.17,United Kingdom,218,0.08333333333333333,0,490.52,1,0,0,5,0,3,0,0
15002,116,4,1641.76,14.276173913043479,0.0,0.0,0.0,0.0,136.81333333333333,Home Decor,753.8,United Kingdom,862,0.3333333333333333,251,1641.76,4,0,0,5,0,3,0,0
15004,147,1,1220.77,7.927077922077922,0.0,0.0,0.0,0.0,101.73083333333334,Kitchen,258.08,United Kingdom,623,0.08333333333333333,0,1220.77,1,0,0,6,0,3,0,0
15005,16,35,6160.54,5.347690972222222,7.0,42.0,134.83,0.021886068429066284,513.3783333333333,Home Decor,1650.95,United Kingdom,4188,2.9166666666666665,350,6160.54,35,1,1,5,3,0,-1,3
15006,51,1,480.38,3.639242424242424,0.0,0.0,0.0,0.0,40.031666666666666,Other,126.41,United Kingdom,286,0.08333333333333333,0,480.38,1,0,0,7,0,3,0,0
15007,159,1,156.91,13.075833333333334,0.0,0.0,0.0,0.0,13.075833333333334,Kitchen,55.050000000000004,United Kingdom,69,0.08333333333333333,0,156.91,1,0,0,6,0,3,0,0
15009,12,3,1259.43,6.996833333333334,0.0,0.0,0.0,0.0,104.9525,Home Decor,339.85,United Kingdom,639,0.25,12,1259.43,3,0,0,5,0,3,0,0
15010,36,1,308.94,15.447,0.0,0.0,0.0,0.0,25.745,Home Decor,125.35,United Kingdom,184,0.08333333333333333,0,308.94,1,0,0,5,0,3,0,0
15012,54,2,405.04,3.3200000000000003,0.0,0.0,0.0,0.0,33.75333333333334,Kitchen,84.7,United Kingdom,225,0.16666666666666666,319,405.04,2,0,0,6,0,3,0,0
15014,43,2,257.67,7.808181818181819,0.0,0.0,0.0,0.0,21.4725,Home Decor,147.04,United Kingdom,149,0.16666666666666666,133,257.67,2,0,0,5,0,3,0,0
15016,173,1,170.04,8.501999999999999,0.0,0.0,0.0,0.0,14.17,Home Decor,46.71,United Kingdom,76,0.08333333333333333,0,170.04,1,0,0,5,0,3,0,0
15017,34,1,125.58,6.279,0.0,0.0,0.0,0.0,10.465,Home Decor,55.730000000000004,United Kingdom,63,0.08333333333333333,0,125.58,1,0,0,5,0,3,0,0
15018,39,4,456.26,14.258125,1.0,1.0,39.95,0.08755972471836235,38.02166666666667,Electronics,126.13,United Kingdom,188,0.3333333333333333,329,456.26,4,0,0,3,2,3,0,2
15019,267,1,252.81,3.8304545454545456,0.0,0.0,0.0,0.0,21.0675,Kitchen,46.04,United Kingdom,150,0.08333333333333333,0,252.81,1,0,0,6,0,3,0,0
15021,9,13,1829.23,4.055942350332594,4.0,18.0,42.54,0.023255686819044077,152.43583333333333,Home Decor,995.66,United Kingdom,801,1.0833333333333333,359,1829.23,13,1,1,5,0,3,0,0
15022,12,4,852.39,7.044545454545454,0.0,0.0,0.0,0.0,71.0325,Home Decor,221.83,United Kingdom,527,0.3333333333333333,35,852.39,4,0,0,5,0,3,0,0
15023,3,12,6680.81,12.059223826714803,1.0,8.0,39.6,0.005927424967930535,556.7341666666667,Home Decor,1824.19,United Kingdom,2819,1.0,366,6680.81,12,1,0,5,3,0,0,3
15024,10,10,1636.43,10.765986842105264,0.0,0.0,0.0,0.0,136.36916666666667,Home Decor,530.54,United Kingdom,902,0.8333333333333334,357,1636.43,10,0,0,5,0,3,0,0
15025,33,1,361.96,5.402388059701492,0.0,0.0,0.0,0.0,30.16333333333333,Home Decor,88.55,United Kingdom,184,0.08333333333333333,0,361.96,1,0,0,5,0,3,0,0
15026,80,3,469.0,7.688524590163935,0.0,0.0,0.0,0.0,39.083333333333336,Home Decor,165.85,United Kingdom,285,0.25,197,469.0,3,0,0,5,0,3,0,0
15027,31,6,1051.95,28.431081081081082,2.0,2.0,14.2,0.013498740434431293,87.66250000000001,Home Decor,362.8,United Kingdom,563,0.5,207,1051.95,6,0,0,5,0,3,0,0
15028,8,4,627.13,13.065208333333333,0.0,0.0,0.0,0.0,52.26083333333333,Stationery,154.93,United Kingdom,459,0.3333333333333333,360,627.13,4,0,0,9,0,3,0,0
15030,72,2,518.28,74.03999999999999,0.0,0.0,0.0,0.0,43.19,Electronics,372.48,United Kingdom,372,0.16666666666666666,196,518.28,2,0,0,3,0,3,0,0
15031,4,4,653.19,5.93809090909091,0.0,0.0,0.0,0.0,54.432500000000005,Home Decor,135.39,United Kingdom,400,0.3333333333333333,277,653.19,4,0,0,5,0,3,0,0
15032,256,5,4464.1,81.16545454545455,2.0,300.0,495.0,0.11088461279989247,372.0083333333334,Bags,3632.95,United Kingdom,2668,0.4166666666666667,110,4464.1,5,0,0,1,2,2,-1,2
15033,5,11,2541.53,5.042718253968254,1.0,3.0,15.65,0.006157708152176051,211.79416666666668,Other,541.72,United Kingdom,1669,0.9166666666666666,324,2541.53,11,1,0,7,0,3,0,0
15034,16,11,4243.21,10.715176767676768,3.0,11.0,30.95,0.007294006188710905,353.60083333333336,Home Decor,1374.0,United Kingdom,2402,0.9166666666666666,338,4243.21,11,1,0,5,3,3,0,3
15035,90,1,252.73000000000002,9.36037037037037,0.0,0.0,0.0,0.0,21.060833333333335,Home Decor,90.24,United Kingdom,245,0.08333333333333333,0,252.73000000000002,1,0,0,5,0,3,0,0
15036,72,3,429.56,3.609747899159664,0.0,0.0,0.0,0.0,35.79666666666667,Kitchen,77.14,United Kingdom,316,0.25,107,429.56,3,0,0,6,0,3,0,0
15038,43,7,645.84,5.045625,1.0,30.0,39.9,0.06178000743218134,53.82,Home Decor,177.03,United Kingdom,182,0.5833333333333334,326,645.84,7,0,0,5,2,3,0,2
15041,170,1,179.93,2.7262121212121215,0.0,0.0,0.0,0.0,14.994166666666667,Home Decor,46.980000000000004,United Kingdom,103,0.08333333333333333,0,179.93,1,0,0,5,0,3,0,0
15042,199,1,135.93,27.186,0.0,0.0,0.0,0.0,11.3275,Crockery,76.5,United Kingdom,30,0.08333333333333333,0,135.93,1,0,0,2,0,3,0,0
15043,31,1,537.0,179.0,0.0,0.0,0.0,0.0,44.75,Bags,537.0,United Kingdom,300,0.08333333333333333,0,537.0,1,0,0,1,3,0,2,3
15044,19,22,7563.88,16.73424778761062,5.0,9.0,70.85,0.00936688577819849,630.3233333333334,Home Decor,2265.51,United Kingdom,2776,1.8333333333333333,342,7563.88,22,1,1,5,3,0,-1,3
15045,152,3,633.66,48.74307692307692,1.0,8.0,102.0,0.16096960515102737,52.805,Kitchen,243.2,United Kingdom,106,0.25,105,633.66,3,0,0,6,2,2,-1,2
15046,9,16,4940.66,24.458712871287126,1.0,144.0,149.76,0.030311739727080997,411.72166666666664,Home Decor,3757.5099999999998,United Kingdom,3228,1.3333333333333333,329,4940.66,16,1,1,5,3,0,0,3
15047,270,1,343.62,15.61909090909091,0.0,0.0,0.0,0.0,28.635,Storage,74.4,United Kingdom,222,0.08333333333333333,0,343.62,1,0,0,10,0,3,0,0
15048,65,5,377.52,3.973894736842105,1.0,12.0,3.4799999999999995,0.009218054672600126,31.459999999999997,Other,75.87,United Kingdom,180,0.4166666666666667,303,377.52,5,0,0,7,0,3,0,0
15049,274,1,121.17000000000002,40.39000000000001,0.0,0.0,0.0,0.0,10.097500000000002,Stationery,119.47,United Kingdom,63,0.08333333333333333,0,121.17000000000002,1,0,0,9,0,3,0,0
15050,25,5,1682.77,21.573974358974358,2.0,40.0,54.919999999999995,0.03263666454714548,140.23083333333332,Home Decor,732.15,United Kingdom,1176,0.4166666666666667,46,1682.77,5,0,0,5,0,3,0,0
15051,23,3,1383.3600000000001,9.741971830985916,0.0,0.0,0.0,0.0,115.28000000000002,Electronics,261.32,United Kingdom,1010,0.25,127,1383.3600000000001,3,0,0,3,0,3,0,0
15052,319,1,207.73000000000002,7.418928571428572,0.0,0.0,0.0,0.0,17.310833333333335,Other,98.45,United Kingdom,79,0.08333333333333333,0,207.73000000000002,1,0,0,7,0,3,0,0
15053,5,3,693.95,10.057246376811595,0.0,0.0,0.0,0.0,57.82916666666667,Other,384.71999999999997,United Kingdom,984,0.25,277,693.95,3,0,0,7,0,3,0,0
15054,12,2,302.1,2.6500000000000004,0.0,0.0,0.0,0.0,25.175,Electronics,76.56,United Kingdom,198,0.16666666666666666,28,302.1,2,0,0,3,0,3,0,0
15057,275,2,1489.5,59.58,0.0,0.0,0.0,0.0,124.125,Other,337.09999999999997,United Kingdom,668,0.16666666666666666,40,1489.5,2,0,0,7,0,3,0,0
15058,25,11,2102.54,7.904285714285714,0.0,0.0,0.0,0.0,175.21166666666667,Toys,460.15000000000003,United Kingdom,1054,0.9166666666666666,286,2102.54,11,1,0,12,0,3,0,0
15059,41,11,1325.82,5.547364016736402,2.0,2.0,11.9,0.008975577378528006,110.485,Home Decor,496.88,United Kingdom,602,0.9166666666666666,293,1325.82,11,1,0,5,0,3,0,0
15060,8,4,294.25,2.5586956521739133,0.0,0.0,0.0,0.0,24.520833333333332,Other,44.57,United Kingdom,257,0.3333333333333333,0,294.25,4,0,0,7,0,3,0,0
15062,71,4,987.86,17.330877192982456,0.0,0.0,0.0,0.0,82.32166666666667,Bags,273.1,United Kingdom,763,0.3333333333333333,288,987.86,4,0,0,1,0,3,0,0
15063,213,1,370.79999999999995,74.16,0.0,0.0,0.0,0.0,30.899999999999995,Kitchen,300.59999999999997,United Kingdom,56,0.08333333333333333,0,370.79999999999995,1,0,0,6,0,3,0,0
15065,38,6,3135.98,19.847974683544304,2.0,28.0,22.15,0.00706318280091072,261.33166666666665,Kitchen,1068.06,United Kingdom,1355,0.5,253,3135.98,6,0,0,6,0,3,0,0
15066,32,2,760.59,14.350754716981132,1.0,38.0,133.0,0.1748642501216161,63.3825,Kitchen,334.5,United Kingdom,279,0.16666666666666666,21,760.59,2,0,0,6,2,2,0,2
15067,78,3,1744.76,21.277560975609756,0.0,0.0,0.0,0.0,145.39666666666668,Kitchen,528.64,United Kingdom,954,0.25,204,1744.76,3,0,0,6,0,3,0,0
15068,46,2,553.36,5.320769230769231,0.0,0.0,0.0,0.0,46.11333333333334,Other,175.0,United Kingdom,364,0.16666666666666666,210,553.36,2,0,0,7,0,3,0,0
15069,179,1,1109.53,15.850428571428571,0.0,0.0,0.0,0.0,92.46083333333333,Other,426.82,United Kingdom,520,0.08333333333333333,0,1109.53,1,0,0,7,0,3,0,0
15071,94,2,982.07,37.77192307692308,0.0,0.0,0.0,0.0,81.83916666666667,Home Decor,685.9,United Kingdom,269,0.16666666666666666,182,982.07,2,0,0,5,0,3,0,0
15074,105,1,735.67,17.943170731707315,0.0,0.0,0.0,0.0,61.30583333333333,Toys,138.9,United Kingdom,431,0.08333333333333333,0,735.67,1,0,0,12,0,3,0,0
15075,78,1,773.03,28.63074074074074,0.0,0.0,0.0,0.0,64.41916666666667,Stationery,213.18,United Kingdom,447,0.08333333333333333,0,773.03,1,0,0,9,0,3,0,0
15076,173,1,880.85,17.976530612244897,0.0,0.0,0.0,0.0,73.40416666666667,Kitchen,343.96,United Kingdom,571,0.08333333333333333,0,880.85,1,0,0,6,0,3,0,0
15079,213,5,893.66,18.617916666666666,1.0,1.0,1.95,0.0021820379115099703,74.47166666666666,Home Decor,311.65999999999997,United Kingdom,388,0.4166666666666667,153,893.66,5,0,0,5,0,3,0,0
15081,22,6,487.35,13.924285714285714,1.0,2.0,17.45,0.035805888991484555,40.612500000000004,Electronics,239.41000000000003,United Kingdom,188,0.5,345,487.35,6,0,0,3,0,3,0,0
15083,257,1,88.2,17.64,0.0,0.0,0.0,0.0,7.3500000000000005,Kitchen,49.65,United Kingdom,38,0.08333333333333333,0,88.2,1,0,0,6,0,3,0,0
15087,282,1,306.94,20.462666666666667,0.0,0.0,0.0,0.0,25.578333333333333,Kitchen,95.46000000000001,United Kingdom,470,0.08333333333333333,0,306.94,1,0,0,6,0,3,0,0
15088,21,3,1140.27,19.0045,1.0,3.0,19.8,0.01736430845326107,95.0225,Home Decor,250.94,United Kingdom,457,0.25,45,1140.27,3,0,0,5,0,3,0,0
15089,10,6,2420.84,16.69544827586207,0.0,0.0,0.0,0.0,201.73666666666668,Kitchen,686.79,United Kingdom,1359,0.5,118,2420.84,6,0,0,6,0,3,0,0
15090,308,1,381.32,16.57913043478261,0.0,0.0,0.0,0.0,31.776666666666667,Kitchen,149.4,United Kingdom,208,0.08333333333333333,0,381.32,1,0,0,6,0,3,0,0
15091,54,2,476.96,15.385806451612902,1.0,3.0,3.75,0.00786229453203623,39.74666666666666,Electronics,93.7,United Kingdom,343,0.16666666666666666,13,476.96,2,0,0,3,0,3,0,0
15092,215,2,457.81,17.608076923076922,0.0,0.0,0.0,0.0,38.15083333333333,Home Decor,121.68,United Kingdom,135,0.16666666666666666,68,457.81,2,0,0,5,0,3,0,0
15093,18,9,4410.14,39.376250000000006,3.0,27.0,186.87999999999997,0.042375071993179345,367.5116666666667,Home Decor,2325.54,United Kingdom,3733,0.75,353,4410.14,9,0,0,5,3,0,-1,3
15095,104,5,1364.7,27.851020408163265,1.0,2.0,5.9,0.004323294496959039,113.72500000000001,Other,383.28,United Kingdom,1077,0.4166666666666667,99,1364.7,5,0,0,7,0,3,0,0
15096,43,1,219.39000000000001,19.944545454545455,0.0,0.0,0.0,0.0,18.282500000000002,Other,76.8,United Kingdom,120,0.08333333333333333,0,219.39000000000001,1,0,0,7,0,3,0,0
15097,4,1,248.08,9.923200000000001,0.0,0.0,0.0,0.0,20.673333333333336,Home Decor,56.59,United Kingdom,170,0.08333333333333333,0,248.08,1,0,0,5,0,3,0,0
15099,84,1,410.48,17.84695652173913,0.0,0.0,0.0,0.0,34.20666666666667,Home Decor,280.63,United Kingdom,343,0.08333333333333333,0,410.48,1,0,0,5,0,3,0,0
15100,330,6,635.1,105.85000000000001,3.0,22.0,240.89999999999995,0.37931034482758613,52.925000000000004,Storage,635.1,United Kingdom,58,0.5,43,635.1,6,0,0,10,1,1,-1,1
15101,9,3,310.03,34.44777777777777,1.0,2.0,7.5,0.024191207302519113,25.83583333333333,Electronics,166.8,United Kingdom,239,0.25,350,310.03,3,0,0,3,0,3,0,0
15103,31,2,703.36,20.096,0.0,0.0,0.0,0.0,58.61333333333334,Other,186.28,United Kingdom,329,0.16666666666666666,55,703.36,2,0,0,7,0,3,0,0
15104,167,3,968.64,14.038260869565217,1.0,2.0,24.9,0.025706144697720514,80.72,Kitchen,372.65000000000003,United Kingdom,633,0.25,115,968.64,3,0,0,6,0,3,0,0
15105,18,7,2298.93,22.76168316831683,0.0,0.0,0.0,0.0,191.5775,Toys,629.12,United Kingdom,1211,0.5833333333333334,116,2298.93,7,0,0,12,0,3,0,0
15106,18,7,1407.73,13.801274509803921,2.0,37.0,14.79,0.01050627606146065,117.31083333333333,Home Decor,251.29999999999998,United Kingdom,1144,0.5833333333333334,251,1407.73,7,0,0,5,0,3,0,0
15107,311,8,247.66,13.034736842105263,2.0,8.0,71.84,0.2900751029637406,20.638333333333332,Electronics,127.5,United Kingdom,161,0.6666666666666666,61,247.66,8,0,0,3,1,1,-1,1
15108,142,5,1291.75,21.17622950819672,1.0,2.0,8.5,0.006580220630927037,107.64583333333333,Stationery,269.4,European Community,497,0.4166666666666667,85,1291.75,5,0,0,9,0,3,0,0
15109,241,2,463.75,14.959677419354838,1.0,4.0,21.2,0.045714285714285714,38.645833333333336,Kitchen,96.7,United Kingdom,127,0.16666666666666666,4,463.75,2,0,0,6,0,3,0,0
15110,24,7,973.2,24.953846153846154,3.0,5.0,22.9,0.023530620632963416,81.10000000000001,Electronics,441.9,United Kingdom,241,0.5833333333333334,294,973.2,7,0,0,3,0,3,0,0
15111,29,3,1567.48,18.660476190476192,0.0,0.0,0.0,0.0,130.62333333333333,Home Decor,485.07,United Kingdom,710,0.25,343,1567.48,3,0,0,5,0,3,0,0
15113,10,4,3339.5099999999998,34.076632653061225,1.0,24.0,169.92000000000002,0.05088171617991862,278.29249999999996,Electronics,798.5899999999999,United Kingdom,2320,0.3333333333333333,44,3339.5099999999998,4,0,0,3,3,3,-1,3
15114,30,10,2760.56,14.012994923857867,0.0,0.0,0.0,0.0,230.04666666666665,Other,813.8,United Kingdom,3096,0.8333333333333334,271,2760.56,10,0,0,7,0,3,0,0
15115,18,1,340.11,16.195714285714285,0.0,0.0,0.0,0.0,28.3425,Home Decor,140.79,United Kingdom,157,0.08333333333333333,0,340.11,1,0,0,5,0,3,0,0
15116,18,4,1352.75,30.06111111111111,0.0,0.0,0.0,0.0,112.72916666666667,Kitchen,856.15,United Kingdom,648,0.3333333333333333,187,1352.75,4,0,0,6,0,3,0,0
15117,15,6,1550.13,19.376625,1.0,1.0,1.65,0.0010644268545218786,129.1775,Other,365.91999999999996,United Kingdom,1947,0.5,200,1550.13,6,0,0,7,0,3,0,0
15118,134,1,244.8,244.8,0.0,0.0,0.0,0.0,20.400000000000002,Other,244.8,United Kingdom,1440,0.08333333333333333,0,244.8,1,0,0,7,3,0,-1,3
15119,246,1,266.4,19.02857142857143,0.0,0.0,0.0,0.0,22.2,Kitchen,82.25,United Kingdom,88,0.08333333333333333,0,266.4,1,0,0,6,0,3,0,0
15120,130,2,343.82,15.628181818181817,1.0,4.0,15.0,0.04362747949508464,28.651666666666667,Other,88.3,United Kingdom,292,0.16666666666666666,4,343.82,2,0,0,7,0,3,0,0
15121,50,2,457.72,16.34714285714286,0.0,0.0,0.0,0.0,38.14333333333334,Kitchen,154.33,United Kingdom,199,0.16666666666666666,238,457.72,2,0,0,6,0,3,0,0
15122,85,6,1612.13,18.530229885057473,3.0,12.0,21.650000000000002,0.01342943807261201,134.34416666666667,Kitchen,484.69,United Kingdom,788,0.5,212,1612.13,6,0,0,6,0,3,0,0
15123,7,2,2199.31,20.748207547169812,0.0,0.0,0.0,0.0,183.27583333333334,Home Decor,334.79,United Kingdom,1195,0.16666666666666666,198,2199.31,2,0,0,5,0,3,0,0
15124,23,2,184.19,12.279333333333334,0.0,0.0,0.0,0.0,15.349166666666667,Other,56.75,United Kingdom,233,0.16666666666666666,169,184.19,2,0,0,7,0,3,0,0
15125,25,23,11117.05,79.4075,8.0,202.0,411.42999999999995,0.03700891873293724,926.4208333333332,Kitchen,3277.37,United Kingdom,5991,1.9166666666666667,245,11117.05,23,1,1,6,3,0,-1,3
15127,66,1,406.53,25.408125,0.0,0.0,0.0,0.0,33.8775,Home Decor,156.0,United Kingdom,251,0.08333333333333333,0,406.53,1,0,0,5,0,3,0,0
15128,60,8,1419.54,12.788648648648648,4.0,17.0,51.459999999999994,0.036251179959705254,118.295,Kitchen,348.28000000000003,United Kingdom,1326,0.6666666666666666,159,1419.54,8,0,0,6,0,3,0,0
15129,50,11,3447.4,41.04047619047619,0.0,0.0,0.0,0.0,287.28333333333336,Storage,1861.2,United Kingdom,1794,0.9166666666666666,241,3447.4,11,1,0,10,3,3,0,3
15130,170,1,330.11,15.005,0.0,0.0,0.0,0.0,27.50916666666667,Home Decor,196.31,United Kingdom,197,0.08333333333333333,0,330.11,1,0,0,5,0,3,0,0
15132,18,5,977.9300000000001,18.806346153846157,0.0,0.0,0.0,0.0,81.49416666666667,Kitchen,324.62,United Kingdom,679,0.4166666666666667,244,977.9300000000001,5,0,0,6,0,3,0,0
15133,128,3,982.42,33.87655172413793,0.0,0.0,0.0,0.0,81.86833333333333,Other,300.02,United Kingdom,680,0.25,174,982.42,3,0,0,7,0,3,0,0
15134,15,8,1387.99,19.013561643835615,0.0,0.0,0.0,0.0,115.66583333333334,Electronics,378.65000000000003,United Kingdom,887,0.6666666666666666,225,1387.99,8,0,0,3,0,3,0,0
15135,233,2,127.15,12.715,1.0,2.0,11.9,0.09359024773889107,10.595833333333333,Bags,56.7,United Kingdom,41,0.16666666666666666,5,127.15,2,0,0,1,2,3,0,2
15136,3,5,1282.45,18.586231884057973,1.0,1.0,4.25,0.00331396935553043,106.87083333333334,Kitchen,556.55,United Kingdom,775,0.4166666666666667,93,1282.45,5,0,0,6,0,3,0,0
15139,240,2,178.96,13.766153846153847,0.0,0.0,0.0,0.0,14.913333333333334,Kitchen,44.10000000000001,United Kingdom,208,0.16666666666666666,96,178.96,2,0,0,6,0,3,0,0
15140,52,8,2350.0,29.012345679012345,1.0,5.0,4.25,0.0018085106382978724,195.83333333333334,Kitchen,633.82,United Kingdom,1567,0.6666666666666666,211,2350.0,8,0,0,6,0,3,0,0
15142,46,1,498.74,19.182307692307692,0.0,0.0,0.0,0.0,41.56166666666667,Stationery,150.36,United Kingdom,365,0.08333333333333333,0,498.74,1,0,0,9,0,3,0,0
15143,226,1,259.45,18.532142857142855,0.0,0.0,0.0,0.0,21.620833333333334,Kitchen,94.5,United Kingdom,150,0.08333333333333333,0,259.45,1,0,0,6,0,3,0,0
15144,8,18,6530.04,29.954311926605506,1.0,24.0,50.400000000000006,0.007718176305198744,544.17,Bags,1179.1000000000001,United Kingdom,3026,1.5,304,6530.04,18,1,1,1,3,0,0,3
15145,4,4,1194.73,17.83179104477612,0.0,0.0,0.0,0.0,99.56083333333333,Kitchen,368.05,United Kingdom,756,0.3333333333333333,244,1194.73,4,0,0,6,0,3,0,0
15146,165,3,1313.66,13.828000000000001,1.0,14.0,13.5,0.010276631700744485,109.47166666666668,Other,473.09999999999997,United Kingdom,1459,0.25,126,1313.66,3,0,0,7,0,3,0,0
15147,219,2,608.65,20.98793103448276,1.0,3.0,14.850000000000001,0.024398258440811636,50.72083333333333,Kitchen,211.55,United Kingdom,363,0.16666666666666666,21,608.65,2,0,0,6,0,3,0,0
15148,11,1,301.29,15.0645,0.0,0.0,0.0,0.0,25.1075,Toys,159.0,United Kingdom,187,0.08333333333333333,0,301.29,1,0,0,12,0,3,0,0
15149,134,1,520.8000000000001,22.643478260869568,0.0,0.0,0.0,0.0,43.400000000000006,Kitchen,223.0,United Kingdom,128,0.08333333333333333,0,520.8000000000001,1,0,0,6,0,3,0,0
15150,17,11,5280.83,15.441023391812866,1.0,25.0,10.5,0.0019883238051594163,440.06916666666666,Home Decor,1090.0,United Kingdom,3617,0.9166666666666666,251,5280.83,11,1,0,5,3,0,0,3
15152,10,16,4684.24,16.84978417266187,3.0,10.0,61.45,0.01311845678274384,390.3533333333333,Kitchen,1188.4,United Kingdom,2694,1.3333333333333333,177,4684.24,16,1,1,6,3,0,0,3
15153,31,1,329.25,14.965909090909092,0.0,0.0,0.0,0.0,27.4375,Other,101.21000000000001,United Kingdom,198,0.08333333333333333,0,329.25,1,0,0,7,0,3,0,0
15154,74,2,224.73,2.9964,1.0,4.0,29.55,0.13149112268055,18.7275,Other,45.17,United Kingdom,85,0.16666666666666666,1,224.73,2,0,0,7,2,2,0,2
15156,1,3,961.49,17.481636363636365,0.0,0.0,0.0,0.0,80.12416666666667,Other,466.09,United Kingdom,597,0.25,32,961.49,3,0,0,7,0,3,0,0
15157,4,5,1869.5,14.056390977443609,2.0,150.0,66.57,0.035608451457608985,155.79166666666666,Other,477.85,United Kingdom,2242,0.4166666666666667,354,1869.5,5,0,0,7,0,3,0,0
15158,45,1,401.40000000000003,57.34285714285715,0.0,0.0,0.0,0.0,33.45,Storage,257.04,United Kingdom,198,0.08333333333333333,0,401.40000000000003,1,0,0,10,0,3,0,0
15160,357,1,158.16,39.54,0.0,0.0,0.0,0.0,13.18,Storage,106.2,United Kingdom,84,0.08333333333333333,0,158.16,1,0,0,10,0,3,0,0
15163,18,2,304.47,10.49896551724138,0.0,0.0,0.0,0.0,25.372500000000002,Storage,93.27,United Kingdom,186,0.16666666666666666,173,304.47,2,0,0,10,0,3,0,0
15164,69,3,824.58,8.164158415841584,0.0,0.0,0.0,0.0,68.715,Home Decor,488.08,United Kingdom,351,0.25,270,824.58,3,0,0,5,0,3,0,0
15167,321,1,158.8,4.071794871794872,0.0,0.0,0.0,0.0,13.233333333333334,Home Decor,57.25,United Kingdom,65,0.08333333333333333,0,158.8,1,0,0,5,0,3,0,0
15168,26,1,106.56,21.312,0.0,0.0,0.0,0.0,8.88,Other,65.1,United Kingdom,52,0.08333333333333333,0,106.56,1,0,0,7,0,3,0,0
15171,325,2,1034.5,147.78571428571428,1.0,100.0,254.99999999999997,0.24649589173513772,86.20833333333333,Stationery,745.0,United Kingdom,190,0.16666666666666666,6,1034.5,2,0,0,9,2,1,-1,2
15172,9,5,1624.05,14.764090909090909,0.0,0.0,0.0,0.0,135.3375,Other,376.81,United Kingdom,1611,0.4166666666666667,227,1624.05,5,0,0,7,0,3,0,0
15174,323,1,135.75,12.340909090909092,0.0,0.0,0.0,0.0,11.3125,Home Decor,62.8,United Kingdom,145,0.08333333333333333,0,135.75,1,0,0,5,0,3,0,0
15175,72,1,224.14,9.745217391304347,0.0,0.0,0.0,0.0,18.67833333333333,Other,75.92,United Kingdom,454,0.08333333333333333,0,224.14,1,0,0,7,0,3,0,0
15178,260,1,40.5,13.5,0.0,0.0,0.0,0.0,3.375,Bags,40.5,United Kingdom,30,0.08333333333333333,0,40.5,1,0,0,1,0,3,0,0
15179,18,7,2186.2,23.012631578947367,2.0,31.0,20.75,0.009491354862318179,182.1833333333333,Stationery,446.86,United Kingdom,1907,0.5833333333333334,345,2186.2,7,0,0,9,0,3,0,0
15180,367,1,87.5,14.583333333333334,0.0,0.0,0.0,0.0,7.291666666666667,Storage,33.45,United Kingdom,36,0.08333333333333333,0,87.5,1,0,0,10,0,3,0,0
15181,66,5,680.28,37.79333333333333,2.0,2.0,9.2,0.013523843123419768,56.69,Home Decor,325.67999999999995,United Kingdom,542,0.4166666666666667,299,680.28,5,0,0,5,0,3,0,0
15182,154,2,622.85,21.477586206896554,0.0,0.0,0.0,0.0,51.90416666666667,Home Decor,260.67,United Kingdom,253,0.16666666666666666,114,622.85,2,0,0,5,0,3,0,0
15184,29,2,402.2,6.487096774193549,0.0,0.0,0.0,0.0,33.516666666666666,Other,111.75,United Kingdom,199,0.16666666666666666,161,402.2,2,0,0,7,0,3,0,0
15185,70,1,310.62,14.791428571428572,0.0,0.0,0.0,0.0,25.885,Other,173.38,United Kingdom,666,0.08333333333333333,0,310.62,1,0,0,7,0,3,0,0
15186,14,2,411.41,21.653157894736843,0.0,0.0,0.0,0.0,34.28416666666667,Home Decor,274.61,United Kingdom,215,0.16666666666666666,154,411.41,2,0,0,5,0,3,0,0
15187,2,18,4670.08,50.215913978494626,2.0,18.0,107.1,0.0229332259832808,389.17333333333335,Other,1395.56,United Kingdom,1869,1.5,210,4670.08,18,1,1,7,3,0,-1,3
15192,120,3,1044.32,20.47686274509804,0.0,0.0,0.0,0.0,87.02666666666666,Kitchen,332.0,United Kingdom,918,0.25,245,1044.32,3,0,0,6,0,3,0,0
15193,61,1,499.32,26.28,0.0,0.0,0.0,0.0,41.61,Textiles,141.6,United Kingdom,144,0.08333333333333333,0,499.32,1,0,0,11,0,3,0,0
15194,3,22,7521.17,23.071073619631903,7.0,55.0,95.36,0.012678878419182122,626.7641666666667,Home Decor,3032.64,United Kingdom,5648,1.8333333333333333,365,7521.17,22,1,1,5,3,0,5,3
15197,9,5,656.4399999999999,18.234444444444442,2.0,16.0,423.17,0.6446438364511609,54.703333333333326,Electronics,293.5,United Kingdom,453,0.4166666666666667,349,656.4399999999999,5,0,0,3,1,1,-1,1
15198,92,2,193.64,19.363999999999997,0.0,0.0,0.0,0.0,16.136666666666667,Home Decor,50.400000000000006,United Kingdom,120,0.16666666666666666,31,193.64,2,0,0,5,0,3,0,0
15199,59,4,1268.7,97.5923076923077,0.0,0.0,0.0,0.0,105.72500000000001,Storage,1183.7,United Kingdom,396,0.3333333333333333,249,1268.7,4,0,0,10,3,3,0,3
15201,79,11,927.84,9.56536082474227,6.0,248.0,308.69999999999993,0.3327082255561303,77.32000000000001,Stationery,237.32000000000002,United Kingdom,962,0.9166666666666666,168,927.84,11,1,0,9,1,1,-1,1
15203,26,6,1827.8,12.871830985915492,0.0,0.0,0.0,0.0,152.31666666666666,Bags,738.6,United Kingdom,1753,0.5,285,1827.8,6,0,0,1,0,3,0,0
15204,357,1,316.58,35.175555555555555,0.0,0.0,0.0,0.0,26.381666666666664,Other,70.92,United Kingdom,258,0.08333333333333333,0,316.58,1,0,0,7,0,3,0,0
15205,85,3,648.8299999999999,17.074473684210524,1.0,1.0,4.41,0.006796849714100767,54.06916666666666,Other,184.41,United Kingdom,377,0.25,42,648.8299999999999,3,0,0,7,0,3,0,0
15206,10,4,420.29999999999995,46.699999999999996,0.0,0.0,0.0,0.0,35.025,Crockery,420.29999999999995,United Kingdom,162,0.3333333333333333,265,420.29999999999995,4,0,0,2,0,3,0,0
15208,1,6,867.62,20.177209302325583,1.0,2.0,2.5,0.0028814457942417187,72.30166666666666,Kitchen,317.82,United Kingdom,314,0.5,352,867.62,6,0,0,6,0,3,0,0
15210,225,1,331.18,16.559,0.0,0.0,0.0,0.0,27.598333333333333,Electronics,105.66,United Kingdom,228,0.08333333333333333,0,331.18,1,0,0,3,0,3,0,0
15211,60,2,894.4100000000001,17.20019230769231,0.0,0.0,0.0,0.0,74.53416666666668,Home Decor,174.75,United Kingdom,240,0.16666666666666666,304,894.4100000000001,2,0,0,5,0,3,0,0
15212,239,2,88.94999999999999,12.707142857142856,1.0,3.0,12.85,0.14446318156267568,7.412499999999999,Kitchen,38.55,United Kingdom,33,0.16666666666666666,1,88.94999999999999,2,0,0,6,2,2,0,2
15213,319,3,325.05,13.002,1.0,2.0,3.3,0.01015228426395939,27.087500000000002,Kitchen,191.55,United Kingdom,270,0.25,11,325.05,3,0,0,6,0,3,0,0
15214,2,8,1661.44,15.104000000000001,0.0,0.0,0.0,0.0,138.45333333333335,Stationery,305.94,United Kingdom,1254,0.6666666666666666,241,1661.44,8,0,0,9,0,3,0,0
15215,45,6,615.99,14.325348837209303,3.0,14.0,118.95,0.19310378415234014,51.3325,Crockery,132.55,United Kingdom,211,0.5,272,615.99,6,0,0,2,2,2,0,2
15216,88,1,96.6,48.3,0.0,0.0,0.0,0.0,8.049999999999999,Electronics,63.6,United Kingdom,28,0.08333333333333333,0,96.6,1,0,0,3,0,3,0,0
15218,11,11,5756.89,34.680060240963854,0.0,0.0,0.0,0.0,479.74083333333334,Other,1408.44,United Kingdom,3329,0.9166666666666666,308,5756.89,11,1,0,7,3,0,0,3
15219,176,1,305.75,33.97222222222222,0.0,0.0,0.0,0.0,25.479166666666668,Crockery,200.60000000000002,United Kingdom,45,0.08333333333333333,0,305.75,1,0,0,2,0,3,0,0
15220,52,7,1758.92,14.780840336134455,1.0,16.0,20.04,0.011393355013303618,146.57666666666668,Stationery,299.79,United Kingdom,1377,0.5833333333333334,229,1758.92,7,0,0,9,0,3,0,0
15222,319,1,585.0,117.0,0.0,0.0,0.0,0.0,48.75,Bags,310.0,United Kingdom,440,0.08333333333333333,0,585.0,1,0,0,1,3,3,0,3
15223,226,3,454.9,14.215625,1.0,115.0,300.84999999999997,0.6613541437678611,37.90833333333333,Kitchen,251.1,United Kingdom,98,0.25,23,454.9,3,0,0,6,1,1,-1,1
15224,358,3,310.48,19.405,1.0,2.0,11.6,0.03736150476681267,25.873333333333335,Kitchen,221.98,United Kingdom,150,0.25,4,310.48,3,0,0,6,0,3,0,0
15225,234,1,409.40000000000003,17.8,0.0,0.0,0.0,0.0,34.11666666666667,Home Decor,186.0,United Kingdom,226,0.08333333333333333,0,409.40000000000003,1,0,0,5,0,3,0,0
15226,311,1,154.41,19.30125,0.0,0.0,0.0,0.0,12.8675,Other,102.0,United Kingdom,71,0.08333333333333333,0,154.41,1,0,0,7,0,3,0,0
15227,37,5,1219.4,21.024137931034485,0.0,0.0,0.0,0.0,101.61666666666667,Home Decor,366.09000000000003,United Kingdom,750,0.4166666666666667,280,1219.4,5,0,0,5,0,3,0,0
15228,66,5,3376.96,26.801269841269843,1.0,3.0,9.75,0.002887212167156259,281.41333333333336,Kitchen,1278.81,United Kingdom,2252,0.4166666666666667,228,3376.96,5,0,0,6,0,3,0,0
15230,239,2,429.6,18.678260869565218,0.0,0.0,0.0,0.0,35.800000000000004,Home Decor,103.2,United Kingdom,351,0.16666666666666666,1,429.6,2,0,0,5,0,3,0,0
15232,113,2,612.06,19.743870967741934,0.0,0.0,0.0,0.0,51.004999999999995,Home Decor,186.56,United Kingdom,686,0.16666666666666666,27,612.06,2,0,0,5,0,3,0,0
15234,277,1,197.0,14.071428571428571,0.0,0.0,0.0,0.0,16.416666666666668,Kitchen,56.099999999999994,United Kingdom,196,0.08333333333333333,0,197.0,1,0,0,6,0,3,0,0
15235,218,12,2247.51,15.716853146853149,0.0,0.0,0.0,0.0,187.29250000000002,Kitchen,704.75,United Kingdom,1324,1.0,155,2247.51,12,1,0,6,0,3,0,0
15236,299,1,321.05,21.403333333333332,0.0,0.0,0.0,0.0,26.754166666666666,Kitchen,231.65,United Kingdom,269,0.08333333333333333,0,321.05,1,0,0,6,0,3,0,0
15237,2,4,1412.32,14.265858585858584,0.0,0.0,0.0,0.0,117.69333333333333,Home Decor,328.85,United Kingdom,1071,0.3333333333333333,225,1412.32,4,0,0,5,0,3,0,0
15238,29,5,1056.54,20.318076923076923,2.0,3.0,15.45,0.014623204043386904,88.045,Home Decor,290.59999999999997,United Kingdom,689,0.4166666666666667,154,1056.54,5,0,0,5,0,3,0,0
15239,10,3,764.34,14.698846153846155,1.0,3.0,16.25,0.02126017217468666,63.695,Home Decor,161.42000000000002,United Kingdom,591,0.25,68,764.34,3,0,0,5,0,3,0,0
15240,45,7,1685.57,20.308072289156627,2.0,8.0,21.0,0.012458693498341807,140.46416666666667,Kitchen,645.5,United Kingdom,1361,0.5833333333333334,326,1685.57,7,0,0,6,0,3,0,0
15241,67,9,1738.59,15.662972972972971,1.0,3.0,17.85,0.010266940451745381,144.8825,Kitchen,408.97,United Kingdom,1815,0.75,216,1738.59,9,0,0,6,0,3,0,0
15243,74,1,316.68,14.394545454545455,0.0,0.0,0.0,0.0,26.39,Kitchen,73.2,United Kingdom,185,0.08333333333333333,0,316.68,1,0,0,6,0,3,0,0
15244,65,2,631.57,18.57558823529412,0.0,0.0,0.0,0.0,52.630833333333335,Electronics,150.40000000000003,United Kingdom,405,0.16666666666666666,182,631.57,2,0,0,3,0,3,0,0
15245,134,3,2515.84,28.267865168539327,0.0,0.0,0.0,0.0,209.65333333333334,Home Decor,1143.06,United Kingdom,1784,0.25,127,2515.84,3,0,0,5,0,3,0,0
15246,238,2,514.15,15.58030303030303,0.0,0.0,0.0,0.0,42.84583333333333,Toys,90.30000000000001,United Kingdom,247,0.16666666666666666,120,514.15,2,0,0,12,0,3,0,0
15247,122,1,356.0,59.333333333333336,0.0,0.0,0.0,0.0,29.666666666666668,Electronics,239.6,United Kingdom,160,0.08333333333333333,0,356.0,1,0,0,3,0,3,0,0
15249,32,15,6657.36,18.595977653631284,2.0,20.0,31.1,0.004671521443935735,554.78,Kitchen,1388.22,United Kingdom,3557,1.25,224,6657.36,15,1,1,6,3,0,0,3
15251,9,15,10327.11,85.34801652892563,4.0,87.0,157.88,0.015287916948691355,860.5925000000001,Kitchen,3059.4900000000002,United Kingdom,6084,1.25,232,10327.11,15,1,1,6,3,0,-1,3
15252,36,2,740.78,16.83590909090909,0.0,0.0,0.0,0.0,61.73166666666666,Home Decor,194.7,United Kingdom,522,0.16666666666666666,146,740.78,2,0,0,5,0,3,0,0
15253,16,6,915.3,16.64181818181818,1.0,2.0,2.9,0.0031683601005134928,76.27499999999999,Other,225.72,United Kingdom,864,0.5,153,915.3,6,0,0,7,0,3,0,0
15254,127,1,300.36,16.686666666666667,0.0,0.0,0.0,0.0,25.03,Stationery,70.89,United Kingdom,275,0.08333333333333333,0,300.36,1,0,0,9,0,3,0,0
15255,67,1,890.85,18.95425531914894,0.0,0.0,0.0,0.0,74.2375,Home Decor,303.95,United Kingdom,489,0.08333333333333333,0,890.85,1,0,0,5,0,3,0,0
15256,149,1,98.45,16.408333333333335,0.0,0.0,0.0,0.0,8.204166666666667,Kitchen,48.05,United Kingdom,55,0.08333333333333333,0,98.45,1,0,0,6,0,3,0,0
15257,281,2,232.14999999999998,29.018749999999997,1.0,1.0,85.0,0.3661425802283007,19.34583333333333,Home Decor,119.80000000000001,United Kingdom,45,0.16666666666666666,2,232.14999999999998,2,0,0,5,1,1,-1,1
15258,169,2,623.16,18.328235294117647,0.0,0.0,0.0,0.0,51.93,Kitchen,363.95,United Kingdom,142,0.16666666666666666,48,623.16,2,0,0,6,0,3,0,0
15260,100,8,1780.77,22.830384615384617,1.0,24.0,30.0,0.01684664499065011,148.3975,Home Decor,565.59,United Kingdom,861,0.6666666666666666,272,1780.77,8,0,0,5,0,3,0,0
15261,135,1,254.82,13.41157894736842,0.0,0.0,0.0,0.0,21.235,Kitchen,140.7,United Kingdom,270,0.08333333333333333,0,254.82,1,0,0,6,0,3,0,0
15262,324,1,178.95000000000002,17.895000000000003,0.0,0.0,0.0,0.0,14.912500000000001,Home Decor,82.4,United Kingdom,73,0.08333333333333333,0,178.95000000000002,1,0,0,5,0,3,0,0
15263,107,1,156.51,13.042499999999999,0.0,0.0,0.0,0.0,13.042499999999999,Electronics,48.92,United Kingdom,89,0.08333333333333333,0,156.51,1,0,0,3,0,3,0,0
15264,64,1,393.74,17.11913043478261,0.0,0.0,0.0,0.0,32.81166666666667,Home Decor,167.36,United Kingdom,265,0.08333333333333333,0,393.74,1,0,0,5,0,3,0,0
15265,151,2,1506.1200000000001,18.36731707317073,0.0,0.0,0.0,0.0,125.51,Kitchen,307.6,United Kingdom,612,0.16666666666666666,84,1506.1200000000001,2,0,0,6,0,3,0,0
15266,338,1,119.3,19.883333333333333,0.0,0.0,0.0,0.0,9.941666666666666,Other,54.8,United Kingdom,18,0.08333333333333333,0,119.3,1,0,0,7,0,3,0,0
15267,22,5,1717.36,156.12363636363636,0.0,0.0,0.0,0.0,143.11333333333332,Seasonal,457.6,United Kingdom,944,0.4166666666666667,160,1717.36,5,0,0,8,3,3,-1,3
15269,24,1,408.8,204.4,0.0,0.0,0.0,0.0,34.06666666666667,Other,290.0,United Kingdom,26,0.08333333333333333,0,408.8,1,0,0,7,3,0,1,3
15270,16,9,2298.2,47.87916666666666,2.0,62.0,81.28999999999999,0.035371160038290834,191.51666666666665,Other,1094.3,United Kingdom,1459,0.75,294,2298.2,9,0,0,7,3,3,0,3
15271,7,16,2472.09,9.328641509433963,1.0,5.0,21.25,0.00859596535724832,206.00750000000002,Home Decor,537.02,United Kingdom,1246,1.3333333333333333,358,2472.09,16,1,1,5,0,3,0,0
15272,57,2,721.94,11.45936507936508,0.0,0.0,0.0,0.0,60.16166666666667,Kitchen,167.83,United Kingdom,310,0.16666666666666666,28,721.94,2,0,0,6,0,3,0,0
15274,4,2,716.57,15.246170212765959,0.0,0.0,0.0,0.0,59.71416666666667,Other,194.45,United Kingdom,619,0.16666666666666666,14,716.57,2,0,0,7,0,3,0,0
15275,31,2,609.19,14.50452380952381,1.0,1.0,5.95,0.009767067745695102,50.76583333333334,Kitchen,200.59,United Kingdom,497,0.16666666666666666,6,609.19,2,0,0,6,0,3,0,0
15276,66,1,128.63,2.6251020408163264,0.0,0.0,0.0,0.0,10.719166666666666,Kitchen,27.009999999999998,United Kingdom,61,0.08333333333333333,0,128.63,1,0,0,6,0,3,0,0
15277,47,1,255.89999999999998,21.325,0.0,0.0,0.0,0.0,21.325,Other,151.79999999999998,United Kingdom,205,0.08333333333333333,0,255.89999999999998,1,0,0,7,0,3,0,0
15279,355,2,277.40999999999997,13.209999999999999,1.0,4.0,13.100000000000001,0.047222522619948824,23.117499999999996,Home Decor,63.16,United Kingdom,185,0.16666666666666666,10,277.40999999999997,2,0,0,5,0,3,0,0
15280,172,1,113.12,7.07,0.0,0.0,0.0,0.0,9.426666666666668,Kitchen,39.72,United Kingdom,154,0.08333333333333333,0,113.12,1,0,0,6,0,3,0,0
15281,59,12,2239.9500000000003,14.933000000000002,3.0,18.0,92.2,0.04116163307216678,186.66250000000002,Kitchen,748.35,United Kingdom,1193,1.0,274,2239.9500000000003,12,1,0,6,0,3,0,0
15286,50,1,240.55,80.18333333333334,0.0,0.0,0.0,0.0,20.045833333333334,Storage,174.15,United Kingdom,55,0.08333333333333333,0,240.55,1,0,0,10,0,3,0,0
15287,22,3,485.24,23.106666666666666,1.0,1.0,1.45,0.002988212018794823,40.43666666666667,Storage,211.5,United Kingdom,432,0.25,48,485.24,3,0,0,10,0,3,0,0
15288,43,5,2306.52,26.210454545454546,0.0,0.0,0.0,0.0,192.21,Kitchen,849.0500000000001,United Kingdom,775,0.4166666666666667,322,2306.52,5,0,0,6,0,3,0,0
15289,29,4,935.1,15.849152542372881,1.0,12.0,4.68,0.005004812319538017,77.925,Kitchen,284.76,United Kingdom,996,0.3333333333333333,220,935.1,4,0,0,6,0,3,0,0
15290,5,21,7803.7699999999995,36.8102358490566,3.0,70.0,139.45,0.01786956817025617,650.3141666666667,Kitchen,1606.83,United Kingdom,4431,1.75,354,7803.7699999999995,21,1,1,6,3,0,-1,3
15291,26,20,4596.51,42.16981651376147,5.0,29.0,71.79,0.015618371329552204,383.0425,Other,1539.63,United Kingdom,2074,1.6666666666666667,348,4596.51,20,1,1,7,3,0,-1,3
15292,201,1,178.39,7.432916666666666,0.0,0.0,0.0,0.0,14.865833333333333,Other,44.19,United Kingdom,55,0.08333333333333333,0,178.39,1,0,0,7,0,3,0,0
15296,44,10,3610.31,18.05155,4.0,9.0,62.550000000000004,0.017325382030905934,300.8591666666667,Kitchen,891.4,United Kingdom,1757,0.8333333333333334,282,3610.31,10,0,0,6,0,3,0,0
15297,10,4,635.04,15.488780487804878,1.0,2.0,6.9,0.010865457294028723,52.919999999999995,Kitchen,184.21,United Kingdom,290,0.3333333333333333,53,635.04,4,0,0,6,0,3,0,0
15298,2,14,3774.1,19.454123711340205,2.0,364.0,1025.8,0.27179989931374365,314.5083333333333,Electronics,1130.76,United Kingdom,2752,1.1666666666666667,364,3774.1,14,1,1,3,1,1,-1,1
15299,67,11,3787.09,315.59083333333336,4.0,8.0,719.92,0.1900984661045816,315.59083333333336,Electronics,1304.96,United Kingdom,2940,0.9166666666666666,304,3787.09,11,1,0,3,2,0,-1,2
15300,64,1,496.44,17.73,0.0,0.0,0.0,0.0,41.37,Kitchen,221.15,United Kingdom,292,0.08333333333333333,0,496.44,1,0,0,6,0,3,0,0
15301,51,14,5007.72,20.35658536585366,2.0,7.0,42.23,0.008432979479683368,417.31,Kitchen,1712.09,United Kingdom,2744,1.1666666666666667,317,5007.72,14,1,1,6,3,0,0,3
15303,290,1,574.02,18.516774193548386,0.0,0.0,0.0,0.0,47.835,Home Decor,163.48000000000002,United Kingdom,248,0.08333333333333333,0,574.02,1,0,0,5,0,3,0,0
15304,61,10,680.3000000000001,26.165384615384617,2.0,4.0,14.1,0.020726150227840655,56.69166666666667,Kitchen,511.2,United Kingdom,100,0.8333333333333334,307,680.3000000000001,10,0,0,6,0,3,0,0
15306,64,3,1174.35,20.247413793103448,0.0,0.0,0.0,0.0,97.8625,Other,372.42,United Kingdom,810,0.25,83,1174.35,3,0,0,7,0,3,0,0
15307,96,1,205.3,17.108333333333334,0.0,0.0,0.0,0.0,17.108333333333334,Storage,117.30000000000001,United Kingdom,37,0.08333333333333333,0,205.3,1,0,0,10,0,3,0,0
15308,271,2,302.27,14.393809523809523,1.0,2.0,8.2,0.027128064313362225,25.189166666666665,Home Decor,86.17,United Kingdom,173,0.16666666666666666,3,302.27,2,0,0,5,0,3,0,0
15312,75,5,921.1,19.189583333333335,1.0,3.0,3.75,0.004071219194441428,76.75833333333334,Home Decor,273.25,United Kingdom,513,0.4166666666666667,279,921.1,5,0,0,5,0,3,0,0
15313,110,1,52.0,52.0,0.0,0.0,0.0,0.0,4.333333333333333,Kitchen,52.0,United Kingdom,25,0.08333333333333333,0,52.0,1,0,0,6,0,3,0,0
15314,199,1,327.97,13.665416666666667,0.0,0.0,0.0,0.0,27.330833333333334,Home Decor,73.37,United Kingdom,313,0.08333333333333333,0,327.97,1,0,0,5,0,3,0,0
15315,64,3,551.54,14.514210526315788,1.0,24.0,18.96,0.03437647314791312,45.961666666666666,Home Decor,271.08,United Kingdom,838,0.25,51,551.54,3,0,0,5,0,3,0,0
15316,327,1,165.0,165.0,0.0,0.0,0.0,0.0,13.75,Bags,165.0,United Kingdom,100,0.08333333333333333,0,165.0,1,0,0,1,3,0,2,3
15318,4,1,312.62,9.473333333333333,0.0,0.0,0.0,0.0,26.051666666666666,Stationery,71.64,United Kingdom,642,0.08333333333333333,0,312.62,1,0,0,9,0,3,0,0
15319,284,1,204.5,12.78125,0.0,0.0,0.0,0.0,17.041666666666668,Other,84.2,United Kingdom,175,0.08333333333333333,0,204.5,1,0,0,7,0,3,0,0
15320,44,1,267.13,7.420277777777778,0.0,0.0,0.0,0.0,22.260833333333334,Home Decor,80.58999999999999,United Kingdom,326,0.08333333333333333,0,267.13,1,0,0,5,0,3,0,0
15321,49,4,2663.48,25.36647619047619,1.0,17.0,84.83000000000001,0.03184930992536081,221.95666666666668,Home Decor,648.77,United Kingdom,1164,0.3333333333333333,242,2663.48,4,0,0,5,0,3,0,0
15322,64,2,602.97,12.305510204081633,1.0,51.0,76.71,0.12722025971441364,50.2475,Home Decor,183.48,United Kingdom,365,0.16666666666666666,21,602.97,2,0,0,5,2,2,0,2
15325,104,1,161.74,3.3695833333333334,0.0,0.0,0.0,0.0,13.478333333333333,Home Decor,38.79,United Kingdom,231,0.08333333333333333,0,161.74,1,0,0,5,0,3,0,0
15326,334,1,311.71,10.748620689655171,0.0,0.0,0.0,0.0,25.97583333333333,Stationery,107.88,United Kingdom,386,0.08333333333333333,0,311.71,1,0,0,9,0,3,0,0
15327,53,1,208.75,20.875,0.0,0.0,0.0,0.0,17.395833333333332,Kitchen,101.05,United Kingdom,116,0.08333333333333333,0,208.75,1,0,0,6,0,3,0,0
15329,35,5,1005.5,16.217741935483872,2.0,10.0,44.2,0.04395822973644953,83.79166666666667,Kitchen,283.0,United Kingdom,476,0.4166666666666667,329,1005.5,5,0,0,6,0,3,0,0
15330,32,2,714.96,54.99692307692308,0.0,0.0,0.0,0.0,59.580000000000005,Storage,254.4,United Kingdom,1312,0.16666666666666666,28,714.96,2,0,0,10,0,3,0,0
15332,366,4,1661.06,47.45885714285714,0.0,0.0,0.0,0.0,138.42166666666665,Toys,593.16,Lithuania,652,0.3333333333333333,3,1661.06,4,0,0,12,0,3,0,0
15333,208,1,1028.56,64.285,0.0,0.0,0.0,0.0,85.71333333333332,Toys,747.31,United Kingdom,344,0.08333333333333333,0,1028.56,1,0,0,12,0,3,0,0
15334,157,3,350.82,3.579795918367347,0.0,0.0,0.0,0.0,29.235,Home Decor,112.51,United Kingdom,273,0.25,16,350.82,3,0,0,5,0,3,0,0
15335,54,1,170.22,4.863428571428571,0.0,0.0,0.0,0.0,14.185,Home Decor,63.92,United Kingdom,79,0.08333333333333333,0,170.22,1,0,0,5,0,3,0,0
15339,66,3,557.57,6.336022727272728,1.0,2.0,16.5,0.029592696881109097,46.46416666666667,Home Decor,190.31,United Kingdom,414,0.25,251,557.57,3,0,0,5,0,3,0,0
15341,81,1,2020.52,118.85411764705883,0.0,0.0,0.0,0.0,168.37666666666667,Bags,358.0,United Kingdom,812,0.08333333333333333,0,2020.52,1,0,0,1,3,3,0,3
15342,116,2,391.76,15.067692307692308,1.0,7.0,14.33,0.03657851745966919,32.64666666666667,Storage,101.69999999999999,United Kingdom,276,0.16666666666666666,13,391.76,2,0,0,10,0,3,0,0
15343,87,1,364.5,17.357142857142858,0.0,0.0,0.0,0.0,30.375,Other,83.9,United Kingdom,84,0.08333333333333333,0,364.5,1,0,0,7,0,3,0,0
15344,1,5,476.58,14.893125,2.0,10.0,87.35999999999999,0.18330605564648114,39.714999999999996,Home Decor,207.99,United Kingdom,106,0.4166666666666667,73,476.58,5,0,0,5,2,2,0,2
15345,35,2,367.69,15.986521739130435,1.0,3.0,25.85,0.07030378851750116,30.640833333333333,Other,120.15,United Kingdom,78,0.16666666666666666,10,367.69,2,0,0,7,2,3,0,2
15346,333,1,252.42000000000002,14.848235294117648,0.0,0.0,0.0,0.0,21.035,Kitchen,80.0,United Kingdom,144,0.08333333333333333,0,252.42000000000002,1,0,0,6,0,3,0,0
15347,366,1,201.60000000000002,40.32000000000001,0.0,0.0,0.0,0.0,16.8,Kitchen,201.60000000000002,United Kingdom,130,0.08333333333333333,0,201.60000000000002,1,0,0,6,0,3,0,0
15348,72,1,158.04,17.56,0.0,0.0,0.0,0.0,13.17,Toys,102.6,United Kingdom,84,0.08333333333333333,0,158.04,1,0,0,12,0,3,0,0
15349,158,2,463.90999999999997,6.533943661971831,0.0,0.0,0.0,0.0,38.659166666666664,Home Decor,176.86,United Kingdom,321,0.16666666666666666,29,463.90999999999997,2,0,0,5,0,3,0,0
15351,12,10,1836.69,8.09114537444934,3.0,21.0,97.97,0.05334052017487981,153.0575,Storage,455.68,United Kingdom,721,0.8333333333333334,357,1836.69,10,0,0,10,0,3,0,0
15353,255,2,770.12,12.624918032786885,0.0,0.0,0.0,0.0,64.17666666666666,Kitchen,369.8,United Kingdom,341,0.16666666666666666,113,770.12,2,0,0,6,0,3,0,0
15355,29,2,277.05,19.789285714285715,0.0,0.0,0.0,0.0,23.087500000000002,Other,136.85,United Kingdom,45,0.16666666666666666,23,277.05,2,0,0,7,0,3,0,0
15356,31,10,2718.03,5.446953907815631,0.0,0.0,0.0,0.0,226.50250000000003,Home Decor,1194.26,United Kingdom,1643,0.8333333333333334,336,2718.03,10,0,0,5,0,3,0,0
15358,5,29,8235.65,14.706517857142856,7.0,122.0,111.55000000000001,0.013544771815217987,686.3041666666667,Kitchen,1892.24,United Kingdom,6928,2.4166666666666665,360,8235.65,29,1,1,6,3,0,-1,3
15360,40,1,427.93,32.917692307692306,0.0,0.0,0.0,0.0,35.660833333333336,Electronics,93.6,United Kingdom,223,0.08333333333333333,0,427.93,1,0,0,3,0,3,0,0
15361,362,1,418.92,59.84571428571429,0.0,0.0,0.0,0.0,34.910000000000004,Electronics,348.72,United Kingdom,336,0.08333333333333333,0,418.92,1,0,0,3,0,3,0,0
15363,241,2,318.05,18.708823529411767,1.0,1.0,7.95,0.024996069800345858,26.504166666666666,Electronics,84.9,United Kingdom,143,0.16666666666666666,131,318.05,2,0,0,3,0,3,0,0
15364,96,2,913.19,31.489310344827587,0.0,0.0,0.0,0.0,76.09916666666668,Home Decor,321.32000000000005,United Kingdom,493,0.16666666666666666,158,913.19,2,0,0,5,0,3,0,0
15366,75,2,602.51,13.69340909090909,0.0,0.0,0.0,0.0,50.20916666666667,Stationery,159.24,United Kingdom,621,0.16666666666666666,282,602.51,2,0,0,9,0,3,0,0
15367,57,5,1867.69,19.45510416666667,1.0,2.0,9.9,0.0053006655280051825,155.64083333333335,Kitchen,483.03000000000003,United Kingdom,1055,0.4166666666666667,218,1867.69,5,0,0,6,0,3,0,0
15368,21,1,446.94000000000005,111.73500000000001,0.0,0.0,0.0,0.0,37.245000000000005,Home Decor,295.74,United Kingdom,230,0.08333333333333333,0,446.94000000000005,1,0,0,5,3,3,0,3
15370,41,8,2360.55,24.847894736842107,1.0,2.0,25.5,0.010802567198322423,196.7125,Crockery,522.88,United Kingdom,828,0.6666666666666666,291,2360.55,8,0,0,2,0,3,0,0
15372,137,1,2007.3999999999999,74.34814814814814,0.0,0.0,0.0,0.0,167.28333333333333,Kitchen,707.6800000000001,United Kingdom,2924,0.08333333333333333,0,2007.3999999999999,1,0,0,6,3,3,-1,3
15373,8,13,2213.11,16.154087591240877,1.0,24.0,202.79999999999998,0.09163575240272737,184.42583333333334,Kitchen,1168.75,United Kingdom,476,1.0833333333333333,363,2213.11,13,1,1,6,2,2,0,2
15374,129,1,168.0,56.0,0.0,0.0,0.0,0.0,14.0,Crockery,91.8,United Kingdom,126,0.08333333333333333,0,168.0,1,0,0,2,0,3,0,0
15376,40,3,1221.56,10.530689655172413,0.0,0.0,0.0,0.0,101.79666666666667,Crockery,266.14,United Kingdom,615,0.25,182,1221.56,3,0,0,2,0,3,0,0
15379,169,8,3631.8900000000003,18.530051020408166,1.0,12.0,71.4,0.019659185713223695,302.6575,Home Decor,903.0500000000001,United Kingdom,2293,0.6666666666666666,189,3631.8900000000003,8,0,0,5,0,3,0,0
15380,9,6,1682.3600000000001,45.469189189189194,1.0,2.0,7.9,0.004695784493211916,140.1966666666667,Electronics,1433.5400000000002,United Kingdom,374,0.5,356,1682.3600000000001,6,0,0,3,0,3,0,0
15381,214,2,596.85,74.60625,0.0,0.0,0.0,0.0,49.737500000000004,Other,423.75,United Kingdom,171,0.16666666666666666,54,596.85,2,0,0,7,0,3,0,0
15382,15,8,5927.86,19.372091503267974,2.0,9.0,27.849999999999998,0.004698154139942576,493.9883333333333,Other,978.31,United Kingdom,4003,0.6666666666666666,280,5927.86,8,0,0,7,3,3,0,3
15384,170,3,635.76,14.785116279069767,1.0,3.0,6.65,0.010459921983138292,52.98,Kitchen,148.5,United Kingdom,593,0.25,202,635.76,3,0,0,6,0,3,0,0
15385,40,1,316.88,26.406666666666666,0.0,0.0,0.0,0.0,26.406666666666666,Electronics,203.52,United Kingdom,161,0.08333333333333333,0,316.88,1,0,0,3,0,3,0,0
15386,186,1,394.14,12.714193548387096,0.0,0.0,0.0,0.0,32.845,Stationery,122.64,United Kingdom,446,0.08333333333333333,0,394.14,1,0,0,9,0,3,0,0
15388,270,1,140.54,14.053999999999998,0.0,0.0,0.0,0.0,11.711666666666666,Home Decor,36.92,Canada,88,0.08333333333333333,0,140.54,1,0,0,5,0,3,0,0
15392,5,5,1515.73,17.832117647058823,1.0,12.0,19.799999999999997,0.013063012541811534,126.31083333333333,Home Decor,230.48999999999998,United Kingdom,1265,0.4166666666666667,355,1515.73,5,0,0,5,0,3,0,0
15393,16,2,231.86,19.32166666666667,0.0,0.0,0.0,0.0,19.32166666666667,Electronics,164.60000000000002,United Kingdom,150,0.16666666666666666,264,231.86,2,0,0,3,0,3,0,0
15394,10,4,2183.54,25.68870588235294,0.0,0.0,0.0,0.0,181.96166666666667,Kitchen,628.56,United Kingdom,910,0.3333333333333333,348,2183.54,4,0,0,6,0,3,0,0
15395,326,1,107.45,15.35,0.0,0.0,0.0,0.0,8.954166666666667,Kitchen,73.7,United Kingdom,17,0.08333333333333333,0,107.45,1,0,0,6,0,3,0,0
15396,113,1,288.18,20.584285714285716,0.0,0.0,0.0,0.0,24.015,Stationery,97.88,United Kingdom,122,0.08333333333333333,0,288.18,1,0,0,9,0,3,0,0
15397,290,1,94.0,15.666666666666666,0.0,0.0,0.0,0.0,7.833333333333333,Crockery,49.85,United Kingdom,20,0.08333333333333333,0,94.0,1,0,0,2,0,3,0,0
15398,16,3,1339.63,18.10310810810811,1.0,2.0,5.9,0.004404201160021797,111.63583333333334,Kitchen,291.25,United Kingdom,767,0.25,62,1339.63,3,0,0,6,0,3,0,0
15399,1,3,815.77,16.3154,0.0,0.0,0.0,0.0,67.98083333333334,Stationery,225.0,United Kingdom,611,0.25,77,815.77,3,0,0,9,0,3,0,0
15400,92,6,666.7,51.284615384615385,1.0,30.0,49.5,0.07424628768561571,55.55833333333334,Other,329.8,United Kingdom,360,0.5,186,666.7,6,0,0,7,2,3,0,2
15402,149,2,626.77,14.923095238095238,0.0,0.0,0.0,0.0,52.23083333333333,Other,188.82999999999998,United Kingdom,694,0.16666666666666666,47,626.77,2,0,0,7,0,3,0,0
15405,189,1,349.1,43.6375,0.0,0.0,0.0,0.0,29.09166666666667,Electronics,112.16000000000001,United Kingdom,193,0.08333333333333333,0,349.1,1,0,0,3,0,3,0,0
15406,18,4,426.61,7.355344827586207,2.0,18.0,84.1,0.19713555706617283,35.55083333333334,Home Decor,148.33,United Kingdom,236,0.3333333333333333,282,426.61,4,0,0,5,2,2,0,2
15407,34,4,1046.74,7.072567567567567,0.0,0.0,0.0,0.0,87.22833333333334,Other,379.94,United Kingdom,552,0.3333333333333333,271,1046.74,4,0,0,7,0,3,0,0
15408,264,1,267.18,7.858235294117647,0.0,0.0,0.0,0.0,22.265,Home Decor,100.28,United Kingdom,106,0.08333333333333333,0,267.18,1,0,0,5,0,3,0,0
15410,84,8,3450.84,28.285573770491805,0.0,0.0,0.0,0.0,287.57,Crockery,890.2,United Kingdom,1200,0.6666666666666666,177,3450.84,8,0,0,2,0,3,0,0
15411,26,5,1336.43,13.49929292929293,1.0,2.0,12.5,0.009353277014134671,111.36916666666667,Home Decor,307.08,United Kingdom,527,0.4166666666666667,156,1336.43,5,0,0,5,0,3,0,0
15412,171,1,190.53,19.053,0.0,0.0,0.0,0.0,15.8775,Kitchen,111.9,United Kingdom,108,0.08333333333333333,0,190.53,1,0,0,6,0,3,0,0
15414,10,3,774.9000000000001,19.86923076923077,0.0,0.0,0.0,0.0,64.575,Toys,137.40000000000003,United Kingdom,443,0.25,232,774.9000000000001,3,0,0,12,0,3,0,0
15415,313,1,559.61,11.906595744680851,0.0,0.0,0.0,0.0,46.634166666666665,Home Decor,118.61000000000001,United Kingdom,551,0.08333333333333333,0,559.61,1,0,0,5,0,3,0,0
15416,65,5,3974.37,20.592590673575128,1.0,1.0,9.95,0.002503541441788258,331.1975,Home Decor,1086.13,United Kingdom,2089,0.4166666666666667,218,3974.37,5,0,0,5,0,3,0,0
15417,85,1,508.8,18.17142857142857,0.0,0.0,0.0,0.0,42.4,Bags,290.5,United Kingdom,284,0.08333333333333333,0,508.8,1,0,0,1,0,3,0,0
15419,25,1,135.86,16.9825,0.0,0.0,0.0,0.0,11.321666666666667,Other,61.2,United Kingdom,230,0.08333333333333333,0,135.86,1,0,0,7,0,3,0,0
15421,59,4,950.36,17.93132075471698,0.0,0.0,0.0,0.0,79.19666666666667,Bags,204.1,United Kingdom,500,0.3333333333333333,251,950.36,4,0,0,1,0,3,0,0
15422,323,2,97.7,16.283333333333335,0.0,0.0,0.0,0.0,8.141666666666667,Kitchen,97.7,United Kingdom,38,0.16666666666666666,0,97.7,2,0,0,6,0,3,0,0
15423,38,1,43.5,21.75,0.0,0.0,0.0,0.0,3.625,Other,43.5,United Kingdom,101,0.08333333333333333,0,43.5,1,0,0,7,0,3,0,0
15424,254,2,383.34,22.54941176470588,0.0,0.0,0.0,0.0,31.944999999999997,Kitchen,75.42,United Kingdom,554,0.16666666666666666,0,383.34,2,0,0,6,0,3,0,0
15426,19,7,1386.58,4.899575971731449,2.0,11.0,17.49,0.012613769129801382,115.54833333333333,Home Decor,620.81,United Kingdom,645,0.5833333333333334,350,1386.58,7,0,0,5,0,3,0,0
15427,33,3,1430.54,4.899109589041096,0.0,0.0,0.0,0.0,119.21166666666666,Home Decor,352.07,United Kingdom,967,0.25,13,1430.54,3,0,0,5,0,3,0,0
15428,15,1,93.78,15.63,0.0,0.0,0.0,0.0,7.815,Home Decor,35.879999999999995,United Kingdom,102,0.08333333333333333,0,93.78,1,0,0,5,0,3,0,0
15429,27,3,364.9,4.396385542168675,1.0,11.0,32.45,0.08892847355439848,30.40833333333333,Other,118.82000000000001,United Kingdom,369,0.25,48,364.9,3,0,0,7,2,3,0,2
15432,23,1,171.19,17.119,0.0,0.0,0.0,0.0,14.265833333333333,Home Decor,91.2,United Kingdom,65,0.08333333333333333,0,171.19,1,0,0,5,0,3,0,0
15433,79,3,417.87,7.88433962264151,1.0,135.0,115.42999999999999,0.2762342355277957,34.8225,Bags,140.15,United Kingdom,399,0.25,188,417.87,3,0,0,1,1,1,-1,1
15434,8,6,997.48,16.906440677966103,1.0,9.0,44.0,0.044111160123511246,83.12333333333333,Storage,390.45000000000005,United Kingdom,638,0.5,191,997.48,6,0,0,10,0,3,0,0
15435,22,1,149.29,5.147931034482759,0.0,0.0,0.0,0.0,12.440833333333332,Kitchen,100.2,United Kingdom,54,0.08333333333333333,0,149.29,1,0,0,6,0,3,0,0
15436,12,3,1067.75,3.6692439862542954,0.0,0.0,0.0,0.0,88.97916666666667,Kitchen,220.22,United Kingdom,574,0.25,221,1067.75,3,0,0,6,0,3,0,0
15437,262,1,200.16,4.4479999999999995,0.0,0.0,0.0,0.0,16.68,Kitchen,52.05,United Kingdom,79,0.08333333333333333,0,200.16,1,0,0,6,0,3,0,0
15438,131,1,156.57999999999998,6.263199999999999,0.0,0.0,0.0,0.0,13.048333333333332,Home Decor,58.63,United Kingdom,59,0.08333333333333333,0,156.57999999999998,1,0,0,5,0,3,0,0
15440,55,3,383.68,6.188387096774194,0.0,0.0,0.0,0.0,31.973333333333333,Other,91.89,United Kingdom,197,0.25,154,383.68,3,0,0,7,0,3,0,0
15442,249,1,594.0,297.0,0.0,0.0,0.0,0.0,49.5,Other,594.0,United Kingdom,120,0.08333333333333333,0,594.0,1,0,0,7,3,0,-1,3
15443,2,8,3188.84,8.503573333333334,1.0,3.0,24.75,0.007761443032576109,265.7366666666667,Home Decor,637.54,United Kingdom,1636,0.6666666666666666,318,3188.84,8,0,0,5,0,3,0,0
15444,9,2,1411.21,6.594439252336449,0.0,0.0,0.0,0.0,117.60083333333334,Home Decor,320.77,United Kingdom,759,0.16666666666666666,31,1411.21,2,0,0,5,0,3,0,0
15445,264,1,113.5,22.7,0.0,0.0,0.0,0.0,9.458333333333334,Stationery,38.1,United Kingdom,58,0.08333333333333333,0,113.5,1,0,0,9,0,3,0,0
15447,331,1,155.17,17.24111111111111,0.0,0.0,0.0,0.0,12.930833333333332,Electronics,55.4,United Kingdom,85,0.08333333333333333,0,155.17,1,0,0,3,0,3,0,0
15448,313,1,494.64,17.665714285714284,0.0,0.0,0.0,0.0,41.22,Home Decor,123.52,United Kingdom,232,0.08333333333333333,0,494.64,1,0,0,5,0,3,0,0
15449,26,5,971.22,15.66483870967742,2.0,2.0,3.3,0.003397788348674862,80.935,Kitchen,317.55,United Kingdom,810,0.4166666666666667,235,971.22,5,0,0,6,0,3,0,0
15450,30,1,429.84,14.328,0.0,0.0,0.0,0.0,35.82,Home Decor,117.2,United Kingdom,376,0.08333333333333333,0,429.84,1,0,0,5,0,3,0,0
15452,30,3,528.48,9.437142857142858,0.0,0.0,0.0,0.0,44.04,Home Decor,183.60000000000002,United Kingdom,280,0.25,234,528.48,3,0,0,5,0,3,0,0
15453,2,7,1371.77,4.91673835125448,0.0,0.0,0.0,0.0,114.31416666666667,Home Decor,748.7,United Kingdom,837,0.5833333333333334,185,1371.77,7,0,0,5,0,3,0,0
15454,362,1,179.1,7.164,0.0,0.0,0.0,0.0,14.924999999999999,Other,64.55,United Kingdom,86,0.08333333333333333,0,179.1,1,0,0,7,0,3,0,0
15456,283,3,434.59000000000003,7.492931034482759,0.0,0.0,0.0,0.0,36.215833333333336,Home Decor,156.29000000000002,United Kingdom,633,0.25,75,434.59000000000003,3,0,0,5,0,3,0,0
15457,262,1,237.07,4.087413793103448,0.0,0.0,0.0,0.0,19.75583333333333,Home Decor,110.86,United Kingdom,132,0.08333333333333333,0,237.07,1,0,0,5,0,3,0,0
15458,25,1,161.64,23.09142857142857,0.0,0.0,0.0,0.0,13.469999999999999,Kitchen,58.31999999999999,United Kingdom,156,0.08333333333333333,0,161.64,1,0,0,6,0,3,0,0
15460,354,1,214.26,3.8260714285714283,0.0,0.0,0.0,0.0,17.855,Kitchen,63.86,United Kingdom,107,0.08333333333333333,0,214.26,1,0,0,6,0,3,0,0
15462,94,3,234.6,21.327272727272728,0.0,0.0,0.0,0.0,19.55,Kitchen,120.0,United Kingdom,172,0.25,92,234.6,3,0,0,6,0,3,0,0
15463,29,1,126.14,18.02,0.0,0.0,0.0,0.0,10.511666666666667,Home Decor,58.5,United Kingdom,106,0.08333333333333333,0,126.14,1,0,0,5,0,3,0,0
15464,338,1,1044.65,6.739677419354839,0.0,0.0,0.0,0.0,87.05416666666667,Kitchen,290.94,United Kingdom,348,0.08333333333333333,0,1044.65,1,0,0,6,0,3,0,0
15465,20,24,6945.0199999999995,66.77903846153846,6.0,40.0,409.59999999999997,0.058977511943810096,578.7516666666667,Kitchen,4323.15,United Kingdom,1217,2.0,349,6945.0199999999995,24,1,1,6,3,0,-1,3
15466,85,1,334.53,5.868947368421052,0.0,0.0,0.0,0.0,27.877499999999998,Other,83.86,United Kingdom,246,0.08333333333333333,0,334.53,1,0,0,7,0,3,0,0
15467,9,4,511.88,9.658113207547169,1.0,4.0,13.0,0.025396577322810032,42.656666666666666,Home Decor,184.63,United Kingdom,306,0.3333333333333333,142,511.88,4,0,0,5,0,3,0,0
15468,35,5,438.46,15.119310344827586,3.0,5.0,29.05,0.06625461843725768,36.538333333333334,Home Decor,158.36,United Kingdom,150,0.4166666666666667,325,438.46,5,0,0,5,2,3,0,2
15469,43,4,504.5,18.685185185185187,2.0,3.0,34.05,0.06749256689791873,42.041666666666664,Home Decor,126.0,United Kingdom,150,0.3333333333333333,77,504.5,4,0,0,5,2,3,0,2
15471,2,1,454.48,6.225753424657534,0.0,0.0,0.0,0.0,37.873333333333335,Other,124.97,United Kingdom,256,0.08333333333333333,0,454.48,1,0,0,7,0,3,0,0
15472,113,1,371.56,4.888947368421053,0.0,0.0,0.0,0.0,30.963333333333335,Home Decor,238.47,United Kingdom,251,0.08333333333333333,0,371.56,1,0,0,5,0,3,0,0
15473,14,10,1465.2,104.65714285714286,3.0,120.0,306.0,0.20884520884520885,122.10000000000001,Stationery,1122.0,United Kingdom,552,0.8333333333333334,46,1465.2,10,0,0,9,2,1,-1,2
15475,77,1,454.10999999999996,15.658965517241377,0.0,0.0,0.0,0.0,37.842499999999994,Home Decor,116.46,United Kingdom,319,0.08333333333333333,0,454.10999999999996,1,0,0,5,0,3,0,0
15478,40,2,1399.92,31.816363636363636,0.0,0.0,0.0,0.0,116.66000000000001,Home Decor,435.49,United Kingdom,575,0.16666666666666666,16,1399.92,2,0,0,5,0,3,0,0
15480,116,1,905.5,20.122222222222224,0.0,0.0,0.0,0.0,75.45833333333333,Kitchen,374.5,Malta,303,0.08333333333333333,0,905.5,1,0,0,6,0,3,0,0
15483,161,4,225.26,2.6816666666666666,0.0,0.0,0.0,0.0,18.771666666666665,Kitchen,53.92,United Kingdom,291,0.3333333333333333,105,225.26,4,0,0,6,0,3,0,0
15484,1,5,3559.21,18.931968085106384,1.0,16.0,31.2,0.008765990205691711,296.60083333333336,Stationery,720.14,United Kingdom,3134,0.4166666666666667,77,3559.21,5,0,0,9,0,3,0,0
15485,30,3,2564.5,30.17058823529412,0.0,0.0,0.0,0.0,213.70833333333334,Stationery,864.14,United Kingdom,1281,0.25,343,2564.5,3,0,0,9,0,3,0,0
15488,93,1,91.32000000000001,45.660000000000004,0.0,0.0,0.0,0.0,7.61,Electronics,76.32000000000001,United Kingdom,73,0.08333333333333333,0,91.32000000000001,1,0,0,3,0,3,0,0
15489,23,4,1090.03,19.818727272727273,1.0,15.0,44.25000000000001,0.04059521297578966,90.83583333333333,Crockery,359.55,United Kingdom,593,0.3333333333333333,188,1090.03,4,0,0,2,0,3,0,0
15491,95,7,3090.85,19.940967741935484,1.0,22.0,9.24,0.002989468916317518,257.5708333333333,Home Decor,1060.76,United Kingdom,1624,0.5833333333333334,140,3090.85,7,0,0,5,0,3,0,0
15492,28,2,659.4599999999999,18.841714285714282,0.0,0.0,0.0,0.0,54.95499999999999,Stationery,127.8,United Kingdom,483,0.16666666666666666,46,659.4599999999999,2,0,0,9,0,3,0,0
15493,33,7,1918.8600000000001,6.594020618556701,2.0,5.0,34.55,0.01800548242185464,159.905,Kitchen,575.06,United Kingdom,546,0.5833333333333334,238,1918.8600000000001,7,0,0,6,0,3,0,0
15494,21,2,1280.58,10.49655737704918,0.0,0.0,0.0,0.0,106.71499999999999,Other,341.46999999999997,United Kingdom,1139,0.16666666666666666,99,1280.58,2,0,0,7,0,3,0,0
15497,18,3,1259.7,78.73125,1.0,2.0,2.5,0.001984599507819322,104.97500000000001,Home Decor,546.3,United Kingdom,622,0.25,302,1259.7,3,0,0,5,0,3,0,0
15498,1,35,12396.46,23.702600382409177,8.0,21.0,919.94,0.07420989540562388,1033.0383333333332,Kitchen,2866.7,United Kingdom,6084,2.9166666666666665,366,12396.46,35,1,1,6,3,0,-1,3
15500,8,4,1131.56,16.640588235294118,0.0,0.0,0.0,0.0,94.29666666666667,Other,289.6,United Kingdom,572,0.3333333333333333,73,1131.56,4,0,0,7,0,3,0,0
15503,363,1,141.04,2.1369696969696967,0.0,0.0,0.0,0.0,11.753333333333332,Kitchen,51.269999999999996,United Kingdom,70,0.08333333333333333,0,141.04,1,0,0,6,0,3,0,0
15504,81,1,52.83,4.063846153846153,0.0,0.0,0.0,0.0,4.4025,Textiles,30.75,United Kingdom,33,0.08333333333333333,0,52.83,1,0,0,11,0,3,0,0
15505,53,7,3497.14,35.32464646464646,2.0,42.0,113.82000000000001,0.032546595217806555,291.42833333333334,Kitchen,751.98,United Kingdom,2348,0.5833333333333334,102,3497.14,7,0,0,6,3,3,0,3
15506,23,3,972.08,6.03776397515528,0.0,0.0,0.0,0.0,81.00666666666667,Home Decor,213.26,United Kingdom,842,0.25,116,972.08,3,0,0,5,0,3,0,0
15507,172,1,475.86,10.574666666666667,0.0,0.0,0.0,0.0,39.655,Home Decor,161.44,United Kingdom,160,0.08333333333333333,0,475.86,1,0,0,5,0,3,0,0
15508,189,6,1000.27,10.8725,0.0,0.0,0.0,0.0,83.35583333333334,Kitchen,406.08,United Kingdom,440,0.5,46,1000.27,6,0,0,6,0,3,0,0
15510,331,1,250.0,250.0,0.0,0.0,0.0,0.0,20.833333333333332,Stationery,250.0,United Kingdom,2,0.08333333333333333,0,250.0,1,0,0,9,3,0,-1,3
15511,12,5,900.53,5.699556962025317,0.0,0.0,0.0,0.0,75.04416666666667,Kitchen,272.48,United Kingdom,269,0.4166666666666667,73,900.53,5,0,0,6,0,3,0,0
15512,156,2,121.0,17.285714285714285,0.0,0.0,0.0,0.0,10.083333333333334,Seasonal,25.0,United Kingdom,68,0.16666666666666666,203,121.0,2,0,0,8,0,3,0,0
15513,31,22,14520.08,46.24229299363057,3.0,164.0,238.14000000000001,0.01640073608409871,1210.0066666666667,Home Decor,2934.89,United Kingdom,5545,1.8333333333333333,342,14520.08,22,1,1,5,3,0,-1,3
15514,12,13,2907.45,14.758629441624365,2.0,337.0,1116.2700000000004,0.38393437548367143,242.2875,Electronics,1356.01,United Kingdom,1761,1.0833333333333333,352,2907.45,13,1,1,3,1,1,-1,1
15516,45,3,62.43,4.162,0.0,0.0,0.0,0.0,5.2025,Electronics,27.0,United Kingdom,27,0.25,1,62.43,3,0,0,3,0,3,0,0
15517,233,1,267.03,9.889999999999999,0.0,0.0,0.0,0.0,22.252499999999998,Other,100.16,United Kingdom,293,0.08333333333333333,0,267.03,1,0,0,7,0,3,0,0
15518,64,13,1890.99,8.754583333333333,5.0,11.0,30.559999999999995,0.01616084696375972,157.5825,Kitchen,482.65000000000003,United Kingdom,1252,1.0833333333333333,268,1890.99,13,1,1,6,0,3,0,0
15520,2,1,343.5,19.083333333333332,0.0,0.0,0.0,0.0,28.625,Home Decor,195.78,United Kingdom,314,0.08333333333333333,0,343.5,1,0,0,5,0,3,0,0
15521,36,13,2574.65,12.87325,5.0,162.0,425.54999999999995,0.1652846017905346,214.55416666666667,Stationery,845.48,United Kingdom,1674,1.0833333333333333,218,2574.65,13,1,1,9,2,2,-1,2
15522,33,2,397.99,7.106964285714286,0.0,0.0,0.0,0.0,33.16583333333333,Home Decor,154.65,United Kingdom,572,0.16666666666666666,54,397.99,2,0,0,5,0,3,0,0
15523,84,1,412.01000000000005,41.20100000000001,0.0,0.0,0.0,0.0,34.33416666666667,Crockery,242.40000000000003,United Kingdom,132,0.08333333333333333,0,412.01000000000005,1,0,0,2,0,3,0,0
15526,33,2,148.44,37.11,0.0,0.0,0.0,0.0,12.37,Other,119.39999999999999,United Kingdom,24,0.16666666666666666,0,148.44,2,0,0,7,0,3,0,0
15527,19,10,2347.57,14.227696969696972,2.0,4.0,80.96000000000001,0.03448672457051334,195.63083333333336,Kitchen,630.39,United Kingdom,987,0.8333333333333334,335,2347.57,10,0,0,6,0,3,0,0
15528,254,1,229.33,8.820384615384615,0.0,0.0,0.0,0.0,19.110833333333336,Other,141.96,United Kingdom,123,0.08333333333333333,0,229.33,1,0,0,7,0,3,0,0
15529,23,12,3935.15,5.926430722891566,1.0,7.0,27.450000000000003,0.006975591781761814,327.9291666666667,Other,865.84,United Kingdom,3448,1.0,343,3935.15,12,1,0,7,3,3,0,3
15530,22,4,1497.31,13.993551401869158,0.0,0.0,0.0,0.0,124.77583333333332,Other,356.13,United Kingdom,938,0.3333333333333333,225,1497.31,4,0,0,7,0,3,0,0
15531,8,2,1972.39,9.00634703196347,0.0,0.0,0.0,0.0,164.36583333333334,Kitchen,552.51,United Kingdom,1085,0.16666666666666666,22,1972.39,2,0,0,6,0,3,0,0
15532,25,6,1500.88,5.817364341085272,2.0,13.0,63.849999999999994,0.042541708864133033,125.07333333333334,Kitchen,351.96,United Kingdom,502,0.5,332,1500.88,6,0,0,6,0,3,0,0
15533,19,5,746.92,8.685116279069767,2.0,33.0,60.65,0.08120012852782092,62.24333333333333,Kitchen,273.25,United Kingdom,256,0.4166666666666667,69,746.92,5,0,0,6,2,3,0,2
15535,173,7,426.4,5.685333333333333,3.0,14.0,76.5,0.17940900562851783,35.53333333333333,Home Decor,127.84,United Kingdom,121,0.5833333333333334,192,426.4,7,0,0,5,2,2,0,2
15537,163,1,110.92,4.621666666666667,0.0,0.0,0.0,0.0,9.243333333333334,Other,24.42,United Kingdom,29,0.08333333333333333,0,110.92,1,0,0,7,0,3,0,0
15539,7,1,538.46,13.133170731707319,0.0,0.0,0.0,0.0,44.87166666666667,Stationery,178.68,United Kingdom,410,0.08333333333333333,0,538.46,1,0,0,9,0,3,0,0
15540,11,1,213.3,14.22,0.0,0.0,0.0,0.0,17.775000000000002,Other,63.35,United Kingdom,200,0.08333333333333333,0,213.3,1,0,0,7,0,3,0,0
15541,114,1,85.13000000000001,2.9355172413793107,0.0,0.0,0.0,0.0,7.094166666666667,Other,35.6,United Kingdom,49,0.08333333333333333,0,85.13000000000001,1,0,0,7,0,3,0,0
15543,288,1,127.86,4.566428571428571,0.0,0.0,0.0,0.0,10.655,Kitchen,40.199999999999996,United Kingdom,86,0.08333333333333333,0,127.86,1,0,0,6,0,3,0,0
15544,9,11,3542.51,13.572835249042146,2.0,4.0,4.199999999999999,0.001185600040649144,295.2091666666667,Kitchen,592.33,United Kingdom,3105,0.9166666666666666,363,3542.51,11,1,0,6,3,3,0,3
15545,54,2,288.96999999999997,3.612125,0.0,0.0,0.0,0.0,24.08083333333333,Other,68.51,United Kingdom,162,0.16666666666666666,316,288.96999999999997,2,0,0,7,0,3,0,0
15547,7,14,4910.6,7.065611510791367,0.0,0.0,0.0,0.0,409.2166666666667,Home Decor,1474.11,United Kingdom,3999,1.1666666666666667,354,4910.6,14,1,1,5,3,0,0,3
15549,77,4,1643.96,14.295304347826088,1.0,10.0,37.5,0.022810773984768485,136.99666666666667,Other,352.54,United Kingdom,684,0.3333333333333333,239,1643.96,4,0,0,7,0,3,0,0
15550,4,4,575.63,9.43655737704918,0.0,0.0,0.0,0.0,47.969166666666666,Kitchen,161.6,United Kingdom,295,0.3333333333333333,297,575.63,4,0,0,6,0,3,0,0
15551,37,1,436.06,15.036551724137931,0.0,0.0,0.0,0.0,36.33833333333333,Home Decor,319.51,United Kingdom,218,0.08333333333333333,0,436.06,1,0,0,5,0,3,0,0
15552,217,1,90.12,5.301176470588236,0.0,0.0,0.0,0.0,7.510000000000001,Home Decor,36.58,United Kingdom,60,0.08333333333333333,0,90.12,1,0,0,5,0,3,0,0
15553,60,1,428.93,7.798727272727273,0.0,0.0,0.0,0.0,35.744166666666665,Stationery,187.9,United Kingdom,449,0.08333333333333333,0,428.93,1,0,0,9,0,3,0,0
15554,278,1,217.2,15.514285714285714,0.0,0.0,0.0,0.0,18.099999999999998,Kitchen,51.0,United Kingdom,74,0.08333333333333333,0,217.2,1,0,0,6,0,3,0,0
15555,12,20,4747.89,5.200317634173056,4.0,29.0,46.97,0.00989281554543176,395.6575,Home Decor,1148.4,United Kingdom,4398,1.6666666666666667,357,4747.89,20,1,1,5,3,0,0,3
15556,24,1,279.77,9.024838709677418,0.0,0.0,0.0,0.0,23.314166666666665,Other,110.19999999999999,United Kingdom,236,0.08333333333333333,0,279.77,1,0,0,7,0,3,0,0
15557,29,1,468.91,24.679473684210528,0.0,0.0,0.0,0.0,39.075833333333335,Home Decor,129.36,United Kingdom,213,0.08333333333333333,0,468.91,1,0,0,5,0,3,0,0
15561,12,5,722.74,23.3141935483871,1.0,11.0,77.85000000000001,0.10771508426266709,60.22833333333333,Other,504.24,United Kingdom,256,0.4166666666666667,203,722.74,5,0,0,7,2,2,0,2
15562,352,1,134.55,134.55,0.0,0.0,0.0,0.0,11.2125,Other,134.55,United Kingdom,39,0.08333333333333333,0,134.55,1,0,0,7,3,3,0,3
15563,9,7,1319.69,11.27940170940171,3.0,41.0,80.75,0.061188612477172666,109.97416666666668,Other,370.39,United Kingdom,1460,0.5833333333333334,349,1319.69,7,0,0,7,2,3,0,2
15565,50,2,173.16,21.645,0.0,0.0,0.0,0.0,14.43,Home Decor,98.7,United Kingdom,60,0.16666666666666666,20,173.16,2,0,0,5,0,3,0,0
15567,19,1,186.01,26.572857142857142,0.0,0.0,0.0,0.0,15.500833333333333,Storage,99.84,United Kingdom,223,0.08333333333333333,0,186.01,1,0,0,10,0,3,0,0
15568,3,3,758.29,14.307358490566036,0.0,0.0,0.0,0.0,63.19083333333333,Storage,266.85,United Kingdom,461,0.25,70,758.29,3,0,0,10,0,3,0,0
15569,104,5,1375.71,44.377741935483876,0.0,0.0,0.0,0.0,114.6425,Kitchen,707.25,United Kingdom,666,0.4166666666666667,228,1375.71,5,0,0,6,0,3,0,0
15570,7,13,4093.27,12.556042944785275,1.0,9.0,55.55000000000001,0.013571056881173245,341.10583333333335,Home Decor,1012.25,United Kingdom,2054,1.0833333333333333,362,4093.27,13,1,1,5,3,3,0,3
15571,12,4,650.4300000000001,11.411052631578949,0.0,0.0,0.0,0.0,54.20250000000001,Other,364.94,United Kingdom,264,0.3333333333333333,66,650.4300000000001,4,0,0,7,0,3,0,0
15572,5,7,2533.42,11.950094339622641,0.0,0.0,0.0,0.0,211.11833333333334,Home Decor,1013.4399999999999,United Kingdom,1213,0.5833333333333334,273,2533.42,7,0,0,5,0,3,0,0
15573,32,2,591.1899999999999,6.094742268041236,0.0,0.0,0.0,0.0,49.265833333333326,Kitchen,148.36,United Kingdom,355,0.16666666666666666,53,591.1899999999999,2,0,0,6,0,3,0,0
15574,178,4,675.64,4.445,0.0,0.0,0.0,0.0,56.303333333333335,Stationery,121.02000000000001,United Kingdom,332,0.3333333333333333,194,675.64,4,0,0,9,0,3,0,0
15576,38,1,921.37,21.427209302325583,0.0,0.0,0.0,0.0,76.78083333333333,Electronics,368.1,United Kingdom,394,0.08333333333333333,0,921.37,1,0,0,3,0,3,0,0
15577,151,3,258.88,6.637948717948718,0.0,0.0,0.0,0.0,21.573333333333334,Toys,95.45,United Kingdom,89,0.25,154,258.88,3,0,0,12,0,3,0,0
15578,162,1,127.1,9.776923076923076,0.0,0.0,0.0,0.0,10.591666666666667,Storage,64.0,United Kingdom,52,0.08333333333333333,0,127.1,1,0,0,10,0,3,0,0
15579,69,2,327.6,6.825,0.0,0.0,0.0,0.0,27.3,Kitchen,101.38,United Kingdom,117,0.16666666666666666,245,327.6,2,0,0,6,0,3,0,0
15581,121,14,3425.77,23.30455782312925,1.0,1.0,250.0,0.07297629438053342,285.48083333333335,Other,2869.88,United Kingdom,282,1.1666666666666667,245,3425.77,14,1,1,7,2,3,-1,2
15582,25,3,682.9100000000001,15.52068181818182,0.0,0.0,0.0,0.0,56.90916666666667,Toys,138.3,United Kingdom,453,0.25,195,682.9100000000001,3,0,0,12,0,3,0,0
15584,24,5,718.36,5.793225806451613,1.0,2.0,2.5,0.003480149228798931,59.86333333333334,Home Decor,152.78,United Kingdom,311,0.4166666666666667,138,718.36,5,0,0,5,0,3,0,0
15585,177,1,455.3,14.687096774193549,0.0,0.0,0.0,0.0,37.94166666666667,Home Decor,140.94,United Kingdom,320,0.08333333333333333,0,455.3,1,0,0,5,0,3,0,0
15587,50,4,913.6800000000001,101.52000000000001,0.0,0.0,0.0,0.0,76.14,Home Decor,913.6800000000001,United Kingdom,312,0.3333333333333333,301,913.6800000000001,4,0,0,5,3,3,0,3
15589,253,4,456.58,15.219333333333333,1.0,1.0,21.95,0.04807481711857725,38.04833333333333,Other,120.4,United Kingdom,242,0.3333333333333333,58,456.58,4,0,0,7,0,3,0,0
15592,47,1,388.58,16.190833333333334,0.0,0.0,0.0,0.0,32.38166666666667,Other,159.88,United Kingdom,354,0.08333333333333333,0,388.58,1,0,0,7,0,3,0,0
15593,71,1,199.8,39.96,0.0,0.0,0.0,0.0,16.650000000000002,Kitchen,83.4,United Kingdom,60,0.08333333333333333,0,199.8,1,0,0,6,0,3,0,0
15594,16,6,1767.53,16.99548076923077,1.0,1.0,4.25,0.0024044853552697833,147.29416666666665,Other,495.64,United Kingdom,982,0.5,218,1767.53,6,0,0,7,0,3,0,0
15596,101,9,1343.34,15.992142857142856,4.0,13.0,63.250000000000014,0.04708413357750087,111.945,Kitchen,892.79,United Kingdom,548,0.75,264,1343.34,9,0,0,6,0,3,0,0
15597,30,2,315.71999999999997,13.72695652173913,1.0,3.0,8.850000000000001,0.02803116685670848,26.31,Home Decor,206.31,United Kingdom,276,0.16666666666666666,5,315.71999999999997,2,0,0,5,0,3,0,0
15598,35,3,235.68,14.73,2.0,4.0,5.0,0.021215207060420908,19.64,Home Decor,84.42,United Kingdom,156,0.25,17,235.68,3,0,0,5,0,3,0,0
15599,27,2,761.74,14.648846153846154,0.0,0.0,0.0,0.0,63.47833333333333,Kitchen,202.35000000000002,United Kingdom,718,0.16666666666666666,177,761.74,2,0,0,6,0,3,0,0
15601,11,17,6745.36,16.293140096618355,3.0,5.0,31.2,0.004625401757652668,562.1133333333333,Other,1248.09,United Kingdom,4978,1.4166666666666667,361,6745.36,17,1,1,7,3,0,0,3
15602,8,15,1083.63,20.445849056603777,6.0,140.0,214.24,0.197705859010917,90.30250000000001,Electronics,591.15,United Kingdom,997,1.25,359,1083.63,15,1,1,3,2,2,-1,2
15603,79,1,48.480000000000004,24.240000000000002,0.0,0.0,0.0,0.0,4.04,Kitchen,34.56,United Kingdom,96,0.08333333333333333,0,48.480000000000004,1,0,0,6,0,3,0,0
15604,52,1,216.39,12.728823529411764,0.0,0.0,0.0,0.0,18.0325,Electronics,91.97999999999999,United Kingdom,159,0.08333333333333333,0,216.39,1,0,0,3,0,3,0,0
15605,36,5,1198.23,17.88402985074627,0.0,0.0,0.0,0.0,99.8525,Kitchen,330.3,United Kingdom,441,0.4166666666666667,337,1198.23,5,0,0,6,0,3,0,0
15606,57,11,2422.64,26.62241758241758,2.0,172.0,497.52,0.2053627447742958,201.88666666666666,Electronics,877.54,United Kingdom,720,0.9166666666666666,267,2422.64,11,1,0,3,2,2,-1,2
15607,337,1,104.76,8.05846153846154,0.0,0.0,0.0,0.0,8.73,Stationery,54.96,United Kingdom,202,0.08333333333333333,0,104.76,1,0,0,9,0,3,0,0
15608,28,4,1093.68,18.228,0.0,0.0,0.0,0.0,91.14,Other,319.19,United Kingdom,714,0.3333333333333333,92,1093.68,4,0,0,7,0,3,0,0
15609,183,2,270.03000000000003,15.001666666666669,1.0,3.0,28.45,0.10535866385216457,22.5025,Kitchen,89.7,United Kingdom,145,0.16666666666666666,1,270.03000000000003,2,0,0,6,2,2,0,2
15610,52,1,112.46000000000001,18.743333333333336,0.0,0.0,0.0,0.0,9.371666666666668,Kitchen,45.8,United Kingdom,66,0.08333333333333333,0,112.46000000000001,1,0,0,6,0,3,0,0
15611,10,15,1568.39,34.85311111111111,2.0,6.0,23.060000000000002,0.014702975662940978,130.69916666666668,Electronics,618.4,United Kingdom,498,1.25,325,1568.39,15,1,1,3,3,3,-1,3
15612,36,2,195.15,32.525,0.0,0.0,0.0,0.0,16.2625,Storage,107.1,United Kingdom,52,0.16666666666666666,25,195.15,2,0,0,10,0,3,0,0
15615,10,27,10360.04,24.14927738927739,4.0,15.0,39.7,0.003832031536557774,863.3366666666667,Bags,2382.05,United Kingdom,5493,2.25,348,10360.04,27,1,1,1,3,0,-1,3
15618,33,5,747.031,15.245530612244897,1.0,26.0,29.819999999999997,0.03991802214365937,62.25258333333333,Home Decor,287.25,United Kingdom,428,0.4166666666666667,103,747.031,5,0,0,5,0,3,0,0
15619,11,1,336.40000000000003,112.13333333333334,0.0,0.0,0.0,0.0,28.033333333333335,Bags,145.0,United Kingdom,136,0.08333333333333333,0,336.40000000000003,1,0,0,1,3,3,0,3
15620,50,6,1524.4,14.657692307692308,3.0,16.0,28.78,0.018879559170821306,127.03333333333335,Other,368.31,United Kingdom,899,0.5,308,1524.4,6,0,0,7,0,3,0,0
15621,4,6,1158.77,64.37611111111111,2.0,38.0,134.26000000000002,0.11586423535300364,96.56416666666667,Electronics,1096.92,United Kingdom,463,0.5,17,1158.77,6,0,0,3,2,2,-1,2
15622,3,16,3224.53,15.067897196261683,7.0,122.0,485.03,0.1504188207273618,268.71083333333337,Home Decor,863.28,United Kingdom,1552,1.3333333333333333,279,3224.53,16,1,1,5,2,2,-1,2
15623,141,1,301.03,15.843684210526314,0.0,0.0,0.0,0.0,25.08583333333333,Other,90.67999999999999,United Kingdom,125,0.08333333333333333,0,301.03,1,0,0,7,0,3,0,0
15624,117,4,588.13,17.297941176470587,0.0,0.0,0.0,0.0,49.01083333333333,Home Decor,342.14,United Kingdom,357,0.3333333333333333,139,588.13,4,0,0,5,0,3,0,0
15625,100,8,1504.56,22.125882352941176,4.0,22.0,29.700000000000003,0.019739990429095553,125.38,Kitchen,406.75,United Kingdom,1166,0.6666666666666666,135,1504.56,8,0,0,6,0,3,0,0
15626,75,2,675.8,13.791836734693877,0.0,0.0,0.0,0.0,56.31666666666666,Other,192.1,United Kingdom,766,0.16666666666666666,254,675.8,2,0,0,7,0,3,0,0
15628,5,10,2865.64,18.25248407643312,1.0,12.0,4.6,0.001605226057704387,238.8033333333333,Home Decor,861.26,United Kingdom,1882,0.8333333333333334,362,2865.64,10,0,0,5,0,3,0,0
15630,45,3,1180.4,19.35081967213115,1.0,1.0,5.95,0.005040664181633344,98.36666666666667,Other,264.27,United Kingdom,799,0.25,159,1180.4,3,0,0,7,0,3,0,0
15632,16,10,3147.31,17.78141242937853,2.0,60.0,138.0,0.04384696772799629,262.2758333333333,Storage,580.0999999999999,United Kingdom,2049,0.8333333333333334,259,3147.31,10,0,0,10,3,3,-1,3
15634,17,1,243.55,16.236666666666668,0.0,0.0,0.0,0.0,20.295833333333334,Home Decor,157.6,United Kingdom,99,0.08333333333333333,0,243.55,1,0,0,5,0,3,0,0
15636,90,2,724.76,28.9904,0.0,0.0,0.0,0.0,60.39666666666667,Home Decor,330.90000000000003,United Kingdom,284,0.16666666666666666,192,724.76,2,0,0,5,0,3,0,0
15637,53,1,223.36,14.890666666666668,0.0,0.0,0.0,0.0,18.613333333333333,Kitchen,87.04,United Kingdom,128,0.08333333333333333,0,223.36,1,0,0,6,0,3,0,0
15639,134,1,425.32,17.0128,0.0,0.0,0.0,0.0,35.443333333333335,Electronics,241.6,United Kingdom,323,0.08333333333333333,0,425.32,1,0,0,3,0,3,0,0
15640,4,17,12336.74,25.38423868312757,2.0,34.0,79.36999999999999,0.006433628332930741,1028.0616666666667,Kitchen,2695.95,United Kingdom,6538,1.4166666666666667,367,12336.74,17,1,1,6,3,0,-1,3
15641,105,4,1887.2,15.858823529411765,0.0,0.0,0.0,0.0,157.26666666666668,Kitchen,546.69,United Kingdom,1562,0.3333333333333333,253,1887.2,4,0,0,6,0,3,0,0
15643,179,6,647.4,17.983333333333334,3.0,4.0,16.6,0.025641025641025644,53.949999999999996,Kitchen,194.85,United Kingdom,242,0.5,103,647.4,6,0,0,6,0,3,0,0
15644,166,4,803.54,3.4635344827586207,0.0,0.0,0.0,0.0,66.96166666666666,Kitchen,170.59,United Kingdom,550,0.3333333333333333,94,803.54,4,0,0,6,0,3,0,0
15645,19,1,612.01,11.769423076923077,0.0,0.0,0.0,0.0,51.00083333333333,Electronics,228.3,United Kingdom,256,0.08333333333333333,0,612.01,1,0,0,3,0,3,0,0
15646,158,4,425.14000000000004,11.809444444444445,1.0,6.0,22.5,0.052923742767088486,35.428333333333335,Stationery,116.94000000000001,United Kingdom,388,0.3333333333333333,214,425.14000000000004,4,0,0,9,0,3,0,0
15648,204,4,582.0500000000001,21.55740740740741,2.0,8.0,57.45,0.09870286057898806,48.50416666666667,Home Decor,236.05,United Kingdom,210,0.3333333333333333,62,582.0500000000001,4,0,0,5,2,2,0,2
15651,37,3,646.3,20.196875,0.0,0.0,0.0,0.0,53.85833333333333,Other,202.24,United Kingdom,479,0.25,223,646.3,3,0,0,7,0,3,0,0
15652,91,1,337.74,16.082857142857144,0.0,0.0,0.0,0.0,28.145,Home Decor,117.05000000000001,United Kingdom,208,0.08333333333333333,0,337.74,1,0,0,5,0,3,0,0
15653,93,2,877.4399999999999,146.23999999999998,0.0,0.0,0.0,0.0,73.11999999999999,Kitchen,435.11999999999995,United Kingdom,1200,0.16666666666666666,23,877.4399999999999,2,0,0,6,3,3,0,3
15654,9,2,922.53,43.93,0.0,0.0,0.0,0.0,76.8775,Other,513.15,United Kingdom,475,0.16666666666666666,16,922.53,2,0,0,7,0,3,0,0
15655,233,2,511.32,13.819459459459459,1.0,5.0,49.35,0.0965149026050223,42.61,Other,137.9,United Kingdom,319,0.16666666666666666,10,511.32,2,0,0,7,2,2,0,2
15656,45,4,748.5,15.925531914893616,0.0,0.0,0.0,0.0,62.375,Home Decor,270.9,United Kingdom,343,0.3333333333333333,238,748.5,4,0,0,5,0,3,0,0
15657,23,1,30.0,30.0,0.0,0.0,0.0,0.0,2.5,Kitchen,30.0,United Kingdom,24,0.08333333333333333,0,30.0,1,0,0,6,0,3,0,0
15658,190,8,958.9,17.123214285714287,3.0,10.0,65.2,0.06799457711961623,79.90833333333333,Crockery,371.90000000000003,United Kingdom,232,0.6666666666666666,182,958.9,8,0,0,2,2,3,0,2
15659,44,1,306.45,27.85909090909091,0.0,0.0,0.0,0.0,25.537499999999998,Textiles,132.0,United Kingdom,111,0.08333333333333333,0,306.45,1,0,0,11,0,3,0,0
15660,25,12,1552.01,16.510744680851065,3.0,13.0,48.85,0.03147531265906792,129.33416666666668,Home Decor,352.6,United Kingdom,1037,1.0,340,1552.01,12,1,0,5,0,3,0,0
15661,317,2,309.8,61.96,0.0,0.0,0.0,0.0,25.816666666666666,Home Decor,309.8,United Kingdom,236,0.16666666666666666,21,309.8,2,0,0,5,0,3,0,0
15663,106,1,138.14,15.348888888888887,0.0,0.0,0.0,0.0,11.511666666666665,Home Decor,60.3,United Kingdom,106,0.08333333333333333,0,138.14,1,0,0,5,0,3,0,0
15664,51,2,358.63,18.875263157894736,1.0,16.0,27.799999999999997,0.07751721830298636,29.885833333333334,Home Decor,257.91,United Kingdom,141,0.16666666666666666,308,358.63,2,0,0,5,2,3,0,2
15665,168,2,2222.21,19.323565217391305,0.0,0.0,0.0,0.0,185.18416666666667,Home Decor,1057.83,United Kingdom,1654,0.16666666666666666,74,2222.21,2,0,0,5,0,3,0,0
15667,40,1,301.32,23.178461538461537,0.0,0.0,0.0,0.0,25.11,Kitchen,133.56,United Kingdom,240,0.08333333333333333,0,301.32,1,0,0,6,0,3,0,0
15668,218,1,76.32000000000001,76.32000000000001,0.0,0.0,0.0,0.0,6.36,Electronics,76.32000000000001,United Kingdom,72,0.08333333333333333,0,76.32000000000001,1,0,0,3,0,3,0,0
15669,40,5,677.69,19.36257142857143,1.0,3.0,6.65,0.00981274624090661,56.47416666666667,Electronics,249.82,United Kingdom,339,0.4166666666666667,223,677.69,5,0,0,3,0,3,0,0
15670,297,1,173.05,14.420833333333334,0.0,0.0,0.0,0.0,14.420833333333334,Textiles,50.4,United Kingdom,91,0.08333333333333333,0,173.05,1,0,0,11,0,3,0,0
15671,19,10,2635.4900000000002,32.53691358024692,3.0,18.0,21.64,0.008210996816531271,219.6241666666667,Home Decor,928.98,United Kingdom,1681,0.8333333333333334,252,2635.4900000000002,10,0,0,5,3,3,0,3
15673,88,4,2726.23,19.755289855072466,0.0,0.0,0.0,0.0,227.18583333333333,Stationery,674.95,United Kingdom,1451,0.3333333333333333,238,2726.23,4,0,0,9,0,3,0,0
15674,73,8,1744.02,12.918666666666667,3.0,200.0,702.5799999999999,0.4028508847375603,145.335,Kitchen,451.33,United Kingdom,1075,0.6666666666666666,181,1744.02,8,0,0,6,1,1,-1,1
15675,81,3,323.69,15.413809523809524,0.0,0.0,0.0,0.0,26.974166666666665,Home Decor,108.86,United Kingdom,527,0.25,198,323.69,3,0,0,5,0,3,0,0
15676,9,5,3324.09,15.389305555555556,2.0,21.0,111.67,0.033594156596241376,277.0075,Home Decor,800.46,United Kingdom,2231,0.4166666666666667,274,3324.09,5,0,0,5,0,3,0,0
15677,49,1,657.23,19.916060606060608,0.0,0.0,0.0,0.0,54.76916666666667,Stationery,183.19,United Kingdom,319,0.08333333333333333,0,657.23,1,0,0,9,0,3,0,0
15678,53,1,352.7,29.391666666666666,0.0,0.0,0.0,0.0,29.391666666666666,Bags,166.4,United Kingdom,184,0.08333333333333333,0,352.7,1,0,0,1,0,3,0,0
15679,24,4,781.28,7.102545454545455,0.0,0.0,0.0,0.0,65.10666666666667,Stationery,183.74,United Kingdom,1170,0.3333333333333333,158,781.28,4,0,0,9,0,3,0,0
15680,9,3,1333.68,17.09846153846154,0.0,0.0,0.0,0.0,111.14,Home Decor,479.3,United Kingdom,952,0.25,356,1333.68,3,0,0,5,0,3,0,0
15681,18,6,946.36,14.124776119402986,1.0,260.0,479.8,0.5069952238048946,78.86333333333333,Other,291.0,United Kingdom,556,0.5,261,946.36,6,0,0,7,1,1,-1,1
15683,117,1,193.75,19.375,0.0,0.0,0.0,0.0,16.145833333333332,Kitchen,59.849999999999994,United Kingdom,131,0.08333333333333333,0,193.75,1,0,0,6,0,3,0,0
15687,9,11,2981.5,17.74702380952381,2.0,2.0,11.6,0.0038906590642294146,248.45833333333334,Kitchen,1086.91,United Kingdom,1308,0.9166666666666666,321,2981.5,11,1,0,6,0,3,0,0
15689,120,2,254.1,28.233333333333334,0.0,0.0,0.0,0.0,21.175,Furniture,126.9,United Kingdom,84,0.16666666666666666,241,254.1,2,0,0,4,0,3,0,0
15690,4,2,239.76,12.618947368421052,0.0,0.0,0.0,0.0,19.98,Home Decor,133.08,United Kingdom,408,0.16666666666666666,96,239.76,2,0,0,5,0,3,0,0
15691,252,1,136.8,68.4,0.0,0.0,0.0,0.0,11.4,Kitchen,91.8,United Kingdom,72,0.08333333333333333,0,136.8,1,0,0,6,0,3,0,0
15692,28,1,191.04,15.92,0.0,0.0,0.0,0.0,15.92,Home Decor,99.0,United Kingdom,138,0.08333333333333333,0,191.04,1,0,0,5,0,3,0,0
15695,267,2,409.98,18.635454545454547,0.0,0.0,0.0,0.0,34.165,Storage,93.45,United Kingdom,212,0.16666666666666666,0,409.98,2,0,0,10,0,3,0,0
15696,33,12,2619.11,15.052356321839081,4.0,6.0,92.00000000000001,0.03512643607943157,218.2591666666667,Kitchen,588.0,United Kingdom,1009,1.0,293,2619.11,12,1,0,6,0,3,0,0
15699,18,1,309.65,17.202777777777776,0.0,0.0,0.0,0.0,25.804166666666664,Other,98.95,United Kingdom,113,0.08333333333333333,0,309.65,1,0,0,7,0,3,0,0
15700,172,3,664.03,7.4610112359550556,1.0,29.0,32.65,0.04916946523500444,55.33583333333333,Home Decor,194.88,United Kingdom,328,0.25,1,664.03,3,0,0,5,0,3,0,0
15701,2,4,1529.0,6.647826086956521,0.0,0.0,0.0,0.0,127.41666666666667,Home Decor,330.35,United Kingdom,912,0.3333333333333333,108,1529.0,4,0,0,5,0,3,0,0
15703,265,1,211.5,42.3,0.0,0.0,0.0,0.0,17.625,Storage,107.10000000000001,United Kingdom,66,0.08333333333333333,0,211.5,1,0,0,10,0,3,0,0
15704,140,4,2293.62,19.603589743589744,0.0,0.0,0.0,0.0,191.135,Home Decor,585.58,United Kingdom,1028,0.3333333333333333,75,2293.62,4,0,0,5,0,3,0,0
15705,201,1,143.1,23.849999999999998,0.0,0.0,0.0,0.0,11.924999999999999,Electronics,60.0,United Kingdom,62,0.08333333333333333,0,143.1,1,0,0,3,0,3,0,0
15706,60,7,1001.8100000000001,16.979830508474578,3.0,16.0,58.74999999999999,0.05864385462313212,83.48416666666667,Home Decor,297.0,United Kingdom,305,0.5833333333333334,56,1001.8100000000001,7,0,0,5,0,3,0,0
15707,35,4,916.98,4.473073170731707,0.0,0.0,0.0,0.0,76.415,Stationery,174.79,United Kingdom,594,0.3333333333333333,51,916.98,4,0,0,9,0,3,0,0
15708,41,11,3200.73,11.350106382978723,4.0,9.0,34.519999999999996,0.010785039662826916,266.7275,Home Decor,1460.95,United Kingdom,1208,0.9166666666666666,329,3200.73,11,1,0,5,0,3,0,0
15709,284,1,133.25,22.208333333333332,0.0,0.0,0.0,0.0,11.104166666666666,Electronics,38.160000000000004,United Kingdom,121,0.08333333333333333,0,133.25,1,0,0,3,0,3,0,0
15712,9,5,1072.3600000000001,20.233207547169815,0.0,0.0,0.0,0.0,89.36333333333334,Home Decor,254.0,United Kingdom,486,0.4166666666666667,278,1072.3600000000001,5,0,0,5,0,3,0,0
15713,143,3,346.75,17.3375,1.0,1.0,9.95,0.02869502523431867,28.895833333333332,Electronics,105.84,United Kingdom,149,0.25,222,346.75,3,0,0,3,0,3,0,0
15714,12,2,330.03000000000003,9.706764705882353,0.0,0.0,0.0,0.0,27.5025,Home Decor,105.38,United Kingdom,186,0.16666666666666666,66,330.03000000000003,2,0,0,5,0,3,0,0
15716,146,4,1101.1100000000001,9.411196581196583,0.0,0.0,0.0,0.0,91.75916666666667,Home Decor,412.9,United Kingdom,738,0.3333333333333333,223,1101.1100000000001,4,0,0,5,0,3,0,0
15717,234,1,150.3,21.47142857142857,0.0,0.0,0.0,0.0,12.525,Electronics,130.5,United Kingdom,70,0.08333333333333333,0,150.3,1,0,0,3,0,3,0,0
15719,33,14,5028.42,5.395300429184549,1.0,1.0,1.65,0.0003281348813344947,419.035,Bags,1257.2,United Kingdom,2717,1.1666666666666667,304,5028.42,14,1,1,1,3,0,0,3
15720,24,1,598.73,4.677578125,0.0,0.0,0.0,0.0,49.89416666666667,Other,145.66,United Kingdom,281,0.08333333333333333,0,598.73,1,0,0,7,0,3,0,0
15721,12,1,471.40000000000003,5.611904761904762,0.0,0.0,0.0,0.0,39.28333333333334,Home Decor,163.42000000000002,United Kingdom,388,0.08333333333333333,0,471.40000000000003,1,0,0,5,0,3,0,0
15722,36,6,2169.86,30.998,1.0,5.0,41.35,0.019056528992653903,180.8216666666667,Home Decor,1087.2,United Kingdom,1018,0.5,254,2169.86,6,0,0,5,0,3,0,0
15723,365,1,190.7,5.018421052631578,0.0,0.0,0.0,0.0,15.891666666666666,Stationery,47.449999999999996,United Kingdom,73,0.08333333333333333,0,190.7,1,0,0,9,0,3,0,0
15724,201,3,212.3,17.691666666666666,1.0,1.0,5.95,0.028026377767310408,17.691666666666666,Storage,68.0,United Kingdom,72,0.25,83,212.3,3,0,0,10,0,3,0,0
15725,15,1,415.25,12.9765625,0.0,0.0,0.0,0.0,34.604166666666664,Electronics,108.96000000000001,United Kingdom,221,0.08333333333333333,0,415.25,1,0,0,3,0,3,0,0
15727,17,7,5159.06,17.139734219269105,0.0,0.0,0.0,0.0,429.9216666666667,Kitchen,1430.1,United Kingdom,3063,0.5833333333333334,342,5159.06,7,0,0,6,3,3,0,3
15729,198,2,62.0,10.333333333333334,1.0,4.0,23.0,0.3709677419354839,5.166666666666667,Stationery,17.0,United Kingdom,24,0.16666666666666666,14,62.0,2,0,0,9,1,1,-1,1
15730,66,4,1108.38,15.183287671232879,1.0,6.0,12.5,0.011277720637326547,92.36500000000001,Other,199.6,United Kingdom,683,0.3333333333333333,140,1108.38,4,0,0,7,0,3,0,0
15732,212,2,294.12,21.00857142857143,0.0,0.0,0.0,0.0,24.51,Bags,92.8,United Kingdom,215,0.16666666666666666,159,294.12,2,0,0,1,0,3,0,0
15733,283,1,162.3,16.23,0.0,0.0,0.0,0.0,13.525,Home Decor,50.099999999999994,United Kingdom,62,0.08333333333333333,0,162.3,1,0,0,5,0,3,0,0
15734,115,2,1339.45,51.517307692307696,0.0,0.0,0.0,0.0,111.62083333333334,Storage,448.00000000000006,United Kingdom,346,0.16666666666666666,85,1339.45,2,0,0,10,0,3,0,0
15737,15,12,1121.21,14.192531645569622,4.0,13.0,66.91,0.059676599388161,93.43416666666667,Kitchen,212.1,United Kingdom,584,1.0,228,1121.21,12,1,0,6,2,3,0,2
15738,19,19,4788.77,27.208920454545456,3.0,15.0,23.65,0.004938637687756981,399.0641666666667,Kitchen,2293.41,United Kingdom,2967,1.5833333333333333,353,4788.77,19,1,1,6,3,0,0,3
15739,66,1,449.12,56.14,0.0,0.0,0.0,0.0,37.42666666666667,Home Decor,157.44,United Kingdom,472,0.08333333333333333,0,449.12,1,0,0,5,0,3,0,0
15740,49,1,154.88,17.20888888888889,0.0,0.0,0.0,0.0,12.906666666666666,Home Decor,100.10000000000001,United Kingdom,152,0.08333333333333333,0,154.88,1,0,0,5,0,3,0,0
15743,16,4,775.96,9.022790697674418,0.0,0.0,0.0,0.0,64.66333333333334,Home Decor,261.7,United Kingdom,214,0.3333333333333333,168,775.96,4,0,0,5,0,3,0,0
15744,78,1,34.8,11.6,0.0,0.0,0.0,0.0,2.9,Seasonal,27.839999999999996,United Kingdom,120,0.08333333333333333,0,34.8,1,0,0,8,0,3,0,0
15745,9,6,1071.24,16.480615384615383,2.0,9.0,23.35,0.02179716963518913,89.27,Home Decor,238.58,United Kingdom,412,0.5,227,1071.24,6,0,0,5,0,3,0,0
15746,134,2,182.96,6.308965517241379,1.0,48.0,13.919999999999998,0.07608220376038477,15.246666666666668,Other,56.98,United Kingdom,130,0.16666666666666666,0,182.96,2,0,0,7,2,3,0,2
15747,13,3,946.64,10.518222222222223,0.0,0.0,0.0,0.0,78.88666666666667,Home Decor,386.64,United Kingdom,466,0.25,160,946.64,3,0,0,5,0,3,0,0
15748,40,1,144.36,7.218000000000001,0.0,0.0,0.0,0.0,12.030000000000001,Home Decor,82.1,United Kingdom,50,0.08333333333333333,0,144.36,1,0,0,5,0,3,0,0
15750,3,9,2448.8,8.357679180887372,1.0,7.0,14.25,0.005819176739627572,204.0666666666667,Home Decor,627.08,United Kingdom,1776,0.75,364,2448.8,9,0,0,5,0,3,0,0
15752,40,8,2618.15,6.448645320197045,1.0,5.0,8.45,0.003227469778278555,218.17916666666667,Bags,735.05,United Kingdom,1955,0.6666666666666666,333,2618.15,8,0,0,1,0,3,0,0
15753,305,1,79.2,79.2,0.0,0.0,0.0,0.0,6.6000000000000005,Electronics,79.2,United Kingdom,144,0.08333333333333333,0,79.2,1,0,0,3,0,3,0,0
15754,51,4,455.67,15.712758620689655,1.0,2.0,2.9,0.006364254833541817,37.972500000000004,Other,125.28,United Kingdom,197,0.3333333333333333,195,455.67,4,0,0,7,0,3,0,0
15755,1,8,2318.88,15.562953020134229,2.0,30.0,45.370000000000005,0.019565479886841923,193.24,Kitchen,514.6,United Kingdom,1397,0.6666666666666666,293,2318.88,8,0,0,6,0,3,0,0
15756,61,4,528.01,2.764450261780105,0.0,0.0,0.0,0.0,44.00083333333333,Home Decor,124.24,United Kingdom,241,0.3333333333333333,187,528.01,4,0,0,5,0,3,0,0
15757,66,2,714.42,15.876,0.0,0.0,0.0,0.0,59.535,Home Decor,202.26,United Kingdom,491,0.16666666666666666,152,714.42,2,0,0,5,0,3,0,0
15758,25,1,205.25,22.805555555555557,0.0,0.0,0.0,0.0,17.104166666666668,Storage,141.55,United Kingdom,47,0.08333333333333333,0,205.25,1,0,0,10,0,3,0,0
15759,218,3,253.04,36.14857142857143,0.0,0.0,0.0,0.0,21.086666666666666,Other,175.8,United Kingdom,60,0.25,139,253.04,3,0,0,7,0,3,0,0
15762,65,2,583.75,15.777027027027026,0.0,0.0,0.0,0.0,48.645833333333336,Kitchen,396.91,United Kingdom,251,0.16666666666666666,12,583.75,2,0,0,6,0,3,0,0
15763,32,3,1048.67,16.645555555555557,1.0,3.0,38.25,0.03647477280746088,87.38916666666667,Kitchen,241.75,United Kingdom,268,0.25,45,1048.67,3,0,0,6,0,3,0,0
15764,81,10,3245.47,17.263138297872338,4.0,14.0,34.5,0.010630201480833285,270.4558333333333,Kitchen,759.1,United Kingdom,2036,0.8333333333333334,195,3245.47,10,0,0,6,0,3,0,0
15766,64,1,315.06,28.64181818181818,0.0,0.0,0.0,0.0,26.255,Crockery,183.6,United Kingdom,170,0.08333333333333333,0,315.06,1,0,0,2,0,3,0,0
15768,116,4,581.8299999999999,20.779642857142854,1.0,1.0,40.0,0.06874860354399052,48.485833333333325,Stationery,245.4,United Kingdom,243,0.3333333333333333,110,581.8299999999999,4,0,0,9,2,3,0,2
15773,6,1,635.6800000000001,63.568000000000005,0.0,0.0,0.0,0.0,52.973333333333336,Stationery,519.06,United Kingdom,311,0.08333333333333333,0,635.6800000000001,1,0,0,9,0,3,0,0
15774,69,1,270.8,10.832,0.0,0.0,0.0,0.0,22.566666666666666,Other,95.95,United Kingdom,87,0.08333333333333333,0,270.8,1,0,0,7,0,3,0,0
15775,245,1,104.9,14.985714285714286,0.0,0.0,0.0,0.0,8.741666666666667,Home Decor,40.2,United Kingdom,68,0.08333333333333333,0,104.9,1,0,0,5,0,3,0,0
15776,133,1,241.62,13.423333333333334,0.0,0.0,0.0,0.0,20.135,Other,69.89999999999999,United Kingdom,138,0.08333333333333333,0,241.62,1,0,0,7,0,3,0,0
15777,241,5,1021.61,46.43681818181818,1.0,3.0,25.5,0.024960601403666762,85.13416666666667,Kitchen,376.65,United Kingdom,375,0.4166666666666667,120,1021.61,5,0,0,6,0,3,0,0
15780,184,3,475.28000000000003,16.38896551724138,0.0,0.0,0.0,0.0,39.60666666666667,Kitchen,230.38,United Kingdom,220,0.25,174,475.28000000000003,3,0,0,6,0,3,0,0
15781,25,4,333.56,15.883809523809523,1.0,2.0,11.9,0.0356757404964624,27.796666666666667,Home Decor,172.92,United Kingdom,178,0.3333333333333333,280,333.56,4,0,0,5,0,3,0,0
15782,10,4,2593.94,58.95318181818182,1.0,1.0,20.8,0.008018689715259413,216.16166666666666,Home Decor,1081.92,United Kingdom,863,0.3333333333333333,79,2593.94,4,0,0,5,0,3,0,0
15783,11,1,246.3,17.592857142857145,0.0,0.0,0.0,0.0,20.525000000000002,Home Decor,92.0,United Kingdom,212,0.08333333333333333,0,246.3,1,0,0,5,0,3,0,0
15785,30,8,2303.75,26.479885057471265,3.0,18.0,25.22,0.010947368421052631,191.97916666666666,Kitchen,1125.27,United Kingdom,1594,0.6666666666666666,265,2303.75,8,0,0,6,0,3,0,0
15786,44,5,4821.0,17.27956989247312,2.0,33.0,98.00000000000001,0.020327732835511307,401.75,Home Decor,1274.67,United Kingdom,3307,0.4166666666666667,70,4821.0,5,0,0,5,3,3,0,3
15787,26,3,933.26,4.6663,0.0,0.0,0.0,0.0,77.77166666666666,Kitchen,195.1,United Kingdom,534,0.25,35,933.26,3,0,0,6,0,3,0,0
15789,358,1,351.3,14.052,0.0,0.0,0.0,0.0,29.275000000000002,Crockery,65.52,United Kingdom,438,0.08333333333333333,0,351.3,1,0,0,2,0,3,0,0
15790,10,1,218.75,6.4338235294117645,0.0,0.0,0.0,0.0,18.229166666666668,Home Decor,35.4,United Kingdom,113,0.08333333333333333,0,218.75,1,0,0,5,0,3,0,0
15791,44,3,1604.44,21.111052631578946,1.0,1.0,8.25,0.0051419810027174585,133.70333333333335,Home Decor,399.42,United Kingdom,730,0.25,160,1604.44,3,0,0,5,0,3,0,0
15793,9,4,948.96,72.99692307692308,1.0,1.0,16.65,0.017545523520485582,79.08,Electronics,578.88,United Kingdom,552,0.3333333333333333,259,948.96,4,0,0,3,0,3,-1,0
15795,150,1,610.01,14.524047619047618,0.0,0.0,0.0,0.0,50.83416666666667,Bags,145.6,United Kingdom,581,0.08333333333333333,0,610.01,1,0,0,1,0,3,0,0
15796,1,10,2663.6600000000003,19.87805970149254,2.0,2.0,44.95,0.016875276874676198,221.9716666666667,Home Decor,750.12,United Kingdom,858,0.8333333333333334,301,2663.6600000000003,10,0,0,5,0,3,0,0
15797,113,4,2207.4,275.925,0.0,0.0,0.0,0.0,183.95000000000002,Kitchen,674.4000000000001,United Kingdom,873,0.3333333333333333,206,2207.4,4,0,0,6,3,0,-1,3
15799,76,3,884.14,9.021836734693878,0.0,0.0,0.0,0.0,73.67833333333333,Home Decor,281.43,United Kingdom,955,0.25,258,884.14,3,0,0,5,0,3,0,0
15800,107,2,696.89,5.956324786324786,0.0,0.0,0.0,0.0,58.07416666666666,Home Decor,127.66,United Kingdom,332,0.16666666666666666,139,696.89,2,0,0,5,0,3,0,0
15801,46,4,1042.19,15.104202898550726,1.0,8.0,21.759999999999998,0.02087911033496771,86.84916666666668,Kitchen,281.02,United Kingdom,562,0.3333333333333333,63,1042.19,4,0,0,6,0,3,0,0
15803,51,1,415.82000000000005,51.977500000000006,0.0,0.0,0.0,0.0,34.65166666666667,Electronics,155.28000000000003,United Kingdom,290,0.08333333333333333,0,415.82000000000005,1,0,0,3,0,3,0,0
15804,1,19,3848.55,14.097252747252748,6.0,52.0,357.84,0.09298047316521806,320.71250000000003,Electronics,810.14,United Kingdom,2513,1.5833333333333333,198,3848.55,19,1,1,3,2,2,-1,2
15805,23,20,5411.87,17.74383606557377,3.0,50.0,76.31,0.014100486523142648,450.9891666666667,Home Decor,1167.8600000000001,United Kingdom,3317,1.6666666666666667,341,5411.87,20,1,1,5,3,0,0,3
15806,46,3,784.58,25.309032258064516,0.0,0.0,0.0,0.0,65.38166666666667,Kitchen,348.20000000000005,United Kingdom,602,0.25,230,784.58,3,0,0,6,0,3,0,0
15807,50,3,903.9,18.83125,0.0,0.0,0.0,0.0,75.325,Home Decor,234.42000000000002,United Kingdom,430,0.25,26,903.9,3,0,0,5,0,3,0,0
15808,306,5,3641.07,18.48258883248731,1.0,2.0,10.2,0.002801374321284677,303.4225,Kitchen,868.29,United Kingdom,1303,0.4166666666666667,63,3641.07,5,0,0,6,0,3,0,0
15809,36,6,399.21,9.283953488372093,1.0,50.0,116.56,0.2919766538914356,33.2675,Kitchen,130.35,United Kingdom,251,0.5,267,399.21,6,0,0,6,1,1,4,1
15810,79,7,1145.43,10.227053571428572,3.0,124.0,246.54999999999998,0.21524667592083319,95.4525,Kitchen,294.89,United Kingdom,737,0.5833333333333334,218,1145.43,7,0,0,6,2,2,6,2
15811,17,9,2171.32,15.621007194244605,3.0,10.0,47.3,0.021783983936038906,180.94333333333336,Kitchen,442.16,United Kingdom,1061,0.75,348,2171.32,9,0,0,6,0,3,0,0
15812,107,5,1801.14,43.930243902439024,0.0,0.0,0.0,0.0,150.095,Other,787.83,United Kingdom,922,0.4166666666666667,210,1801.14,5,0,0,7,0,3,0,0
15813,208,2,1303.9099999999999,32.59775,0.0,0.0,0.0,0.0,108.65916666666665,Crockery,578.9,United Kingdom,603,0.16666666666666666,31,1303.9099999999999,2,0,0,2,0,3,0,0
15814,3,6,1842.73,24.901756756756757,2.0,24.0,102.6,0.055678259972974875,153.56083333333333,Home Decor,338.52,United Kingdom,1247,0.5,47,1842.73,6,0,0,5,0,3,0,0
15815,64,5,2100.6,42.86938775510204,0.0,0.0,0.0,0.0,175.04999999999998,Other,763.66,United Kingdom,1856,0.4166666666666667,196,2100.6,5,0,0,7,0,3,0,0
15819,49,4,1905.45,15.491463414634147,0.0,0.0,0.0,0.0,158.7875,Bags,356.2,United Kingdom,1357,0.3333333333333333,227,1905.45,4,0,0,1,0,3,0,0
15820,320,1,206.98,12.175294117647057,0.0,0.0,0.0,0.0,17.24833333333333,Other,106.30000000000001,United Kingdom,128,0.08333333333333333,0,206.98,1,0,0,7,0,3,0,0
15821,44,2,570.96,9.209032258064516,0.0,0.0,0.0,0.0,47.580000000000005,Kitchen,150.9,United Kingdom,202,0.16666666666666666,17,570.96,2,0,0,6,0,3,0,0
15822,3,2,885.47,26.832424242424242,0.0,0.0,0.0,0.0,73.78916666666667,Home Decor,328.6,United Kingdom,375,0.16666666666666666,356,885.47,2,0,0,5,0,3,0,0
15825,172,1,532.94,26.647000000000002,0.0,0.0,0.0,0.0,44.41166666666667,Stationery,264.64,United Kingdom,220,0.08333333333333333,0,532.94,1,0,0,9,0,3,0,0
15826,51,4,1649.3600000000001,23.903768115942032,1.0,1.0,4.95,0.0030011640878886353,137.4466666666667,Kitchen,429.94,United Kingdom,962,0.3333333333333333,159,1649.3600000000001,4,0,0,6,0,3,0,0
15827,73,20,1641.48,12.249850746268656,6.0,40.0,194.60999999999999,0.11855764310256596,136.79,Kitchen,1166.53,United Kingdom,842,1.6666666666666667,299,1641.48,20,1,1,6,2,2,-1,2
15829,99,2,636.14,12.473333333333333,0.0,0.0,0.0,0.0,53.01166666666666,Home Decor,118.02,United Kingdom,996,0.16666666666666666,41,636.14,2,0,0,5,0,3,0,0
15830,29,2,547.7,13.358536585365854,1.0,6.0,28.3,0.051670622603615116,45.64166666666667,Stationery,153.24,United Kingdom,409,0.16666666666666666,8,547.7,2,0,0,9,0,3,0,0
15831,58,4,740.64,11.054328358208956,1.0,8.0,54.0,0.0729099157485418,61.72,Home Decor,247.37,United Kingdom,1084,0.3333333333333333,265,740.64,4,0,0,5,2,3,0,2
15832,254,1,836.79,15.49611111111111,0.0,0.0,0.0,0.0,69.7325,Kitchen,375.16,United Kingdom,465,0.08333333333333333,0,836.79,1,0,0,6,0,3,0,0
15834,70,6,2076.3,7.6334558823529415,2.0,4.0,148.85,0.07169002552617636,173.025,Other,361.84999999999997,United Kingdom,957,0.5,301,2076.3,6,0,0,7,2,3,0,2
15835,44,4,954.09,19.0818,0.0,0.0,0.0,0.0,79.50750000000001,Bags,274.4,United Kingdom,439,0.3333333333333333,286,954.09,4,0,0,1,0,3,0,0
15836,45,2,117.47,9.789166666666667,1.0,2.0,19.9,0.16940495445645695,9.789166666666667,Kitchen,44.6,United Kingdom,24,0.16666666666666666,4,117.47,2,0,0,6,2,2,0,2
15837,65,1,391.98,16.3325,0.0,0.0,0.0,0.0,32.665,Stationery,72.53999999999999,United Kingdom,189,0.08333333333333333,0,391.98,1,0,0,9,0,3,0,0
15839,25,5,1020.74,15.703692307692307,2.0,5.0,27.75,0.02718615906107334,85.06166666666667,Kitchen,232.45000000000002,United Kingdom,670,0.4166666666666667,122,1020.74,5,0,0,6,0,3,0,0
15840,59,3,345.65999999999997,12.344999999999999,1.0,2.0,9.9,0.02864086096163861,28.804999999999996,Home Decor,88.38,United Kingdom,394,0.25,113,345.65999999999997,3,0,0,5,0,3,0,0
15841,64,6,1209.1,24.182,2.0,16.0,14.959999999999999,0.012372839301960136,100.75833333333333,Home Decor,521.2,United Kingdom,926,0.5,274,1209.1,6,0,0,5,0,3,0,0
15843,304,1,118.95000000000002,14.868750000000002,0.0,0.0,0.0,0.0,9.912500000000001,Crockery,53.25000000000001,United Kingdom,27,0.08333333333333333,0,118.95000000000002,1,0,0,2,0,3,0,0
15844,46,1,130.73999999999998,11.885454545454543,0.0,0.0,0.0,0.0,10.894999999999998,Kitchen,42.3,United Kingdom,134,0.08333333333333333,0,130.73999999999998,1,0,0,6,0,3,0,0
15845,18,10,3650.87,26.077642857142855,2.0,8.0,60.9,0.016680955498278492,304.2391666666667,Kitchen,972.4,United Kingdom,1918,0.8333333333333334,319,3650.87,10,0,0,6,3,3,0,3
15847,38,2,389.27,17.694090909090907,0.0,0.0,0.0,0.0,32.439166666666665,Home Decor,127.04,United Kingdom,449,0.16666666666666666,249,389.27,2,0,0,5,0,3,0,0
15850,19,2,234.88,2.525591397849462,0.0,0.0,0.0,0.0,19.573333333333334,Other,95.4,United Kingdom,298,0.16666666666666666,148,234.88,2,0,0,7,0,3,0,0
15852,187,2,160.71,7.305000000000001,0.0,0.0,0.0,0.0,13.3925,Stationery,63.24,United Kingdom,48,0.16666666666666666,10,160.71,2,0,0,9,0,3,0,0
15853,52,1,110.8,3.6933333333333334,0.0,0.0,0.0,0.0,9.233333333333333,Stationery,45.71,United Kingdom,135,0.08333333333333333,0,110.8,1,0,0,9,0,3,0,0
15854,4,12,2969.12,21.51536231884058,0.0,0.0,0.0,0.0,247.42666666666665,Other,2127.92,United Kingdom,926,1.0,357,2969.12,12,1,0,7,0,3,0,0
15855,137,5,712.24,8.903,0.0,0.0,0.0,0.0,59.35333333333333,Storage,153.45,United Kingdom,470,0.4166666666666667,126,712.24,5,0,0,10,0,3,0,0
15857,19,1,297.0,21.214285714285715,0.0,0.0,0.0,0.0,24.75,Kitchen,180.3,United Kingdom,308,0.08333333333333333,0,297.0,1,0,0,6,0,3,0,0
15858,16,5,1427.57,7.59345744680851,0.0,0.0,0.0,0.0,118.96416666666666,Stationery,411.62,United Kingdom,1163,0.4166666666666667,351,1427.57,5,0,0,9,0,3,0,0
15860,41,8,965.16,6.943597122302158,0.0,0.0,0.0,0.0,80.42999999999999,Other,224.32,United Kingdom,437,0.6666666666666666,327,965.16,8,0,0,7,0,3,0,0
15861,12,9,2981.92,5.5118669131238445,1.0,1.0,165.0,0.05533347641787841,248.49333333333334,Home Decor,781.8,United Kingdom,2527,0.75,254,2981.92,9,0,0,5,0,3,0,0
15862,8,4,832.88,5.665850340136054,0.0,0.0,0.0,0.0,69.40666666666667,Home Decor,212.79,United Kingdom,585,0.3333333333333333,365,832.88,4,0,0,5,0,3,0,0
15863,26,2,68.84,3.8244444444444445,0.0,0.0,0.0,0.0,5.736666666666667,Storage,15.79,United Kingdom,19,0.16666666666666666,167,68.84,2,0,0,10,0,3,0,0
15864,22,8,1769.7800000000002,73.74083333333334,2.0,148.0,166.54000000000002,0.09410209178541966,147.48166666666668,Crockery,1201.3400000000001,United Kingdom,1044,0.6666666666666666,293,1769.7800000000002,8,0,0,2,2,2,-1,2
15865,41,3,895.13,22.37825,0.0,0.0,0.0,0.0,74.59416666666667,Electronics,208.68,United Kingdom,368,0.25,173,895.13,3,0,0,3,0,3,0,0
15866,101,1,211.89,4.927674418604651,0.0,0.0,0.0,0.0,17.6575,Other,40.95,United Kingdom,124,0.08333333333333333,0,211.89,1,0,0,7,0,3,0,0
15867,5,16,3795.29,8.232733188720173,1.0,2.0,14.85,0.003912744480658922,316.27416666666664,Textiles,831.35,United Kingdom,2050,1.3333333333333333,363,3795.29,16,1,1,11,3,3,0,3
15869,277,2,149.64,9.975999999999999,0.0,0.0,0.0,0.0,12.469999999999999,Stationery,52.54,United Kingdom,175,0.16666666666666666,0,149.64,2,0,0,9,0,3,0,0
15870,33,1,351.44,4.749189189189189,0.0,0.0,0.0,0.0,29.286666666666665,Stationery,156.1,United Kingdom,333,0.08333333333333333,0,351.44,1,0,0,9,0,3,0,0
15872,15,2,316.25,2.928240740740741,0.0,0.0,0.0,0.0,26.354166666666668,Toys,69.65,United Kingdom,187,0.16666666666666666,0,316.25,2,0,0,12,0,3,0,0
15874,63,9,4330.67,31.6107299270073,2.0,28.0,75.21000000000001,0.0173668277656806,360.88916666666665,Stationery,1591.94,United Kingdom,2506,0.75,220,4330.67,9,0,0,9,3,3,0,3
15877,2,3,437.83,3.420546875,1.0,125.0,52.5,0.11990955393645936,36.48583333333333,Other,77.35,United Kingdom,243,0.25,16,437.83,3,0,0,7,2,2,0,2
15880,369,2,299.03,3.082783505154639,1.0,24.0,30.0,0.10032438216901315,24.919166666666666,Home Decor,109.26,United Kingdom,178,0.16666666666666666,0,299.03,2,0,0,5,2,2,0,2
15881,312,8,438.24000000000007,13.695000000000002,3.0,61.0,63.15,0.14409912376779843,36.52,Kitchen,243.9,United Kingdom,199,0.6666666666666666,52,438.24000000000007,8,0,0,6,2,2,0,2
15882,199,5,495.36,20.64,1.0,10.0,21.0,0.04239341085271318,41.28,Electronics,179.56,United Kingdom,266,0.4166666666666667,169,495.36,5,0,0,3,0,3,0,0
15883,2,2,396.48,8.091428571428573,0.0,0.0,0.0,0.0,33.04,Kitchen,127.47,United Kingdom,223,0.16666666666666666,31,396.48,2,0,0,6,0,3,0,0
15885,93,3,379.35,21.075000000000003,0.0,0.0,0.0,0.0,31.6125,Crockery,174.1,United Kingdom,111,0.25,216,379.35,3,0,0,2,0,3,0,0
15886,60,1,181.09,15.090833333333334,0.0,0.0,0.0,0.0,15.090833333333334,Other,72.7,United Kingdom,147,0.08333333333333333,0,181.09,1,0,0,7,0,3,0,0
15888,80,2,141.27,10.090714285714286,1.0,16.0,27.04,0.19140652650952075,11.7725,Kitchen,109.1,United Kingdom,60,0.16666666666666666,0,141.27,2,0,0,6,2,2,0,2
15889,157,2,420.07,4.942,0.0,0.0,0.0,0.0,35.005833333333335,Other,147.27,United Kingdom,206,0.16666666666666666,212,420.07,2,0,0,7,0,3,0,0
15891,227,1,511.68,8.528,0.0,0.0,0.0,0.0,42.64,Kitchen,126.84,United Kingdom,418,0.08333333333333333,0,511.68,1,0,0,6,0,3,0,0
15894,253,2,258.25,6.97972972972973,0.0,0.0,0.0,0.0,21.520833333333332,Kitchen,84.56,United Kingdom,164,0.16666666666666666,115,258.25,2,0,0,6,0,3,0,0
15895,150,1,179.17,16.288181818181815,0.0,0.0,0.0,0.0,14.930833333333332,Electronics,137.16,United Kingdom,94,0.08333333333333333,0,179.17,1,0,0,3,0,3,0,0
15897,194,2,208.59,9.481363636363637,0.0,0.0,0.0,0.0,17.3825,Other,134.25,United Kingdom,223,0.16666666666666666,0,208.59,2,0,0,7,0,3,0,0
15898,1,6,1379.63,16.23094117647059,1.0,2.0,4.2,0.0030442944847531585,114.96916666666668,Crockery,562.35,United Kingdom,565,0.5,367,1379.63,6,0,0,2,0,3,0,0
15899,369,1,56.25,14.0625,0.0,0.0,0.0,0.0,4.6875,Bags,33.6,United Kingdom,39,0.08333333333333333,0,56.25,1,0,0,1,0,3,0,0
15900,24,1,337.28,7.176170212765957,0.0,0.0,0.0,0.0,28.106666666666666,Crockery,110.3,United Kingdom,216,0.08333333333333333,0,337.28,1,0,0,2,0,3,0,0
15901,17,3,351.73,3.168738738738739,0.0,0.0,0.0,0.0,29.310833333333335,Other,85.61999999999999,United Kingdom,379,0.25,138,351.73,3,0,0,7,0,3,0,0
15903,10,8,5126.34,68.3512,1.0,1.0,0.42,8.19297978674844e-05,427.195,Storage,2050.8,United Kingdom,2409,0.6666666666666666,285,5126.34,8,0,0,10,3,3,-1,3
15904,8,1,164.68,5.489333333333334,0.0,0.0,0.0,0.0,13.723333333333334,Electronics,52.81,United Kingdom,84,0.08333333333333333,0,164.68,1,0,0,3,0,3,0,0
15906,20,8,1521.79,10.078079470198675,1.0,6.0,45.900000000000006,0.0301618488753376,126.81583333333333,Kitchen,427.18,United Kingdom,538,0.6666666666666666,235,1521.79,8,0,0,6,0,3,0,0
15907,4,3,882.72,3.905840707964602,0.0,0.0,0.0,0.0,73.56,Other,179.72,United Kingdom,478,0.25,206,882.72,3,0,0,7,0,3,0,0
15909,174,1,191.94,27.419999999999998,0.0,0.0,0.0,0.0,15.995,Crockery,181.79999999999998,United Kingdom,98,0.08333333333333333,0,191.94,1,0,0,2,0,3,0,0
15910,1,8,1228.88,4.6198496240601505,0.0,0.0,0.0,0.0,102.40666666666668,Home Decor,267.81,United Kingdom,1013,0.6666666666666666,315,1228.88,8,0,0,5,0,3,0,0
15912,178,2,264.62,13.927368421052632,0.0,0.0,0.0,0.0,22.051666666666666,Kitchen,124.43,United Kingdom,185,0.16666666666666666,54,264.62,2,0,0,6,0,3,0,0
15916,16,10,1466.01,9.397499999999999,2.0,5.0,36.85,0.025136254186533518,122.1675,Other,350.37,United Kingdom,747,0.8333333333333334,350,1466.01,10,0,0,7,0,3,0,0
15917,248,1,123.1,10.258333333333333,0.0,0.0,0.0,0.0,10.258333333333333,Crockery,36.75,United Kingdom,42,0.08333333333333333,0,123.1,1,0,0,2,0,3,0,0
15918,191,2,334.23,8.35575,0.0,0.0,0.0,0.0,27.852500000000003,Storage,89.1,United Kingdom,153,0.16666666666666666,80,334.23,2,0,0,10,0,3,0,0
15919,20,2,525.69,4.308934426229508,0.0,0.0,0.0,0.0,43.807500000000005,Stationery,100.08,United Kingdom,385,0.16666666666666666,349,525.69,2,0,0,9,0,3,0,0
15920,154,4,167.5,2.7916666666666665,0.0,0.0,0.0,0.0,13.958333333333334,Other,32.93,United Kingdom,99,0.3333333333333333,0,167.5,4,0,0,7,0,3,0,0
15921,173,1,323.03000000000003,13.459583333333335,0.0,0.0,0.0,0.0,26.91916666666667,Stationery,95.97,United Kingdom,162,0.08333333333333333,0,323.03000000000003,1,0,0,9,0,3,0,0
15925,194,1,207.15,17.2625,0.0,0.0,0.0,0.0,17.2625,Crockery,52.4,United Kingdom,93,0.08333333333333333,0,207.15,1,0,0,2,0,3,0,0
15930,67,1,426.63,20.315714285714286,0.0,0.0,0.0,0.0,35.5525,Other,98.4,United Kingdom,139,0.08333333333333333,0,426.63,1,0,0,7,0,3,0,0
15932,4,11,2461.85,20.68781512605042,3.0,14.0,34.019999999999996,0.013818876048500111,205.15416666666667,Home Decor,795.76,United Kingdom,2311,0.9166666666666666,285,2461.85,11,1,0,5,3,3,0,3
15933,21,3,1107.46,14.965675675675676,0.0,0.0,0.0,0.0,92.28833333333334,Kitchen,512.0,United Kingdom,885,0.25,65,1107.46,3,0,0,6,0,3,0,0
15935,239,2,416.86,34.73833333333334,0.0,0.0,0.0,0.0,34.73833333333334,Other,308.82,United Kingdom,115,0.16666666666666666,2,416.86,2,0,0,7,0,3,0,0
15937,64,1,145.35,20.764285714285712,0.0,0.0,0.0,0.0,12.112499999999999,Crockery,53.4,United Kingdom,73,0.08333333333333333,0,145.35,1,0,0,2,0,3,0,0
15938,112,5,404.58,22.476666666666667,0.0,0.0,0.0,0.0,33.714999999999996,Electronics,217.56,United Kingdom,240,0.4166666666666667,211,404.58,5,0,0,3,0,3,0,0
15939,90,16,6102.26,79.25012987012987,1.0,3.0,12.75,0.00208938983261939,508.5216666666667,Home Decor,1989.08,United Kingdom,4725,1.3333333333333333,241,6102.26,16,1,1,5,3,0,-1,3
15940,311,2,31.799999999999997,15.899999999999999,1.0,1.0,4.0,0.12578616352201258,2.65,Storage,35.8,United Kingdom,3,0.16666666666666666,0,31.799999999999997,2,0,0,10,2,2,0,2
15942,134,1,337.44,24.102857142857143,0.0,0.0,0.0,0.0,28.12,Crockery,106.19999999999999,United Kingdom,232,0.08333333333333333,0,337.44,1,0,0,2,0,3,0,0
15944,277,1,325.1,54.18333333333334,0.0,0.0,0.0,0.0,27.09166666666667,Kitchen,175.2,United Kingdom,50,0.08333333333333333,0,325.1,1,0,0,6,0,3,0,0
15945,365,1,181.0,90.5,0.0,0.0,0.0,0.0,15.083333333333334,Electronics,167.4,United Kingdom,52,0.08333333333333333,0,181.0,1,0,0,3,0,3,0,0
15947,83,1,1708.24,58.9048275862069,0.0,0.0,0.0,0.0,142.35333333333332,Kitchen,824.94,United Kingdom,898,0.08333333333333333,0,1708.24,1,0,0,6,0,3,0,0
15948,8,2,955.24,15.920666666666667,0.0,0.0,0.0,0.0,79.60333333333334,Toys,259.6,United Kingdom,567,0.16666666666666666,35,955.24,2,0,0,12,0,3,0,0
15949,17,2,364.72,19.19578947368421,0.0,0.0,0.0,0.0,30.393333333333334,Home Decor,186.4,United Kingdom,284,0.16666666666666666,54,364.72,2,0,0,5,0,3,0,0
15950,2,5,1684.46,16.514313725490197,1.0,7.0,60.25,0.035768139344359615,140.37166666666667,Kitchen,443.0,United Kingdom,712,0.4166666666666667,357,1684.46,5,0,0,6,0,3,0,0
15951,1,3,669.57,15.57139534883721,1.0,7.0,38.650000000000006,0.05772361366249982,55.79750000000001,Home Decor,250.08,United Kingdom,306,0.25,284,669.57,3,0,0,5,0,3,0,0
15952,34,4,781.91,9.30845238095238,0.0,0.0,0.0,0.0,65.15916666666666,Home Decor,357.95,United Kingdom,391,0.3333333333333333,191,781.91,4,0,0,5,0,3,0,0
15953,15,10,1632.43,16.00421568627451,2.0,7.0,24.849999999999998,0.015222704802043577,136.03583333333333,Electronics,706.75,United Kingdom,884,0.8333333333333334,354,1632.43,10,0,0,3,0,3,0,0
15955,24,16,4389.81,23.728702702702705,2.0,11.0,26.45,0.006025317724457322,365.81750000000005,Home Decor,1006.53,United Kingdom,2124,1.3333333333333333,348,4389.81,16,1,1,5,3,3,0,3
15957,32,1,428.89,10.211666666666666,0.0,0.0,0.0,0.0,35.740833333333335,Home Decor,120.96,United Kingdom,211,0.08333333333333333,0,428.89,1,0,0,5,0,3,0,0
15958,74,1,104.35,14.907142857142857,0.0,0.0,0.0,0.0,8.695833333333333,Other,43.45,United Kingdom,33,0.08333333333333333,0,104.35,1,0,0,7,0,3,0,0
15963,20,2,470.76,16.812857142857144,0.0,0.0,0.0,0.0,39.23,Other,93.66,United Kingdom,298,0.16666666666666666,25,470.76,2,0,0,7,0,3,0,0
15965,17,4,808.87,7.287117117117117,0.0,0.0,0.0,0.0,67.40583333333333,Storage,172.96,United Kingdom,434,0.3333333333333333,350,808.87,4,0,0,10,0,3,0,0
15967,23,2,397.68,4.971,0.0,0.0,0.0,0.0,33.14,Home Decor,122.94,United Kingdom,205,0.16666666666666666,295,397.68,2,0,0,5,0,3,0,0
15969,3,4,582.9,27.757142857142856,1.0,4.0,83.2,0.14273460284782982,48.574999999999996,Home Decor,146.7,United Kingdom,120,0.3333333333333333,182,582.9,4,0,0,5,2,2,0,2
15970,304,1,314.1,28.55454545454546,0.0,0.0,0.0,0.0,26.175,Other,149.4,United Kingdom,116,0.08333333333333333,0,314.1,1,0,0,7,0,3,0,0
15971,18,12,4199.85,119.9957142857143,0.0,0.0,0.0,0.0,349.9875,Kitchen,2651.6,United Kingdom,1717,1.0,293,4199.85,12,1,0,6,3,3,-1,3
15974,39,8,3429.55,19.375988700564974,1.0,6.0,12.600000000000001,0.0036739513930399035,285.79583333333335,Home Decor,1197.49,United Kingdom,2256,0.6666666666666666,249,3429.55,8,0,0,5,0,3,0,0
15975,84,1,371.01,15.45875,0.0,0.0,0.0,0.0,30.9175,Kitchen,155.65,United Kingdom,243,0.08333333333333333,0,371.01,1,0,0,6,0,3,0,0
15976,165,2,427.64,4.454583333333333,0.0,0.0,0.0,0.0,35.63666666666666,Home Decor,95.54,United Kingdom,275,0.16666666666666666,54,427.64,2,0,0,5,0,3,0,0
15977,17,2,1054.73,16.226615384615386,0.0,0.0,0.0,0.0,87.89416666666666,Home Decor,540.0,United Kingdom,1016,0.16666666666666666,21,1054.73,2,0,0,5,0,3,0,0
15978,77,1,1098.78,22.42408163265306,0.0,0.0,0.0,0.0,91.565,Kitchen,375.98,United Kingdom,888,0.08333333333333333,0,1098.78,1,0,0,6,0,3,0,0
15980,89,3,2398.86,55.78744186046512,0.0,0.0,0.0,0.0,199.905,Home Decor,1094.92,United Kingdom,1560,0.25,165,2398.86,3,0,0,5,0,3,0,0
15981,25,8,3408.48,35.13896907216495,0.0,0.0,0.0,0.0,284.04,Bags,865.4000000000001,United Kingdom,1866,0.6666666666666666,286,3408.48,8,0,0,1,3,3,0,3
15983,22,4,1465.12,13.081428571428571,0.0,0.0,0.0,0.0,122.09333333333332,Home Decor,635.37,United Kingdom,886,0.3333333333333333,351,1465.12,4,0,0,5,0,3,0,0
15984,3,11,2759.93,10.49403041825095,1.0,10.0,20.700000000000003,0.0075001902222157826,229.99416666666664,Home Decor,1130.03,United Kingdom,1805,0.9166666666666666,365,2759.93,11,1,0,5,0,3,0,0
15985,123,3,1037.42,27.300526315789476,1.0,250.0,105.0,0.10121262362399028,86.45166666666667,Other,308.20000000000005,United Kingdom,836,0.25,113,1037.42,3,0,0,7,2,2,0,2
15986,30,1,168.12,12.008571428571429,0.0,0.0,0.0,0.0,14.01,Home Decor,96.67999999999999,United Kingdom,268,0.08333333333333333,0,168.12,1,0,0,5,0,3,0,0
15987,12,7,1432.77,11.193515625,0.0,0.0,0.0,0.0,119.3975,Crockery,568.89,United Kingdom,1533,0.5833333333333334,356,1432.77,7,0,0,2,0,3,0,0
15988,19,1,156.78,6.03,0.0,0.0,0.0,0.0,13.065,Electronics,47.7,United Kingdom,180,0.08333333333333333,0,156.78,1,0,0,3,0,3,0,0
15990,44,2,792.11,15.232884615384616,0.0,0.0,0.0,0.0,66.00916666666667,Other,219.3,United Kingdom,443,0.16666666666666666,243,792.11,2,0,0,7,0,3,0,0
15992,4,1,41.989999999999995,13.996666666666664,0.0,0.0,0.0,0.0,3.499166666666666,Kitchen,14.95,United Kingdom,17,0.08333333333333333,0,41.989999999999995,1,0,0,6,0,3,0,0
15993,9,10,2736.92,4.967186932849365,3.0,9.0,40.75,0.014888999313096472,228.07666666666668,Home Decor,842.81,United Kingdom,2028,0.8333333333333334,35,2736.92,10,0,0,5,0,3,0,0
15994,55,1,414.27,12.9459375,0.0,0.0,0.0,0.0,34.5225,Home Decor,179.87,United Kingdom,173,0.08333333333333333,0,414.27,1,0,0,5,0,3,0,0
15996,88,7,1016.6800000000001,7.9428125000000005,1.0,2.0,15.9,0.015639139158830702,84.72333333333334,Home Decor,267.91,United Kingdom,378,0.5833333333333334,277,1016.6800000000001,7,0,0,5,0,3,0,0
15998,37,6,3074.42,6.0639447731755425,1.0,4.0,5.799999999999999,0.0018865346959751753,256.20166666666665,Home Decor,717.53,United Kingdom,2028,0.5,325,3074.42,6,0,0,5,0,3,0,0
16003,30,5,2735.37,26.556990291262135,0.0,0.0,0.0,0.0,227.9475,Stationery,885.65,United Kingdom,1185,0.4166666666666667,329,2735.37,5,0,0,9,0,3,0,0
16005,12,4,578.71,2.8791542288557217,0.0,0.0,0.0,0.0,48.225833333333334,Kitchen,115.14,United Kingdom,280,0.3333333333333333,258,578.71,4,0,0,6,0,3,0,0
16006,211,1,101.4,12.675,0.0,0.0,0.0,0.0,8.450000000000001,Home Decor,51.410000000000004,United Kingdom,84,0.08333333333333333,0,101.4,1,0,0,5,0,3,0,0
16007,48,4,1693.81,4.445695538057743,0.0,0.0,0.0,0.0,141.15083333333334,Other,339.21999999999997,United Kingdom,1388,0.3333333333333333,167,1693.81,4,0,0,7,0,3,0,0
16008,24,3,478.78,14.508484848484848,0.0,0.0,0.0,0.0,39.89833333333333,Bags,144.9,United Kingdom,323,0.25,180,478.78,3,0,0,1,0,3,0,0
16009,22,4,972.11,11.855,0.0,0.0,0.0,0.0,81.00916666666667,Kitchen,267.7,United Kingdom,366,0.3333333333333333,137,972.11,4,0,0,6,0,3,0,0
16010,246,3,392.4,4.9670886075949365,0.0,0.0,0.0,0.0,32.699999999999996,Home Decor,157.59,United Kingdom,202,0.25,116,392.4,3,0,0,5,0,3,0,0
16011,8,16,3352.96,15.966476190476191,0.0,0.0,0.0,0.0,279.41333333333336,Other,954.75,United Kingdom,2035,1.3333333333333333,357,3352.96,16,1,1,7,3,3,0,3
16012,35,3,1415.29,15.05627659574468,0.0,0.0,0.0,0.0,117.94083333333333,Kitchen,520.89,United Kingdom,799,0.25,119,1415.29,3,0,0,6,0,3,0,0
16014,36,4,637.58,4.521843971631206,1.0,4.0,9.25,0.014507983311898114,53.13166666666667,Home Decor,133.68,United Kingdom,254,0.3333333333333333,255,637.58,4,0,0,5,0,3,0,0
16015,4,4,689.7,3.7688524590163937,1.0,3.0,14.850000000000001,0.0215311004784689,57.475,Home Decor,247.92,United Kingdom,904,0.3333333333333333,45,689.7,4,0,0,5,0,3,0,0
16016,3,10,1440.06,6.371946902654867,2.0,2.0,25.45,0.01767287474133022,120.005,Home Decor,399.32,United Kingdom,600,0.8333333333333334,363,1440.06,10,0,0,5,0,3,0,0
16017,47,1,211.88,6.62125,0.0,0.0,0.0,0.0,17.656666666666666,Home Decor,85.8,United Kingdom,102,0.08333333333333333,0,211.88,1,0,0,5,0,3,0,0
16018,39,2,408.90000000000003,14.60357142857143,0.0,0.0,0.0,0.0,34.075,Home Decor,170.47,United Kingdom,190,0.16666666666666666,141,408.90000000000003,2,0,0,5,0,3,0,0
16019,2,10,3450.2400000000002,20.910545454545456,1.0,84.0,336.0,0.09738452977184195,287.52000000000004,Kitchen,950.19,United Kingdom,1649,0.8333333333333334,362,3450.2400000000002,10,0,0,6,2,2,0,2
16020,17,3,851.01,18.500217391304346,0.0,0.0,0.0,0.0,70.9175,Kitchen,301.45,United Kingdom,487,0.25,48,851.01,3,0,0,6,0,3,0,0
16022,260,1,602.63,8.48774647887324,0.0,0.0,0.0,0.0,50.219166666666666,Crockery,126.55,United Kingdom,255,0.08333333333333333,0,602.63,1,0,0,2,0,3,0,0
16023,46,3,719.81,7.126831683168317,0.0,0.0,0.0,0.0,59.98416666666666,Kitchen,238.10999999999999,United Kingdom,358,0.25,220,719.81,3,0,0,6,0,3,0,0
16024,12,1,251.03,3.9846031746031745,0.0,0.0,0.0,0.0,20.919166666666666,Stationery,53.01,United Kingdom,397,0.08333333333333333,0,251.03,1,0,0,9,0,3,0,0
16025,30,1,439.65999999999997,15.702142857142857,0.0,0.0,0.0,0.0,36.63833333333333,Stationery,92.8,United Kingdom,338,0.08333333333333333,0,439.65999999999997,1,0,0,9,0,3,0,0
16026,43,1,236.09,7.3778125,0.0,0.0,0.0,0.0,19.674166666666668,Other,85.46000000000001,United Kingdom,243,0.08333333333333333,0,236.09,1,0,0,7,0,3,0,0
16027,92,7,852.12,50.12470588235294,1.0,1.0,82.5,0.09681734966906069,71.01,Electronics,554.4000000000001,United Kingdom,1146,0.5833333333333334,210,852.12,7,0,0,3,2,2,-1,2
16030,310,1,331.24,11.422068965517242,0.0,0.0,0.0,0.0,27.603333333333335,Home Decor,129.84,United Kingdom,283,0.08333333333333333,0,331.24,1,0,0,5,0,3,0,0
16031,92,2,547.9,5.590816326530612,0.0,0.0,0.0,0.0,45.65833333333333,Other,139.95000000000002,United Kingdom,421,0.16666666666666666,154,547.9,2,0,0,7,0,3,0,0
16033,6,27,8690.03,7.602825896762905,7.0,23.0,88.79000000000002,0.010217456096239025,724.1691666666667,Kitchen,1810.5,United Kingdom,3506,2.25,364,8690.03,27,1,1,6,3,0,-1,3
16034,196,3,437.7,19.895454545454545,0.0,0.0,0.0,0.0,36.475,Electronics,221.05,United Kingdom,242,0.25,136,437.7,3,0,0,3,0,3,0,0
16036,87,2,758.92,13.798545454545454,0.0,0.0,0.0,0.0,63.24333333333333,Other,237.32,United Kingdom,716,0.16666666666666666,176,758.92,2,0,0,7,0,3,0,0
16037,270,3,855.02,21.923589743589744,0.0,0.0,0.0,0.0,71.25166666666667,Kitchen,224.8,United Kingdom,428,0.25,88,855.02,3,0,0,6,0,3,0,0
16038,8,4,454.33000000000004,16.22607142857143,1.0,3.0,17.45,0.03840820548940197,37.86083333333334,Other,148.2,United Kingdom,241,0.3333333333333333,194,454.33000000000004,4,0,0,7,0,3,0,0
16040,65,3,1313.55,20.20846153846154,0.0,0.0,0.0,0.0,109.46249999999999,Home Decor,367.62,United Kingdom,684,0.25,203,1313.55,3,0,0,5,0,3,0,0
16042,22,7,1127.57,15.237432432432431,2.0,10.0,49.900000000000006,0.044254458703229076,93.96416666666666,Other,272.98,United Kingdom,733,0.5833333333333334,350,1127.57,7,0,0,7,0,3,0,0
16043,38,4,773.99,19.845897435897434,0.0,0.0,0.0,0.0,64.49916666666667,Electronics,207.3,United Kingdom,503,0.3333333333333333,280,773.99,4,0,0,3,0,3,0,0
16045,120,4,1340.7,16.15301204819277,0.0,0.0,0.0,0.0,111.72500000000001,Kitchen,686.5600000000001,United Kingdom,897,0.3333333333333333,170,1340.7,4,0,0,6,0,3,0,0
16048,86,3,243.69000000000003,27.076666666666668,1.0,1.0,12.75,0.05232057121753046,20.3075,Home Decor,166.20000000000002,United Kingdom,143,0.25,287,243.69000000000003,3,0,0,5,0,3,0,0
16049,40,3,1074.81,3.5946822742474915,0.0,0.0,0.0,0.0,89.5675,Home Decor,283.95,United Kingdom,763,0.25,34,1074.81,3,0,0,5,0,3,0,0
16050,174,1,137.9,13.790000000000001,0.0,0.0,0.0,0.0,11.491666666666667,Kitchen,62.1,United Kingdom,278,0.08333333333333333,0,137.9,1,0,0,6,0,3,0,0
16052,54,1,362.06,10.648823529411764,0.0,0.0,0.0,0.0,30.171666666666667,Other,105.3,United Kingdom,282,0.08333333333333333,0,362.06,1,0,0,7,0,3,0,0
16053,33,2,1511.95,17.999404761904763,0.0,0.0,0.0,0.0,125.99583333333334,Kitchen,725.84,United Kingdom,1793,0.16666666666666666,89,1511.95,2,0,0,6,0,3,0,0
16054,145,1,783.9,11.198571428571428,0.0,0.0,0.0,0.0,65.325,Kitchen,227.35,United Kingdom,380,0.08333333333333333,0,783.9,1,0,0,6,0,3,0,0
16055,221,1,134.8,16.85,0.0,0.0,0.0,0.0,11.233333333333334,Other,40.9,United Kingdom,22,0.08333333333333333,0,134.8,1,0,0,7,0,3,0,0
16056,45,1,650.75,9.859848484848484,0.0,0.0,0.0,0.0,54.229166666666664,Other,242.6,United Kingdom,345,0.08333333333333333,0,650.75,1,0,0,7,0,3,0,0
16057,4,10,2140.2200000000003,15.971791044776122,3.0,30.0,122.89999999999999,0.057424003139864115,178.3516666666667,Kitchen,792.09,United Kingdom,833,0.8333333333333334,280,2140.2200000000003,10,0,0,6,0,3,0,0
16059,66,6,1453.16,8.163820224719101,0.0,0.0,0.0,0.0,121.09666666666668,Home Decor,564.06,United Kingdom,641,0.5,301,1453.16,6,0,0,5,0,3,0,0
16062,10,4,1153.62,18.0253125,0.0,0.0,0.0,0.0,96.13499999999999,Stationery,432.36,United Kingdom,800,0.3333333333333333,355,1153.62,4,0,0,9,0,3,0,0
16063,260,1,335.32,14.57913043478261,0.0,0.0,0.0,0.0,27.94333333333333,Other,65.64,United Kingdom,262,0.08333333333333333,0,335.32,1,0,0,7,0,3,0,0
16065,365,1,367.14,5.02931506849315,0.0,0.0,0.0,0.0,30.595,Home Decor,86.05,United Kingdom,228,0.08333333333333333,0,367.14,1,0,0,5,0,3,0,0
16066,17,5,1521.04,15.059801980198019,0.0,0.0,0.0,0.0,126.75333333333333,Home Decor,268.84999999999997,United Kingdom,935,0.4166666666666667,107,1521.04,5,0,0,5,0,3,0,0
16070,22,2,852.15,25.82272727272727,0.0,0.0,0.0,0.0,71.0125,Kitchen,446.17,United Kingdom,457,0.16666666666666666,9,852.15,2,0,0,6,0,3,0,0
16071,45,1,326.24,15.535238095238096,0.0,0.0,0.0,0.0,27.186666666666667,Home Decor,97.0,United Kingdom,180,0.08333333333333333,0,326.24,1,0,0,5,0,3,0,0
16072,288,1,584.3199999999999,25.405217391304344,0.0,0.0,0.0,0.0,48.69333333333333,Kitchen,258.7,United Kingdom,140,0.08333333333333333,0,584.3199999999999,1,0,0,6,0,3,0,0
16073,292,2,94.35,47.175,1.0,11.0,28.049999999999997,0.29729729729729726,7.8625,Crockery,94.35,United Kingdom,37,0.16666666666666666,5,94.35,2,0,0,2,1,1,-1,1
16076,3,11,2173.53,16.591832061068704,1.0,72.0,61.199999999999996,0.028156961256573403,181.12750000000003,Kitchen,693.3900000000001,United Kingdom,1363,0.9166666666666666,205,2173.53,11,1,0,6,0,3,0,0
16078,284,1,79.2,79.2,0.0,0.0,0.0,0.0,6.6000000000000005,Other,79.2,United Kingdom,16,0.08333333333333333,0,79.2,1,0,0,7,0,3,0,0
16079,17,3,1352.0,64.38095238095238,0.0,0.0,0.0,0.0,112.66666666666667,Stationery,834.12,United Kingdom,864,0.25,23,1352.0,3,0,0,9,0,3,0,0
16080,82,3,176.6,16.054545454545455,1.0,24.0,40.56,0.22967157417893547,14.716666666666667,Kitchen,88.7,United Kingdom,104,0.25,192,176.6,3,0,0,6,2,2,6,2
16081,56,5,2799.42,12.553452914798207,0.0,0.0,0.0,0.0,233.285,Home Decor,1665.86,United Kingdom,1473,0.4166666666666667,310,2799.42,5,0,0,5,0,3,0,0
16083,101,2,1317.62,42.50387096774193,0.0,0.0,0.0,0.0,109.80166666666666,Kitchen,356.15999999999997,United Kingdom,908,0.16666666666666666,259,1317.62,2,0,0,6,0,3,0,0
16084,299,1,436.18,11.47842105263158,0.0,0.0,0.0,0.0,36.348333333333336,Home Decor,110.58,United Kingdom,216,0.08333333333333333,0,436.18,1,0,0,5,0,3,0,0
16085,23,5,981.51,5.877305389221557,0.0,0.0,0.0,0.0,81.7925,Home Decor,287.27,United Kingdom,636,0.4166666666666667,297,981.51,5,0,0,5,0,3,0,0
16086,59,6,1119.31,27.98275,1.0,1.0,2.08,0.001858287695097873,93.27583333333332,Kitchen,245.12,United Kingdom,510,0.5,307,1119.31,6,0,0,6,0,3,0,0
16091,155,2,315.06,17.503333333333334,0.0,0.0,0.0,0.0,26.255,Bags,116.2,United Kingdom,154,0.16666666666666666,43,315.06,2,0,0,1,0,3,0,0
16092,99,5,779.36,14.704905660377358,2.0,26.0,38.5,0.049399507288031205,64.94666666666667,Kitchen,454.40000000000003,United Kingdom,602,0.4166666666666667,155,779.36,5,0,0,6,0,3,0,0
16093,107,1,17.0,17.0,0.0,0.0,0.0,0.0,1.4166666666666667,Other,17.0,United Kingdom,20,0.08333333333333333,0,17.0,1,0,0,7,0,3,0,0
16094,12,6,1041.83,15.549701492537313,2.0,14.0,36.4,0.03493852163980688,86.81916666666666,Kitchen,303.45,United Kingdom,633,0.5,325,1041.83,6,0,0,6,0,3,0,0
16096,264,1,320.62,26.718333333333334,0.0,0.0,0.0,0.0,26.718333333333334,Other,140.0,United Kingdom,155,0.08333333333333333,0,320.62,1,0,0,7,0,3,0,0
16097,240,1,185.04999999999998,18.505,0.0,0.0,0.0,0.0,15.420833333333333,Other,94.85,United Kingdom,87,0.08333333333333333,0,185.04999999999998,1,0,0,7,0,3,0,0
16098,88,7,2005.63,29.934776119402986,0.0,0.0,0.0,0.0,167.13583333333335,Other,685.45,United Kingdom,613,0.5833333333333334,286,2005.63,7,0,0,7,0,3,0,0
16099,50,3,731.9,18.766666666666666,0.0,0.0,0.0,0.0,60.99166666666667,Bags,312.0,United Kingdom,434,0.25,175,731.9,3,0,0,1,0,3,0,0
16101,9,3,1245.96,15.01156626506024,2.0,19.0,44.74,0.03590805483322097,103.83,Bags,359.85,United Kingdom,738,0.25,61,1245.96,3,0,0,1,0,3,0,0
16102,42,3,1842.14,32.31824561403509,0.0,0.0,0.0,0.0,153.51166666666668,Storage,739.2,United Kingdom,942,0.25,86,1842.14,3,0,0,10,0,3,0,0
16103,7,6,1429.64,29.784166666666668,0.0,0.0,0.0,0.0,119.13666666666667,Electronics,791.9,United Kingdom,558,0.5,226,1429.64,6,0,0,3,0,3,0,0
16104,62,1,298.21,10.650357142857143,0.0,0.0,0.0,0.0,24.85083333333333,Other,160.65,United Kingdom,122,0.08333333333333333,0,298.21,1,0,0,7,0,3,0,0
16105,249,1,336.96,25.919999999999998,0.0,0.0,0.0,0.0,28.08,Kitchen,201.36,United Kingdom,330,0.08333333333333333,0,336.96,1,0,0,6,0,3,0,0
16106,66,1,108.38,18.063333333333333,0.0,0.0,0.0,0.0,9.031666666666666,Other,43.199999999999996,United Kingdom,74,0.08333333333333333,0,108.38,1,0,0,7,0,3,0,0
16107,18,7,3204.1600000000003,103.36000000000001,0.0,0.0,0.0,0.0,267.0133333333334,Electronics,1416.16,United Kingdom,1176,0.5833333333333334,165,3204.1600000000003,7,0,0,3,3,3,-1,3
16108,85,2,816.1,16.655102040816328,1.0,16.0,26.4,0.03234897684107339,68.00833333333334,Kitchen,228.86,United Kingdom,599,0.16666666666666666,0,816.1,2,0,0,6,0,3,0,0
16109,219,2,611.88,33.99333333333333,0.0,0.0,0.0,0.0,50.99,Kitchen,150.11999999999998,United Kingdom,612,0.16666666666666666,89,611.88,2,0,0,6,0,3,0,0
16110,45,3,1320.95,3.8624269005847953,0.0,0.0,0.0,0.0,110.07916666666667,Kitchen,374.69,United Kingdom,720,0.25,266,1320.95,3,0,0,6,0,3,0,0
16112,143,4,195.73999999999998,12.233749999999999,0.0,0.0,0.0,0.0,16.311666666666664,Kitchen,129.06,United Kingdom,574,0.3333333333333333,195,195.73999999999998,4,0,0,6,0,3,0,0
16113,183,1,161.38,5.379333333333333,0.0,0.0,0.0,0.0,13.448333333333332,Other,73.92999999999999,United Kingdom,176,0.08333333333333333,0,161.38,1,0,0,7,0,3,0,0
16114,171,1,135.75000000000003,16.968750000000004,0.0,0.0,0.0,0.0,11.312500000000002,Crockery,53.10000000000001,United Kingdom,43,0.08333333333333333,0,135.75000000000003,1,0,0,2,0,3,0,0
16115,10,8,1660.8799999999999,5.952974910394265,0.0,0.0,0.0,0.0,138.40666666666667,Kitchen,662.99,United Kingdom,994,0.6666666666666666,282,1660.8799999999999,8,0,0,6,0,3,0,0
16116,206,2,592.88,16.93942857142857,1.0,2.0,19.9,0.0335649709890703,49.406666666666666,Home Decor,318.82,United Kingdom,246,0.16666666666666666,5,592.88,2,0,0,5,0,3,0,0
16117,190,1,232.21,7.740333333333334,0.0,0.0,0.0,0.0,19.350833333333334,Electronics,69.53,United Kingdom,130,0.08333333333333333,0,232.21,1,0,0,3,0,3,0,0
16119,8,2,423.36,26.46,0.0,0.0,0.0,0.0,35.28,Other,120.78000000000002,United Kingdom,240,0.16666666666666666,64,423.36,2,0,0,7,0,3,0,0
16120,59,5,1294.14,40.441875,1.0,12.0,15.0,0.011590708887755574,107.84500000000001,Home Decor,331.13,United Kingdom,866,0.4166666666666667,0,1294.14,5,0,0,5,0,3,0,0
16121,57,2,854.66,4.189509803921569,0.0,0.0,0.0,0.0,71.22166666666666,Home Decor,197.71,United Kingdom,576,0.16666666666666666,158,854.66,2,0,0,5,0,3,0,0
16122,73,4,684.4200000000001,18.01105263157895,0.0,0.0,0.0,0.0,57.035000000000004,Toys,267.9,United Kingdom,1128,0.3333333333333333,293,684.4200000000001,4,0,0,12,0,3,0,0
16123,52,1,307.78,19.23625,0.0,0.0,0.0,0.0,25.64833333333333,Stationery,80.28,United Kingdom,170,0.08333333333333333,0,307.78,1,0,0,9,0,3,0,0
16124,316,2,187.15,11.696875,1.0,7.0,61.849999999999994,0.33048356932941486,15.595833333333333,Other,108.55,United Kingdom,41,0.16666666666666666,1,187.15,2,0,0,7,1,1,-1,1
16125,367,1,289.35,22.25769230769231,0.0,0.0,0.0,0.0,24.1125,Kitchen,79.8,United Kingdom,124,0.08333333333333333,0,289.35,1,0,0,6,0,3,0,0
16126,29,4,6287.77,53.741623931623934,0.0,0.0,0.0,0.0,523.9808333333334,Toys,1807.8,United Kingdom,2125,0.3333333333333333,267,6287.77,4,0,0,12,3,3,-1,3
16127,39,1,656.25,16.40625,0.0,0.0,0.0,0.0,54.6875,Other,283.14,United Kingdom,323,0.08333333333333333,0,656.25,1,0,0,7,0,3,0,0
16128,18,5,1880.22,21.126067415730336,0.0,0.0,0.0,0.0,156.685,Kitchen,587.5,United Kingdom,988,0.4166666666666667,264,1880.22,5,0,0,6,0,3,0,0
16131,52,6,3506.54,44.95564102564102,0.0,0.0,0.0,0.0,292.21166666666664,Home Decor,915.8000000000001,United Kingdom,1802,0.5,188,3506.54,6,0,0,5,3,3,0,3
16134,22,3,603.6899999999999,15.88657894736842,1.0,14.0,14.399999999999999,0.023853302191522138,50.3075,Kitchen,236.74,United Kingdom,357,0.25,337,603.6899999999999,3,0,0,6,0,3,0,0
16135,263,1,517.55,24.645238095238092,0.0,0.0,0.0,0.0,43.12916666666666,Kitchen,217.5,United Kingdom,209,0.08333333333333333,0,517.55,1,0,0,6,0,3,0,0
16136,60,3,709.38,19.172432432432434,0.0,0.0,0.0,0.0,59.115,Home Decor,274.08,United Kingdom,440,0.25,217,709.38,3,0,0,5,0,3,0,0
16139,19,3,635.41,20.497096774193547,0.0,0.0,0.0,0.0,52.95083333333333,Toys,184.20000000000002,United Kingdom,330,0.25,187,635.41,3,0,0,12,0,3,0,0
16140,53,4,703.77,19.02081081081081,2.0,3.0,21.41,0.030421870781647414,58.6475,Electronics,182.88,United Kingdom,727,0.3333333333333333,318,703.77,4,0,0,3,0,3,0,0
16141,88,1,620.4,20.68,0.0,0.0,0.0,0.0,51.699999999999996,Electronics,159.05,United Kingdom,238,0.08333333333333333,0,620.4,1,0,0,3,0,3,0,0
16142,250,1,535.34,14.46864864864865,0.0,0.0,0.0,0.0,44.61166666666667,Stationery,86.64,United Kingdom,422,0.08333333333333333,0,535.34,1,0,0,9,0,3,0,0
16143,3,7,2419.84,20.5071186440678,1.0,2.0,5.1,0.0021075773604866434,201.65333333333334,Kitchen,788.5500000000001,United Kingdom,917,0.5833333333333334,365,2419.84,7,0,0,6,0,3,0,0
16144,247,1,175.2,175.2,0.0,0.0,0.0,0.0,14.6,Kitchen,175.2,United Kingdom,16,0.08333333333333333,0,175.2,1,0,0,6,3,0,2,3
16145,9,18,3741.98,15.788945147679325,7.0,51.0,57.51,0.015368868887594268,311.83166666666665,Kitchen,882.08,United Kingdom,3072,1.5,351,3741.98,18,1,1,6,3,0,0,3
16146,157,3,734.13,25.314827586206896,0.0,0.0,0.0,0.0,61.1775,Home Decor,255.65999999999997,United Kingdom,427,0.25,74,734.13,3,0,0,5,0,3,0,0
16147,134,1,375.0,17.045454545454547,0.0,0.0,0.0,0.0,31.25,Kitchen,113.1,United Kingdom,246,0.08333333333333333,0,375.0,1,0,0,6,0,3,0,0
16148,296,1,76.32000000000001,76.32000000000001,0.0,0.0,0.0,0.0,6.36,Crockery,76.32000000000001,United Kingdom,72,0.08333333333333333,0,76.32000000000001,1,0,0,2,0,3,0,0
16149,5,2,280.52,15.584444444444443,0.0,0.0,0.0,0.0,23.376666666666665,Home Decor,117.32000000000001,United Kingdom,308,0.16666666666666666,137,280.52,2,0,0,5,0,3,0,0
16150,39,10,1906.07,14.015220588235294,5.0,43.0,146.95,0.07709580445628963,158.83916666666667,Home Decor,691.68,United Kingdom,1004,0.8333333333333334,333,1906.07,10,0,0,5,2,3,0,2
16152,269,1,1829.04,63.070344827586204,0.0,0.0,0.0,0.0,152.42,Kitchen,1183.82,United Kingdom,642,0.08333333333333333,0,1829.04,1,0,0,6,0,3,0,0
16153,50,5,1824.23,20.496966292134832,0.0,0.0,0.0,0.0,152.01916666666668,Kitchen,816.85,United Kingdom,1073,0.4166666666666667,305,1824.23,5,0,0,6,0,3,0,0
16156,9,13,2994.62,21.8585401459854,4.0,38.0,97.41999999999999,0.03253167346775217,249.55166666666665,Kitchen,742.78,United Kingdom,1235,1.0833333333333333,302,2994.62,13,1,1,6,3,3,0,3
16157,16,4,644.24,33.90736842105263,1.0,3.0,12.450000000000001,0.019325096237427047,53.68666666666667,Crockery,248.7,United Kingdom,344,0.3333333333333333,56,644.24,4,0,0,2,0,3,0,0
16159,282,1,348.2,24.87142857142857,0.0,0.0,0.0,0.0,29.016666666666666,Home Decor,215.39999999999998,United Kingdom,236,0.08333333333333333,0,348.2,1,0,0,5,0,3,0,0
16160,64,4,1009.4499999999999,45.88409090909091,2.0,9.0,15.99,0.015840309079201545,84.12083333333332,Home Decor,379.65,United Kingdom,1153,0.3333333333333333,21,1009.4499999999999,4,0,0,5,0,3,0,0
16161,2,26,5311.08,10.643446893787575,7.0,93.0,222.59,0.041910496546841695,442.59,Bags,1443.46,United Kingdom,2490,2.1666666666666665,367,5311.08,26,1,1,1,3,0,-1,3
16162,252,1,37.4,18.7,0.0,0.0,0.0,0.0,3.1166666666666667,Home Decor,25.5,United Kingdom,4,0.08333333333333333,0,37.4,1,0,0,5,0,3,0,0
16164,17,4,802.53,22.92942857142857,1.0,1.0,19.95,0.024858883780045606,66.8775,Stationery,279.40000000000003,United Kingdom,432,0.3333333333333333,25,802.53,4,0,0,9,0,3,0,0
16168,11,28,3770.6,38.086868686868684,1.0,4.0,17.0,0.004508566275924256,314.21666666666664,Electronics,1026.76,United Kingdom,1888,2.3333333333333335,359,3770.6,28,1,1,3,3,0,-1,3
16169,8,4,1822.97,21.44670588235294,0.0,0.0,0.0,0.0,151.91416666666666,Stationery,513.76,United Kingdom,1325,0.3333333333333333,67,1822.97,4,0,0,9,0,3,0,0
16170,51,7,1880.4199999999998,14.806456692913384,1.0,4.0,4.63,0.0024622158879399284,156.70166666666665,Crockery,580.4599999999999,United Kingdom,1766,0.5833333333333334,197,1880.4199999999998,7,0,0,2,0,3,0,0
16171,59,1,73.2,24.400000000000002,0.0,0.0,0.0,0.0,6.1000000000000005,Storage,49.800000000000004,United Kingdom,24,0.08333333333333333,0,73.2,1,0,0,10,0,3,0,0
16172,95,5,1140.21,16.524782608695652,0.0,0.0,0.0,0.0,95.0175,Storage,307.20000000000005,United Kingdom,787,0.4166666666666667,146,1140.21,5,0,0,10,0,3,0,0
16173,16,7,1406.57,16.167471264367816,1.0,4.0,11.75,0.008353654635034161,117.21416666666666,Kitchen,362.40000000000003,United Kingdom,571,0.5833333333333334,82,1406.57,7,0,0,6,0,3,0,0
16174,126,3,1009.5500000000001,43.89347826086957,0.0,0.0,0.0,0.0,84.12916666666668,Other,542.6,United Kingdom,651,0.25,25,1009.5500000000001,3,0,0,7,0,3,0,0
16175,94,4,1037.59,17.889482758620687,0.0,0.0,0.0,0.0,86.46583333333332,Home Decor,539.9,United Kingdom,533,0.3333333333333333,145,1037.59,4,0,0,5,0,3,0,0
16177,50,1,331.95,22.13,0.0,0.0,0.0,0.0,27.662499999999998,Home Decor,141.05,United Kingdom,95,0.08333333333333333,0,331.95,1,0,0,5,0,3,0,0
16178,138,1,197.9,24.7375,0.0,0.0,0.0,0.0,16.491666666666667,Stationery,65.19999999999999,United Kingdom,94,0.08333333333333333,0,197.9,1,0,0,9,0,3,0,0
16179,61,1,215.83,19.62090909090909,0.0,0.0,0.0,0.0,17.985833333333336,Other,115.08000000000001,United Kingdom,99,0.08333333333333333,0,215.83,1,0,0,7,0,3,0,0
16180,100,10,10217.48,58.05386363636364,2.0,14.0,36.7,0.0035918837130094706,851.4566666666666,Bags,6249.75,United Kingdom,5853,0.8333333333333334,152,10217.48,10,0,0,1,3,0,-1,3
16181,73,1,305.54,27.776363636363637,0.0,0.0,0.0,0.0,25.46166666666667,Other,195.18,United Kingdom,152,0.08333333333333333,0,305.54,1,0,0,7,0,3,0,0
16182,72,4,6617.65,236.34464285714284,0.0,0.0,0.0,0.0,551.4708333333333,Bags,4707.0,United Kingdom,3791,0.3333333333333333,222,6617.65,4,0,0,1,3,0,-1,3
16183,67,1,338.71000000000004,22.58066666666667,0.0,0.0,0.0,0.0,28.225833333333338,Storage,87.15,United Kingdom,113,0.08333333333333333,0,338.71000000000004,1,0,0,10,0,3,0,0
16184,64,7,1155.54,25.120434782608694,1.0,1.0,3.25,0.0028125378610865917,96.295,Home Decor,488.06,United Kingdom,560,0.5833333333333334,147,1155.54,7,0,0,5,0,3,0,0
16185,17,2,529.41,17.07774193548387,0.0,0.0,0.0,0.0,44.1175,Kitchen,207.95000000000002,United Kingdom,260,0.16666666666666666,215,529.41,2,0,0,6,0,3,0,0
16186,23,13,3991.94,18.228036529680367,1.0,12.0,15.0,0.00375757150658577,332.6616666666667,Home Decor,910.9200000000001,United Kingdom,3008,1.0833333333333333,349,3991.94,13,1,1,5,3,3,0,3
16187,32,17,6841.24,23.034478114478112,2.0,44.0,70.2,0.010261297659488631,570.1033333333334,Home Decor,1496.65,United Kingdom,5004,1.4166666666666667,252,6841.24,17,1,1,5,3,0,0,3
16188,45,4,981.86,14.654626865671641,0.0,0.0,0.0,0.0,81.82166666666667,Home Decor,266.86,United Kingdom,782,0.3333333333333333,198,981.86,4,0,0,5,0,3,0,0
16189,16,2,215.48,19.58909090909091,0.0,0.0,0.0,0.0,17.956666666666667,Other,153.29999999999998,United Kingdom,134,0.16666666666666666,69,215.48,2,0,0,7,0,3,0,0
16190,40,1,215.08,35.84666666666667,0.0,0.0,0.0,0.0,17.923333333333336,Other,89.85,United Kingdom,88,0.08333333333333333,0,215.08,1,0,0,7,0,3,0,0
16191,3,25,4913.32,32.53854304635762,12.0,148.0,267.20000000000005,0.05438277987185855,409.4433333333333,Electronics,1569.15,United Kingdom,3203,2.0833333333333335,357,4913.32,25,1,1,3,3,0,-1,3
16193,237,1,314.45,16.55,0.0,0.0,0.0,0.0,26.204166666666666,Other,119.5,United Kingdom,219,0.08333333333333333,0,314.45,1,0,0,7,0,3,0,0
16198,75,1,400.68100000000004,26.71206666666667,0.0,0.0,0.0,0.0,33.39008333333334,Stationery,106.20000000000002,United Kingdom,129,0.08333333333333333,0,400.68100000000004,1,0,0,9,0,3,0,0
16200,4,2,1068.8700000000001,6.21436046511628,0.0,0.0,0.0,0.0,89.0725,Home Decor,336.12,United Kingdom,516,0.16666666666666666,159,1068.8700000000001,2,0,0,5,0,3,0,0
16201,3,5,1821.52,15.839304347826086,1.0,19.0,41.95,0.023030216522464758,151.79333333333332,Bags,819.9,United Kingdom,1267,0.4166666666666667,106,1821.52,5,0,0,1,0,3,0,0
16202,361,1,365.27,20.292777777777776,0.0,0.0,0.0,0.0,30.439166666666665,Kitchen,79.15,United Kingdom,191,0.08333333333333333,0,365.27,1,0,0,6,0,3,0,0
16203,59,5,589.15,16.365277777777777,1.0,1.0,3.75,0.006365102265976407,49.09583333333333,Electronics,154.65,United Kingdom,261,0.4166666666666667,313,589.15,5,0,0,3,0,3,0,0
16204,23,1,384.18,7.6836,0.0,0.0,0.0,0.0,32.015,Other,95.5,United Kingdom,218,0.08333333333333333,0,384.18,1,0,0,7,0,3,0,0
16205,31,4,757.63,7.810618556701031,0.0,0.0,0.0,0.0,63.13583333333333,Other,252.66,United Kingdom,516,0.3333333333333333,148,757.63,4,0,0,7,0,3,0,0
16206,55,4,537.0600000000001,8.524761904761906,0.0,0.0,0.0,0.0,44.755,Home Decor,287.6,United Kingdom,272,0.3333333333333333,272,537.0600000000001,4,0,0,5,0,3,0,0
16207,25,1,394.38,20.756842105263157,0.0,0.0,0.0,0.0,32.865,Electronics,152.3,United Kingdom,140,0.08333333333333333,0,394.38,1,0,0,3,0,3,0,0
16208,45,2,664.26,10.064545454545454,0.0,0.0,0.0,0.0,55.355,Home Decor,357.23,United Kingdom,333,0.16666666666666666,244,664.26,2,0,0,5,0,3,0,0
16209,89,5,2262.62,49.18739130434783,0.0,0.0,0.0,0.0,188.55166666666665,Home Decor,1529.5800000000002,United Kingdom,1179,0.4166666666666667,157,2262.62,5,0,0,5,0,3,0,0
16211,81,2,542.77,22.615416666666665,1.0,1.0,4.25,0.007830204322272787,45.23083333333333,Kitchen,363.02,United Kingdom,153,0.16666666666666666,7,542.77,2,0,0,6,0,3,0,0
16212,19,3,681.19,15.841627906976745,1.0,3.0,9.15,0.013432375695474097,56.76583333333334,Kitchen,163.95,United Kingdom,241,0.25,264,681.19,3,0,0,6,0,3,0,0
16213,79,1,159.0,26.5,0.0,0.0,0.0,0.0,13.25,Home Decor,94.2,United Kingdom,48,0.08333333333333333,0,159.0,1,0,0,5,0,3,0,0
16214,171,3,1062.75,24.15340909090909,0.0,0.0,0.0,0.0,88.5625,Kitchen,529.35,United Kingdom,420,0.25,98,1062.75,3,0,0,6,0,3,0,0
16215,81,1,242.35,17.310714285714287,0.0,0.0,0.0,0.0,20.195833333333333,Storage,108.6,United Kingdom,104,0.08333333333333333,0,242.35,1,0,0,10,0,3,0,0
16216,267,1,914.9300000000001,24.72783783783784,0.0,0.0,0.0,0.0,76.24416666666667,Home Decor,313.89,United Kingdom,254,0.08333333333333333,0,914.9300000000001,1,0,0,5,0,3,0,0
16217,235,4,259.39000000000004,13.652105263157898,2.0,15.0,44.86,0.17294421527429735,21.615833333333338,Crockery,83.25,United Kingdom,76,0.3333333333333333,46,259.39000000000004,4,0,0,2,2,2,0,2
16218,30,8,3054.87,33.943,1.0,11.0,29.81,0.009758189382854263,254.5725,Home Decor,1081.52,United Kingdom,2077,0.6666666666666666,343,3054.87,8,0,0,5,3,3,0,3
16221,37,3,860.86,9.061684210526316,0.0,0.0,0.0,0.0,71.73833333333333,Other,210.05,United Kingdom,714,0.25,330,860.86,3,0,0,7,0,3,0,0
16222,318,1,773.5500000000001,6.340573770491804,0.0,0.0,0.0,0.0,64.4625,Home Decor,282.76,United Kingdom,325,0.08333333333333333,0,773.5500000000001,1,0,0,5,0,3,0,0
16224,57,4,1295.3,13.492708333333333,0.0,0.0,0.0,0.0,107.94166666666666,Home Decor,321.97,United Kingdom,1116,0.3333333333333333,192,1295.3,4,0,0,5,0,3,0,0
16225,45,5,1096.32,8.181492537313432,0.0,0.0,0.0,0.0,91.36,Kitchen,334.6,United Kingdom,493,0.4166666666666667,232,1096.32,5,0,0,6,0,3,0,0
16226,203,3,255.12,31.89,0.0,0.0,0.0,0.0,21.26,Crockery,107.7,United Kingdom,192,0.25,32,255.12,3,0,0,2,0,3,0,0
16227,219,2,308.32000000000005,44.04571428571429,1.0,2.0,5.9,0.019135962636222106,25.69333333333334,Other,270.12,United Kingdom,88,0.16666666666666666,6,308.32000000000005,2,0,0,7,0,3,0,0
16229,87,2,1010.6,21.50212765957447,0.0,0.0,0.0,0.0,84.21666666666667,Storage,188.0,United Kingdom,318,0.16666666666666666,125,1010.6,2,0,0,10,0,3,0,0
16230,190,2,542.03,15.486571428571429,0.0,0.0,0.0,0.0,45.16916666666666,Electronics,169.11,United Kingdom,365,0.16666666666666666,30,542.03,2,0,0,3,0,3,0,0
16232,33,5,983.23,25.87447368421053,1.0,3.0,7.6499999999999995,0.007780478626567537,81.93583333333333,Home Decor,309.74,United Kingdom,547,0.4166666666666667,182,983.23,5,0,0,5,0,3,0,0
16233,71,5,422.13,16.8852,2.0,9.0,114.54999999999998,0.27136190273138605,35.1775,Other,181.08,United Kingdom,165,0.4166666666666667,295,422.13,5,0,0,7,1,1,-1,1
16235,41,6,858.41,17.883541666666666,1.0,2.0,8.9,0.010368005964515791,71.53416666666666,Other,226.25,United Kingdom,328,0.5,291,858.41,6,0,0,7,0,3,0,0
16236,78,1,432.2,21.61,0.0,0.0,0.0,0.0,36.016666666666666,Storage,169.06,United Kingdom,184,0.08333333333333333,0,432.2,1,0,0,10,0,3,0,0
16239,57,3,372.9,17.757142857142856,1.0,10.0,41.300000000000004,0.11075355323142935,31.075,Home Decor,255.3,United Kingdom,218,0.25,132,372.9,3,0,0,5,2,2,0,2
16240,8,5,3693.81,26.01274647887324,3.0,7.0,24.990000000000002,0.006765372339129517,307.8175,Kitchen,1342.42,United Kingdom,1634,0.4166666666666667,69,3693.81,5,0,0,6,0,3,0,0
16241,10,13,2590.31,3.9546717557251907,0.0,0.0,0.0,0.0,215.85916666666665,Home Decor,660.38,United Kingdom,1443,1.0833333333333333,360,2590.31,13,1,1,5,0,3,0,0
16242,8,8,3574.91,12.201058020477815,1.0,1.0,4.95,0.001384650242943179,297.90916666666664,Bags,1240.74,United Kingdom,1968,0.6666666666666666,268,3574.91,8,0,0,1,0,3,0,0
16243,34,2,409.1,8.02156862745098,0.0,0.0,0.0,0.0,34.09166666666667,Home Decor,95.64,United Kingdom,110,0.16666666666666666,21,409.1,2,0,0,5,0,3,0,0
16244,212,2,1522.75,16.733516483516482,0.0,0.0,0.0,0.0,126.89583333333333,Home Decor,398.14,United Kingdom,855,0.16666666666666666,160,1522.75,2,0,0,5,0,3,0,0
16245,24,5,1352.3600000000001,14.541505376344087,2.0,6.0,61.300000000000004,0.04532816705610932,112.69666666666667,Home Decor,427.0,United Kingdom,1008,0.4166666666666667,233,1352.3600000000001,5,0,0,5,0,3,0,0
16247,170,1,114.56,7.16,0.0,0.0,0.0,0.0,9.546666666666667,Home Decor,43.24,United Kingdom,182,0.08333333333333333,0,114.56,1,0,0,5,0,3,0,0
16248,62,1,152.94,21.84857142857143,0.0,0.0,0.0,0.0,12.745,Other,59.88,United Kingdom,78,0.08333333333333333,0,152.94,1,0,0,7,0,3,0,0
16249,53,5,1800.07,26.08797101449275,0.0,0.0,0.0,0.0,150.00583333333333,Home Decor,689.05,United Kingdom,950,0.4166666666666667,186,1800.07,5,0,0,5,0,3,0,0
16250,261,2,389.44,16.226666666666667,0.0,0.0,0.0,0.0,32.45333333333333,Home Decor,192.45,United Kingdom,208,0.16666666666666666,112,389.44,2,0,0,5,0,3,0,0
16253,32,3,3665.62,29.561451612903223,1.0,96.0,18.240000000000002,0.004975965866620109,305.4683333333333,Other,1230.8799999999999,United Kingdom,3137,0.25,223,3665.62,3,0,0,7,0,3,0,0
16255,17,10,2609.3,9.522992700729928,2.0,7.0,10.61,0.00406622465795424,217.4416666666667,Kitchen,917.5600000000001,United Kingdom,1760,0.8333333333333334,348,2609.3,10,0,0,6,0,3,0,0
16256,258,2,732.63,52.330714285714286,1.0,4.0,19.8,0.027025920314483438,61.0525,Kitchen,350.61,United Kingdom,577,0.16666666666666666,8,732.63,2,0,0,6,0,3,0,0
16257,177,1,46.95,23.475,0.0,0.0,0.0,0.0,3.9125,Other,25.0,United Kingdom,2,0.08333333333333333,0,46.95,1,0,0,7,0,3,0,0
16258,45,5,5203.51,38.54451851851852,0.0,0.0,0.0,0.0,433.62583333333333,Kitchen,1416.41,United Kingdom,2994,0.4166666666666667,173,5203.51,5,0,0,6,3,3,0,3
16260,51,1,1035.45,57.525000000000006,0.0,0.0,0.0,0.0,86.28750000000001,Home Decor,275.4,United Kingdom,311,0.08333333333333333,0,1035.45,1,0,0,5,0,3,0,0
16261,17,4,728.54,6.122184873949579,0.0,0.0,0.0,0.0,60.711666666666666,Home Decor,196.34,United Kingdom,301,0.3333333333333333,228,728.54,4,0,0,5,0,3,0,0
16265,9,11,5423.15,20.858269230769228,2.0,19.0,23.85,0.004397813079114537,451.9291666666666,Other,1120.3899999999999,United Kingdom,2627,0.9166666666666666,355,5423.15,11,1,0,7,3,0,0,3
16266,74,7,861.89,14.129344262295081,0.0,0.0,0.0,0.0,71.82416666666667,Home Decor,396.71999999999997,United Kingdom,398,0.5833333333333334,132,861.89,7,0,0,5,0,3,0,0
16268,71,2,667.65,14.836666666666666,0.0,0.0,0.0,0.0,55.637499999999996,Other,193.55,United Kingdom,533,0.16666666666666666,0,667.65,2,0,0,7,0,3,0,0
16270,353,1,1141.24,21.134074074074075,0.0,0.0,0.0,0.0,95.10333333333334,Other,533.8199999999999,United Kingdom,688,0.08333333333333333,0,1141.24,1,0,0,7,0,3,0,0
16271,3,6,1398.69,10.67702290076336,1.0,1.0,5.95,0.0042539805103346704,116.5575,Kitchen,365.31,United Kingdom,1023,0.5,355,1398.69,6,0,0,6,0,3,0,0
16272,117,1,411.7,16.468,0.0,0.0,0.0,0.0,34.30833333333333,Bags,295.40000000000003,United Kingdom,224,0.08333333333333333,0,411.7,1,0,0,1,0,3,0,0
16275,197,1,559.87,16.965757575757575,0.0,0.0,0.0,0.0,46.655833333333334,Other,194.75,United Kingdom,336,0.08333333333333333,0,559.87,1,0,0,7,0,3,0,0
16276,177,1,810.6000000000001,135.10000000000002,0.0,0.0,0.0,0.0,67.55000000000001,Home Decor,532.8000000000001,United Kingdom,420,0.08333333333333333,0,810.6000000000001,1,0,0,5,3,3,0,3
16278,23,3,537.83,21.5132,2.0,5.0,28.55,0.05308368815424948,44.81916666666667,Other,220.0,United Kingdom,109,0.25,76,537.83,3,0,0,7,0,3,0,0
16279,21,4,1489.88,13.795185185185186,1.0,2.0,12.9,0.008658415442854457,124.15666666666668,Home Decor,266.85,United Kingdom,1044,0.3333333333333333,312,1489.88,4,0,0,5,0,3,0,0
16281,72,1,2062.06,121.29764705882353,0.0,0.0,0.0,0.0,171.83833333333334,Toys,907.2,United Kingdom,934,0.08333333333333333,0,2062.06,1,0,0,12,3,3,0,3
16282,340,1,168.3,15.3,0.0,0.0,0.0,0.0,14.025,Electronics,75.7,United Kingdom,114,0.08333333333333333,0,168.3,1,0,0,3,0,3,0,0
16283,6,7,1531.51,9.116130952380953,2.0,14.0,39.300000000000004,0.025660948998047682,127.62583333333333,Other,362.57,United Kingdom,1222,0.5833333333333334,202,1531.51,7,0,0,7,0,3,0,0
16284,31,2,812.68,7.89009708737864,0.0,0.0,0.0,0.0,67.72333333333333,Electronics,196.82,United Kingdom,535,0.16666666666666666,19,812.68,2,0,0,3,0,3,0,0
16287,170,1,142.5,17.8125,0.0,0.0,0.0,0.0,11.875,Bags,50.400000000000006,United Kingdom,298,0.08333333333333333,0,142.5,1,0,0,1,0,3,0,0
16292,117,2,280.9,14.784210526315789,1.0,3.0,21.349999999999998,0.07600569597721608,23.40833333333333,Kitchen,89.83,United Kingdom,188,0.16666666666666666,4,280.9,2,0,0,6,2,3,0,2
16293,9,12,2236.7400000000002,18.6395,2.0,4.0,12.25,0.005476720584421971,186.395,Home Decor,779.96,United Kingdom,978,1.0,358,2236.7400000000002,12,1,0,5,0,3,0,0
16295,10,4,1328.55,16.817088607594936,0.0,0.0,0.0,0.0,110.71249999999999,Kitchen,275.62,United Kingdom,841,0.3333333333333333,54,1328.55,4,0,0,6,0,3,0,0
16297,213,4,275.4,11.97391304347826,3.0,26.0,26.499999999999996,0.09622367465504719,22.95,Other,67.31,United Kingdom,180,0.3333333333333333,56,275.4,4,0,0,7,2,2,0,2
16298,23,3,598.2,22.15555555555556,0.0,0.0,0.0,0.0,49.85,Other,175.5,United Kingdom,198,0.25,164,598.2,3,0,0,7,0,3,0,0
16302,108,2,212.82,17.735,1.0,24.0,20.4,0.09585565266422329,17.735,Electronics,93.72,United Kingdom,134,0.16666666666666666,18,212.82,2,0,0,3,2,3,0,2
16303,26,4,5305.83,31.771437125748502,1.0,38.0,54.8,0.010328261553800254,442.1525,Bags,983.45,United Kingdom,2621,0.3333333333333333,307,5305.83,4,0,0,1,3,3,0,3
16305,139,1,361.21999999999997,16.419090909090908,0.0,0.0,0.0,0.0,30.101666666666663,Home Decor,127.2,United Kingdom,256,0.08333333333333333,0,361.21999999999997,1,0,0,5,0,3,0,0
16306,214,9,602.27,13.687954545454545,3.0,16.0,30.0,0.04981154631643615,50.189166666666665,Other,174.89999999999998,United Kingdom,471,0.75,153,602.27,9,0,0,7,0,3,0,0
16309,92,3,686.67,15.606136363636363,1.0,2.0,19.9,0.028980441842515327,57.2225,Other,210.06,United Kingdom,465,0.25,149,686.67,3,0,0,7,0,3,0,0
16311,18,2,616.26,16.655675675675674,0.0,0.0,0.0,0.0,51.355,Home Decor,151.82,United Kingdom,394,0.16666666666666666,31,616.26,2,0,0,5,0,3,0,0
16313,3,2,274.15000000000003,17.134375000000002,0.0,0.0,0.0,0.0,22.845833333333335,Toys,53.10000000000001,United Kingdom,165,0.16666666666666666,46,274.15000000000003,2,0,0,12,0,3,0,0
16315,331,1,226.37,16.169285714285714,0.0,0.0,0.0,0.0,18.864166666666666,Home Decor,74.12,United Kingdom,75,0.08333333333333333,0,226.37,1,0,0,5,0,3,0,0
16316,64,12,2755.56,17.663846153846155,4.0,18.0,183.35,0.06653819913193688,229.63,Kitchen,722.0500000000001,United Kingdom,1466,1.0,293,2755.56,12,1,0,6,2,3,0,2
16317,120,3,1341.65,19.444202898550724,0.0,0.0,0.0,0.0,111.80416666666667,Kitchen,507.32,United Kingdom,890,0.25,177,1341.65,3,0,0,6,0,3,0,0
16318,35,1,328.15,17.271052631578947,0.0,0.0,0.0,0.0,27.34583333333333,Toys,115.7,United Kingdom,199,0.08333333333333333,0,328.15,1,0,0,12,0,3,0,0
16319,218,1,404.40000000000003,134.8,0.0,0.0,0.0,0.0,33.7,Electronics,404.40000000000003,United Kingdom,72,0.08333333333333333,0,404.40000000000003,1,0,0,3,3,3,0,3
16320,172,2,1038.46,18.543928571428573,0.0,0.0,0.0,0.0,86.53833333333334,Other,207.78,Unspecified,732,0.16666666666666666,40,1038.46,2,0,0,7,0,3,0,0
16321,72,7,230.70000000000002,14.418750000000001,2.0,57.0,142.95,0.61963589076723,19.225,Stationery,70.80000000000001,Australia,78,0.5833333333333334,251,230.70000000000002,7,0,0,9,1,1,-1,1
16322,1,2,326.75,8.83108108108108,0.0,0.0,0.0,0.0,27.229166666666668,Home Decor,149.32,United Kingdom,231,0.16666666666666666,35,326.75,2,0,0,5,0,3,0,0
16323,196,1,207.50000000000003,207.50000000000003,0.0,0.0,0.0,0.0,17.291666666666668,Storage,207.50000000000003,United Kingdom,50,0.08333333333333333,0,207.50000000000003,1,0,0,10,3,0,1,3
16324,128,3,408.59000000000003,3.6809909909909915,0.0,0.0,0.0,0.0,34.04916666666667,Other,118.4,United Kingdom,270,0.25,48,408.59000000000003,3,0,0,7,0,3,0,0
16325,44,5,510.54,25.527,2.0,30.0,83.7,0.16394405923140204,42.545,Storage,174.0,United Kingdom,164,0.4166666666666667,201,510.54,5,0,0,10,2,2,-1,2
16326,6,15,3014.2200000000003,10.014019933554819,1.0,20.0,25.0,0.008294019680049896,251.18500000000003,Textiles,1253.4,United Kingdom,662,1.25,328,3014.2200000000003,15,1,1,11,0,3,0,0
16327,14,6,3820.27,12.051324921135647,0.0,0.0,0.0,0.0,318.35583333333335,Home Decor,1216.07,United Kingdom,2560,0.5,355,3820.27,6,0,0,5,0,3,0,0
16330,18,4,242.21,5.907560975609757,1.0,2.0,9.7,0.04004789232484207,20.184166666666666,Home Decor,126.12,United Kingdom,145,0.3333333333333333,94,242.21,4,0,0,5,0,3,0,0
16332,28,8,1572.8,10.34736842105263,1.0,8.0,10.0,0.006358087487283825,131.06666666666666,Other,504.40999999999997,United Kingdom,789,0.6666666666666666,277,1572.8,8,0,0,7,0,3,0,0
16337,37,1,151.05,15.105,0.0,0.0,0.0,0.0,12.5875,Toys,45.8,United Kingdom,87,0.08333333333333333,0,151.05,1,0,0,12,0,3,0,0
16338,157,1,214.79999999999998,19.527272727272727,0.0,0.0,0.0,0.0,17.9,Storage,49.5,United Kingdom,94,0.08333333333333333,0,214.79999999999998,1,0,0,10,0,3,0,0
16339,284,1,94.05,5.225,0.0,0.0,0.0,0.0,7.8374999999999995,Textiles,51.45,United Kingdom,21,0.08333333333333333,0,94.05,1,0,0,11,0,3,0,0
16340,107,1,534.31,3.789432624113475,0.0,0.0,0.0,0.0,44.52583333333333,Other,174.66,United Kingdom,486,0.08333333333333333,0,534.31,1,0,0,7,0,3,0,0
16341,25,6,1959.38,23.325952380952383,2.0,10.0,12.489999999999998,0.006374465392113831,163.28166666666667,Bags,588.22,United Kingdom,1388,0.5,176,1959.38,6,0,0,1,0,3,0,0
16342,75,4,322.41,21.494000000000003,0.0,0.0,0.0,0.0,26.867500000000003,Electronics,106.6,United Kingdom,157,0.3333333333333333,104,322.41,4,0,0,3,0,3,0,0
16343,16,2,328.58,7.641395348837209,0.0,0.0,0.0,0.0,27.381666666666664,Kitchen,92.22999999999999,United Kingdom,175,0.16666666666666666,0,328.58,2,0,0,6,0,3,0,0
16344,158,1,101.10000000000001,50.550000000000004,0.0,0.0,0.0,0.0,8.425,Crockery,101.10000000000001,United Kingdom,18,0.08333333333333333,0,101.10000000000001,1,0,0,2,0,3,0,0
16345,44,1,565.46,15.282702702702704,0.0,0.0,0.0,0.0,47.12166666666667,Home Decor,210.31,United Kingdom,288,0.08333333333333333,0,565.46,1,0,0,5,0,3,0,0
16347,11,2,847.45,9.97,0.0,0.0,0.0,0.0,70.62083333333334,Storage,239.55,United Kingdom,341,0.16666666666666666,25,847.45,2,0,0,10,0,3,0,0
16348,32,7,1415.65,6.376801801801802,0.0,0.0,0.0,0.0,117.97083333333335,Other,459.2,United Kingdom,805,0.5833333333333334,207,1415.65,7,0,0,7,0,3,0,0
16349,291,1,53.5,5.944444444444445,0.0,0.0,0.0,0.0,4.458333333333333,Other,42.519999999999996,United Kingdom,9,0.08333333333333333,0,53.5,1,0,0,7,0,3,0,0
16350,21,5,1100.47,18.341166666666666,1.0,3.0,16.0,0.014539242323734405,91.70583333333333,Home Decor,650.55,United Kingdom,542,0.4166666666666667,344,1100.47,5,0,0,5,0,3,0,0
16351,333,1,153.9,19.2375,0.0,0.0,0.0,0.0,12.825000000000001,Bags,91.5,United Kingdom,90,0.08333333333333333,0,153.9,1,0,0,1,0,3,0,0
16352,18,2,494.44,17.658571428571427,0.0,0.0,0.0,0.0,41.20333333333333,Home Decor,178.2,United Kingdom,300,0.16666666666666666,20,494.44,2,0,0,5,0,3,0,0
16353,4,23,6675.71,71.0181914893617,0.0,0.0,0.0,0.0,556.3091666666667,Electronics,4637.9400000000005,United Kingdom,2006,1.9166666666666667,366,6675.71,23,1,1,3,3,0,-1,3
16354,63,2,395.8,10.148717948717948,0.0,0.0,0.0,0.0,32.983333333333334,Storage,84.7,United Kingdom,150,0.16666666666666666,9,395.8,2,0,0,10,0,3,0,0
16356,198,4,210.32000000000002,6.572500000000001,1.0,1.0,1.45,0.006894256371243818,17.526666666666667,Home Decor,167.58,United Kingdom,92,0.3333333333333333,79,210.32000000000002,4,0,0,5,0,3,0,0
16357,33,3,658.88,19.378823529411765,0.0,0.0,0.0,0.0,54.906666666666666,Home Decor,150.0,United Kingdom,246,0.25,180,658.88,3,0,0,5,0,3,0,0
16358,1,5,2024.95,18.408636363636365,1.0,1.0,2.55,0.0012592903528482185,168.74583333333334,Home Decor,660.8000000000001,United Kingdom,1301,0.4166666666666667,183,2024.95,5,0,0,5,0,3,0,0
16359,7,12,1460.3700000000001,20.862428571428573,3.0,29.0,290.55,0.19895642885022288,121.6975,Home Decor,849.35,United Kingdom,1154,1.0,324,1460.3700000000001,12,1,0,5,2,2,-1,2
16360,5,8,3349.57,5.193131782945737,2.0,16.0,100.83999999999997,0.03010535680699313,279.1308333333333,Other,633.5,United Kingdom,2094,0.6666666666666666,83,3349.57,8,0,0,7,0,3,0,0
16361,10,4,891.21,8.569326923076924,0.0,0.0,0.0,0.0,74.2675,Stationery,238.98,United Kingdom,418,0.3333333333333333,61,891.21,4,0,0,9,0,3,0,0
16362,32,9,627.29,7.29406976744186,4.0,26.0,82.69999999999999,0.13183694941733487,52.274166666666666,Home Decor,257.67,United Kingdom,314,0.75,58,627.29,9,0,0,5,2,2,-1,2
16363,53,1,109.36000000000001,21.872000000000003,0.0,0.0,0.0,0.0,9.113333333333335,Home Decor,69.4,United Kingdom,52,0.08333333333333333,0,109.36000000000001,1,0,0,5,0,3,0,0
16364,12,2,705.79,13.572884615384615,0.0,0.0,0.0,0.0,58.81583333333333,Other,207.3,United Kingdom,279,0.16666666666666666,125,705.79,2,0,0,7,0,3,0,0
16365,18,9,1540.42,30.2043137254902,0.0,0.0,0.0,0.0,128.36833333333334,Storage,825.0999999999999,United Kingdom,504,0.75,349,1540.42,9,0,0,10,0,3,0,0
16366,19,1,327.3,18.183333333333334,0.0,0.0,0.0,0.0,27.275000000000002,Crockery,122.30000000000001,United Kingdom,256,0.08333333333333333,0,327.3,1,0,0,2,0,3,0,0
16367,37,2,800.67,6.304488188976378,0.0,0.0,0.0,0.0,66.7225,Home Decor,259.55,United Kingdom,643,0.16666666666666666,325,800.67,2,0,0,5,0,3,0,0
16368,2,2,479.91,6.955217391304348,0.0,0.0,0.0,0.0,39.9925,Home Decor,219.81,United Kingdom,251,0.16666666666666666,25,479.91,2,0,0,5,0,3,0,0
16369,18,3,1545.41,13.20863247863248,0.0,0.0,0.0,0.0,128.78416666666666,Kitchen,621.46,United Kingdom,1030,0.25,178,1545.41,3,0,0,6,0,3,0,0
16370,82,4,1301.91,5.890995475113122,0.0,0.0,0.0,0.0,108.4925,Kitchen,391.67,United Kingdom,640,0.3333333333333333,142,1301.91,4,0,0,6,0,3,0,0
16372,33,2,355.73,3.866630434782609,0.0,0.0,0.0,0.0,29.644166666666667,Other,65.25,United Kingdom,158,0.16666666666666666,0,355.73,2,0,0,7,0,3,0,0
16374,66,2,466.73,4.281926605504587,0.0,0.0,0.0,0.0,38.89416666666667,Kitchen,123.91,United Kingdom,237,0.16666666666666666,196,466.73,2,0,0,6,0,3,0,0
16376,9,3,965.47,7.72376,1.0,5.0,9.49,0.009829409510393902,80.45583333333333,Home Decor,322.09,United Kingdom,686,0.25,8,965.47,3,0,0,5,0,3,0,0
16377,267,1,676.2,135.24,0.0,0.0,0.0,0.0,56.35,Other,496.2,United Kingdom,1500,0.08333333333333333,0,676.2,1,0,0,7,3,3,0,3
16378,247,3,362.95,15.780434782608696,0.0,0.0,0.0,0.0,30.245833333333334,Other,140.4,United Kingdom,267,0.25,63,362.95,3,0,0,7,0,3,0,0
16379,4,5,2131.9,19.558715596330277,1.0,2.0,25.5,0.011961161405319198,177.65833333333333,Home Decor,582.76,United Kingdom,1408,0.4166666666666667,74,2131.9,5,0,0,5,0,3,0,0
16380,61,1,1743.1499999999999,56.23064516129032,0.0,0.0,0.0,0.0,145.2625,Electronics,766.45,United Kingdom,1428,0.08333333333333333,0,1743.1499999999999,1,0,0,3,0,3,0,0
16383,75,2,643.76,6.568979591836735,0.0,0.0,0.0,0.0,53.64666666666667,Other,114.06,United Kingdom,467,0.16666666666666666,193,643.76,2,0,0,7,0,3,0,0
16384,90,2,584.5,17.71212121212121,0.0,0.0,0.0,0.0,48.708333333333336,Crockery,159.2,United Kingdom,260,0.16666666666666666,174,584.5,2,0,0,2,0,3,0,0
16385,60,3,554.86,9.734385964912281,0.0,0.0,0.0,0.0,46.23833333333334,Other,158.4,United Kingdom,258,0.25,306,554.86,3,0,0,7,0,3,0,0
16386,29,2,302.57,3.735432098765432,0.0,0.0,0.0,0.0,25.214166666666667,Electronics,61.33,United Kingdom,205,0.16666666666666666,225,302.57,2,0,0,3,0,3,0,0
16387,323,1,94.36,23.59,0.0,0.0,0.0,0.0,7.863333333333333,Home Decor,40.56,United Kingdom,44,0.08333333333333333,0,94.36,1,0,0,5,0,3,0,0
16389,53,5,1362.27,38.922,1.0,12.0,19.799999999999997,0.014534563632760024,113.5225,Crockery,442.09999999999997,United Kingdom,1230,0.4166666666666667,229,1362.27,5,0,0,2,0,3,0,0
16392,270,1,217.89,5.067209302325581,0.0,0.0,0.0,0.0,18.1575,Kitchen,49.269999999999996,United Kingdom,201,0.08333333333333333,0,217.89,1,0,0,6,0,3,0,0
16393,2,20,2935.8,8.269859154929579,7.0,47.0,105.15999999999998,0.035819878738333664,244.65,Bags,1048.13,United Kingdom,1526,1.6666666666666667,366,2935.8,20,1,1,1,3,0,-1,3
16394,50,9,1412.06,14.1206,4.0,287.0,143.28000000000003,0.10146877611432945,117.67166666666667,Stationery,619.32,United Kingdom,2317,0.75,239,1412.06,9,0,0,9,2,2,-1,2
16395,61,5,1482.06,7.194466019417476,0.0,0.0,0.0,0.0,123.505,Other,386.52,United Kingdom,1472,0.4166666666666667,270,1482.06,5,0,0,7,0,3,0,0
16398,145,4,1631.15,18.96686046511628,2.0,13.0,74.65,0.04576525764031512,135.92916666666667,Kitchen,452.74,United Kingdom,745,0.3333333333333333,109,1631.15,4,0,0,6,0,3,0,0
16399,19,2,408.02,5.666944444444444,0.0,0.0,0.0,0.0,34.001666666666665,Electronics,107.3,United Kingdom,263,0.16666666666666666,216,408.02,2,0,0,3,0,3,0,0
16400,95,1,303.93,10.480344827586206,0.0,0.0,0.0,0.0,25.3275,Home Decor,80.65,United Kingdom,172,0.08333333333333333,0,303.93,1,0,0,5,0,3,0,0
16401,1,20,4061.24,20.51131313131313,8.0,24.0,37.08,0.009130216387113296,338.43666666666667,Home Decor,1326.82,United Kingdom,3858,1.6666666666666667,326,4061.24,20,1,1,5,3,0,0,3
16402,265,2,293.45,5.148245614035088,0.0,0.0,0.0,0.0,24.454166666666666,Kitchen,138.25,United Kingdom,146,0.16666666666666666,104,293.45,2,0,0,6,0,3,0,0
16403,302,2,161.04999999999998,10.736666666666666,1.0,11.0,16.45,0.10214219186588017,13.420833333333333,Storage,50.849999999999994,United Kingdom,103,0.16666666666666666,10,161.04999999999998,2,0,0,10,2,2,0,2
16404,70,1,443.05,19.26304347826087,0.0,0.0,0.0,0.0,36.920833333333334,Kitchen,119.94999999999999,United Kingdom,157,0.08333333333333333,0,443.05,1,0,0,6,0,3,0,0
16405,302,2,167.25,33.45,0.0,0.0,0.0,0.0,13.9375,Electronics,94.30000000000001,United Kingdom,187,0.16666666666666666,7,167.25,2,0,0,3,0,3,0,0
16406,19,1,154.35,2.661206896551724,0.0,0.0,0.0,0.0,12.862499999999999,Other,27.41,United Kingdom,116,0.08333333333333333,0,154.35,1,0,0,7,0,3,0,0
16407,13,10,2079.68,12.379047619047618,0.0,0.0,0.0,0.0,173.30666666666664,Other,703.8199999999999,United Kingdom,1093,0.8333333333333334,299,2079.68,10,0,0,7,0,3,0,0
16409,36,5,2022.98,8.757489177489177,0.0,0.0,0.0,0.0,168.58166666666668,Home Decor,467.58,United Kingdom,1304,0.4166666666666667,281,2022.98,5,0,0,5,0,3,0,0
16411,19,2,211.7,4.8113636363636365,0.0,0.0,0.0,0.0,17.641666666666666,Home Decor,59.75,United Kingdom,131,0.16666666666666666,349,211.7,2,0,0,5,0,3,0,0
16412,54,1,135.99,4.533,0.0,0.0,0.0,0.0,11.332500000000001,Home Decor,75.36,United Kingdom,63,0.08333333333333333,0,135.99,1,0,0,5,0,3,0,0
16413,57,1,262.2,8.458064516129031,0.0,0.0,0.0,0.0,21.849999999999998,Home Decor,167.15,United Kingdom,148,0.08333333333333333,0,262.2,1,0,0,5,0,3,0,0
16414,22,2,126.25,18.035714285714285,0.0,0.0,0.0,0.0,10.520833333333334,Kitchen,61.65,United Kingdom,27,0.16666666666666666,258,126.25,2,0,0,6,0,3,0,0
16415,44,1,200.27,4.2610638297872345,0.0,0.0,0.0,0.0,16.68916666666667,Kitchen,69.64,United Kingdom,178,0.08333333333333333,0,200.27,1,0,0,6,0,3,0,0
16416,27,4,1026.99,14.068356164383562,1.0,17.0,24.41,0.023768488495506286,85.5825,Home Decor,375.23,United Kingdom,655,0.3333333333333333,29,1026.99,4,0,0,5,0,3,0,0
16418,45,3,631.12,6.643368421052632,0.0,0.0,0.0,0.0,52.593333333333334,Home Decor,193.01000000000002,United Kingdom,280,0.25,181,631.12,3,0,0,5,0,3,0,0
16419,113,7,945.96,18.54823529411765,1.0,1.0,12.75,0.013478371178485347,78.83,Home Decor,332.18,United Kingdom,427,0.5833333333333334,199,945.96,7,0,0,5,0,3,0,0
16423,25,1,346.12,19.22888888888889,0.0,0.0,0.0,0.0,28.843333333333334,Other,93.84,United Kingdom,230,0.08333333333333333,0,346.12,1,0,0,7,0,3,0,0
16424,191,2,82.56,13.76,1.0,6.0,51.0,0.6177325581395349,6.88,Home Decor,57.06,United Kingdom,82,0.16666666666666666,145,82.56,2,0,0,5,1,1,-1,1
16425,302,1,302.7,14.414285714285715,0.0,0.0,0.0,0.0,25.224999999999998,Kitchen,109.2,United Kingdom,199,0.08333333333333333,0,302.7,1,0,0,6,0,3,0,0
16426,2,10,1863.76,5.279773371104816,0.0,0.0,0.0,0.0,155.31333333333333,Home Decor,572.52,United Kingdom,1215,0.8333333333333334,273,1863.76,10,0,0,5,0,3,0,0
16427,263,2,241.06,26.784444444444446,0.0,0.0,0.0,0.0,20.088333333333335,Crockery,75.84,United Kingdom,156,0.16666666666666666,21,241.06,2,0,0,2,0,3,0,0
16429,106,1,284.55,142.275,0.0,0.0,0.0,0.0,23.712500000000002,Other,279.6,United Kingdom,9,0.08333333333333333,0,284.55,1,0,0,7,3,3,0,3
16430,57,1,300.85,50.14166666666667,0.0,0.0,0.0,0.0,25.070833333333336,Storage,114.60000000000001,United Kingdom,103,0.08333333333333333,0,300.85,1,0,0,10,0,3,0,0
16431,213,3,623.28,8.201052631578946,0.0,0.0,0.0,0.0,51.94,Other,221.44,United Kingdom,442,0.25,84,623.28,3,0,0,7,0,3,0,0
16432,64,1,287.4,35.925,0.0,0.0,0.0,0.0,23.95,Home Decor,235.07999999999998,United Kingdom,276,0.08333333333333333,0,287.4,1,0,0,5,0,3,0,0
16433,28,1,184.26,10.838823529411764,0.0,0.0,0.0,0.0,15.354999999999999,Kitchen,63.6,United Kingdom,106,0.08333333333333333,0,184.26,1,0,0,6,0,3,0,0
16434,29,7,1511.8,14.128971962616822,0.0,0.0,0.0,0.0,125.98333333333333,Home Decor,351.77,United Kingdom,760,0.5833333333333334,270,1511.8,7,0,0,5,0,3,0,0
16438,6,5,798.35,6.04810606060606,0.0,0.0,0.0,0.0,66.52916666666667,Electronics,300.6,United Kingdom,463,0.4166666666666667,76,798.35,5,0,0,3,0,3,0,0
16440,8,5,3640.67,12.91017730496454,0.0,0.0,0.0,0.0,303.38916666666665,Storage,790.1,United Kingdom,2018,0.4166666666666667,206,3640.67,5,0,0,10,0,3,0,0
16441,67,2,381.2,15.883333333333333,0.0,0.0,0.0,0.0,31.766666666666666,Home Decor,111.14999999999999,United Kingdom,173,0.16666666666666666,224,381.2,2,0,0,5,0,3,0,0
16442,2,3,609.3,3.563157894736842,0.0,0.0,0.0,0.0,50.775,Other,111.83,United Kingdom,443,0.25,359,609.3,3,0,0,7,0,3,0,0
16444,46,5,638.77,7.4275581395348835,1.0,2.0,15.899999999999999,0.02489158852169012,53.23083333333333,Home Decor,185.57999999999998,United Kingdom,405,0.4166666666666667,218,638.77,5,0,0,5,0,3,0,0
16445,34,1,230.51,3.658888888888889,0.0,0.0,0.0,0.0,19.209166666666665,Home Decor,72.0,United Kingdom,111,0.08333333333333333,0,230.51,1,0,0,5,0,3,0,0
16447,136,1,255.91,7.526764705882353,0.0,0.0,0.0,0.0,21.325833333333332,Other,122.65,United Kingdom,221,0.08333333333333333,0,255.91,1,0,0,7,0,3,0,0
16448,198,1,182.99,9.631052631578948,0.0,0.0,0.0,0.0,15.249166666666667,Home Decor,80.05,United Kingdom,76,0.08333333333333333,0,182.99,1,0,0,5,0,3,0,0
16449,191,3,674.69,15.690465116279071,1.0,8.0,33.0,0.048911351880122717,56.22416666666667,Home Decor,381.27,United Kingdom,359,0.25,89,674.69,3,0,0,5,0,3,0,0
16450,150,1,311.92,28.35636363636364,0.0,0.0,0.0,0.0,25.993333333333336,Home Decor,125.56,United Kingdom,200,0.08333333333333333,0,311.92,1,0,0,5,0,3,0,0
16451,88,1,266.97,19.069285714285716,0.0,0.0,0.0,0.0,22.247500000000002,Storage,99.60000000000001,United Kingdom,120,0.08333333333333333,0,266.97,1,0,0,10,0,3,0,0
16455,64,7,1841.18,18.59777777777778,0.0,0.0,0.0,0.0,153.43166666666667,Other,522.7,United Kingdom,988,0.5833333333333334,307,1841.18,7,0,0,7,0,3,0,0
16456,99,5,2158.18,19.61981818181818,0.0,0.0,0.0,0.0,179.84833333333333,Bags,1219.78,United Kingdom,1147,0.4166666666666667,273,2158.18,5,0,0,1,0,3,0,0
16457,218,1,208.36,23.151111111111113,0.0,0.0,0.0,0.0,17.363333333333333,Home Decor,77.64,United Kingdom,140,0.08333333333333333,0,208.36,1,0,0,5,0,3,0,0
16458,3,18,3482.7400000000002,17.241287128712873,0.0,0.0,0.0,0.0,290.22833333333335,Bags,1929.65,United Kingdom,2154,1.5,357,3482.7400000000002,18,1,1,1,3,0,0,3
16460,28,3,811.23,6.145681818181818,0.0,0.0,0.0,0.0,67.6025,Kitchen,242.14000000000001,United Kingdom,876,0.25,53,811.23,3,0,0,6,0,3,0,0
16461,178,1,142.92,4.46625,0.0,0.0,0.0,0.0,11.909999999999998,Other,63.089999999999996,United Kingdom,48,0.08333333333333333,0,142.92,1,0,0,7,0,3,0,0
16462,64,4,102.0,25.5,1.0,4.0,34.0,0.3333333333333333,8.5,Other,102.0,United Kingdom,12,0.3333333333333333,219,102.0,4,0,0,7,1,1,-1,1
16463,21,7,1383.7,16.278823529411767,3.0,28.0,38.7,0.027968490279684902,115.30833333333334,Kitchen,341.09000000000003,United Kingdom,1135,0.5833333333333334,182,1383.7,7,0,0,6,0,3,0,0
16464,20,3,1298.66,5.646347826086957,0.0,0.0,0.0,0.0,108.22166666666668,Other,276.0,United Kingdom,952,0.25,122,1298.66,3,0,0,7,0,3,0,0
16466,34,7,1595.96,10.931232876712329,0.0,0.0,0.0,0.0,132.99666666666667,Home Decor,411.96,United Kingdom,785,0.5833333333333334,258,1595.96,7,0,0,5,0,3,0,0
16468,74,1,74.9,37.45,0.0,0.0,0.0,0.0,6.241666666666667,Bags,62.400000000000006,United Kingdom,31,0.08333333333333333,0,74.9,1,0,0,1,0,3,0,0
16469,24,4,625.42,3.6574269005847952,0.0,0.0,0.0,0.0,52.11833333333333,Other,194.16,United Kingdom,260,0.3333333333333333,222,625.42,4,0,0,7,0,3,0,0
16470,52,5,747.82,4.532242424242424,1.0,1.0,4.95,0.0066192399240458935,62.318333333333335,Kitchen,133.89000000000001,United Kingdom,521,0.4166666666666667,307,747.82,5,0,0,6,0,3,0,0
16471,275,1,223.95000000000002,17.22692307692308,0.0,0.0,0.0,0.0,18.6625,Home Decor,135.7,United Kingdom,141,0.08333333333333333,0,223.95000000000002,1,0,0,5,0,3,0,0
16473,165,4,314.86,16.571578947368423,1.0,1.0,1.25,0.003970018420885473,26.238333333333333,Home Decor,102.9,United Kingdom,195,0.3333333333333333,171,314.86,4,0,0,5,0,3,0,0
16474,7,11,1750.6200000000001,5.074260869565218,4.0,25.0,60.03,0.03429070843472598,145.88500000000002,Home Decor,574.37,United Kingdom,884,0.9166666666666666,137,1750.6200000000001,11,1,0,5,0,3,0,0
16475,88,4,544.3,19.439285714285713,0.0,0.0,0.0,0.0,45.35833333333333,Electronics,220.0,United Kingdom,319,0.3333333333333333,185,544.3,4,0,0,3,0,3,0,0
16477,64,7,2494.46,17.085342465753424,0.0,0.0,0.0,0.0,207.87166666666667,Home Decor,570.68,United Kingdom,1415,0.5833333333333334,307,2494.46,7,0,0,5,0,3,0,0
16478,25,3,331.0,19.470588235294116,0.0,0.0,0.0,0.0,27.583333333333332,Home Decor,103.52,United Kingdom,224,0.25,40,331.0,3,0,0,5,0,3,0,0
16479,10,2,300.83,8.595142857142857,0.0,0.0,0.0,0.0,25.069166666666664,Kitchen,70.30000000000001,United Kingdom,102,0.16666666666666666,0,300.83,2,0,0,6,0,3,0,0
16480,76,1,769.29,14.514905660377357,0.0,0.0,0.0,0.0,64.1075,Home Decor,173.60999999999999,United Kingdom,455,0.08333333333333333,0,769.29,1,0,0,5,0,3,0,0
16482,16,1,220.62,12.256666666666668,0.0,0.0,0.0,0.0,18.385,Other,78.18,United Kingdom,346,0.08333333333333333,0,220.62,1,0,0,7,0,3,0,0
16483,192,1,139.35,7.334210526315789,0.0,0.0,0.0,0.0,11.612499999999999,Other,50.849999999999994,United Kingdom,44,0.08333333333333333,0,139.35,1,0,0,7,0,3,0,0
16484,174,3,379.4,14.592307692307692,1.0,6.0,24.900000000000002,0.06562994201370587,31.616666666666664,Kitchen,89.4,United Kingdom,194,0.25,17,379.4,3,0,0,6,2,3,0,2
16485,77,1,363.65,8.658333333333333,0.0,0.0,0.0,0.0,30.304166666666664,Home Decor,109.02,United Kingdom,235,0.08333333333333333,0,363.65,1,0,0,5,0,3,0,0
16488,33,4,492.2,15.87741935483871,1.0,4.0,6.6,0.013409183258837871,41.016666666666666,Other,258.06,United Kingdom,724,0.3333333333333333,115,492.2,4,0,0,7,0,3,0,0
16491,47,1,731.5,18.756410256410255,0.0,0.0,0.0,0.0,60.958333333333336,Stationery,258.01,United Kingdom,478,0.08333333333333333,0,731.5,1,0,0,9,0,3,0,0
16493,73,6,1329.66,21.446129032258067,2.0,51.0,21.97,0.016523020922641875,110.805,Stationery,455.6,United Kingdom,1113,0.5,257,1329.66,6,0,0,9,0,3,0,0
16494,297,1,826.53,16.5306,0.0,0.0,0.0,0.0,68.8775,Home Decor,527.05,United Kingdom,675,0.08333333333333333,0,826.53,1,0,0,5,0,3,0,0
16495,3,3,648.26,7.366590909090909,0.0,0.0,0.0,0.0,54.02166666666667,Other,234.24,United Kingdom,328,0.25,272,648.26,3,0,0,7,0,3,0,0
16496,9,4,1562.22,16.105360824742267,1.0,20.0,37.3,0.02387627862913034,130.185,Other,414.01,United Kingdom,1091,0.3333333333333333,308,1562.22,4,0,0,7,0,3,0,0
16497,50,6,2965.69,21.80654411764706,0.0,0.0,0.0,0.0,247.14083333333335,Home Decor,898.86,United Kingdom,1396,0.5,283,2965.69,6,0,0,5,0,3,0,0
16498,161,3,86.12,5.3825,1.0,3.0,14.850000000000001,0.17243381328379007,7.176666666666667,Kitchen,58.5,United Kingdom,42,0.25,0,86.12,3,0,0,6,2,2,0,2
16499,360,5,319.1,14.504545454545456,3.0,5.0,46.35,0.1452522720150423,26.59166666666667,Home Decor,94.2,United Kingdom,122,0.4166666666666667,5,319.1,5,0,0,5,2,2,0,2
16500,5,6,400.86,36.441818181818185,0.0,0.0,0.0,0.0,33.405,Home Decor,195.12,United Kingdom,123,0.5,326,400.86,6,0,0,5,0,3,0,0
16503,107,5,1421.43,16.52825581395349,1.0,2.0,10.5,0.007386927249319347,118.4525,Other,377.98,United Kingdom,567,0.4166666666666667,253,1421.43,5,0,0,7,0,3,0,0
16504,25,1,465.88,5.613012048192771,0.0,0.0,0.0,0.0,38.82333333333333,Home Decor,148.1,United Kingdom,510,0.08333333333333333,0,465.88,1,0,0,5,0,3,0,0
16505,32,1,777.6,194.4,0.0,0.0,0.0,0.0,64.8,Stationery,627.84,United Kingdom,576,0.08333333333333333,0,777.6,1,0,0,9,3,0,1,3
16506,20,2,90.30000000000001,30.100000000000005,0.0,0.0,0.0,0.0,7.525000000000001,Home Decor,55.2,United Kingdom,42,0.16666666666666666,20,90.30000000000001,2,0,0,5,0,3,0,0
16509,297,1,363.7,27.976923076923075,0.0,0.0,0.0,0.0,30.308333333333334,Kitchen,172.4,United Kingdom,64,0.08333333333333333,0,363.7,1,0,0,6,0,3,0,0
16511,22,3,918.33,5.7756603773584905,0.0,0.0,0.0,0.0,76.5275,Stationery,144.70000000000002,United Kingdom,405,0.25,244,918.33,3,0,0,9,0,3,0,0
16513,5,4,874.59,24.988285714285716,0.0,0.0,0.0,0.0,72.88250000000001,Other,292.08,United Kingdom,407,0.3333333333333333,38,874.59,4,0,0,7,0,3,0,0
16515,52,5,1624.14,14.631891891891893,0.0,0.0,0.0,0.0,135.345,Home Decor,407.84000000000003,United Kingdom,826,0.4166666666666667,259,1624.14,5,0,0,5,0,3,0,0
16516,30,1,101.69999999999999,16.95,0.0,0.0,0.0,0.0,8.475,Kitchen,85.19999999999999,United Kingdom,58,0.08333333333333333,0,101.69999999999999,1,0,0,6,0,3,0,0
16517,277,1,162.7,9.570588235294117,0.0,0.0,0.0,0.0,13.558333333333332,Home Decor,58.65,United Kingdom,96,0.08333333333333333,0,162.7,1,0,0,5,0,3,0,0
16518,61,3,480.92,11.450476190476191,1.0,2.0,3.4,0.007069782916077518,40.07666666666667,Storage,155.75,United Kingdom,325,0.25,222,480.92,3,0,0,10,0,3,0,0
16519,25,2,215.07999999999998,16.544615384615383,0.0,0.0,0.0,0.0,17.923333333333332,Home Decor,76.1,United Kingdom,54,0.16666666666666666,340,215.07999999999998,2,0,0,5,0,3,0,0
16520,186,4,1036.6200000000001,6.60267515923567,1.0,1.0,9.95,0.009598502826493795,86.385,Home Decor,214.41,United Kingdom,557,0.3333333333333333,179,1036.6200000000001,4,0,0,5,0,3,0,0
16523,2,28,9295.67,31.193523489932886,7.0,32.0,122.79999999999998,0.013210451747964373,774.6391666666667,Bags,3576.1000000000004,United Kingdom,4233,2.3333333333333335,313,9295.67,28,1,1,1,3,0,-1,3
16525,2,29,11895.57,59.47785,3.0,904.0,1131.88,0.09515138828992643,991.2975,Home Decor,5004.400000000001,United Kingdom,6493,2.4166666666666665,364,11895.57,29,1,1,5,3,0,-1,3
16526,172,1,290.36,19.357333333333333,0.0,0.0,0.0,0.0,24.19666666666667,Other,86.35000000000001,United Kingdom,106,0.08333333333333333,0,290.36,1,0,0,7,0,3,0,0
16527,81,1,228.06,16.29,0.0,0.0,0.0,0.0,19.005,Home Decor,107.10000000000001,United Kingdom,106,0.08333333333333333,0,228.06,1,0,0,5,0,3,0,0
16528,4,1,244.41,14.377058823529412,0.0,0.0,0.0,0.0,20.3675,Kitchen,98.44,United Kingdom,171,0.08333333333333333,0,244.41,1,0,0,6,0,3,0,0
16529,190,1,455.25,15.175,0.0,0.0,0.0,0.0,37.9375,Home Decor,251.85000000000002,United Kingdom,198,0.08333333333333333,0,455.25,1,0,0,5,0,3,0,0
16531,22,7,1244.59,16.163506493506492,0.0,0.0,0.0,0.0,103.71583333333332,Other,351.82,United Kingdom,915,0.5833333333333334,338,1244.59,7,0,0,7,0,3,0,0
16533,19,5,1014.19,5.634388888888889,2.0,98.0,68.62,0.0676599059347854,84.51583333333333,Home Decor,258.48,United Kingdom,513,0.4166666666666667,48,1014.19,5,0,0,5,2,3,0,2
16535,5,1,593.75,19.153225806451612,0.0,0.0,0.0,0.0,49.479166666666664,Kitchen,175.03,United Kingdom,356,0.08333333333333333,0,593.75,1,0,0,6,0,3,0,0
16536,107,2,538.17,9.78490909090909,1.0,1.0,9.95,0.01848858167493543,44.8475,Home Decor,202.20999999999998,United Kingdom,249,0.16666666666666666,2,538.17,2,0,0,5,0,3,0,0
16542,54,1,119.62,23.924,0.0,0.0,0.0,0.0,9.968333333333334,Home Decor,92.82,United Kingdom,46,0.08333333333333333,0,119.62,1,0,0,5,0,3,0,0
16545,165,1,339.3,113.10000000000001,0.0,0.0,0.0,0.0,28.275000000000002,Electronics,237.60000000000002,United Kingdom,78,0.08333333333333333,0,339.3,1,0,0,3,3,3,0,3
16549,10,10,4034.9,4.362054054054054,0.0,0.0,0.0,0.0,336.2416666666667,Home Decor,1446.63,United Kingdom,2294,0.8333333333333334,324,4034.9,10,0,0,5,0,3,0,0
16550,109,9,2266.25,8.682950191570882,4.0,14.0,32.72,0.014437948152233865,188.85416666666666,Kitchen,854.66,United Kingdom,1526,0.75,259,2266.25,9,0,0,6,0,3,0,0
16551,96,3,922.12,28.81625,0.0,0.0,0.0,0.0,76.84333333333333,Kitchen,637.61,United Kingdom,970,0.25,240,922.12,3,0,0,6,0,3,0,0
16552,243,2,379.73,22.337058823529414,0.0,0.0,0.0,0.0,31.644166666666667,Crockery,144.90000000000003,United Kingdom,219,0.16666666666666666,130,379.73,2,0,0,2,0,3,0,0
16553,163,14,5664.57,65.8670930232558,2.0,5.0,55.25,0.00975360883526905,472.04749999999996,Kitchen,1630.94,United Kingdom,4595,1.1666666666666667,203,5664.57,14,1,1,6,3,0,-1,3
16554,3,7,641.55,8.669594594594594,4.0,91.0,195.54999999999998,0.3048086665107942,53.4625,Home Decor,231.63,United Kingdom,311,0.5833333333333334,328,641.55,7,0,0,5,1,1,4,1
16555,35,2,285.89,16.81705882352941,0.0,0.0,0.0,0.0,23.824166666666667,Kitchen,50.58,United Kingdom,175,0.16666666666666666,74,285.89,2,0,0,6,0,3,0,0
16556,67,7,3313.79,16.008647342995168,0.0,0.0,0.0,0.0,276.14916666666664,Kitchen,720.08,United Kingdom,1890,0.5833333333333334,293,3313.79,7,0,0,6,0,3,0,0
16557,24,2,281.85,25.622727272727275,0.0,0.0,0.0,0.0,23.4875,Electronics,121.8,United Kingdom,111,0.16666666666666666,113,281.85,2,0,0,3,0,3,0,0
16558,1,24,8257.04,17.419915611814346,4.0,31.0,81.45,0.009864309728425683,688.0866666666667,Kitchen,1701.05,United Kingdom,5346,2.0,365,8257.04,24,1,1,6,3,0,5,3
16560,21,3,816.51,14.324736842105263,1.0,6.0,24.900000000000002,0.03049564610353823,68.0425,Kitchen,367.91999999999996,United Kingdom,494,0.25,337,816.51,3,0,0,6,0,3,0,0
16561,6,2,511.12,16.48774193548387,0.0,0.0,0.0,0.0,42.593333333333334,Stationery,169.79000000000002,United Kingdom,244,0.16666666666666666,54,511.12,2,0,0,9,0,3,0,0
16563,54,1,1077.74,56.72315789473684,0.0,0.0,0.0,0.0,89.81166666666667,Home Decor,588.04,United Kingdom,486,0.08333333333333333,0,1077.74,1,0,0,5,0,3,0,0
16565,364,1,173.7,57.9,0.0,0.0,0.0,0.0,14.475,Other,173.7,United Kingdom,46,0.08333333333333333,0,173.7,1,0,0,7,0,3,0,0
16566,15,6,614.01,32.316315789473684,1.0,1.0,0.65,0.0010586146805426622,51.1675,Electronics,215.17000000000002,United Kingdom,361,0.5,277,614.01,6,0,0,3,0,3,0,0
16567,194,2,865.6,24.731428571428573,0.0,0.0,0.0,0.0,72.13333333333334,Home Decor,189.4,United Kingdom,996,0.16666666666666666,142,865.6,2,0,0,5,0,3,0,0
16569,3,1,124.2,24.84,0.0,0.0,0.0,0.0,10.35,Electronics,47.7,United Kingdom,93,0.08333333333333333,0,124.2,1,0,0,3,0,3,0,0
16570,9,15,3622.95,27.240225563909775,5.0,62.0,115.44999999999999,0.031866296802329594,301.91249999999997,Electronics,974.16,United Kingdom,2050,1.25,351,3622.95,15,1,1,3,3,3,0,3
16571,3,5,1285.22,12.124716981132076,2.0,63.0,136.46999999999997,0.10618415524190408,107.10166666666667,Other,435.59,United Kingdom,1176,0.4166666666666667,278,1285.22,5,0,0,7,2,2,0,2
16572,127,4,999.7,17.236206896551725,1.0,2.0,9.9,0.00990297089126738,83.30833333333334,Kitchen,481.85,United Kingdom,530,0.3333333333333333,148,999.7,4,0,0,6,0,3,0,0
16573,74,4,648.41,14.09586956521739,2.0,6.0,15.2,0.023441958020388336,54.034166666666664,Kitchen,184.48000000000002,United Kingdom,354,0.3333333333333333,216,648.41,4,0,0,6,0,3,0,0
16574,71,1,451.44,16.122857142857143,0.0,0.0,0.0,0.0,37.62,Home Decor,210.84,United Kingdom,416,0.08333333333333333,0,451.44,1,0,0,5,0,3,0,0
16581,155,2,70.44,6.403636363636363,1.0,12.0,35.400000000000006,0.5025553662691653,5.87,Kitchen,30.9,United Kingdom,122,0.16666666666666666,27,70.44,2,0,0,6,1,1,-1,1
16582,113,1,313.62,52.27,0.0,0.0,0.0,0.0,26.135,Home Decor,263.52,United Kingdom,164,0.08333333333333333,0,313.62,1,0,0,5,0,3,0,0
16584,80,3,908.03,29.291290322580643,1.0,11.0,28.049999999999997,0.030891049855180996,75.66916666666667,Home Decor,551.85,United Kingdom,635,0.25,174,908.03,3,0,0,5,0,3,0,0
16586,249,1,463.95,57.99375,0.0,0.0,0.0,0.0,38.6625,Home Decor,183.0,United Kingdom,95,0.08333333333333333,0,463.95,1,0,0,5,0,3,0,0
16587,232,1,225.15,17.31923076923077,0.0,0.0,0.0,0.0,18.7625,Home Decor,81.80000000000001,United Kingdom,71,0.08333333333333333,0,225.15,1,0,0,5,0,3,0,0
16589,71,3,459.24,13.916363636363636,0.0,0.0,0.0,0.0,38.27,Home Decor,167.44,United Kingdom,368,0.25,90,459.24,3,0,0,5,0,3,0,0
16591,69,1,213.5,21.35,0.0,0.0,0.0,0.0,17.791666666666668,Textiles,106.2,United Kingdom,41,0.08333333333333333,0,213.5,1,0,0,11,0,3,0,0
16592,4,19,4073.28,18.34810810810811,3.0,13.0,40.4,0.009918296802576792,339.44,Kitchen,1276.42,United Kingdom,2914,1.5833333333333333,283,4073.28,19,1,1,6,3,0,0,3
16593,51,3,330.03,12.223333333333333,0.0,0.0,0.0,0.0,27.502499999999998,Kitchen,115.25,United Kingdom,116,0.25,277,330.03,3,0,0,6,0,3,0,0
16594,75,1,181.09,3.416792452830189,0.0,0.0,0.0,0.0,15.090833333333334,Home Decor,43.550000000000004,United Kingdom,64,0.08333333333333333,0,181.09,1,0,0,5,0,3,0,0
16595,61,1,360.16,4.237176470588236,0.0,0.0,0.0,0.0,30.013333333333335,Kitchen,66.48,United Kingdom,335,0.08333333333333333,0,360.16,1,0,0,6,0,3,0,0
16596,16,2,250.15,20.845833333333335,0.0,0.0,0.0,0.0,20.845833333333335,Home Decor,202.6,United Kingdom,97,0.16666666666666666,350,250.15,2,0,0,5,0,3,0,0
16597,4,1,90.04,12.862857142857143,0.0,0.0,0.0,0.0,7.503333333333334,Storage,25.28,United Kingdom,184,0.08333333333333333,0,90.04,1,0,0,10,0,3,0,0
16598,277,2,140.7,12.79090909090909,1.0,3.0,4.35,0.03091684434968017,11.725,Storage,48.300000000000004,United Kingdom,70,0.16666666666666666,8,140.7,2,0,0,10,0,3,0,0
16600,4,6,813.52,13.121290322580645,0.0,0.0,0.0,0.0,67.79333333333334,Home Decor,321.36,United Kingdom,1145,0.5,334,813.52,6,0,0,5,0,3,0,0
16601,41,1,242.7,8.09,0.0,0.0,0.0,0.0,20.224999999999998,Textiles,63.4,United Kingdom,133,0.08333333333333333,0,242.7,1,0,0,11,0,3,0,0
16602,31,2,494.72999999999996,15.460312499999999,1.0,19.0,33.35,0.06741050674105069,41.2275,Electronics,210.51000000000002,United Kingdom,317,0.16666666666666666,5,494.72999999999996,2,0,0,3,2,3,0,2
16603,75,2,482.47,14.19029411764706,0.0,0.0,0.0,0.0,40.20583333333334,Other,109.24,United Kingdom,480,0.16666666666666666,16,482.47,2,0,0,7,0,3,0,0
16607,18,16,3038.67,17.463620689655173,2.0,37.0,309.04,0.10170238953226247,253.2225,Stationery,792.1800000000001,United Kingdom,2822,1.3333333333333333,341,3038.67,16,1,1,9,2,2,-1,2
16609,15,9,5450.96,19.467714285714287,2.0,10.0,42.5,0.007796791757782116,454.24666666666667,Bags,1115.68,United Kingdom,2410,0.75,237,5450.96,9,0,0,1,3,3,0,3
16610,219,1,75.66,12.61,0.0,0.0,0.0,0.0,6.305,Electronics,75.66,United Kingdom,66,0.08333333333333333,0,75.66,1,0,0,3,0,3,0,0
16611,186,2,120.99000000000001,10.99909090909091,1.0,1.0,8.5,0.07025373997851062,10.082500000000001,Toys,56.25,United Kingdom,46,0.16666666666666666,46,120.99000000000001,2,0,0,12,2,3,0,2
16612,33,4,1187.66,17.994848484848486,0.0,0.0,0.0,0.0,98.97166666666668,Bags,241.8,United Kingdom,506,0.3333333333333333,278,1187.66,4,0,0,1,0,3,0,0
16613,70,1,618.59,20.619666666666667,0.0,0.0,0.0,0.0,51.54916666666667,Home Decor,157.84,United Kingdom,293,0.08333333333333333,0,618.59,1,0,0,5,0,3,0,0
16614,183,1,506.19,19.468846153846155,0.0,0.0,0.0,0.0,42.1825,Textiles,194.70000000000002,United Kingdom,223,0.08333333333333333,0,506.19,1,0,0,11,0,3,0,0
16616,15,2,500.42,15.164242424242424,0.0,0.0,0.0,0.0,41.70166666666667,Other,149.67000000000002,United Kingdom,370,0.16666666666666666,142,500.42,2,0,0,7,0,3,0,0
16617,236,1,151.85,30.369999999999997,0.0,0.0,0.0,0.0,12.654166666666667,Electronics,139.1,United Kingdom,91,0.08333333333333333,0,151.85,1,0,0,3,0,3,0,0
16618,31,6,2630.64,27.119999999999997,1.0,1.0,16.95,0.006443298969072165,219.22,Other,814.68,United Kingdom,1362,0.5,291,2630.64,6,0,0,7,0,3,0,0
16619,254,2,204.41,12.775625,1.0,4.0,21.8,0.10664840272002349,17.034166666666668,Kitchen,63.18,United Kingdom,129,0.16666666666666666,10,204.41,2,0,0,6,2,2,0,2
16620,4,2,178.96,19.884444444444444,0.0,0.0,0.0,0.0,14.913333333333334,Bags,83.2,United Kingdom,88,0.16666666666666666,257,178.96,2,0,0,1,0,3,0,0
16621,52,4,813.48,28.05103448275862,0.0,0.0,0.0,0.0,67.79,Kitchen,455.3,United Kingdom,302,0.3333333333333333,226,813.48,4,0,0,6,0,3,0,0
16623,246,1,129.45,25.889999999999997,0.0,0.0,0.0,0.0,10.7875,Crockery,65.4,United Kingdom,39,0.08333333333333333,0,129.45,1,0,0,2,0,3,0,0
16624,81,2,810.5699999999999,16.886875,0.0,0.0,0.0,0.0,67.5475,Electronics,218.25,United Kingdom,488,0.16666666666666666,116,810.5699999999999,2,0,0,3,0,3,0,0
16625,275,1,333.08,14.481739130434782,0.0,0.0,0.0,0.0,27.756666666666664,Other,81.9,United Kingdom,164,0.08333333333333333,0,333.08,1,0,0,7,0,3,0,0
16626,1,20,4379.65,23.802445652173912,3.0,20.0,33.449999999999996,0.007637596611601383,364.9708333333333,Kitchen,939.3000000000001,United Kingdom,2670,1.6666666666666667,265,4379.65,20,1,1,6,3,0,0,3
16627,79,1,322.8,16.14,0.0,0.0,0.0,0.0,26.900000000000002,Kitchen,175.48,United Kingdom,162,0.08333333333333333,0,322.8,1,0,0,6,0,3,0,0
16628,30,6,2183.04,18.34487394957983,1.0,3.0,5.01,0.0022949648197009673,181.92,Kitchen,692.65,United Kingdom,1202,0.5,205,2183.04,6,0,0,6,0,3,0,0
16629,74,2,408.63,6.8105,0.0,0.0,0.0,0.0,34.0525,Other,157.37,United Kingdom,489,0.16666666666666666,22,408.63,2,0,0,7,0,3,0,0
16633,17,7,2878.15,18.811437908496732,1.0,1.0,4.95,0.0017198547678196063,239.84583333333333,Home Decor,705.62,United Kingdom,1137,0.5833333333333334,216,2878.15,7,0,0,5,0,3,0,0
16634,223,2,217.9,24.211111111111112,0.0,0.0,0.0,0.0,18.158333333333335,Stationery,53.1,United Kingdom,82,0.16666666666666666,149,217.9,2,0,0,9,0,3,0,0
16637,32,5,1124.59,15.619305555555554,1.0,36.0,29.879999999999995,0.0265696831734232,93.71583333333332,Other,265.14,United Kingdom,891,0.4166666666666667,193,1124.59,5,0,0,7,0,3,0,0
16638,23,11,1676.47,17.647052631578948,1.0,1.0,4.25,0.0025350886088030206,139.70583333333335,Home Decor,383.97,United Kingdom,1254,0.9166666666666666,346,1676.47,11,1,0,5,0,3,0,0
16639,25,4,1169.38,22.488076923076925,1.0,7.0,88.13000000000001,0.07536472318664592,97.44833333333334,Home Decor,367.40000000000003,United Kingdom,503,0.3333333333333333,210,1169.38,4,0,0,5,2,3,0,2
16641,106,1,231.10000000000002,19.258333333333336,0.0,0.0,0.0,0.0,19.258333333333336,Home Decor,118.38000000000001,United Kingdom,256,0.08333333333333333,0,231.10000000000002,1,0,0,5,0,3,0,0
16642,5,3,679.83,19.423714285714286,1.0,1.0,8.5,0.01250312578144536,56.6525,Other,222.9,United Kingdom,478,0.25,202,679.83,3,0,0,7,0,3,0,0
16643,246,1,487.51,18.055925925925926,0.0,0.0,0.0,0.0,40.62583333333333,Kitchen,157.31,United Kingdom,269,0.08333333333333333,0,487.51,1,0,0,6,0,3,0,0
16644,178,2,833.78,13.448064516129032,0.0,0.0,0.0,0.0,69.48166666666667,Other,211.56,United Kingdom,826,0.16666666666666666,34,833.78,2,0,0,7,0,3,0,0
16647,170,2,214.06,15.290000000000001,0.0,0.0,0.0,0.0,17.838333333333335,Storage,64.8,United Kingdom,146,0.16666666666666666,35,214.06,2,0,0,10,0,3,0,0
16648,39,2,270.85999999999996,12.898095238095236,1.0,12.0,19.8,0.07310049472051984,22.571666666666662,Other,70.47999999999999,United Kingdom,269,0.16666666666666666,4,270.85999999999996,2,0,0,7,2,3,0,2
16650,72,1,518.42,21.60083333333333,0.0,0.0,0.0,0.0,43.20166666666666,Other,140.28,United Kingdom,372,0.08333333333333333,0,518.42,1,0,0,7,0,3,0,0
16652,54,11,6654.26,54.09967479674797,4.0,16.0,119.71000000000001,0.017989979351573277,554.5216666666666,Home Decor,2031.42,United Kingdom,3267,0.9166666666666666,219,6654.26,11,1,0,5,3,0,-1,3
16653,16,3,1166.92,15.354210526315791,1.0,10.0,45.74000000000001,0.03919720289308608,97.24333333333334,Kitchen,403.8,United Kingdom,723,0.25,55,1166.92,3,0,0,6,0,3,0,0
16654,141,5,594.97,19.192580645161293,1.0,2.0,6.3,0.01058876918163941,49.58083333333334,Other,178.5,United Kingdom,280,0.4166666666666667,227,594.97,5,0,0,7,0,3,0,0
16655,18,6,3789.52,14.688062015503876,0.0,0.0,0.0,0.0,315.79333333333335,Home Decor,1045.84,United Kingdom,2363,0.5,314,3789.52,6,0,0,5,0,3,0,0
16656,22,21,8568.24,107.103,6.0,21.0,57.559999999999995,0.006717832366973847,714.02,Home Decor,3237.0000000000005,United Kingdom,8873,1.75,342,8568.24,21,1,1,5,3,0,-1,3
16657,10,4,874.43,4.554322916666666,0.0,0.0,0.0,0.0,72.86916666666666,Other,288.88,United Kingdom,1130,0.3333333333333333,244,874.43,4,0,0,7,0,3,0,0
16658,368,1,123.24,15.405,0.0,0.0,0.0,0.0,10.27,Electronics,101.94999999999999,United Kingdom,40,0.08333333333333333,0,123.24,1,0,0,3,0,3,0,0
16659,189,1,39.12,19.56,0.0,0.0,0.0,0.0,3.26,Stationery,20.4,United Kingdom,72,0.08333333333333333,0,39.12,1,0,0,9,0,3,0,0
16660,16,5,810.4499999999999,47.673529411764704,1.0,120.0,457.2,0.5641310383120489,67.5375,Electronics,442.6,United Kingdom,451,0.4166666666666667,303,810.4499999999999,5,0,0,3,1,1,-1,1
16665,362,1,135.39999999999998,15.044444444444443,0.0,0.0,0.0,0.0,11.283333333333331,Home Decor,52.199999999999996,United Kingdom,59,0.08333333333333333,0,135.39999999999998,1,0,0,5,0,3,0,0
16666,19,1,118.98,3.718125,0.0,0.0,0.0,0.0,9.915000000000001,Stationery,42.0,United Kingdom,233,0.08333333333333333,0,118.98,1,0,0,9,0,3,0,0
16667,68,2,567.1800000000001,10.907307692307693,0.0,0.0,0.0,0.0,47.26500000000001,Other,202.53,United Kingdom,236,0.16666666666666666,216,567.1800000000001,2,0,0,7,0,3,0,0
16668,15,6,306.71999999999997,15.335999999999999,0.0,0.0,0.0,0.0,25.56,Other,140.51999999999998,United Kingdom,318,0.5,269,306.71999999999997,6,0,0,7,0,3,0,0
16669,24,4,1344.88,8.566114649681529,1.0,5.0,4.0,0.002974243055142466,112.07333333333334,Kitchen,395.19,United Kingdom,876,0.3333333333333333,54,1344.88,4,0,0,6,0,3,0,0
16670,17,17,4022.46,15.352900763358779,6.0,32.0,73.44000000000001,0.018257484226070618,335.205,Kitchen,1158.74,United Kingdom,2524,1.4166666666666667,341,4022.46,17,1,1,6,3,0,0,3
16671,28,3,1692.27,282.045,0.0,0.0,0.0,0.0,141.0225,Stationery,816.0,United Kingdom,875,0.25,136,1692.27,3,0,0,9,3,0,-1,3
16672,2,23,8093.59,69.1759829059829,3.0,20.0,41.349999999999994,0.005108981304958614,674.4658333333333,Electronics,2872.5,United Kingdom,2812,1.9166666666666667,264,8093.59,23,1,1,3,3,0,-1,3
16674,55,2,304.24,3.2713978494623657,0.0,0.0,0.0,0.0,25.353333333333335,Other,71.23,United Kingdom,181,0.16666666666666666,43,304.24,2,0,0,7,0,3,0,0
16676,34,5,1558.72,16.942608695652176,1.0,5.0,33.4,0.021427838226236912,129.89333333333335,Kitchen,535.3,United Kingdom,631,0.4166666666666667,303,1558.72,5,0,0,6,0,3,0,0
16678,3,17,3013.83,17.728411764705882,5.0,29.0,96.16,0.03190624554138754,251.1525,Kitchen,521.0899999999999,United Kingdom,2368,1.4166666666666667,280,3013.83,17,1,1,6,3,3,0,3
16679,366,1,129.75,43.25,0.0,0.0,0.0,0.0,10.8125,Electronics,102.0,United Kingdom,29,0.08333333333333333,0,129.75,1,0,0,3,0,3,0,0
16680,43,1,183.7,18.369999999999997,0.0,0.0,0.0,0.0,15.308333333333332,Storage,76.8,United Kingdom,94,0.08333333333333333,0,183.7,1,0,0,10,0,3,0,0
16681,73,6,1770.34,40.235,0.0,0.0,0.0,0.0,147.52833333333334,Crockery,968.1,United Kingdom,1407,0.5,180,1770.34,6,0,0,2,0,3,0,0
16682,5,5,1028.0,34.266666666666666,0.0,0.0,0.0,0.0,85.66666666666667,Other,282.68,United Kingdom,1040,0.4166666666666667,183,1028.0,5,0,0,7,0,3,0,0
16685,61,2,324.24,5.2296774193548385,0.0,0.0,0.0,0.0,27.02,Textiles,66.0,United Kingdom,396,0.16666666666666666,0,324.24,2,0,0,11,0,3,0,0
16686,47,9,2940.53,5.3757404021937845,2.0,5.0,19.35,0.006580446382114789,245.04416666666668,Other,837.3199999999999,United Kingdom,1972,0.75,307,2940.53,9,0,0,7,0,3,0,0
16688,1,4,1260.86,20.336451612903225,0.0,0.0,0.0,0.0,105.07166666666666,Other,414.04,United Kingdom,804,0.3333333333333333,59,1260.86,4,0,0,7,0,3,0,0
16689,76,3,303.26,18.95375,1.0,162.0,119.34,0.3935237090285564,25.271666666666665,Home Decor,137.76000000000002,United Kingdom,168,0.25,6,303.26,3,0,0,5,1,1,-1,1
16690,44,3,208.63,16.048461538461538,1.0,1.0,16.95,0.08124430810525811,17.385833333333334,Crockery,143.8,United Kingdom,137,0.25,158,208.63,3,0,0,2,2,3,0,2
16693,69,2,477.86,8.099322033898305,0.0,0.0,0.0,0.0,39.821666666666665,Home Decor,114.33,United Kingdom,203,0.16666666666666666,203,477.86,2,0,0,5,0,3,0,0
16696,135,4,657.9000000000001,65.79,0.0,0.0,0.0,0.0,54.82500000000001,Crockery,244.5,United Kingdom,146,0.3333333333333333,112,657.9000000000001,4,0,0,2,0,3,0,0
16697,241,1,112.75,5.369047619047619,0.0,0.0,0.0,0.0,9.395833333333334,Storage,33.85,United Kingdom,27,0.08333333333333333,0,112.75,1,0,0,10,0,3,0,0
16700,9,17,5040.0,16.153846153846153,4.0,5.0,36.55,0.007251984126984127,420.0,Kitchen,1149.25,United Kingdom,4019,1.4166666666666667,357,5040.0,17,1,1,6,3,0,0,3
16701,9,18,5150.2699999999995,33.44331168831169,5.0,182.0,248.02999999999997,0.04815864022662889,429.1891666666666,Kitchen,1671.05,United Kingdom,6211,1.5,352,5150.2699999999995,18,1,1,6,3,0,-1,3
16705,1,29,13946.130000000001,49.106091549295776,9.0,18.0,88.86,0.006371660094951072,1162.1775,Kitchen,3238.11,United Kingdom,5458,2.4166666666666665,358,13946.130000000001,29,1,1,6,3,0,-1,3
16706,37,3,531.35,4.319918699186992,0.0,0.0,0.0,0.0,44.27916666666667,Other,225.29,United Kingdom,249,0.25,76,531.35,3,0,0,7,0,3,0,0
16708,46,1,656.63,24.31962962962963,0.0,0.0,0.0,0.0,54.719166666666666,Furniture,119.88,United Kingdom,285,0.08333333333333333,0,656.63,1,0,0,4,0,3,0,0
16709,85,5,3029.87,38.35278481012658,0.0,0.0,0.0,0.0,252.48916666666665,Kitchen,785.15,United Kingdom,851,0.4166666666666667,197,3029.87,5,0,0,6,0,3,0,0
16710,19,10,2467.99,6.263934010152283,0.0,0.0,0.0,0.0,205.66583333333332,Kitchen,461.52,United Kingdom,1823,0.8333333333333334,349,2467.99,10,0,0,6,0,3,0,0
16711,3,5,1651.03,75.04681818181818,0.0,0.0,0.0,0.0,137.58583333333334,Other,971.19,United Kingdom,833,0.4166666666666667,354,1651.03,5,0,0,7,3,3,0,3
16712,9,11,3611.31,8.245,0.0,0.0,0.0,0.0,300.9425,Kitchen,513.67,United Kingdom,1730,0.9166666666666666,266,3611.31,11,1,0,6,0,3,0,0
16713,19,21,6827.88,10.889760765550239,6.0,12.0,82.9,0.01214139674393809,568.99,Home Decor,1586.01,United Kingdom,4259,1.75,348,6827.88,21,1,1,5,3,0,0,3
16714,219,4,879.06,9.98931818181818,1.0,2.0,250.0,0.2843946943325826,73.255,Home Decor,303.62,United Kingdom,587,0.3333333333333333,98,879.06,4,0,0,5,1,1,-1,1
16715,78,1,301.71999999999997,15.879999999999999,0.0,0.0,0.0,0.0,25.14333333333333,Other,123.83999999999999,United Kingdom,642,0.08333333333333333,0,301.71999999999997,1,0,0,7,0,3,0,0
16717,9,9,3263.06,13.885361702127659,3.0,298.0,580.02,0.17775339711804258,271.9216666666667,Home Decor,831.0600000000001,United Kingdom,1562,0.75,357,3263.06,9,0,0,5,2,2,-1,2
16718,369,1,606.0500000000001,13.773863636363638,0.0,0.0,0.0,0.0,50.50416666666667,Other,143.1,United Kingdom,407,0.08333333333333333,0,606.0500000000001,1,0,0,7,0,3,0,0
16719,15,8,1753.72,8.857171717171717,1.0,2.0,16.5,0.009408571493739023,146.14333333333335,Electronics,745.65,United Kingdom,1173,0.6666666666666666,353,1753.72,8,0,0,3,0,3,0,0
16720,26,1,152.95,6.117999999999999,0.0,0.0,0.0,0.0,12.745833333333332,Bags,34.879999999999995,United Kingdom,180,0.08333333333333333,0,152.95,1,0,0,1,0,3,0,0
16721,262,1,292.47,7.904594594594595,0.0,0.0,0.0,0.0,24.372500000000002,Home Decor,73.89999999999999,United Kingdom,172,0.08333333333333333,0,292.47,1,0,0,5,0,3,0,0
16722,17,16,4711.21,20.663201754385966,3.0,12.0,19.6,0.004160290031647921,392.60083333333336,Bags,1207.27,United Kingdom,4989,1.3333333333333333,351,4711.21,16,1,1,1,3,0,0,3
16723,91,2,576.4,13.723809523809523,0.0,0.0,0.0,0.0,48.03333333333333,Home Decor,254.82999999999998,United Kingdom,398,0.16666666666666666,16,576.4,2,0,0,5,0,3,0,0
16725,302,8,752.32,5.1528767123287675,1.0,1.0,5.95,0.007908868566567417,62.693333333333335,Kitchen,260.55,United Kingdom,287,0.6666666666666666,69,752.32,8,0,0,6,0,3,0,0
16726,26,5,1358.74,7.633370786516854,0.0,0.0,0.0,0.0,113.22833333333334,Other,264.46999999999997,United Kingdom,945,0.4166666666666667,335,1358.74,5,0,0,7,0,3,0,0
16727,364,1,256.32,5.825454545454545,0.0,0.0,0.0,0.0,21.36,Electronics,71.5,United Kingdom,167,0.08333333333333333,0,256.32,1,0,0,3,0,3,0,0
16728,46,4,1048.28,3.9858555133079845,0.0,0.0,0.0,0.0,87.35666666666667,Other,360.24,United Kingdom,671,0.3333333333333333,218,1048.28,4,0,0,7,0,3,0,0
16729,36,26,7041.69,10.604954819277108,5.0,14.0,163.64,0.023238739563939907,586.8075,Home Decor,1525.1499999999999,United Kingdom,5708,2.1666666666666665,205,7041.69,26,1,1,5,3,0,-1,3
16730,52,4,702.79,8.36654761904762,1.0,96.0,40.32,0.05737133425347544,58.56583333333333,Home Decor,182.78,United Kingdom,898,0.3333333333333333,267,702.79,4,0,0,5,0,3,0,0
16732,32,1,603.75,21.5625,0.0,0.0,0.0,0.0,50.3125,Other,179.73,United Kingdom,317,0.08333333333333333,0,603.75,1,0,0,7,0,3,0,0
16734,52,3,646.76,12.437692307692307,0.0,0.0,0.0,0.0,53.89666666666667,Other,307.29,United Kingdom,345,0.25,61,646.76,3,0,0,7,0,3,0,0
16735,79,7,2216.06,18.62235294117647,2.0,19.0,31.349999999999998,0.014146728879181971,184.67166666666665,Home Decor,733.49,United Kingdom,1513,0.5833333333333334,255,2216.06,7,0,0,5,0,3,0,0
16738,298,1,3.75,3.75,0.0,0.0,0.0,0.0,0.3125,Other,3.75,United Kingdom,3,0.08333333333333333,0,3.75,1,0,0,7,0,3,0,0
16739,172,2,312.55,19.534375,1.0,3.0,10.45,0.03343465045592705,26.045833333333334,Electronics,118.39999999999999,United Kingdom,169,0.16666666666666666,4,312.55,2,0,0,3,0,3,0,0
16743,29,8,2166.88,11.285833333333334,1.0,37.0,46.25,0.021344052277929557,180.57333333333335,Home Decor,659.38,United Kingdom,1998,0.6666666666666666,329,2166.88,8,0,0,5,0,3,0,0
16744,11,7,1291.91,5.4741949152542375,0.0,0.0,0.0,0.0,107.65916666666668,Home Decor,256.79,United Kingdom,798,0.5833333333333334,161,1291.91,7,0,0,5,0,3,0,0
16745,87,18,7157.1,20.10421348314607,1.0,8.0,23.6,0.0032974249346802475,596.4250000000001,Kitchen,3436.51,United Kingdom,6711,1.5,225,7157.1,18,1,1,6,3,0,-1,3
16746,5,19,6676.76,14.936823266219239,1.0,3.0,3.3499999999999996,0.0005017403650872578,556.3966666666666,Bags,1302.74,United Kingdom,4657,1.5833333333333333,354,6676.76,19,1,1,1,3,0,-1,3
16747,25,4,826.96,18.37688888888889,2.0,6.0,9.099999999999998,0.011004159814259453,68.91333333333334,Home Decor,336.18,United Kingdom,577,0.3333333333333333,42,826.96,4,0,0,5,0,3,0,0
16748,18,5,1515.9,21.969565217391306,0.0,0.0,0.0,0.0,126.325,Bags,877.8,United Kingdom,880,0.4166666666666667,316,1515.9,5,0,0,1,0,3,0,0
16750,45,5,623.93,6.567684210526315,0.0,0.0,0.0,0.0,51.994166666666665,Electronics,175.45,United Kingdom,214,0.4166666666666667,187,623.93,5,0,0,3,0,3,0,0
16751,31,1,1764.72,70.5888,0.0,0.0,0.0,0.0,147.06,Kitchen,990.0,United Kingdom,1031,0.08333333333333333,0,1764.72,1,0,0,6,0,3,0,0
16753,58,1,223.92000000000002,6.5858823529411765,0.0,0.0,0.0,0.0,18.66,Bags,92.54,United Kingdom,189,0.08333333333333333,0,223.92000000000002,1,0,0,1,0,3,0,0
16755,114,5,1463.23,8.556900584795322,2.0,6.0,12.2,0.008337718608831146,121.93583333333333,Home Decor,268.67,United Kingdom,1052,0.4166666666666667,201,1463.23,5,0,0,5,0,3,0,0
16756,215,1,239.4,18.415384615384617,0.0,0.0,0.0,0.0,19.95,Kitchen,87.45,United Kingdom,106,0.08333333333333333,0,239.4,1,0,0,6,0,3,0,0
16757,319,1,106.83000000000001,15.261428571428572,0.0,0.0,0.0,0.0,8.902500000000002,Home Decor,73.80000000000001,United Kingdom,81,0.08333333333333333,0,106.83000000000001,1,0,0,5,0,3,0,0
16758,65,1,369.34000000000003,16.78818181818182,0.0,0.0,0.0,0.0,30.778333333333336,Kitchen,168.8,United Kingdom,203,0.08333333333333333,0,369.34000000000003,1,0,0,6,0,3,0,0
16759,8,4,772.84,17.973023255813953,1.0,1.0,16.95,0.02193209461208012,64.40333333333334,Other,231.57999999999998,United Kingdom,608,0.3333333333333333,23,772.84,4,0,0,7,0,3,0,0
16761,97,1,316.62,24.355384615384615,0.0,0.0,0.0,0.0,26.385,Other,124.12,United Kingdom,341,0.08333333333333333,0,316.62,1,0,0,7,0,3,0,0
16762,20,3,1207.24,19.162539682539684,0.0,0.0,0.0,0.0,100.60333333333334,Kitchen,312.05,United Kingdom,480,0.25,124,1207.24,3,0,0,6,0,3,0,0
16763,185,2,594.9,24.787499999999998,1.0,1.0,16.95,0.02849218356026223,49.574999999999996,Other,248.39999999999998,United Kingdom,318,0.16666666666666666,13,594.9,2,0,0,7,0,3,0,0
16764,4,18,2749.9500000000003,3.862289325842697,5.0,12.0,41.00000000000001,0.01490936198839979,229.16250000000002,Home Decor,659.2,United Kingdom,1241,1.5,139,2749.9500000000003,18,1,1,5,3,3,0,3
16765,294,1,34.0,34.0,0.0,0.0,0.0,0.0,2.8333333333333335,Stationery,34.0,United Kingdom,4,0.08333333333333333,0,34.0,1,0,0,9,0,3,0,0
16766,273,2,1145.6,33.69411764705882,0.0,0.0,0.0,0.0,95.46666666666665,Kitchen,1025.6,United Kingdom,536,0.16666666666666666,0,1145.6,2,0,0,6,0,3,0,0
16767,31,11,5575.56,25.22877828054299,0.0,0.0,0.0,0.0,464.63000000000005,Kitchen,1235.24,United Kingdom,4423,0.9166666666666666,285,5575.56,11,1,0,6,3,0,0,3
16768,48,5,458.04,7.897241379310345,2.0,5.0,20.05,0.04377346956597677,38.17,Other,109.75,United Kingdom,191,0.4166666666666667,224,458.04,5,0,0,7,0,3,0,0
16769,260,1,361.54,9.51421052631579,0.0,0.0,0.0,0.0,30.128333333333334,Home Decor,139.22,United Kingdom,80,0.08333333333333333,0,361.54,1,0,0,5,0,3,0,0
16770,58,6,731.9,5.190780141843971,1.0,12.0,25.200000000000003,0.03443093318759394,60.99166666666667,Home Decor,212.29000000000002,United Kingdom,444,0.5,314,731.9,6,0,0,5,0,3,0,0
16771,33,5,2242.61,8.829173228346457,0.0,0.0,0.0,0.0,186.8841666666667,Home Decor,855.58,United Kingdom,1487,0.4166666666666667,304,2242.61,5,0,0,5,0,3,0,0
16773,57,1,171.59,6.599615384615385,0.0,0.0,0.0,0.0,14.299166666666666,Other,83.9,United Kingdom,171,0.08333333333333333,0,171.59,1,0,0,7,0,3,0,0
16774,68,5,654.92,13.365714285714285,1.0,4.0,6.6,0.010077566725706956,54.57666666666666,Kitchen,223.87,United Kingdom,318,0.4166666666666667,110,654.92,5,0,0,6,0,3,0,0
16775,10,11,1691.51,10.773949044585986,0.0,0.0,0.0,0.0,140.95916666666668,Home Decor,466.86,United Kingdom,439,0.9166666666666666,357,1691.51,11,1,0,5,0,3,0,0
16776,60,1,371.54,5.232957746478873,0.0,0.0,0.0,0.0,30.96166666666667,Home Decor,123.28,United Kingdom,254,0.08333333333333333,0,371.54,1,0,0,5,0,3,0,0
16777,80,2,222.62,4.6379166666666665,0.0,0.0,0.0,0.0,18.551666666666666,Home Decor,50.25,United Kingdom,62,0.16666666666666666,176,222.62,2,0,0,5,0,3,0,0
16778,74,2,245.94,15.37125,0.0,0.0,0.0,0.0,20.495,Kitchen,116.2,United Kingdom,194,0.16666666666666666,199,245.94,2,0,0,6,0,3,0,0
16779,2,28,10436.050000000001,30.514766081871347,6.0,89.0,175.67000000000002,0.016832997158886743,869.6708333333335,Kitchen,3052.9900000000002,United Kingdom,5212,2.3333333333333335,364,10436.050000000001,28,1,1,6,3,0,-1,3
16780,100,2,422.24,7.156610169491525,0.0,0.0,0.0,0.0,35.18666666666667,Home Decor,170.89,United Kingdom,270,0.16666666666666666,158,422.24,2,0,0,5,0,3,0,0
16781,365,2,294.65,15.507894736842104,1.0,2.0,16.599999999999998,0.05633802816901408,24.554166666666664,Home Decor,71.85,United Kingdom,111,0.16666666666666666,7,294.65,2,0,0,5,0,3,0,0
16782,10,19,2230.3,11.73842105263158,6.0,9.0,37.65,0.016881137066762315,185.85833333333335,Kitchen,559.2,United Kingdom,696,1.5833333333333333,357,2230.3,19,1,1,6,3,3,0,3
16784,20,1,107.6,35.86666666666667,0.0,0.0,0.0,0.0,8.966666666666667,Home Decor,60.0,United Kingdom,24,0.08333333333333333,0,107.6,1,0,0,5,0,3,0,0
16788,123,2,594.39,4.016148648648649,0.0,0.0,0.0,0.0,49.5325,Kitchen,131.49,United Kingdom,304,0.16666666666666666,131,594.39,2,0,0,6,0,3,0,0
16789,8,1,80.8,16.16,0.0,0.0,0.0,0.0,6.733333333333333,Home Decor,49.300000000000004,United Kingdom,32,0.08333333333333333,0,80.8,1,0,0,5,0,3,0,0
16790,4,8,1520.1200000000001,16.001263157894737,2.0,6.0,25.5,0.016774991448043574,126.67666666666668,Bags,283.0,United Kingdom,892,0.6666666666666666,34,1520.1200000000001,8,0,0,1,0,3,0,0
16791,29,8,1690.28,5.348987341772152,1.0,4.0,15.5,0.009170078330217478,140.85666666666665,Kitchen,429.43,United Kingdom,753,0.6666666666666666,303,1690.28,8,0,0,6,0,3,0,0
16792,282,2,110.38000000000001,9.198333333333334,0.0,0.0,0.0,0.0,9.198333333333334,Home Decor,75.28,United Kingdom,44,0.16666666666666666,0,110.38000000000001,2,0,0,5,0,3,0,0
16793,57,1,243.84,15.24,0.0,0.0,0.0,0.0,20.32,Other,88.2,United Kingdom,146,0.08333333333333333,0,243.84,1,0,0,7,0,3,0,0
16794,1,12,1175.3,4.1975,2.0,4.0,21.2,0.01803794775801923,97.94166666666666,Home Decor,414.78999999999996,United Kingdom,919,1.0,179,1175.3,12,1,0,5,0,3,0,0
16795,365,1,414.88,6.286060606060606,0.0,0.0,0.0,0.0,34.57333333333333,Home Decor,120.49,United Kingdom,239,0.08333333333333333,0,414.88,1,0,0,5,0,3,0,0
16796,89,1,305.62,16.97888888888889,0.0,0.0,0.0,0.0,25.468333333333334,Home Decor,129.66,United Kingdom,186,0.08333333333333333,0,305.62,1,0,0,5,0,3,0,0
16800,11,1,1162.65,7.452884615384616,0.0,0.0,0.0,0.0,96.8875,Home Decor,423.61,United Kingdom,524,0.08333333333333333,0,1162.65,1,0,0,5,0,3,0,0
16803,65,1,332.3,13.845833333333333,0.0,0.0,0.0,0.0,27.691666666666666,Kitchen,117.82,United Kingdom,245,0.08333333333333333,0,332.3,1,0,0,6,0,3,0,0
16804,23,3,536.99,8.949833333333334,0.0,0.0,0.0,0.0,44.74916666666667,Kitchen,146.8,United Kingdom,246,0.25,247,536.99,3,0,0,6,0,3,0,0
16805,174,2,460.59,4.699897959183673,0.0,0.0,0.0,0.0,38.3825,Other,186.32,United Kingdom,539,0.16666666666666666,186,460.59,2,0,0,7,0,3,0,0
16806,103,4,762.16,8.195268817204301,0.0,0.0,0.0,0.0,63.51333333333333,Home Decor,261.01,United Kingdom,356,0.3333333333333333,135,762.16,4,0,0,5,0,3,0,0
16807,143,3,1121.59,16.740149253731342,0.0,0.0,0.0,0.0,93.46583333333332,Bags,296.3,United Kingdom,778,0.25,128,1121.59,3,0,0,1,0,3,0,0
16808,99,2,288.42,12.540000000000001,0.0,0.0,0.0,0.0,24.035,Storage,89.05,United Kingdom,196,0.16666666666666666,175,288.42,2,0,0,10,0,3,0,0
16809,23,6,912.74,6.084933333333334,1.0,1.0,1.95,0.002136424392488551,76.06166666666667,Bags,453.12,United Kingdom,651,0.5,239,912.74,6,0,0,1,0,3,0,0
16810,192,2,275.64,17.2275,1.0,2.0,33.9,0.12298650413582934,22.97,Storage,92.85000000000001,United Kingdom,112,0.16666666666666666,168,275.64,2,0,0,10,2,2,0,2
16811,5,2,547.07,19.538214285714286,0.0,0.0,0.0,0.0,45.58916666666667,Home Decor,167.85999999999999,United Kingdom,477,0.16666666666666666,12,547.07,2,0,0,5,0,3,0,0
16812,361,1,479.35,31.956666666666667,0.0,0.0,0.0,0.0,39.94583333333333,Storage,216.0,United Kingdom,81,0.08333333333333333,0,479.35,1,0,0,10,0,3,0,0
16813,8,10,1652.18,3.878356807511737,0.0,0.0,0.0,0.0,137.68166666666667,Home Decor,378.52,United Kingdom,1501,0.8333333333333334,196,1652.18,10,0,0,5,0,3,0,0
16814,14,22,6408.2,20.025624999999998,1.0,1.0,8.5,0.0013264255173059518,534.0166666666667,Home Decor,2147.57,United Kingdom,2696,1.8333333333333333,355,6408.2,22,1,1,5,3,0,0,3
16816,103,4,417.06,14.895,0.0,0.0,0.0,0.0,34.755,Home Decor,95.60000000000001,United Kingdom,274,0.3333333333333333,254,417.06,4,0,0,5,0,3,0,0
16817,3,13,1446.95,15.231052631578947,4.0,60.0,157.8,0.10905698192750268,120.57916666666667,Other,358.16,United Kingdom,762,1.0833333333333333,365,1446.95,13,1,1,7,2,2,0,2
16818,11,13,3317.97,17.462999999999997,2.0,2.0,31.599999999999998,0.00952389563498163,276.4975,Home Decor,1602.14,United Kingdom,2162,1.0833333333333333,194,3317.97,13,1,1,5,3,3,0,3
16820,96,1,497.61,19.138846153846153,0.0,0.0,0.0,0.0,41.4675,Other,147.79,United Kingdom,307,0.08333333333333333,0,497.61,1,0,0,7,0,3,0,0
16823,227,1,358.38,9.431052631578947,0.0,0.0,0.0,0.0,29.865,Other,72.3,United Kingdom,136,0.08333333333333333,0,358.38,1,0,0,7,0,3,0,0
16824,16,2,460.64,17.716923076923077,0.0,0.0,0.0,0.0,38.38666666666666,Kitchen,147.98,United Kingdom,236,0.16666666666666666,148,460.64,2,0,0,6,0,3,0,0
16825,39,2,775.1800000000001,27.685000000000002,0.0,0.0,0.0,0.0,64.59833333333334,Home Decor,316.0,United Kingdom,566,0.16666666666666666,147,775.1800000000001,2,0,0,5,0,3,0,0
16826,51,1,341.7,15.531818181818181,0.0,0.0,0.0,0.0,28.474999999999998,Storage,102.3,United Kingdom,158,0.08333333333333333,0,341.7,1,0,0,10,0,3,0,0
16828,93,2,128.5,16.0625,0.0,0.0,0.0,0.0,10.708333333333334,Home Decor,60.0,United Kingdom,59,0.16666666666666666,19,128.5,2,0,0,5,0,3,0,0
16829,157,1,197.22,17.92909090909091,0.0,0.0,0.0,0.0,16.435,Kitchen,140.7,United Kingdom,99,0.08333333333333333,0,197.22,1,0,0,6,0,3,0,0
16830,39,1,325.91,14.170000000000002,0.0,0.0,0.0,0.0,27.159166666666668,Electronics,90.6,United Kingdom,264,0.08333333333333333,0,325.91,1,0,0,3,0,3,0,0
16832,184,3,199.15,16.595833333333335,0.0,0.0,0.0,0.0,16.595833333333335,Kitchen,75.0,United Kingdom,33,0.25,33,199.15,3,0,0,6,0,3,0,0
16833,1,4,1106.53,23.5431914893617,0.0,0.0,0.0,0.0,92.21083333333333,Home Decor,316.92,United Kingdom,440,0.3333333333333333,333,1106.53,4,0,0,5,0,3,0,0
16834,228,1,413.46,17.2275,0.0,0.0,0.0,0.0,34.455,Home Decor,158.24,United Kingdom,358,0.08333333333333333,0,413.46,1,0,0,5,0,3,0,0
16835,128,2,180.85,18.085,0.0,0.0,0.0,0.0,15.070833333333333,Bags,62.400000000000006,United Kingdom,61,0.16666666666666666,244,180.85,2,0,0,1,0,3,0,0
16836,40,2,251.87,22.89727272727273,0.0,0.0,0.0,0.0,20.989166666666666,Crockery,76.32000000000001,United Kingdom,165,0.16666666666666666,76,251.87,2,0,0,2,0,3,0,0
16837,31,12,3167.73,19.082710843373494,1.0,1.0,3.25,0.0010259712791178541,263.9775,Kitchen,817.95,United Kingdom,1562,1.0,214,3167.73,12,1,0,6,0,3,0,0
16838,197,3,582.9,22.41923076923077,1.0,1.0,5.95,0.010207582775776292,48.574999999999996,Home Decor,282.45000000000005,United Kingdom,184,0.25,90,582.9,3,0,0,5,0,3,0,0
16841,37,7,1774.62,15.167692307692306,1.0,16.0,95.2,0.05364528744181853,147.885,Other,632.36,United Kingdom,2234,0.5833333333333334,250,1774.62,7,0,0,7,0,3,0,0
16842,64,4,1260.44,19.694375,1.0,1.0,3.75,0.0029751515343848177,105.03666666666668,Electronics,360.05,United Kingdom,692,0.3333333333333333,238,1260.44,4,0,0,3,0,3,0,0
16846,50,1,214.32,19.483636363636364,0.0,0.0,0.0,0.0,17.86,Home Decor,66.42,United Kingdom,135,0.08333333333333333,0,214.32,1,0,0,5,0,3,0,0
16847,43,1,193.44,16.12,0.0,0.0,0.0,0.0,16.12,Seasonal,46.1,United Kingdom,78,0.08333333333333333,0,193.44,1,0,0,8,0,3,0,0
16848,53,1,281.42,20.101428571428574,0.0,0.0,0.0,0.0,23.451666666666668,Stationery,93.0,United Kingdom,182,0.08333333333333333,0,281.42,1,0,0,9,0,3,0,0
16849,187,1,124.57,15.57125,0.0,0.0,0.0,0.0,10.380833333333333,Electronics,63.1,United Kingdom,33,0.08333333333333333,0,124.57,1,0,0,3,0,3,0,0
16850,334,1,332.41,17.495263157894737,0.0,0.0,0.0,0.0,27.700833333333335,Electronics,68.4,United Kingdom,249,0.08333333333333333,0,332.41,1,0,0,3,0,3,0,0
16851,4,3,342.45,17.1225,0.0,0.0,0.0,0.0,28.537499999999998,Home Decor,113.22,United Kingdom,271,0.25,47,342.45,3,0,0,5,0,3,0,0
16852,10,2,144.91000000000003,16.101111111111113,0.0,0.0,0.0,0.0,12.075833333333335,Other,54.800000000000004,United Kingdom,56,0.16666666666666666,165,144.91000000000003,2,0,0,7,0,3,0,0
16855,24,2,328.4,17.28421052631579,0.0,0.0,0.0,0.0,27.366666666666664,Crockery,142.1,United Kingdom,164,0.16666666666666666,19,328.4,2,0,0,2,0,3,0,0
16856,15,1,35.400000000000006,17.700000000000003,0.0,0.0,0.0,0.0,2.9500000000000006,Home Decor,35.400000000000006,United Kingdom,12,0.08333333333333333,0,35.400000000000006,1,0,0,5,0,3,0,0
16858,366,2,345.89000000000004,26.60692307692308,1.0,8.0,29.8,0.08615455780739541,28.82416666666667,Kitchen,263.24,United Kingdom,83,0.16666666666666666,2,345.89000000000004,2,0,0,6,2,2,0,2
16859,106,5,473.14,6.5713888888888885,3.0,171.0,274.67,0.5805258485860423,39.428333333333335,Other,152.76999999999998,United Kingdom,656,0.4166666666666667,155,473.14,5,0,0,7,1,1,-1,1
16861,60,3,151.65,18.95625,1.0,7.0,22.110000000000003,0.14579624134520278,12.637500000000001,Other,60.959999999999994,United Kingdom,133,0.25,308,151.65,3,0,0,7,2,2,0,2
16863,29,4,481.35,17.19107142857143,2.0,17.0,21.45,0.044562168899968835,40.112500000000004,Home Decor,159.53,United Kingdom,392,0.3333333333333333,337,481.35,4,0,0,5,0,3,0,0
16866,141,3,207.73999999999998,18.885454545454543,0.0,0.0,0.0,0.0,17.311666666666664,Electronics,99.49999999999999,United Kingdom,60,0.25,20,207.73999999999998,3,0,0,3,0,3,0,0
16869,23,5,797.3199999999999,6.2290624999999995,1.0,4.0,19.8,0.024833191190488137,66.44333333333333,Home Decor,175.79,United Kingdom,579,0.4166666666666667,152,797.3199999999999,5,0,0,5,0,3,0,0
16871,22,7,2761.4900000000002,19.866834532374103,1.0,3.0,50.849999999999994,0.018413972167199588,230.1241666666667,Home Decor,689.0,United Kingdom,1250,0.5833333333333334,248,2761.4900000000002,7,0,0,5,0,3,0,0
16872,77,3,680.02,97.14571428571428,0.0,0.0,0.0,0.0,56.66833333333333,Crockery,398.56000000000006,United Kingdom,600,0.25,107,680.02,3,0,0,2,3,3,0,3
16873,5,10,7066.31,24.45089965397924,4.0,15.0,57.31,0.00811031500174773,588.8591666666667,Kitchen,2208.47,United Kingdom,3825,0.8333333333333334,359,7066.31,10,0,0,6,3,0,0,3
16875,64,9,2023.47,16.4509756097561,4.0,25.0,72.06,0.0356120920992157,168.6225,Home Decor,564.7,United Kingdom,1044,0.75,275,2023.47,9,0,0,5,0,3,0,0
16877,12,6,846.62,5.427051282051282,0.0,0.0,0.0,0.0,70.55166666666666,Other,318.54,United Kingdom,458,0.5,195,846.62,6,0,0,7,0,3,0,0
16878,25,2,0.0,0.0,1.0,12.0,13.3,0.0,0.0,Bags,0.0,United Kingdom,0,0.16666666666666666,59,0.0,2,0,0,1,0,3,0,0
16880,31,7,1491.43,8.571436781609195,0.0,0.0,0.0,0.0,124.28583333333334,Home Decor,331.15999999999997,United Kingdom,746,0.5833333333333334,158,1491.43,7,0,0,5,0,3,0,0
16882,67,3,705.12,18.080000000000002,0.0,0.0,0.0,0.0,58.76,Home Decor,342.82,United Kingdom,424,0.25,250,705.12,3,0,0,5,0,3,0,0
16883,187,2,272.48,7.364324324324325,0.0,0.0,0.0,0.0,22.706666666666667,Other,73.4,United Kingdom,103,0.16666666666666666,184,272.48,2,0,0,7,0,3,0,0
16884,38,2,429.84000000000003,16.532307692307693,0.0,0.0,0.0,0.0,35.82,Other,154.85,United Kingdom,320,0.16666666666666666,0,429.84000000000003,2,0,0,7,0,3,0,0
16885,15,3,450.41,4.691770833333334,0.0,0.0,0.0,0.0,37.53416666666667,Other,162.57,United Kingdom,178,0.25,341,450.41,3,0,0,7,0,3,0,0
16887,35,1,192.32999999999998,5.342499999999999,0.0,0.0,0.0,0.0,16.0275,Home Decor,109.51,United Kingdom,156,0.08333333333333333,0,192.32999999999998,1,0,0,5,0,3,0,0
16889,195,3,1578.67,11.693851851851852,0.0,0.0,0.0,0.0,131.55583333333334,Kitchen,536.4,United Kingdom,925,0.25,142,1578.67,3,0,0,6,0,3,0,0
16892,1,7,489.49,4.944343434343434,2.0,4.0,28.7,0.05863245418701097,40.79083333333333,Home Decor,121.0,United Kingdom,232,0.5833333333333334,321,489.49,7,0,0,5,0,3,0,0
16893,367,1,145.93,3.242888888888889,0.0,0.0,0.0,0.0,12.160833333333334,Other,41.16,United Kingdom,62,0.08333333333333333,0,145.93,1,0,0,7,0,3,0,0
16895,65,1,202.27,3.26241935483871,0.0,0.0,0.0,0.0,16.855833333333333,Home Decor,51.78,United Kingdom,91,0.08333333333333333,0,202.27,1,0,0,5,0,3,0,0
16897,299,3,213.03,4.841590909090909,1.0,15.0,76.75,0.36027789513214104,17.7525,Kitchen,80.4,United Kingdom,58,0.25,14,213.03,3,0,0,6,1,1,-1,1
16898,26,4,436.68,2.7637974683544306,1.0,33.0,64.35,0.1473619126133553,36.39,Other,139.60999999999999,United Kingdom,379,0.3333333333333333,342,436.68,4,0,0,7,2,2,0,2
16899,8,6,1271.06,10.333821138211382,0.0,0.0,0.0,0.0,105.92166666666667,Home Decor,305.95,United Kingdom,520,0.5,352,1271.06,6,0,0,5,0,3,0,0
16902,116,1,1706.88,38.79272727272728,0.0,0.0,0.0,0.0,142.24,Kitchen,628.63,United Kingdom,629,0.08333333333333333,0,1706.88,1,0,0,6,0,3,0,0
16903,29,1,363.2,6.485714285714286,0.0,0.0,0.0,0.0,30.266666666666666,Home Decor,116.63,United Kingdom,247,0.08333333333333333,0,363.2,1,0,0,5,0,3,0,0
16904,4,16,3653.75,5.4943609022556394,0.0,0.0,0.0,0.0,304.4791666666667,Other,662.38,United Kingdom,1984,1.3333333333333333,362,3653.75,16,1,1,7,3,3,0,3
16905,5,8,3020.65,15.103250000000001,1.0,1.0,16.95,0.005611375035174548,251.72083333333333,Home Decor,1027.63,United Kingdom,1380,0.6666666666666666,366,3020.65,8,0,0,5,0,3,0,0
16906,82,4,559.59,6.506860465116279,0.0,0.0,0.0,0.0,46.6325,Electronics,150.96,United Kingdom,263,0.3333333333333333,166,559.59,4,0,0,3,0,3,0,0
16907,29,5,928.76,6.634,0.0,0.0,0.0,0.0,77.39666666666666,Home Decor,303.2,United Kingdom,286,0.4166666666666667,336,928.76,5,0,0,5,0,3,0,0
16909,64,2,364.14,19.165263157894735,1.0,2.0,15.0,0.04119294776734223,30.345,Stationery,113.69999999999999,United Kingdom,434,0.16666666666666666,8,364.14,2,0,0,9,0,3,0,0
16910,4,8,1508.96,2.7687339449541284,0.0,0.0,0.0,0.0,125.74666666666667,Other,382.64,United Kingdom,884,0.6666666666666666,86,1508.96,8,0,0,7,0,3,0,0
16912,23,14,2508.87,24.123749999999998,3.0,15.0,46.709999999999994,0.018617943536333087,209.0725,Kitchen,597.08,United Kingdom,1010,1.1666666666666667,300,2508.87,14,1,1,6,3,3,0,3
16913,290,1,113.44,14.18,0.0,0.0,0.0,0.0,9.453333333333333,Home Decor,99.15,United Kingdom,82,0.08333333333333333,0,113.44,1,0,0,5,0,3,0,0
16914,36,1,183.76,6.125333333333333,0.0,0.0,0.0,0.0,15.313333333333333,Kitchen,100.53,United Kingdom,112,0.08333333333333333,0,183.76,1,0,0,6,0,3,0,0
16915,9,6,621.6800000000001,10.906666666666668,0.0,0.0,0.0,0.0,51.80666666666667,Furniture,149.85000000000002,United Kingdom,132,0.5,274,621.6800000000001,6,0,0,4,0,3,0,0
16916,24,2,562.41,4.135367647058823,0.0,0.0,0.0,0.0,46.8675,Home Decor,151.35999999999999,United Kingdom,431,0.16666666666666666,348,562.41,2,0,0,5,0,3,0,0
16917,277,1,391.52,43.50222222222222,0.0,0.0,0.0,0.0,32.626666666666665,Other,192.8,United Kingdom,232,0.08333333333333333,0,391.52,1,0,0,7,0,3,0,0
16918,50,7,1043.34,8.025692307692307,1.0,13.0,25.479999999999997,0.024421569191251172,86.945,Bags,243.46,United Kingdom,708,0.5833333333333334,267,1043.34,7,0,0,1,0,3,0,0
16919,156,11,2592.25,7.951687116564417,0.0,0.0,0.0,0.0,216.02083333333334,Textiles,722.5500000000001,United Kingdom,1403,0.9166666666666666,212,2592.25,11,1,0,11,0,3,0,0
16921,61,1,154.18,2.8032727272727276,0.0,0.0,0.0,0.0,12.848333333333334,Home Decor,39.75,United Kingdom,154,0.08333333333333333,0,154.18,1,0,0,5,0,3,0,0
16923,12,26,6488.3,9.982000000000001,7.0,234.0,580.78,0.08951189063391027,540.6916666666667,Home Decor,2205.42,United Kingdom,3110,2.1666666666666665,350,6488.3,26,1,1,5,2,2,-1,2
16924,21,4,722.64,8.306206896551725,1.0,13.0,107.25,0.148414148123547,60.22,Storage,284.99,United Kingdom,454,0.3333333333333333,62,722.64,4,0,0,10,2,2,-1,2
16927,116,3,543.05,90.50833333333333,0.0,0.0,0.0,0.0,45.25416666666666,Other,403.2,United Kingdom,993,0.25,245,543.05,3,0,0,7,3,3,0,3
16928,80,19,2748.6,13.214423076923076,2.0,20.0,66.1,0.024048606563341336,229.04999999999998,Other,2203.99,United Kingdom,2072,1.5833333333333333,292,2748.6,19,1,1,7,3,3,0,3
16929,4,7,1295.39,16.823246753246753,0.0,0.0,0.0,0.0,107.94916666666667,Kitchen,369.05,United Kingdom,929,0.5833333333333334,151,1295.39,7,0,0,6,0,3,0,0
16930,26,3,378.89,7.148867924528302,0.0,0.0,0.0,0.0,31.574166666666667,Home Decor,213.6,United Kingdom,339,0.25,42,378.89,3,0,0,5,0,3,0,0
16931,5,21,4554.87,5.140936794582393,0.0,0.0,0.0,0.0,379.5725,Home Decor,856.48,United Kingdom,3134,1.75,364,4554.87,21,1,1,5,3,0,0,3
16932,53,1,150.23000000000002,3.129791666666667,0.0,0.0,0.0,0.0,12.519166666666669,Other,35.209999999999994,United Kingdom,82,0.08333333333333333,0,150.23000000000002,1,0,0,7,0,3,0,0
16933,1,5,530.08,10.81795918367347,3.0,7.0,33.15,0.06253773015393901,44.17333333333334,Home Decor,135.98,United Kingdom,281,0.4166666666666667,238,530.08,5,0,0,5,2,3,0,2
16934,55,2,931.03,15.262786885245902,0.0,0.0,0.0,0.0,77.58583333333333,Home Decor,385.07,United Kingdom,397,0.16666666666666666,0,931.03,2,0,0,5,0,3,0,0
16936,26,1,261.9,4.676785714285714,0.0,0.0,0.0,0.0,21.825,Electronics,46.349999999999994,United Kingdom,171,0.08333333333333333,0,261.9,1,0,0,3,0,3,0,0
16938,9,5,1878.43,7.959449152542373,1.0,1515.0,833.2500000000001,0.4435885287181317,156.53583333333333,Kitchen,434.97,United Kingdom,1018,0.4166666666666667,300,1878.43,5,0,0,6,1,1,-1,1
16940,52,3,3049.88,9.99960655737705,0.0,0.0,0.0,0.0,254.15666666666667,Home Decor,831.93,United Kingdom,2169,0.25,237,3049.88,3,0,0,5,0,3,0,0
16942,13,10,1878.51,6.733010752688172,1.0,4.0,26.479999999999997,0.014096278433439267,156.5425,Home Decor,581.55,United Kingdom,801,0.8333333333333334,215,1878.51,10,0,0,5,0,3,0,0
16943,212,3,816.73,24.74939393939394,0.0,0.0,0.0,0.0,68.06083333333333,Other,359.55,United Kingdom,145,0.25,106,816.73,3,0,0,7,0,3,0,0
16945,22,19,4345.5,17.451807228915662,0.0,0.0,0.0,0.0,362.125,Bags,2279.07,United Kingdom,2725,1.5833333333333333,336,4345.5,19,1,1,1,3,0,0,3
16947,236,1,406.48,19.356190476190477,0.0,0.0,0.0,0.0,33.873333333333335,Other,189.54,United Kingdom,312,0.08333333333333333,0,406.48,1,0,0,7,0,3,0,0
16948,139,3,435.02,22.89578947368421,0.0,0.0,0.0,0.0,36.251666666666665,Kitchen,102.2,United Kingdom,1614,0.25,187,435.02,3,0,0,6,0,3,0,0
16949,4,7,1161.27,19.0372131147541,1.0,1.0,125.0,0.10764077260240944,96.7725,Stationery,554.76,United Kingdom,790,0.5833333333333334,312,1161.27,7,0,0,9,2,2,0,2
16950,57,3,1178.56,28.06095238095238,0.0,0.0,0.0,0.0,98.21333333333332,Home Decor,427.14,United Kingdom,644,0.25,310,1178.56,3,0,0,5,0,3,0,0
16951,123,4,1262.75,14.514367816091953,1.0,12.0,15.0,0.01187883587408434,105.22916666666667,Other,518.03,United Kingdom,1306,0.3333333333333333,180,1262.75,4,0,0,7,0,3,0,0
16952,109,2,167.61,10.475625,0.0,0.0,0.0,0.0,13.967500000000001,Crockery,55.839999999999996,United Kingdom,92,0.16666666666666666,0,167.61,2,0,0,2,0,3,0,0
16953,30,1,20.8,20.8,0.0,0.0,0.0,0.0,1.7333333333333334,Kitchen,20.8,United Kingdom,10,0.08333333333333333,0,20.8,1,0,0,6,0,3,0,0
16954,1,9,2085.08,38.61259259259259,0.0,0.0,0.0,0.0,173.75666666666666,Kitchen,1820.72,United Kingdom,1054,0.75,358,2085.08,9,0,0,6,0,3,0,0
16955,185,5,493.67,18.98730769230769,1.0,20.0,25.0,0.05064111653533737,41.13916666666667,Crockery,188.97,United Kingdom,246,0.4166666666666667,188,493.67,5,0,0,2,0,3,0,0
16956,9,2,292.34,16.24111111111111,1.0,2.0,16.4,0.05609906273517137,24.361666666666665,Kitchen,75.8,United Kingdom,112,0.16666666666666666,8,292.34,2,0,0,6,0,3,0,0
16957,239,2,416.64,26.04,0.0,0.0,0.0,0.0,34.72,Other,193.8,United Kingdom,172,0.16666666666666666,42,416.64,2,0,0,7,0,3,0,0
16959,87,1,117.35000000000001,16.764285714285716,0.0,0.0,0.0,0.0,9.779166666666667,Storage,44.550000000000004,United Kingdom,49,0.08333333333333333,0,117.35000000000001,1,0,0,10,0,3,0,0
16960,39,3,507.05,5.02029702970297,0.0,0.0,0.0,0.0,42.25416666666667,Electronics,89.33,United Kingdom,304,0.25,213,507.05,3,0,0,3,0,3,0,0
16961,116,1,234.17,16.72642857142857,0.0,0.0,0.0,0.0,19.514166666666664,Electronics,73.75,United Kingdom,125,0.08333333333333333,0,234.17,1,0,0,3,0,3,0,0
16963,187,1,110.55000000000001,15.792857142857144,0.0,0.0,0.0,0.0,9.2125,Toys,48.00000000000001,United Kingdom,35,0.08333333333333333,0,110.55000000000001,1,0,0,12,0,3,0,0
16965,227,1,201.19,7.738076923076923,0.0,0.0,0.0,0.0,16.765833333333333,Other,83.33,United Kingdom,291,0.08333333333333333,0,201.19,1,0,0,7,0,3,0,0
16966,8,10,2148.47,69.30548387096773,3.0,3.0,6.5,0.0030254087792708304,179.03916666666666,Other,749.14,United Kingdom,1978,0.8333333333333334,231,2148.47,10,0,0,7,3,3,-1,3
16967,189,1,319.02,15.19142857142857,0.0,0.0,0.0,0.0,26.584999999999997,Other,105.0,United Kingdom,333,0.08333333333333333,0,319.02,1,0,0,7,0,3,0,0
16968,4,2,439.43,14.175161290322581,0.0,0.0,0.0,0.0,36.619166666666665,Kitchen,117.78,United Kingdom,326,0.16666666666666666,103,439.43,2,0,0,6,0,3,0,0
16969,39,3,650.41,15.48595238095238,0.0,0.0,0.0,0.0,54.20083333333333,Kitchen,241.55,United Kingdom,816,0.25,152,650.41,3,0,0,6,0,3,0,0
16971,3,2,232.20999999999998,5.528809523809524,1.0,1.0,125.0,0.5383058438482409,19.35083333333333,Stationery,150.54,United Kingdom,71,0.16666666666666666,35,232.20999999999998,2,0,0,9,1,1,-1,1
16976,267,1,251.51999999999998,125.75999999999999,0.0,0.0,0.0,0.0,20.959999999999997,Kitchen,175.2,United Kingdom,88,0.08333333333333333,0,251.51999999999998,1,0,0,6,3,3,0,3
16978,78,1,344.33,8.828974358974358,0.0,0.0,0.0,0.0,28.694166666666664,Kitchen,116.55,United Kingdom,166,0.08333333333333333,0,344.33,1,0,0,6,0,3,0,0
16979,4,8,1809.05,19.87967032967033,2.0,5.0,42.95,0.023741742903734007,150.75416666666666,Home Decor,503.13,United Kingdom,860,0.6666666666666666,294,1809.05,8,0,0,5,0,3,0,0
16980,255,2,1028.46,12.697037037037038,0.0,0.0,0.0,0.0,85.705,Electronics,233.20000000000002,United Kingdom,739,0.16666666666666666,36,1028.46,2,0,0,3,0,3,0,0
16982,61,1,384.06,17.457272727272727,0.0,0.0,0.0,0.0,32.005,Stationery,112.02,United Kingdom,182,0.08333333333333333,0,384.06,1,0,0,9,0,3,0,0
16983,13,8,1894.82,13.158472222222223,1.0,13.0,11.049999999999999,0.0058316884981159155,157.90166666666667,Toys,521.2,United Kingdom,1322,0.6666666666666666,356,1894.82,8,0,0,12,0,3,0,0
16984,78,5,4370.59,10.63403892944039,3.0,15.0,88.93,0.020347367289084543,364.21583333333336,Home Decor,1547.69,United Kingdom,2365,0.4166666666666667,52,4370.59,5,0,0,5,0,3,0,0
16985,17,11,5461.62,45.137355371900824,1.0,2.0,2.5,0.0004577396450137505,455.135,Textiles,1659.6,United Kingdom,1830,0.9166666666666666,341,5461.62,11,1,0,11,3,3,-1,3
16987,3,7,1616.8,12.63125,0.0,0.0,0.0,0.0,134.73333333333332,Textiles,461.51,United Kingdom,401,0.5833333333333334,202,1616.8,7,0,0,11,0,3,0,0
16988,5,1,126.12,18.017142857142858,0.0,0.0,0.0,0.0,10.51,Storage,33.0,United Kingdom,43,0.08333333333333333,0,126.12,1,0,0,10,0,3,0,0
16989,7,6,1133.25,94.4375,0.0,0.0,0.0,0.0,94.4375,Other,808.2,United Kingdom,1233,0.5,143,1133.25,6,0,0,7,3,3,0,3
16990,219,1,179.0,179.0,0.0,0.0,0.0,0.0,14.916666666666666,Bags,179.0,United Kingdom,100,0.08333333333333333,0,179.0,1,0,0,1,3,0,2,3
16992,11,6,1601.8600000000001,16.861684210526317,1.0,3.0,12.45,0.0077722148002946564,133.48833333333334,Kitchen,619.84,United Kingdom,857,0.5,299,1601.8600000000001,6,0,0,6,0,3,0,0
16996,30,9,1427.46,34.816097560975614,3.0,10.0,29.500000000000004,0.020666078208846486,118.955,Home Decor,711.0600000000001,United Kingdom,534,0.75,328,1427.46,9,0,0,5,0,3,0,0
16997,288,3,702.0,58.5,0.0,0.0,0.0,0.0,58.5,Bags,468.0,United Kingdom,360,0.25,37,702.0,3,0,0,1,0,3,0,0
16998,150,6,287.02000000000004,47.83666666666667,2.0,3.0,7.98,0.027802940561633332,23.918333333333337,Bags,287.5,United Kingdom,73,0.5,154,287.02000000000004,6,0,0,1,0,3,0,0
16999,23,2,484.82,21.07913043478261,0.0,0.0,0.0,0.0,40.401666666666664,Bags,239.58,United Kingdom,294,0.16666666666666666,50,484.82,2,0,0,1,0,3,0,0
17001,1,11,3989.57,23.606923076923078,0.0,0.0,0.0,0.0,332.4641666666667,Bags,952.36,United Kingdom,2164,0.9166666666666666,358,3989.57,11,1,0,1,3,3,0,3
17002,73,4,1487.78,29.7556,1.0,1.0,5.95,0.00399924720052696,123.98166666666667,Other,573.3100000000001,United Kingdom,678,0.3333333333333333,217,1487.78,4,0,0,7,0,3,0,0
17004,46,2,1312.1399999999999,30.51488372093023,0.0,0.0,0.0,0.0,109.34499999999998,Bags,339.46000000000004,United Kingdom,771,0.16666666666666666,46,1312.1399999999999,2,0,0,1,0,3,0,0
17006,5,4,781.78,17.76772727272727,0.0,0.0,0.0,0.0,65.14833333333333,Home Decor,185.79000000000002,United Kingdom,272,0.3333333333333333,70,781.78,4,0,0,5,0,3,0,0
17007,51,7,877.4300000000001,16.555283018867925,1.0,10.0,12.5,0.014246150690083538,73.11916666666667,Kitchen,203.07,United Kingdom,587,0.5833333333333334,306,877.4300000000001,7,0,0,6,0,3,0,0
17010,17,2,185.46,15.455,1.0,2.0,9.9,0.05338078291814947,15.455,Stationery,106.5,United Kingdom,116,0.16666666666666666,1,185.46,2,0,0,9,0,3,0,0
17011,30,1,270.9,18.06,0.0,0.0,0.0,0.0,22.575,Kitchen,74.4,United Kingdom,186,0.08333333333333333,0,270.9,1,0,0,6,0,3,0,0
17014,8,4,562.6800000000001,7.707945205479453,1.0,5.0,20.75,0.03687708822065827,46.89000000000001,Other,205.18,United Kingdom,238,0.3333333333333333,58,562.6800000000001,4,0,0,7,0,3,0,0
17015,29,3,1838.6100000000001,8.591635514018693,0.0,0.0,0.0,0.0,153.2175,Stationery,553.7,United Kingdom,1978,0.25,156,1838.6100000000001,3,0,0,9,0,3,0,0
17018,41,2,920.1,57.50625,0.0,0.0,0.0,0.0,76.675,Textiles,408.3,United Kingdom,176,0.16666666666666666,285,920.1,2,0,0,11,0,3,0,0
17019,11,4,1258.08,5.517894736842105,0.0,0.0,0.0,0.0,104.83999999999999,Other,277.5,United Kingdom,820,0.3333333333333333,357,1258.08,4,0,0,7,0,3,0,0
17022,31,1,71.0,10.142857142857142,0.0,0.0,0.0,0.0,5.916666666666667,Kitchen,27.44,United Kingdom,108,0.08333333333333333,0,71.0,1,0,0,6,0,3,0,0
17024,45,3,95.85,31.95,0.0,0.0,0.0,0.0,7.9875,Home Decor,95.85,United Kingdom,69,0.25,112,95.85,3,0,0,5,0,3,0,0
17025,61,3,357.77,39.75222222222222,0.0,0.0,0.0,0.0,29.814166666666665,Electronics,249.92000000000002,United Kingdom,235,0.25,312,357.77,3,0,0,3,0,3,0,0
17026,185,2,154.82999999999998,38.707499999999996,0.0,0.0,0.0,0.0,12.902499999999998,Kitchen,134.43,United Kingdom,97,0.16666666666666666,184,154.82999999999998,2,0,0,6,0,3,0,0
17027,79,7,835.86,5.5724,1.0,6.0,41.7,0.049888737348359774,69.655,Other,291.52,United Kingdom,410,0.5833333333333334,238,835.86,7,0,0,7,0,3,0,0
17030,64,1,146.87,13.351818181818182,0.0,0.0,0.0,0.0,12.239166666666668,Kitchen,37.45,United Kingdom,146,0.08333333333333333,0,146.87,1,0,0,6,0,3,0,0
17031,12,2,380.35,17.288636363636364,0.0,0.0,0.0,0.0,31.695833333333336,Bags,257.3,United Kingdom,235,0.16666666666666666,143,380.35,2,0,0,1,0,3,0,0
17033,86,3,1030.14,36.79071428571429,0.0,0.0,0.0,0.0,85.84500000000001,Other,355.26,United Kingdom,750,0.25,273,1030.14,3,0,0,7,0,3,0,0
17034,16,4,734.5699999999999,22.955312499999998,1.0,4.0,10.950000000000001,0.014906680098561066,61.214166666666664,Home Decor,322.8,United Kingdom,406,0.3333333333333333,271,734.5699999999999,4,0,0,5,0,3,0,0
17035,246,3,388.33,12.1353125,1.0,28.0,45.2,0.1163958488914068,32.36083333333333,Home Decor,137.24,United Kingdom,201,0.25,65,388.33,3,0,0,5,2,2,0,2
17037,78,2,1253.22,16.275584415584415,1.0,4.0,14.100000000000001,0.011251017379231102,104.435,Kitchen,446.53000000000003,United Kingdom,652,0.16666666666666666,9,1253.22,2,0,0,6,0,3,0,0
17038,30,1,112.4,5.109090909090909,0.0,0.0,0.0,0.0,9.366666666666667,Home Decor,41.55,United Kingdom,28,0.08333333333333333,0,112.4,1,0,0,5,0,3,0,0
17040,138,1,449.73,29.982000000000003,0.0,0.0,0.0,0.0,37.4775,Kitchen,332.2,United Kingdom,181,0.08333333333333333,0,449.73,1,0,0,6,0,3,0,0
17041,27,4,1055.69,15.081285714285714,1.0,4.0,15.8,0.014966514791273953,87.97416666666668,Kitchen,407.93,United Kingdom,923,0.3333333333333333,333,1055.69,4,0,0,6,0,3,0,0
17042,3,5,1036.58,10.686391752577318,0.0,0.0,0.0,0.0,86.38166666666666,Other,382.92,United Kingdom,990,0.4166666666666667,244,1036.58,5,0,0,7,0,3,0,0
17043,32,4,1735.18,17.01156862745098,0.0,0.0,0.0,0.0,144.59833333333333,Crockery,415.64,United Kingdom,998,0.3333333333333333,234,1735.18,4,0,0,2,0,3,0,0
17044,9,3,897.43,89.743,2.0,17.0,51.05,0.05688465952776261,74.78583333333333,Kitchen,381.6,United Kingdom,487,0.25,350,897.43,3,0,0,6,3,3,-1,3
17045,113,3,339.44,15.42909090909091,0.0,0.0,0.0,0.0,28.286666666666665,Other,90.5,United Kingdom,106,0.25,134,339.44,3,0,0,7,0,3,0,0
17046,157,1,642.02,29.182727272727274,0.0,0.0,0.0,0.0,53.501666666666665,Kitchen,368.56,United Kingdom,510,0.08333333333333333,0,642.02,1,0,0,6,0,3,0,0
17047,85,3,1100.9,16.93692307692308,0.0,0.0,0.0,0.0,91.74166666666667,Kitchen,297.34000000000003,United Kingdom,533,0.25,119,1100.9,3,0,0,6,0,3,0,0
17048,115,6,864.32,18.006666666666668,3.0,11.0,61.03,0.07061042206590151,72.02666666666667,Kitchen,226.32,United Kingdom,474,0.5,215,864.32,6,0,0,6,2,3,0,2
17049,3,11,5589.83,17.41380062305296,2.0,7.0,65.2,0.011664039872411148,465.81916666666666,Home Decor,1200.18,United Kingdom,2666,0.9166666666666666,273,5589.83,11,1,0,5,3,0,0,3
17050,96,6,3185.64,10.342987012987013,0.0,0.0,0.0,0.0,265.46999999999997,Kitchen,1350.29,United Kingdom,1595,0.5,203,3185.64,6,0,0,6,0,3,0,0
17051,194,1,240.89000000000001,5.735476190476191,0.0,0.0,0.0,0.0,20.074166666666667,Kitchen,96.9,United Kingdom,179,0.08333333333333333,0,240.89000000000001,1,0,0,6,0,3,0,0
17052,28,1,399.09,4.808313253012048,0.0,0.0,0.0,0.0,33.2575,Home Decor,84.36,United Kingdom,251,0.08333333333333333,0,399.09,1,0,0,5,0,3,0,0
17053,129,2,496.38,35.455714285714286,1.0,1.0,2.1,0.004230629759458479,41.365,Kitchen,359.58,United Kingdom,121,0.16666666666666666,2,496.38,2,0,0,6,0,3,0,0
17054,28,6,1353.83,16.117023809523808,1.0,2.0,2.5,0.0018466129425407918,112.81916666666666,Home Decor,417.48,United Kingdom,802,0.5,216,1353.83,6,0,0,5,0,3,0,0
17058,82,3,1179.89,19.030483870967743,0.0,0.0,0.0,0.0,98.32416666666667,Home Decor,525.92,United Kingdom,592,0.25,158,1179.89,3,0,0,5,0,3,0,0
17059,30,5,3080.39,5.9929766536964975,0.0,0.0,0.0,0.0,256.69916666666666,Other,597.75,United Kingdom,1850,0.4166666666666667,339,3080.39,5,0,0,7,0,3,0,0
17060,266,1,234.24,46.848,0.0,0.0,0.0,0.0,19.52,Electronics,152.64000000000001,United Kingdom,216,0.08333333333333333,0,234.24,1,0,0,3,0,3,0,0
17061,74,12,5116.13,50.65475247524753,1.0,42.0,116.10000000000001,0.022692933916847305,426.3441666666667,Storage,1925.7,United Kingdom,1484,1.0,158,5116.13,12,1,0,10,3,3,-1,3
17062,314,5,529.43,7.563285714285714,1.0,2.0,3.9,0.007366412934665585,44.119166666666665,Home Decor,139.25,United Kingdom,416,0.4166666666666667,55,529.43,5,0,0,5,0,3,0,0
17063,9,11,1421.5900000000001,17.33646341463415,4.0,7.0,39.550000000000004,0.027820961036585795,118.46583333333335,Bags,344.0,United Kingdom,763,0.9166666666666666,280,1421.5900000000001,11,1,0,1,0,3,0,0
17064,59,3,855.45,14.02377049180328,0.0,0.0,0.0,0.0,71.28750000000001,Kitchen,285.85,United Kingdom,316,0.25,268,855.45,3,0,0,6,0,3,0,0
17068,12,22,4531.34,15.257037037037037,1.0,10.0,20.8,0.0045902536556515295,377.6116666666667,Bags,1951.32,United Kingdom,2154,1.8333333333333333,355,4531.34,22,1,1,1,3,0,0,3
17069,28,13,2655.2200000000003,17.241688311688314,4.0,24.0,54.480000000000004,0.02051807383192353,221.26833333333335,Kitchen,571.59,United Kingdom,1482,1.0833333333333333,345,2655.2200000000003,13,1,1,6,3,3,0,3
17070,114,1,304.24,4.9070967741935485,0.0,0.0,0.0,0.0,25.353333333333335,Other,108.37,United Kingdom,131,0.08333333333333333,0,304.24,1,0,0,7,0,3,0,0
17071,9,14,2385.48,16.118108108108107,5.0,15.0,43.55,0.01825628385062964,198.79,Home Decor,767.22,United Kingdom,1182,1.1666666666666667,301,2385.48,14,1,1,5,0,3,0,0
17073,18,4,1446.09,8.310862068965516,0.0,0.0,0.0,0.0,120.5075,Storage,309.4,United Kingdom,759,0.3333333333333333,91,1446.09,4,0,0,10,0,3,0,0
17075,18,5,813.77,10.172125,1.0,3.0,20.35,0.025007065878565198,67.81416666666667,Crockery,176.5,United Kingdom,289,0.4166666666666667,299,813.77,5,0,0,2,0,3,0,0
17076,36,3,841.0799999999999,33.6432,0.0,0.0,0.0,0.0,70.08999999999999,Kitchen,314.82,United Kingdom,295,0.25,328,841.0799999999999,3,0,0,6,0,3,0,0
17078,36,2,378.2,13.507142857142856,0.0,0.0,0.0,0.0,31.516666666666666,Kitchen,227.34,United Kingdom,788,0.16666666666666666,0,378.2,2,0,0,6,0,3,0,0
17079,78,1,118.80000000000001,59.400000000000006,0.0,0.0,0.0,0.0,9.9,Kitchen,59.400000000000006,United Kingdom,24,0.08333333333333333,0,118.80000000000001,1,0,0,6,0,3,0,0
17080,22,3,285.5,31.72222222222222,1.0,2.0,2.12,0.007425569176882662,23.791666666666668,Home Decor,146.39999999999998,United Kingdom,164,0.25,247,285.5,3,0,0,5,0,3,0,0
17081,25,2,288.91,4.585873015873016,0.0,0.0,0.0,0.0,24.075833333333335,Storage,80.05,United Kingdom,77,0.16666666666666666,20,288.91,2,0,0,10,0,3,0,0
17082,33,2,2003.85,24.738888888888887,0.0,0.0,0.0,0.0,166.98749999999998,Stationery,457.34,United Kingdom,1049,0.16666666666666666,285,2003.85,2,0,0,9,0,3,0,0
17083,109,3,1405.78,27.034230769230767,0.0,0.0,0.0,0.0,117.14833333333333,Kitchen,519.3000000000001,United Kingdom,772,0.25,194,1405.78,3,0,0,6,0,3,0,0
17084,35,2,2747.9900000000002,18.44288590604027,0.0,0.0,0.0,0.0,228.9991666666667,Kitchen,824.14,United Kingdom,1702,0.16666666666666666,0,2747.9900000000002,2,0,0,6,0,3,0,0
17085,123,6,1550.8,8.248936170212765,1.0,2.0,11.6,0.00748001031725561,129.23333333333332,Home Decor,571.3100000000001,United Kingdom,783,0.5,239,1550.8,6,0,0,5,0,3,0,0
17086,7,6,2050.08,21.355,0.0,0.0,0.0,0.0,170.84,Kitchen,504.06,United Kingdom,1859,0.5,56,2050.08,6,0,0,6,0,3,0,0
17088,28,4,1991.01,17.313130434782607,0.0,0.0,0.0,0.0,165.9175,Kitchen,554.5,United Kingdom,868,0.3333333333333333,225,1991.01,4,0,0,6,0,3,0,0
17090,4,8,1972.55,31.815322580645162,1.0,1.0,2.1,0.0010646117969126258,164.37916666666666,Crockery,615.6,United Kingdom,902,0.6666666666666666,349,1972.55,8,0,0,2,0,3,0,0
17091,3,10,3802.81,19.20611111111111,1.0,3.0,24.95,0.006560937832813104,316.9008333333333,Bags,1003.75,United Kingdom,1743,0.8333333333333334,365,3802.81,10,0,0,1,3,3,0,3
17092,50,4,1774.03,14.306693548387097,0.0,0.0,0.0,0.0,147.83583333333334,Home Decor,318.66,United Kingdom,1130,0.3333333333333333,227,1774.03,4,0,0,5,0,3,0,0
17094,318,2,270.20000000000005,18.013333333333335,1.0,4.0,31.8,0.11769059955588451,22.51666666666667,Kitchen,179.4,United Kingdom,148,0.16666666666666666,4,270.20000000000005,2,0,0,6,2,2,0,2
17095,22,6,1088.2,14.132467532467533,3.0,5.0,235.95999999999998,0.21683514059915454,90.68333333333334,Kitchen,283.95,United Kingdom,613,0.5,312,1088.2,6,0,0,6,2,2,6,2
17096,9,7,992.68,19.09,3.0,7.0,29.449999999999996,0.029667163637828904,82.72333333333333,Home Decor,372.15999999999997,United Kingdom,332,0.5833333333333334,252,992.68,7,0,0,5,0,3,0,0
17097,2,9,937.92,4.403380281690141,1.0,2.0,16.5,0.017592118730808598,78.16,Home Decor,213.35,Spain,457,0.75,363,937.92,9,0,0,5,0,3,0,0
17100,18,2,971.74,14.949846153846154,0.0,0.0,0.0,0.0,80.97833333333334,Other,240.04,United Kingdom,800,0.16666666666666666,0,971.74,2,0,0,7,0,3,0,0
17101,10,4,1621.73,38.61261904761905,0.0,0.0,0.0,0.0,135.14416666666668,Storage,399.90000000000003,United Kingdom,815,0.3333333333333333,167,1621.73,4,0,0,10,0,3,0,0
17102,262,1,25.5,25.5,0.0,0.0,0.0,0.0,2.125,Kitchen,25.5,United Kingdom,2,0.08333333333333333,0,25.5,1,0,0,6,0,3,0,0
17105,159,2,665.78,7.397555555555555,0.0,0.0,0.0,0.0,55.48166666666666,Home Decor,346.88,United Kingdom,693,0.16666666666666666,147,665.78,2,0,0,5,0,3,0,0
17107,33,7,10362.48,24.73145584725537,1.0,300.0,435.0,0.04197836811265257,863.54,Textiles,3059.0,United Kingdom,4526,0.5833333333333334,245,10362.48,7,0,0,11,3,0,-1,3
17109,29,8,865.9300000000001,7.216083333333334,2.0,16.0,15.36,0.017738154354278057,72.16083333333334,Home Decor,279.39,United Kingdom,572,0.6666666666666666,203,865.9300000000001,8,0,0,5,0,3,0,0
17110,165,1,163.29999999999998,13.608333333333333,0.0,0.0,0.0,0.0,13.608333333333333,Kitchen,117.44999999999999,United Kingdom,50,0.08333333333333333,0,163.29999999999998,1,0,0,6,0,3,0,0
17111,47,1,231.61,7.986551724137931,0.0,0.0,0.0,0.0,19.300833333333333,Bags,74.6,United Kingdom,282,0.08333333333333333,0,231.61,1,0,0,1,0,3,0,0
17114,6,10,739.72,5.646717557251908,2.0,9.0,61.4,0.08300438003568918,61.64333333333334,Home Decor,355.27,United Kingdom,206,0.8333333333333334,329,739.72,10,0,0,5,2,2,0,2
17115,8,5,806.9,18.765116279069765,2.0,4.0,30.599999999999998,0.03792291485933821,67.24166666666666,Bags,195.1,United Kingdom,368,0.4166666666666667,224,806.9,5,0,0,1,0,3,0,0
17117,288,1,116.19999999999999,12.91111111111111,0.0,0.0,0.0,0.0,9.683333333333332,Home Decor,62.75,United Kingdom,68,0.08333333333333333,0,116.19999999999999,1,0,0,5,0,3,0,0
17118,318,1,157.02,15.702000000000002,0.0,0.0,0.0,0.0,13.085,Kitchen,62.7,United Kingdom,154,0.08333333333333333,0,157.02,1,0,0,6,0,3,0,0
17119,3,3,593.61,15.621315789473684,1.0,7.0,13.3,0.02240528292986978,49.4675,Home Decor,221.28,United Kingdom,327,0.25,56,593.61,3,0,0,5,0,3,0,0
17120,233,1,307.46,17.08111111111111,0.0,0.0,0.0,0.0,25.621666666666666,Home Decor,75.0,United Kingdom,120,0.08333333333333333,0,307.46,1,0,0,5,0,3,0,0
17122,119,1,138.32,19.759999999999998,0.0,0.0,0.0,0.0,11.526666666666666,Home Decor,138.32,United Kingdom,80,0.08333333333333333,0,138.32,1,0,0,5,0,3,0,0
17123,162,1,345.29999999999995,38.36666666666666,0.0,0.0,0.0,0.0,28.774999999999995,Home Decor,210.6,United Kingdom,246,0.08333333333333333,0,345.29999999999995,1,0,0,5,0,3,0,0
17124,185,1,294.24,9.491612903225807,0.0,0.0,0.0,0.0,24.52,Home Decor,120.35,United Kingdom,129,0.08333333333333333,0,294.24,1,0,0,5,0,3,0,0
17125,50,1,230.5,6.585714285714285,0.0,0.0,0.0,0.0,19.208333333333332,Crockery,51.3,United Kingdom,281,0.08333333333333333,0,230.5,1,0,0,2,0,3,0,0
17126,152,7,976.55,3.9061999999999997,2.0,2.0,12.899999999999999,0.013209769085044287,81.37916666666666,Home Decor,230.69,United Kingdom,778,0.5833333333333334,210,976.55,7,0,0,5,0,3,0,0
17128,335,1,157.09,11.220714285714285,0.0,0.0,0.0,0.0,13.090833333333334,Other,84.34,United Kingdom,76,0.08333333333333333,0,157.09,1,0,0,7,0,3,0,0
17131,5,5,2463.17,18.38186567164179,0.0,0.0,0.0,0.0,205.26416666666668,Home Decor,993.0500000000001,United Kingdom,983,0.4166666666666667,70,2463.17,5,0,0,5,0,3,0,0
17133,16,7,4892.240000000001,181.1940740740741,0.0,0.0,0.0,0.0,407.6866666666667,Electronics,2161.2000000000003,United Kingdom,2730,0.5833333333333334,250,4892.240000000001,7,0,0,3,3,0,-1,3
17134,107,2,413.2,17.965217391304346,0.0,0.0,0.0,0.0,34.43333333333333,Home Decor,168.8,United Kingdom,98,0.16666666666666666,157,413.2,2,0,0,5,0,3,0,0
17135,16,7,1139.73,21.917884615384615,0.0,0.0,0.0,0.0,94.9775,Home Decor,274.84,United Kingdom,1224,0.5833333333333334,355,1139.73,7,0,0,5,0,3,0,0
17138,276,1,380.5,15.854166666666666,0.0,0.0,0.0,0.0,31.708333333333332,Kitchen,110.85,United Kingdom,126,0.08333333333333333,0,380.5,1,0,0,6,0,3,0,0
17139,16,15,10567.87,21.744588477366257,3.0,19.0,82.89999999999999,0.007844532531153392,880.6558333333334,Home Decor,2554.9,United Kingdom,5157,1.25,273,10567.87,15,1,1,5,3,0,0,3
17140,247,1,454.12,25.22888888888889,0.0,0.0,0.0,0.0,37.843333333333334,Crockery,208.65,United Kingdom,296,0.08333333333333333,0,454.12,1,0,0,2,0,3,0,0
17142,239,1,579.0,38.6,0.0,0.0,0.0,0.0,48.25,Other,241.8,United Kingdom,81,0.08333333333333333,0,579.0,1,0,0,7,0,3,0,0
17144,1,2,984.57,20.511875,0.0,0.0,0.0,0.0,82.0475,Kitchen,243.20000000000002,United Kingdom,483,0.16666666666666666,83,984.57,2,0,0,6,0,3,0,0
17146,106,3,749.78,21.422285714285714,0.0,0.0,0.0,0.0,62.48166666666666,Other,260.15,United Kingdom,212,0.25,253,749.78,3,0,0,7,0,3,0,0
17147,23,6,1679.64,19.760470588235297,2.0,4.0,34.95,0.020808030292205473,139.97,Kitchen,572.6,United Kingdom,878,0.5,289,1679.64,6,0,0,6,0,3,0,0
17148,52,1,124.88,13.875555555555556,0.0,0.0,0.0,0.0,10.406666666666666,Home Decor,57.28,United Kingdom,82,0.08333333333333333,0,124.88,1,0,0,5,0,3,0,0
17152,195,4,1503.5,93.96875,1.0,40.0,186.0,0.12371134020618557,125.29166666666667,Storage,1246.1,United Kingdom,477,0.3333333333333333,68,1503.5,4,0,0,10,2,2,-1,2
17153,24,1,213.78,15.27,0.0,0.0,0.0,0.0,17.815,Kitchen,61.55,United Kingdom,104,0.08333333333333333,0,213.78,1,0,0,6,0,3,0,0
17154,75,1,329.34,14.319130434782608,0.0,0.0,0.0,0.0,27.444999999999997,Home Decor,272.22,United Kingdom,490,0.08333333333333333,0,329.34,1,0,0,5,0,3,0,0
17155,18,2,251.70000000000002,12.585,0.0,0.0,0.0,0.0,20.975,Home Decor,157.25,United Kingdom,242,0.16666666666666666,160,251.70000000000002,2,0,0,5,0,3,0,0
17157,8,3,306.55,20.436666666666667,1.0,3.0,12.450000000000001,0.04061327679008318,25.545833333333334,Home Decor,136.44,United Kingdom,169,0.25,168,306.55,3,0,0,5,0,3,0,0
17158,32,3,1266.97,18.91,0.0,0.0,0.0,0.0,105.58083333333333,Other,342.17,United Kingdom,778,0.25,328,1266.97,3,0,0,7,0,3,0,0
17159,22,4,1534.73,15.046372549019608,1.0,1.0,4.15,0.002704058694363178,127.89416666666666,Kitchen,329.74,United Kingdom,1110,0.3333333333333333,150,1534.73,4,0,0,6,0,3,0,0
17160,31,6,3518.03,15.362576419213974,0.0,0.0,0.0,0.0,293.1691666666667,Bags,1219.8,United Kingdom,2856,0.5,210,3518.03,6,0,0,1,0,3,0,0
17162,29,11,1707.21,16.25914285714286,1.0,1.0,8.25,0.004832445920537017,142.2675,Home Decor,663.33,United Kingdom,1000,0.9166666666666666,276,1707.21,11,1,0,5,0,3,0,0
17163,22,2,293.1,58.620000000000005,0.0,0.0,0.0,0.0,24.425,Storage,131.7,United Kingdom,66,0.16666666666666666,56,293.1,2,0,0,10,0,3,0,0
17164,33,8,2466.4,17.009655172413794,1.0,1.0,0.95,0.00038517677586766134,205.53333333333333,Kitchen,876.49,United Kingdom,1500,0.6666666666666666,240,2466.4,8,0,0,6,0,3,0,0
17165,284,1,158.68,15.868,0.0,0.0,0.0,0.0,13.223333333333334,Home Decor,80.08,United Kingdom,100,0.08333333333333333,0,158.68,1,0,0,5,0,3,0,0
17166,39,3,189.49,13.535,1.0,3.0,16.85,0.08892289830597921,15.790833333333333,Electronics,123.75,United Kingdom,75,0.25,165,189.49,3,0,0,3,2,3,0,2
17169,50,4,816.88,13.614666666666666,2.0,7.0,18.900000000000002,0.02313681324062286,68.07333333333334,Home Decor,258.02,United Kingdom,519,0.3333333333333333,133,816.88,4,0,0,5,0,3,0,0
17171,289,1,224.91,14.056875,0.0,0.0,0.0,0.0,18.7425,Home Decor,101.1,United Kingdom,185,0.08333333333333333,0,224.91,1,0,0,5,0,3,0,0
17172,75,2,313.26,19.57875,1.0,1.0,4.5,0.014365064163953266,26.105,Home Decor,154.44,United Kingdom,479,0.16666666666666666,4,313.26,2,0,0,5,0,3,0,0
17173,5,9,3755.65,43.1683908045977,1.0,1.0,10.95,0.0029156071518911504,312.97083333333336,Kitchen,1588.44,United Kingdom,1121,0.75,125,3755.65,9,0,0,6,3,3,0,3
17174,218,1,59.9,14.975,0.0,0.0,0.0,0.0,4.991666666666666,Bags,19.5,United Kingdom,41,0.08333333333333333,0,59.9,1,0,0,1,0,3,0,0
17175,44,5,1430.94,22.3584375,1.0,1.0,12.75,0.008910226843892826,119.245,Home Decor,725.35,United Kingdom,865,0.4166666666666667,252,1430.94,5,0,0,5,0,3,0,0
17176,202,1,306.13,20.408666666666665,0.0,0.0,0.0,0.0,25.510833333333334,Home Decor,118.85,United Kingdom,170,0.08333333333333333,0,306.13,1,0,0,5,0,3,0,0
17179,178,3,711.79,8.897375,0.0,0.0,0.0,0.0,59.31583333333333,Toys,190.9,United Kingdom,290,0.25,183,711.79,3,0,0,12,0,3,0,0
17180,56,6,768.32,6.0025,2.0,3.0,15.649999999999999,0.020369117034568927,64.02666666666667,Kitchen,356.36,United Kingdom,667,0.5,259,768.32,6,0,0,6,0,3,0,0
17181,57,2,239.92000000000002,10.431304347826087,0.0,0.0,0.0,0.0,19.993333333333336,Electronics,79.2,United Kingdom,241,0.16666666666666666,316,239.92000000000002,2,0,0,3,0,3,0,0
17183,8,8,3286.9100000000003,43.24881578947369,2.0,32.0,60.400000000000006,0.01837592145814762,273.9091666666667,Storage,1489.26,United Kingdom,1264,0.6666666666666666,97,3286.9100000000003,8,0,0,10,3,3,0,3
17186,47,2,144.0,72.0,0.0,0.0,0.0,0.0,12.0,Home Decor,144.0,United Kingdom,200,0.16666666666666666,13,144.0,2,0,0,5,0,3,0,0
17187,227,1,203.95,20.395,0.0,0.0,0.0,0.0,16.995833333333334,Other,102.0,United Kingdom,144,0.08333333333333333,0,203.95,1,0,0,7,0,3,0,0
17188,11,9,2275.58,25.568314606741573,2.0,27.0,198.64999999999998,0.0872964255266789,189.63166666666666,Kitchen,566.48,United Kingdom,1301,0.75,351,2275.58,9,0,0,6,2,2,0,2
17189,106,2,383.75,6.395833333333333,0.0,0.0,0.0,0.0,31.979166666666668,Kitchen,169.14000000000001,United Kingdom,226,0.16666666666666666,253,383.75,2,0,0,6,0,3,0,0
17191,28,7,2093.68,8.871525423728812,0.0,0.0,0.0,0.0,174.47333333333333,Other,429.06,United Kingdom,1166,0.5833333333333334,340,2093.68,7,0,0,7,0,3,0,0
17193,36,9,1674.46,47.84171428571429,2.0,16.0,24.84,0.014834633254900087,139.53833333333333,Storage,783.76,United Kingdom,1238,0.75,141,1674.46,9,0,0,10,3,3,0,3
17194,274,2,262.62,9.055862068965517,0.0,0.0,0.0,0.0,21.885,Stationery,125.45,United Kingdom,119,0.16666666666666666,86,262.62,2,0,0,9,0,3,0,0
17197,30,1,1013.01,34.93137931034483,0.0,0.0,0.0,0.0,84.4175,Kitchen,343.6,United Kingdom,191,0.08333333333333333,0,1013.01,1,0,0,6,0,3,0,0
17198,24,3,692.22,7.210625,0.0,0.0,0.0,0.0,57.685,Other,201.84,United Kingdom,357,0.25,347,692.22,3,0,0,7,0,3,0,0
17201,54,1,289.78,7.62578947368421,0.0,0.0,0.0,0.0,24.14833333333333,Home Decor,95.25999999999999,United Kingdom,231,0.08333333333333333,0,289.78,1,0,0,5,0,3,0,0
17203,36,6,3560.08,24.054594594594594,0.0,0.0,0.0,0.0,296.67333333333335,Home Decor,797.88,United Kingdom,2846,0.5,24,3560.08,6,0,0,5,0,3,0,0
17204,169,9,1352.91,20.19268656716418,5.0,57.0,211.65,0.15644056145641616,112.7425,Kitchen,397.15000000000003,United Kingdom,589,0.75,185,1352.91,9,0,0,6,2,2,0,2
17205,54,1,384.08,29.544615384615383,0.0,0.0,0.0,0.0,32.00666666666667,Stationery,287.88,United Kingdom,884,0.08333333333333333,0,384.08,1,0,0,9,0,3,0,0
17206,53,1,204.24,29.177142857142858,0.0,0.0,0.0,0.0,17.02,Other,189.24,United Kingdom,76,0.08333333333333333,0,204.24,1,0,0,7,0,3,0,0
17211,27,9,2299.67,10.796572769953052,1.0,13.0,17.55,0.007631529741223741,191.63916666666668,Home Decor,483.32,United Kingdom,1310,0.75,342,2299.67,9,0,0,5,0,3,0,0
17212,253,1,226.85,56.7125,0.0,0.0,0.0,0.0,18.904166666666665,Crockery,162.89999999999998,United Kingdom,147,0.08333333333333333,0,226.85,1,0,0,2,0,3,0,0
17213,40,11,2741.08,16.71390243902439,4.0,9.0,40.15,0.014647511199964977,228.42333333333332,Home Decor,680.9000000000001,United Kingdom,1167,0.9166666666666666,326,2741.08,11,1,0,5,0,3,0,0
17214,60,7,974.12,9.550196078431373,1.0,1.0,85.0,0.08725824333757648,81.17666666666666,Home Decor,404.45,United Kingdom,271,0.5833333333333334,298,974.12,7,0,0,5,2,2,0,2
17217,234,1,113.5,12.61111111111111,0.0,0.0,0.0,0.0,9.458333333333334,Storage,65.45,United Kingdom,24,0.08333333333333333,0,113.5,1,0,0,10,0,3,0,0
17218,4,10,1951.97,7.202841328413284,0.0,0.0,0.0,0.0,162.66416666666666,Electronics,510.27,United Kingdom,955,0.8333333333333334,363,1951.97,10,0,0,3,0,3,0,0
17219,32,1,114.23,4.5692,0.0,0.0,0.0,0.0,9.519166666666667,Electronics,41.55,United Kingdom,89,0.08333333333333333,0,114.23,1,0,0,3,0,3,0,0
17220,24,14,3187.55,6.8255888650963605,0.0,0.0,0.0,0.0,265.62916666666666,Kitchen,777.02,United Kingdom,1897,1.1666666666666667,339,3187.55,14,1,1,6,0,3,0,0
17221,7,2,334.48,5.39483870967742,0.0,0.0,0.0,0.0,27.873333333333335,Crockery,83.0,United Kingdom,287,0.16666666666666666,28,334.48,2,0,0,2,0,3,0,0
17222,65,1,328.65,12.17222222222222,0.0,0.0,0.0,0.0,27.3875,Home Decor,158.52,United Kingdom,122,0.08333333333333333,0,328.65,1,0,0,5,0,3,0,0
17223,310,2,416.89,8.685208333333334,0.0,0.0,0.0,0.0,34.740833333333335,Other,126.55,United Kingdom,110,0.16666666666666666,58,416.89,2,0,0,7,0,3,0,0
17226,309,1,393.49,18.73761904761905,0.0,0.0,0.0,0.0,32.79083333333333,Kitchen,133.2,United Kingdom,406,0.08333333333333333,0,393.49,1,0,0,6,0,3,0,0
17227,19,6,939.32,19.985531914893617,0.0,0.0,0.0,0.0,78.27666666666667,Kitchen,703.6,United Kingdom,741,0.5,349,939.32,6,0,0,6,0,3,0,0
17228,16,8,1906.09,9.16389423076923,0.0,0.0,0.0,0.0,158.84083333333334,Other,526.41,United Kingdom,1532,0.6666666666666666,356,1906.09,8,0,0,7,0,3,0,0
17229,96,2,318.76,6.782127659574468,0.0,0.0,0.0,0.0,26.563333333333333,Bags,163.32,United Kingdom,185,0.16666666666666666,46,318.76,2,0,0,1,0,3,0,0
17230,264,11,3466.67,47.4886301369863,3.0,98.0,171.74,0.049540336980445215,288.88916666666665,Kitchen,1242.9,United Kingdom,1553,0.9166666666666666,95,3466.67,11,1,0,6,3,3,-1,3
17231,12,14,3078.22,5.74294776119403,4.0,6.0,46.5,0.015106132765039536,256.5183333333333,Other,994.65,United Kingdom,1718,1.1666666666666667,349,3078.22,14,1,1,7,0,3,0,0
17232,3,2,417.77,11.936285714285713,0.0,0.0,0.0,0.0,34.814166666666665,Storage,90.85000000000001,United Kingdom,202,0.16666666666666666,11,417.77,2,0,0,10,0,3,0,0
17233,35,1,190.88,7.6352,0.0,0.0,0.0,0.0,15.906666666666666,Home Decor,71.82,United Kingdom,131,0.08333333333333333,0,190.88,1,0,0,5,0,3,0,0
17234,183,1,149.89000000000001,10.706428571428573,0.0,0.0,0.0,0.0,12.490833333333335,Stationery,45.989999999999995,United Kingdom,55,0.08333333333333333,0,149.89000000000001,1,0,0,9,0,3,0,0
17235,25,2,550.06,18.96758620689655,0.0,0.0,0.0,0.0,45.83833333333333,Other,131.29999999999998,United Kingdom,224,0.16666666666666666,347,550.06,2,0,0,7,0,3,0,0
17236,13,6,916.13,8.725047619047618,0.0,0.0,0.0,0.0,76.34416666666667,Home Decor,392.82,United Kingdom,474,0.5,350,916.13,6,0,0,5,0,3,0,0
17237,11,2,314.69,16.562631578947368,0.0,0.0,0.0,0.0,26.224166666666665,Home Decor,102.45,United Kingdom,105,0.16666666666666666,11,314.69,2,0,0,5,0,3,0,0
17238,3,17,3719.1,6.701081081081081,0.0,0.0,0.0,0.0,309.925,Other,521.22,United Kingdom,1807,1.4166666666666667,368,3719.1,17,1,1,7,3,3,0,3
17239,313,2,379.95,23.746875,1.0,1.0,2.55,0.006711409395973154,31.662499999999998,Home Decor,252.0,United Kingdom,149,0.16666666666666666,39,379.95,2,0,0,5,0,3,0,0
17242,108,2,1135.04,28.375999999999998,0.0,0.0,0.0,0.0,94.58666666666666,Toys,398.40000000000003,United Kingdom,611,0.16666666666666666,72,1135.04,2,0,0,12,0,3,0,0
17243,1,30,8491.75,21.55266497461929,4.0,8.0,48.3,0.005687873524303,707.6458333333334,Home Decor,2596.48,United Kingdom,3312,2.5,368,8491.75,30,1,1,5,3,0,-1,3
17244,53,1,954.9,30.80322580645161,0.0,0.0,0.0,0.0,79.575,Home Decor,306.9,United Kingdom,616,0.08333333333333333,0,954.9,1,0,0,5,0,3,0,0
17245,205,1,171.45,19.049999999999997,0.0,0.0,0.0,0.0,14.2875,Home Decor,55.65,United Kingdom,75,0.08333333333333333,0,171.45,1,0,0,5,0,3,0,0
17247,15,1,280.09000000000003,5.186851851851852,0.0,0.0,0.0,0.0,23.340833333333336,Other,64.21,United Kingdom,105,0.08333333333333333,0,280.09000000000003,1,0,0,7,0,3,0,0
17248,120,1,318.65,4.618115942028985,0.0,0.0,0.0,0.0,26.554166666666664,Other,121.77000000000001,United Kingdom,213,0.08333333333333333,0,318.65,1,0,0,7,0,3,0,0
17250,4,2,381.97,6.820892857142858,0.0,0.0,0.0,0.0,31.830833333333334,Home Decor,74.64,United Kingdom,167,0.16666666666666666,257,381.97,2,0,0,5,0,3,0,0
17251,363,1,269.83,7.2927027027027025,0.0,0.0,0.0,0.0,22.485833333333332,Other,74.88,United Kingdom,108,0.08333333333333333,0,269.83,1,0,0,7,0,3,0,0
17252,117,2,348.91,4.057093023255814,0.0,0.0,0.0,0.0,29.075833333333335,Other,87.43,United Kingdom,192,0.16666666666666666,69,348.91,2,0,0,7,0,3,0,0
17253,18,1,178.26,9.903333333333332,0.0,0.0,0.0,0.0,14.854999999999999,Home Decor,51.66,United Kingdom,43,0.08333333333333333,0,178.26,1,0,0,5,0,3,0,0
17254,5,2,271.19,2.443153153153153,0.0,0.0,0.0,0.0,22.599166666666665,Other,69.12,United Kingdom,251,0.16666666666666666,10,271.19,2,0,0,7,0,3,0,0
17255,41,2,291.48,3.9389189189189193,0.0,0.0,0.0,0.0,24.290000000000003,Home Decor,93.64999999999999,United Kingdom,227,0.16666666666666666,258,291.48,2,0,0,5,0,3,0,0
17256,107,2,240.0,15.0,0.0,0.0,0.0,0.0,20.0,Other,191.9,United Kingdom,141,0.16666666666666666,204,240.0,2,0,0,7,0,3,0,0
17259,148,2,581.23,5.010603448275862,0.0,0.0,0.0,0.0,48.435833333333335,Electronics,106.33,United Kingdom,388,0.16666666666666666,220,581.23,2,0,0,3,0,3,0,0
17262,52,5,1253.3600000000001,104.44666666666667,0.0,0.0,0.0,0.0,104.44666666666667,Storage,607.45,United Kingdom,367,0.4166666666666667,313,1253.3600000000001,5,0,0,10,3,3,0,3
17263,208,1,63.440000000000005,2.7582608695652175,0.0,0.0,0.0,0.0,5.286666666666667,Electronics,23.05,United Kingdom,36,0.08333333333333333,0,63.440000000000005,1,0,0,3,0,3,0,0
17265,139,2,550.01,4.50827868852459,0.0,0.0,0.0,0.0,45.83416666666667,Kitchen,119.82000000000001,United Kingdom,389,0.16666666666666666,41,550.01,2,0,0,6,0,3,0,0
17266,2,3,296.58,4.062739726027397,0.0,0.0,0.0,0.0,24.715,Home Decor,96.42999999999999,United Kingdom,153,0.25,145,296.58,3,0,0,5,0,3,0,0
17267,127,2,317.2,8.572972972972973,0.0,0.0,0.0,0.0,26.433333333333334,Electronics,95.25,United Kingdom,158,0.16666666666666666,0,317.2,2,0,0,3,0,3,0,0
17268,108,4,763.64,127.27333333333333,0.0,0.0,0.0,0.0,63.63666666666666,Electronics,596.0,United Kingdom,844,0.3333333333333333,137,763.64,4,0,0,3,3,3,0,3
17272,42,5,2144.53,18.4873275862069,1.0,2.0,4.1,0.0019118408229308983,178.71083333333334,Stationery,639.91,United Kingdom,1776,0.4166666666666667,220,2144.53,5,0,0,9,0,3,0,0
17274,35,1,107.82,4.312799999999999,0.0,0.0,0.0,0.0,8.985,Home Decor,36.44,United Kingdom,77,0.08333333333333333,0,107.82,1,0,0,5,0,3,0,0
17277,228,2,1065.3500000000001,15.43985507246377,0.0,0.0,0.0,0.0,88.77916666666668,Other,314.81,United Kingdom,430,0.16666666666666666,95,1065.3500000000001,2,0,0,7,0,3,0,0
17278,241,1,246.04,16.402666666666665,0.0,0.0,0.0,0.0,20.503333333333334,Other,117.58,United Kingdom,179,0.08333333333333333,0,246.04,1,0,0,7,0,3,0,0
17279,58,1,187.82999999999998,20.869999999999997,0.0,0.0,0.0,0.0,15.652499999999998,Home Decor,84.05,United Kingdom,48,0.08333333333333333,0,187.82999999999998,1,0,0,5,0,3,0,0
17282,130,3,1685.46,18.937752808988765,0.0,0.0,0.0,0.0,140.455,Other,583.8299999999999,United Kingdom,1866,0.25,169,1685.46,3,0,0,7,0,3,0,0
17284,60,7,1636.58,5.585597269624573,1.0,2.0,10.9,0.0066602304806364495,136.38166666666666,Other,455.12,United Kingdom,1360,0.5833333333333334,276,1636.58,7,0,0,7,0,3,0,0
17286,22,1,151.37,3.440227272727273,0.0,0.0,0.0,0.0,12.614166666666668,Stationery,29.89,United Kingdom,117,0.08333333333333333,0,151.37,1,0,0,9,0,3,0,0
17287,26,7,1049.06,8.598852459016394,0.0,0.0,0.0,0.0,87.42166666666667,Home Decor,316.45,United Kingdom,556,0.5833333333333334,346,1049.06,7,0,0,5,0,3,0,0
17288,9,7,1417.63,10.125928571428572,0.0,0.0,0.0,0.0,118.13583333333334,Other,342.21999999999997,United Kingdom,1201,0.5833333333333334,349,1417.63,7,0,0,7,0,3,0,0
17289,32,4,922.77,8.788285714285713,1.0,1.0,8.25,0.008940472707175136,76.8975,Home Decor,345.15999999999997,United Kingdom,512,0.3333333333333333,148,922.77,4,0,0,5,0,3,0,0
17290,4,2,513.01,5.343854166666667,0.0,0.0,0.0,0.0,42.75083333333333,Other,139.5,United Kingdom,397,0.16666666666666666,12,513.01,2,0,0,7,0,3,0,0
17293,8,9,1854.06,14.04590909090909,0.0,0.0,0.0,0.0,154.505,Home Decor,604.65,United Kingdom,1135,0.75,352,1854.06,9,0,0,5,0,3,0,0
17295,29,3,547.0,8.044117647058824,0.0,0.0,0.0,0.0,45.583333333333336,Stationery,122.52000000000001,United Kingdom,293,0.25,35,547.0,3,0,0,9,0,3,0,0
17297,17,1,128.18,2.615918367346939,0.0,0.0,0.0,0.0,10.681666666666667,Storage,23.490000000000002,United Kingdom,65,0.08333333333333333,0,128.18,1,0,0,10,0,3,0,0
17298,101,2,498.42,16.614,0.0,0.0,0.0,0.0,41.535000000000004,Bags,194.51999999999998,United Kingdom,387,0.16666666666666666,23,498.42,2,0,0,1,0,3,0,0
17299,12,4,656.61,11.938363636363636,0.0,0.0,0.0,0.0,54.7175,Stationery,172.65,United Kingdom,668,0.3333333333333333,161,656.61,4,0,0,9,0,3,0,0
17301,21,1,163.24,2.7667796610169493,0.0,0.0,0.0,0.0,13.603333333333333,Home Decor,45.87,United Kingdom,137,0.08333333333333333,0,163.24,1,0,0,5,0,3,0,0
17302,15,6,1119.93,13.826296296296297,1.0,2.0,15.7,0.014018733313689247,93.3275,Home Decor,472.1,United Kingdom,573,0.5,290,1119.93,6,0,0,5,0,3,0,0
17303,361,1,250.04,4.717735849056604,0.0,0.0,0.0,0.0,20.836666666666666,Home Decor,92.75,United Kingdom,144,0.08333333333333333,0,250.04,1,0,0,5,0,3,0,0
17309,95,1,82.75,6.895833333333333,0.0,0.0,0.0,0.0,6.895833333333333,Other,28.900000000000002,United Kingdom,41,0.08333333333333333,0,82.75,1,0,0,7,0,3,0,0
17311,78,2,1384.85,25.179090909090906,0.0,0.0,0.0,0.0,115.40416666666665,Other,603.37,United Kingdom,1005,0.16666666666666666,238,1384.85,2,0,0,7,0,3,0,0
17312,139,3,644.3,46.021428571428565,0.0,0.0,0.0,0.0,53.69166666666666,Kitchen,542.7,United Kingdom,372,0.25,20,644.3,3,0,0,6,0,3,0,0
17313,18,2,2288.13,81.71892857142858,1.0,20.0,40.71,0.017791821268896436,190.6775,Storage,562.2,United Kingdom,1382,0.16666666666666666,13,2288.13,2,0,0,10,3,3,-1,3
17314,25,11,2514.76,18.490882352941178,3.0,12.0,13.159999999999998,0.005233103755427952,209.56333333333336,Other,774.39,United Kingdom,1884,0.9166666666666666,287,2514.76,11,1,0,7,0,3,0,0
17317,46,5,2524.02,229.45636363636365,2.0,72.0,76.32000000000001,0.030237478308412773,210.335,Stationery,928.5,United Kingdom,1074,0.4166666666666667,43,2524.02,5,0,0,9,3,0,-1,3
17320,100,3,1200.6200000000001,16.446849315068494,0.0,0.0,0.0,0.0,100.05166666666668,Home Decor,522.92,United Kingdom,634,0.25,267,1200.6200000000001,3,0,0,5,0,3,0,0
17321,8,2,657.16,6.637979797979797,0.0,0.0,0.0,0.0,54.76333333333333,Other,275.27,United Kingdom,364,0.16666666666666666,59,657.16,2,0,0,7,0,3,0,0
17323,15,9,894.4399999999999,4.494673366834171,2.0,6.0,12.08,0.01350565717096731,74.53666666666666,Bags,221.65,United Kingdom,754,0.75,277,894.4399999999999,9,0,0,1,0,3,0,0
17324,18,4,986.48,20.132244897959183,0.0,0.0,0.0,0.0,82.20666666666666,Crockery,558.13,United Kingdom,843,0.3333333333333333,348,986.48,4,0,0,2,0,3,0,0
17325,280,1,96.8,16.133333333333333,0.0,0.0,0.0,0.0,8.066666666666666,Kitchen,36.3,United Kingdom,60,0.08333333333333333,0,96.8,1,0,0,6,0,3,0,0
17329,14,2,523.11,15.851818181818182,0.0,0.0,0.0,0.0,43.5925,Electronics,137.16,United Kingdom,142,0.16666666666666666,300,523.11,2,0,0,3,0,3,0,0
17330,23,2,363.9,60.65,0.0,0.0,0.0,0.0,30.325,Storage,158.4,United Kingdom,120,0.16666666666666666,44,363.9,2,0,0,10,0,3,0,0
17331,124,1,175.2,175.2,0.0,0.0,0.0,0.0,14.6,Kitchen,175.2,United Kingdom,16,0.08333333333333333,0,175.2,1,0,0,6,3,0,2,3
17333,86,1,494.25,17.651785714285715,0.0,0.0,0.0,0.0,41.1875,Storage,184.5,United Kingdom,375,0.08333333333333333,0,494.25,1,0,0,10,0,3,0,0
17334,301,3,306.6,25.55,1.0,1.0,0.42,0.00136986301369863,25.55,Stationery,151.8,United Kingdom,314,0.25,7,306.6,3,0,0,9,0,3,0,0
17337,151,7,1897.51,3.6074334600760456,3.0,29.0,83.55000000000001,0.044031388503881407,158.12583333333333,Kitchen,450.22,United Kingdom,1218,0.5833333333333334,158,1897.51,7,0,0,6,0,3,0,0
17338,17,10,6461.79,8.912813793103448,2.0,5.0,31.749999999999996,0.004913499200685878,538.4825,Home Decor,1662.09,United Kingdom,3054,0.8333333333333334,344,6461.79,10,0,0,5,3,0,0,3
17339,94,2,243.36,27.040000000000003,0.0,0.0,0.0,0.0,20.28,Kitchen,124.20000000000002,United Kingdom,152,0.16666666666666666,270,243.36,2,0,0,6,0,3,0,0
17340,9,16,11891.18,28.045235849056603,5.0,65.0,462.11,0.03886157639527785,990.9316666666667,Home Decor,3210.68,United Kingdom,5902,1.3333333333333333,357,11891.18,16,1,1,5,3,0,-1,3
17341,157,3,682.29,4.3457961783439485,0.0,0.0,0.0,0.0,56.857499999999995,Other,167.48,United Kingdom,443,0.25,209,682.29,3,0,0,7,0,3,0,0
17343,355,1,193.64,11.390588235294118,0.0,0.0,0.0,0.0,16.136666666666667,Home Decor,66.9,United Kingdom,56,0.08333333333333333,0,193.64,1,0,0,5,0,3,0,0
17344,46,1,157.62,5.0845161290322585,0.0,0.0,0.0,0.0,13.135,Electronics,58.97,United Kingdom,65,0.08333333333333333,0,157.62,1,0,0,3,0,3,0,0
17345,15,4,519.6899999999999,6.261325301204819,0.0,0.0,0.0,0.0,43.3075,Electronics,170.28,United Kingdom,341,0.3333333333333333,181,519.6899999999999,4,0,0,3,0,3,0,0
17347,86,1,228.96,228.96,0.0,0.0,0.0,0.0,19.080000000000002,Crockery,228.96,United Kingdom,216,0.08333333333333333,0,228.96,1,0,0,2,3,0,-1,3
17348,15,5,1156.6,5.430046948356807,0.0,0.0,0.0,0.0,96.38333333333333,Stationery,243.8,United Kingdom,1398,0.4166666666666667,283,1156.6,5,0,0,9,0,3,0,0
17349,179,1,98.25,12.28125,0.0,0.0,0.0,0.0,8.1875,Stationery,42.5,United Kingdom,102,0.08333333333333333,0,98.25,1,0,0,9,0,3,0,0
17350,8,5,1251.44,17.62591549295775,1.0,36.0,29.88,0.02387649427859106,104.28666666666668,Stationery,425.47,United Kingdom,734,0.4166666666666667,42,1251.44,5,0,0,9,0,3,0,0
17351,36,3,587.15,21.746296296296297,0.0,0.0,0.0,0.0,48.92916666666667,Textiles,462.6,United Kingdom,113,0.25,237,587.15,3,0,0,11,0,3,0,0
17353,129,2,1740.0,217.5,0.0,0.0,0.0,0.0,145.0,Home Decor,1305.0,United Kingdom,1200,0.16666666666666666,25,1740.0,2,0,0,5,3,0,-1,3
17354,51,1,1393.06,87.06625,0.0,0.0,0.0,0.0,116.08833333333332,Electronics,360.71999999999997,United Kingdom,1006,0.08333333333333333,0,1393.06,1,0,0,3,3,3,0,3
17356,312,1,178.22,9.38,0.0,0.0,0.0,0.0,14.851666666666667,Seasonal,57.75,United Kingdom,166,0.08333333333333333,0,178.22,1,0,0,8,0,3,0,0
17357,24,2,384.39,8.736136363636364,0.0,0.0,0.0,0.0,32.0325,Stationery,163.65,United Kingdom,152,0.16666666666666666,0,384.39,2,0,0,9,0,3,0,0
17358,303,2,360.81,6.220862068965517,0.0,0.0,0.0,0.0,30.0675,Kitchen,62.95,United Kingdom,190,0.16666666666666666,52,360.81,2,0,0,6,0,3,0,0
17359,11,1,127.86,8.524,0.0,0.0,0.0,0.0,10.655,Textiles,32.43000000000001,United Kingdom,161,0.08333333333333333,0,127.86,1,0,0,11,0,3,0,0
17360,17,3,568.24,4.54592,0.0,0.0,0.0,0.0,47.35333333333333,Other,109.09,United Kingdom,328,0.25,166,568.24,3,0,0,7,0,3,0,0
17361,49,3,488.2,16.834482758620688,0.0,0.0,0.0,0.0,40.68333333333333,Electronics,139.01,United Kingdom,157,0.25,242,488.2,3,0,0,3,0,3,0,0
17362,239,2,312.23,8.920857142857143,0.0,0.0,0.0,0.0,26.019166666666667,Home Decor,119.2,United Kingdom,191,0.16666666666666666,70,312.23,2,0,0,5,0,3,0,0
17364,1,12,4437.23,10.848973105134473,1.0,21.0,25.45,0.005735560248172847,369.76916666666665,Other,1109.59,United Kingdom,2671,1.0,330,4437.23,12,1,0,7,3,3,0,3
17365,13,8,4767.36,10.252387096774193,0.0,0.0,0.0,0.0,397.28,Stationery,1133.16,United Kingdom,4749,0.6666666666666666,320,4767.36,8,0,0,9,3,3,0,3
17367,238,1,167.55,5.077272727272728,0.0,0.0,0.0,0.0,13.9625,Home Decor,45.15,United Kingdom,149,0.08333333333333333,0,167.55,1,0,0,5,0,3,0,0
17368,23,9,1315.72,10.610645161290323,1.0,711.0,563.15,0.42801659927644176,109.64333333333333,Other,922.8000000000001,United Kingdom,666,0.75,314,1315.72,9,0,0,7,1,1,-1,1
17370,73,4,446.18,13.520606060606061,0.0,0.0,0.0,0.0,37.181666666666665,Other,171.96,United Kingdom,540,0.3333333333333333,96,446.18,4,0,0,7,0,3,0,0
17371,17,3,418.4,4.865116279069767,0.0,0.0,0.0,0.0,34.86666666666667,Electronics,90.45,United Kingdom,151,0.25,343,418.4,3,0,0,3,0,3,0,0
17372,41,8,1337.18,5.3274103585657375,0.0,0.0,0.0,0.0,111.43166666666667,Home Decor,298.97,United Kingdom,747,0.6666666666666666,321,1337.18,8,0,0,5,0,3,0,0
17373,40,4,646.92,11.349473684210526,0.0,0.0,0.0,0.0,53.91,Kitchen,215.72,United Kingdom,408,0.3333333333333333,272,646.92,4,0,0,6,0,3,0,0
17374,219,2,495.77,17.706071428571427,0.0,0.0,0.0,0.0,41.314166666666665,Textiles,302.1,United Kingdom,85,0.16666666666666666,62,495.77,2,0,0,11,0,3,0,0
17375,190,4,372.5,5.246478873239437,1.0,6.0,27.6,0.07409395973154363,31.041666666666668,Kitchen,132.92000000000002,United Kingdom,361,0.3333333333333333,171,372.5,4,0,0,6,2,3,0,2
17376,71,2,203.2,8.466666666666667,0.0,0.0,0.0,0.0,16.933333333333334,Other,51.75,United Kingdom,86,0.16666666666666666,240,203.2,2,0,0,7,0,3,0,0
17377,24,21,3883.32,9.588444444444445,1.0,1.0,175.0,0.04506453241041171,323.61,Kitchen,739.15,United Kingdom,2037,1.75,349,3883.32,21,1,1,6,3,0,0,3
17379,11,1,389.71999999999997,4.996410256410256,0.0,0.0,0.0,0.0,32.47666666666667,Home Decor,166.39000000000001,United Kingdom,623,0.08333333333333333,0,389.71999999999997,1,0,0,5,0,3,0,0
17382,65,1,65.4,32.7,0.0,0.0,0.0,0.0,5.45,Kitchen,50.400000000000006,United Kingdom,25,0.08333333333333333,0,65.4,1,0,0,6,0,3,0,0
17383,4,1,193.39000000000001,3.946734693877551,0.0,0.0,0.0,0.0,16.115833333333335,Stationery,62.65,United Kingdom,148,0.08333333333333333,0,193.39000000000001,1,0,0,9,0,3,0,0
17384,19,2,336.4,22.426666666666666,0.0,0.0,0.0,0.0,28.03333333333333,Other,241.00000000000003,United Kingdom,88,0.16666666666666666,199,336.4,2,0,0,7,0,3,0,0
17385,15,1,256.11,5.691333333333334,0.0,0.0,0.0,0.0,21.3425,Other,64.98,United Kingdom,197,0.08333333333333333,0,256.11,1,0,0,7,0,3,0,0
17386,8,6,2686.42,95.94357142857143,0.0,0.0,0.0,0.0,223.86833333333334,Electronics,1476.8400000000001,United Kingdom,1902,0.5,157,2686.42,6,0,0,3,3,3,0,3
17387,20,2,746.81,9.826447368421052,0.0,0.0,0.0,0.0,62.23416666666666,Bags,190.35,United Kingdom,522,0.16666666666666666,13,746.81,2,0,0,1,0,3,0,0
17388,78,4,1259.56,83.97066666666666,0.0,0.0,0.0,0.0,104.96333333333332,Crockery,1083.7800000000002,United Kingdom,1068,0.3333333333333333,209,1259.56,4,0,0,2,3,3,0,3
17391,164,2,508.8,169.6,0.0,0.0,0.0,0.0,42.4,Electronics,508.8,United Kingdom,480,0.16666666666666666,0,508.8,2,0,0,3,3,0,2,3
17392,307,2,417.27,7.45125,0.0,0.0,0.0,0.0,34.7725,Other,128.94,United Kingdom,277,0.16666666666666666,51,417.27,2,0,0,7,0,3,0,0
17394,219,1,203.86999999999998,50.967499999999994,0.0,0.0,0.0,0.0,16.989166666666666,Electronics,185.21999999999997,United Kingdom,241,0.08333333333333333,0,203.86999999999998,1,0,0,3,0,3,0,0
17396,39,8,7330.8,271.5111111111111,0.0,0.0,0.0,0.0,610.9,Electronics,3028.2,United Kingdom,2005,0.6666666666666666,332,7330.8,8,0,0,3,3,0,-1,3
17397,22,2,681.41,7.65629213483146,0.0,0.0,0.0,0.0,56.784166666666664,Home Decor,156.95000000000002,United Kingdom,250,0.16666666666666666,0,681.41,2,0,0,5,0,3,0,0
17398,115,3,653.38,17.19421052631579,0.0,0.0,0.0,0.0,54.44833333333333,Kitchen,563.98,United Kingdom,310,0.25,140,653.38,3,0,0,6,0,3,0,0
17400,126,5,2097.84,10.18368932038835,0.0,0.0,0.0,0.0,174.82000000000002,Other,410.81,United Kingdom,1088,0.4166666666666667,226,2097.84,5,0,0,7,0,3,0,0
17402,5,13,2633.85,44.641525423728815,0.0,0.0,0.0,0.0,219.48749999999998,Other,1695.35,United Kingdom,701,1.0833333333333333,364,2633.85,13,1,1,7,3,3,0,3
17403,36,1,263.92,8.2475,0.0,0.0,0.0,0.0,21.993333333333336,Kitchen,91.60000000000001,United Kingdom,111,0.08333333333333333,0,263.92,1,0,0,6,0,3,0,0
17405,1,5,967.22,10.289574468085107,2.0,21.0,64.19,0.06636545977130331,80.60166666666667,Stationery,177.12,United Kingdom,705,0.4166666666666667,149,967.22,5,0,0,9,2,3,0,2
17406,330,5,1912.72,16.77824561403509,2.0,3.0,271.7,0.14204901919779162,159.39333333333335,Kitchen,547.99,United Kingdom,777,0.4166666666666667,36,1912.72,5,0,0,6,2,2,0,2
17408,163,1,32.65,16.325,0.0,0.0,0.0,0.0,2.720833333333333,Kitchen,32.65,United Kingdom,3,0.08333333333333333,0,32.65,1,0,0,6,0,3,0,0
17409,185,2,771.85,59.37307692307692,0.0,0.0,0.0,0.0,64.32083333333334,Kitchen,313.05,United Kingdom,105,0.16666666666666666,63,771.85,2,0,0,6,0,3,0,0
17410,16,5,1214.72,18.98,0.0,0.0,0.0,0.0,101.22666666666667,Other,309.0,United Kingdom,616,0.4166666666666667,199,1214.72,5,0,0,7,0,3,0,0
17411,12,4,748.94,17.41720930232558,1.0,8.0,30.0,0.040056613346863564,62.41166666666667,Electronics,403.94,United Kingdom,298,0.3333333333333333,353,748.94,4,0,0,3,0,3,0,0
17414,44,2,778.0,129.66666666666666,0.0,0.0,0.0,0.0,64.83333333333333,Other,418.0,United Kingdom,2100,0.16666666666666666,141,778.0,2,0,0,7,3,3,0,3
17415,80,1,507.84,36.27428571428571,0.0,0.0,0.0,0.0,42.32,Other,356.95,United Kingdom,114,0.08333333333333333,0,507.84,1,0,0,7,0,3,0,0
17416,30,9,6838.34,25.233726937269374,2.0,36.0,55.08,0.008054586346978945,569.8616666666667,Other,1324.61,United Kingdom,4266,0.75,251,6838.34,9,0,0,7,3,0,0,3
17418,42,2,463.46000000000004,15.448666666666668,0.0,0.0,0.0,0.0,38.62166666666667,Kitchen,126.82000000000001,United Kingdom,289,0.16666666666666666,281,463.46000000000004,2,0,0,6,0,3,0,0
17419,11,14,4200.97,20.196971153846157,2.0,4.0,25.6,0.006093830710526379,350.0808333333334,Home Decor,1222.06,United Kingdom,1872,1.1666666666666667,355,4200.97,14,1,1,5,3,3,0,3
17420,50,3,598.83,19.961000000000002,0.0,0.0,0.0,0.0,49.9025,Home Decor,210.68,United Kingdom,265,0.25,323,598.83,3,0,0,5,0,3,0,0
17422,16,10,1853.1299999999999,13.726888888888888,4.0,58.0,126.24000000000001,0.06812258179404576,154.42749999999998,Home Decor,553.52,United Kingdom,2195,0.8333333333333334,279,1853.1299999999999,10,0,0,5,2,3,0,2
17423,45,4,663.63,23.701071428571428,2.0,38.0,34.78,0.05240872172746862,55.3025,Kitchen,294.6,United Kingdom,421,0.3333333333333333,172,663.63,4,0,0,6,0,3,0,0
17425,19,2,759.17,17.655116279069766,0.0,0.0,0.0,0.0,63.26416666666666,Kitchen,133.0,United Kingdom,407,0.16666666666666666,41,759.17,2,0,0,6,0,3,0,0
17426,4,7,5022.26,18.46419117647059,1.0,12.0,15.0,0.002986703197365329,418.5216666666667,Kitchen,1132.02,United Kingdom,3082,0.5833333333333334,277,5022.26,7,0,0,6,3,3,0,3
17427,72,1,100.8,50.4,0.0,0.0,0.0,0.0,8.4,Textiles,70.8,United Kingdom,34,0.08333333333333333,0,100.8,1,0,0,11,0,3,0,0
17428,1,33,17078.45,49.79139941690962,5.0,39.0,178.4,0.01044591283166798,1423.2041666666667,Home Decor,3555.38,United Kingdom,9435,2.75,368,17078.45,33,1,1,5,3,0,-1,3
17429,121,4,512.12,12.193333333333333,1.0,8.0,12.8,0.024994141997969226,42.67666666666667,Kitchen,165.59,United Kingdom,616,0.3333333333333333,98,512.12,4,0,0,6,0,3,0,0
17430,33,2,265.76,18.982857142857142,0.0,0.0,0.0,0.0,22.146666666666665,Other,62.8,United Kingdom,190,0.16666666666666666,332,265.76,2,0,0,7,0,3,0,0
17431,313,1,403.3,9.37906976744186,0.0,0.0,0.0,0.0,33.608333333333334,Kitchen,132.85,United Kingdom,292,0.08333333333333333,0,403.3,1,0,0,6,0,3,0,0
17432,18,2,365.76,7.62,0.0,0.0,0.0,0.0,30.48,Electronics,134.62,United Kingdom,207,0.16666666666666666,19,365.76,2,0,0,3,0,3,0,0
17433,88,1,303.15999999999997,5.6140740740740736,0.0,0.0,0.0,0.0,25.263333333333332,Home Decor,75.55,United Kingdom,185,0.08333333333333333,0,303.15999999999997,1,0,0,5,0,3,0,0
17434,2,9,2333.42,16.908840579710144,2.0,8.0,40.4,0.017313642636130656,194.45166666666668,Home Decor,660.71,United Kingdom,1685,0.75,82,2333.42,9,0,0,5,0,3,0,0
17436,2,2,216.29999999999998,24.03333333333333,0.0,0.0,0.0,0.0,18.025,Crockery,198.89999999999998,United Kingdom,90,0.16666666666666666,225,216.29999999999998,2,0,0,2,0,3,0,0
17438,247,2,378.3,19.910526315789475,1.0,3.0,10.15,0.026830557758392812,31.525000000000002,Kitchen,189.95000000000002,United Kingdom,100,0.16666666666666666,6,378.3,2,0,0,6,0,3,0,0
17440,148,5,177.1,22.1375,2.0,14.0,9.32,0.05262563523433089,14.758333333333333,Electronics,177.1,United Kingdom,232,0.4166666666666667,99,177.1,5,0,0,3,0,3,0,0
17442,29,10,2210.2599999999998,15.787571428571427,4.0,6.0,38.300000000000004,0.017328278121126025,184.1883333333333,Home Decor,394.4,United Kingdom,1490,0.8333333333333334,335,2210.2599999999998,10,0,0,5,0,3,0,0
17444,148,3,2940.04,21.778074074074073,0.0,0.0,0.0,0.0,245.00333333333333,Stationery,699.3000000000001,Canada,2119,0.25,25,2940.04,3,0,0,9,0,3,0,0
17446,177,2,120.9,13.433333333333334,0.0,0.0,0.0,0.0,10.075000000000001,Kitchen,120.9,United Kingdom,198,0.16666666666666666,133,120.9,2,0,0,6,0,3,0,0
17447,40,2,541.53,15.042499999999999,0.0,0.0,0.0,0.0,45.1275,Other,135.54,United Kingdom,443,0.16666666666666666,31,541.53,2,0,0,7,0,3,0,0
17449,2,8,2503.21,9.00435251798561,1.0,7.0,16.0,0.006391792937867778,208.60083333333333,Home Decor,1033.26,United Kingdom,1114,0.6666666666666666,357,2503.21,8,0,0,5,0,3,0,0
17451,1,10,1648.95,15.410747663551403,3.0,25.0,72.45,0.043937050850541254,137.4125,Home Decor,487.56,United Kingdom,1178,0.8333333333333334,104,1648.95,10,0,0,5,0,3,0,0
17453,18,2,486.71999999999997,25.616842105263157,0.0,0.0,0.0,0.0,40.559999999999995,Crockery,302.4,United Kingdom,219,0.16666666666666666,46,486.71999999999997,2,0,0,2,0,3,0,0
17454,192,4,517.53,8.484098360655738,0.0,0.0,0.0,0.0,43.1275,Bags,191.0,United Kingdom,243,0.3333333333333333,167,517.53,4,0,0,1,0,3,0,0
17455,204,1,131.7,16.4625,0.0,0.0,0.0,0.0,10.975,Home Decor,66.0,United Kingdom,66,0.08333333333333333,0,131.7,1,0,0,5,0,3,0,0
17456,365,1,249.86,14.69764705882353,0.0,0.0,0.0,0.0,20.82166666666667,Home Decor,143.64,United Kingdom,222,0.08333333333333333,0,249.86,1,0,0,5,0,3,0,0
17457,127,5,1737.7,91.4578947368421,0.0,0.0,0.0,0.0,144.80833333333334,Electronics,1050.0,United Kingdom,826,0.4166666666666667,212,1737.7,5,0,0,3,3,3,0,3
17458,15,1,316.5,5.861111111111111,0.0,0.0,0.0,0.0,26.375,Home Decor,123.78,United Kingdom,170,0.08333333333333333,0,316.5,1,0,0,5,0,3,0,0
17459,43,2,657.3,5.921621621621621,0.0,0.0,0.0,0.0,54.775,Other,216.41,United Kingdom,537,0.16666666666666666,16,657.3,2,0,0,7,0,3,0,0
17460,79,8,452.63,12.233243243243242,2.0,60.0,169.8,0.37514084351457044,37.719166666666666,Home Decor,146.6,United Kingdom,176,0.6666666666666666,294,452.63,8,0,0,5,1,1,-1,1
17461,23,3,735.82,6.941698113207548,0.0,0.0,0.0,0.0,61.318333333333335,Other,234.73,United Kingdom,770,0.25,6,735.82,3,0,0,7,0,3,0,0
17462,51,3,662.94,23.676428571428573,1.0,3.0,12.75,0.019232509729387275,55.245000000000005,Kitchen,197.85,United Kingdom,224,0.25,232,662.94,3,0,0,6,0,3,0,0
17463,16,6,1860.81,8.777405660377358,1.0,5.0,15.05,0.008087875710040252,155.0675,Home Decor,517.16,United Kingdom,1081,0.5,296,1860.81,6,0,0,5,0,3,0,0
17464,158,1,289.96000000000004,32.21777777777778,0.0,0.0,0.0,0.0,24.163333333333338,Other,183.9,United Kingdom,220,0.08333333333333333,0,289.96000000000004,1,0,0,7,0,3,0,0
17466,10,2,763.28,18.61658536585366,0.0,0.0,0.0,0.0,63.60666666666666,Other,170.59,United Kingdom,306,0.16666666666666666,68,763.28,2,0,0,7,0,3,0,0
17468,10,2,137.0,27.4,0.0,0.0,0.0,0.0,11.416666666666666,Home Decor,77.0,United Kingdom,116,0.16666666666666666,4,137.0,2,0,0,5,0,3,0,0
17469,16,6,1843.06,20.478444444444445,1.0,9.0,27.91,0.01514329430403785,153.58833333333334,Bags,662.4,United Kingdom,778,0.5,188,1843.06,6,0,0,1,0,3,0,0
17470,45,5,1125.07,14.423974358974359,0.0,0.0,0.0,0.0,93.75583333333333,Crockery,240.76,United Kingdom,1675,0.4166666666666667,323,1125.07,5,0,0,2,0,3,0,0
17472,191,3,697.54,4.0088505747126435,0.0,0.0,0.0,0.0,58.12833333333333,Home Decor,169.51,United Kingdom,455,0.25,108,697.54,3,0,0,5,0,3,0,0
17475,79,1,194.37,13.883571428571429,0.0,0.0,0.0,0.0,16.1975,Other,58.019999999999996,United Kingdom,178,0.08333333333333333,0,194.37,1,0,0,7,0,3,0,0
17480,74,2,506.51,16.339032258064517,1.0,2.0,5.3100000000000005,0.010483504767921661,42.20916666666667,Stationery,188.76000000000002,United Kingdom,336,0.16666666666666666,3,506.51,2,0,0,9,0,3,0,0
17481,4,5,1249.34,15.052289156626506,1.0,1.0,6.25,0.005002641394656379,104.11166666666666,Kitchen,396.49,United Kingdom,1060,0.4166666666666667,90,1249.34,5,0,0,6,0,3,0,0
17483,65,3,414.04,19.716190476190476,0.0,0.0,0.0,0.0,34.50333333333334,Home Decor,117.10000000000001,United Kingdom,191,0.25,117,414.04,3,0,0,5,0,3,0,0
17486,261,1,396.87,16.53625,0.0,0.0,0.0,0.0,33.0725,Home Decor,172.03,United Kingdom,191,0.08333333333333333,0,396.87,1,0,0,5,0,3,0,0
17489,59,2,376.64,12.987586206896552,0.0,0.0,0.0,0.0,31.386666666666667,Other,180.35999999999999,United Kingdom,428,0.16666666666666666,153,376.64,2,0,0,7,0,3,0,0
17490,1,11,1926.8799999999999,22.405581395348836,4.0,113.0,165.44,0.08585900523125467,160.57333333333332,Crockery,546.04,United Kingdom,1021,0.9166666666666666,175,1926.8799999999999,11,1,0,2,2,2,-1,2
17491,1,11,3541.92,32.19927272727273,1.0,1.0,16.95,0.004785540046076704,295.16,Home Decor,793.99,United Kingdom,2012,0.9166666666666666,366,3541.92,11,1,0,5,3,3,0,3
17492,248,1,374.57,31.214166666666667,0.0,0.0,0.0,0.0,31.214166666666667,Home Decor,129.06,United Kingdom,155,0.08333333333333333,0,374.57,1,0,0,5,0,3,0,0
17495,8,2,497.56,18.42814814814815,0.0,0.0,0.0,0.0,41.46333333333333,Stationery,160.2,United Kingdom,229,0.16666666666666666,31,497.56,2,0,0,9,0,3,0,0
17496,359,1,271.05,27.105,0.0,0.0,0.0,0.0,22.587500000000002,Storage,133.8,United Kingdom,79,0.08333333333333333,0,271.05,1,0,0,10,0,3,0,0
17498,76,1,272.22,16.01294117647059,0.0,0.0,0.0,0.0,22.685000000000002,Home Decor,186.0,United Kingdom,394,0.08333333333333333,0,272.22,1,0,0,5,0,3,0,0
17499,290,1,622.88,15.572,0.0,0.0,0.0,0.0,51.906666666666666,Other,316.81,United Kingdom,711,0.08333333333333333,0,622.88,1,0,0,7,0,3,0,0
17500,17,3,1138.0,227.6,0.0,0.0,0.0,0.0,94.83333333333333,Other,1121.5,United Kingdom,17,0.25,12,1138.0,3,0,0,7,3,0,-1,3
17501,221,2,288.6,16.033333333333335,0.0,0.0,0.0,0.0,24.05,Kitchen,169.05,United Kingdom,160,0.16666666666666666,0,288.6,2,0,0,6,0,3,0,0
17502,9,4,689.1,24.610714285714288,0.0,0.0,0.0,0.0,57.425000000000004,Home Decor,308.94,United Kingdom,376,0.3333333333333333,19,689.1,4,0,0,5,0,3,0,0
17503,3,2,558.96,14.709473684210527,0.0,0.0,0.0,0.0,46.580000000000005,Electronics,139.68,United Kingdom,486,0.16666666666666666,35,558.96,2,0,0,3,0,3,0,0
17504,206,10,2745.2799999999997,19.609142857142857,1.0,208.0,251.75,0.09170284998251545,228.7733333333333,Home Decor,1238.14,United Kingdom,1456,0.8333333333333334,116,2745.2799999999997,10,0,0,5,2,2,-1,2
17505,162,2,1145.84,22.035384615384615,0.0,0.0,0.0,0.0,95.48666666666666,Home Decor,363.6,United Kingdom,556,0.16666666666666666,44,1145.84,2,0,0,5,0,3,0,0
17506,70,2,294.29,18.393125,1.0,3.0,7.91,0.02687824934588331,24.52416666666667,Home Decor,138.37,United Kingdom,136,0.16666666666666666,5,294.29,2,0,0,5,0,3,0,0
17507,262,2,605.58,6.881590909090909,0.0,0.0,0.0,0.0,50.465,Home Decor,235.3,United Kingdom,359,0.16666666666666666,47,605.58,2,0,0,5,0,3,0,0
17508,281,1,387.31,17.605,0.0,0.0,0.0,0.0,32.27583333333333,Home Decor,150.6,Greece,289,0.08333333333333333,0,387.31,1,0,0,5,0,3,0,0
17509,58,11,6069.24,16.537438692098092,3.0,4.0,14.4,0.0023726199655970106,505.77,Other,1772.8,United Kingdom,3508,0.9166666666666666,5,6069.24,11,0,0,7,3,0,0,3
17510,25,1,308.48,15.424000000000001,0.0,0.0,0.0,0.0,25.706666666666667,Stationery,65.4,United Kingdom,214,0.08333333333333333,0,308.48,1,0,0,9,0,3,0,0
17512,29,11,2920.04,27.54754716981132,1.0,1.0,4.95,0.0016951822577772908,243.33666666666667,Electronics,1195.56,United Kingdom,2752,0.9166666666666666,272,2920.04,11,1,0,3,3,3,0,3
17513,72,1,513.2,85.53333333333335,0.0,0.0,0.0,0.0,42.76666666666667,Storage,238.8,United Kingdom,254,0.08333333333333333,0,513.2,1,0,0,10,0,3,0,0
17514,128,1,208.65,5.2162500000000005,0.0,0.0,0.0,0.0,17.3875,Home Decor,46.43,United Kingdom,135,0.08333333333333333,0,208.65,1,0,0,5,0,3,0,0
17515,31,4,639.02,7.345057471264368,0.0,0.0,0.0,0.0,53.251666666666665,Home Decor,343.88,United Kingdom,243,0.3333333333333333,286,639.02,4,0,0,5,0,3,0,0
17516,15,5,764.88,5.665777777777778,0.0,0.0,0.0,0.0,63.74,Kitchen,191.46,United Kingdom,414,0.4166666666666667,270,764.88,5,0,0,6,0,3,0,0
17517,309,1,153.94,13.994545454545454,0.0,0.0,0.0,0.0,12.828333333333333,Other,49.5,United Kingdom,102,0.08333333333333333,0,153.94,1,0,0,7,0,3,0,0
17519,17,7,1839.07,22.15746987951807,1.0,3.0,4.949999999999999,0.0026915778083487847,153.25583333333333,Kitchen,1041.78,United Kingdom,1233,0.5833333333333334,351,1839.07,7,0,0,6,0,3,0,0
17520,54,1,546.81,18.226999999999997,0.0,0.0,0.0,0.0,45.567499999999995,Home Decor,194.76,United Kingdom,365,0.08333333333333333,0,546.81,1,0,0,5,0,3,0,0
17521,24,4,721.9599999999999,15.69478260869565,1.0,1.0,1.25,0.0017313978613773618,60.16333333333333,Home Decor,363.96,United Kingdom,518,0.3333333333333333,174,721.9599999999999,4,0,0,5,0,3,0,0
17522,2,5,1070.71,14.667260273972603,0.0,0.0,0.0,0.0,89.22583333333334,Electronics,415.89,United Kingdom,1034,0.4166666666666667,216,1070.71,5,0,0,3,0,3,0,0
17523,11,4,652.74,19.78,0.0,0.0,0.0,0.0,54.395,Crockery,236.4,United Kingdom,872,0.3333333333333333,7,652.74,4,0,0,2,0,3,0,0
17524,361,1,145.0,24.166666666666668,0.0,0.0,0.0,0.0,12.083333333333334,Home Decor,37.95,United Kingdom,90,0.08333333333333333,0,145.0,1,0,0,5,0,3,0,0
17525,360,1,422.70000000000005,46.96666666666667,0.0,0.0,0.0,0.0,35.225,Storage,295.5,United Kingdom,82,0.08333333333333333,0,422.70000000000005,1,0,0,10,0,3,0,0
17527,54,6,888.86,18.14,2.0,25.0,50.510000000000005,0.05682559683189704,74.07166666666667,Home Decor,304.46,United Kingdom,463,0.5,164,888.86,6,0,0,5,0,3,0,0
17528,1,11,3540.1,13.61576923076923,3.0,8.0,88.4,0.024971046015649277,295.0083333333333,Other,748.49,United Kingdom,2130,0.9166666666666666,70,3540.1,11,0,0,7,3,3,0,3
17530,1,10,2367.12,6.069538461538461,0.0,0.0,0.0,0.0,197.26,Other,475.95,United Kingdom,1514,0.8333333333333334,363,2367.12,10,0,0,7,0,3,0,0
17531,121,2,293.45,19.563333333333333,1.0,1.0,3.25,0.011075140569091839,24.454166666666666,Other,114.05,United Kingdom,135,0.16666666666666666,69,293.45,2,0,0,7,0,3,0,0
17534,54,1,223.36,24.817777777777778,0.0,0.0,0.0,0.0,18.613333333333333,Crockery,83.8,United Kingdom,103,0.08333333333333333,0,223.36,1,0,0,2,0,3,0,0
17535,280,1,164.4,12.646153846153847,0.0,0.0,0.0,0.0,13.700000000000001,Home Decor,35.4,United Kingdom,136,0.08333333333333333,0,164.4,1,0,0,5,0,3,0,0
17536,177,1,76.5,25.5,0.0,0.0,0.0,0.0,6.375,Stationery,76.5,United Kingdom,6,0.08333333333333333,0,76.5,1,0,0,9,0,3,0,0
17537,30,2,887.67,11.99554054054054,0.0,0.0,0.0,0.0,73.9725,Other,260.49,United Kingdom,699,0.16666666666666666,273,887.67,2,0,0,7,0,3,0,0
17538,26,1,98.42,10.935555555555556,0.0,0.0,0.0,0.0,8.201666666666666,Home Decor,42.76,United Kingdom,134,0.08333333333333333,0,98.42,1,0,0,5,0,3,0,0
17540,9,3,570.4,21.93846153846154,1.0,1.0,8.5,0.014901823281907435,47.53333333333333,Storage,238.20000000000002,United Kingdom,193,0.25,307,570.4,3,0,0,10,0,3,0,0
17542,270,1,170.75,6.83,0.0,0.0,0.0,0.0,14.229166666666666,Kitchen,50.05,United Kingdom,134,0.08333333333333333,0,170.75,1,0,0,6,0,3,0,0
17545,43,3,642.32,4.555460992907801,0.0,0.0,0.0,0.0,53.52666666666667,Kitchen,199.57,United Kingdom,337,0.25,0,642.32,3,0,0,6,0,3,0,0
17549,24,2,148.86,24.810000000000002,0.0,0.0,0.0,0.0,12.405000000000001,Home Decor,53.76,United Kingdom,210,0.16666666666666666,27,148.86,2,0,0,5,0,3,0,0
17550,197,3,267.16,6.360952380952382,0.0,0.0,0.0,0.0,22.263333333333335,Home Decor,78.6,United Kingdom,86,0.25,45,267.16,3,0,0,5,0,3,0,0
17551,359,1,290.34,7.444615384615384,0.0,0.0,0.0,0.0,24.194999999999997,Storage,58.5,United Kingdom,142,0.08333333333333333,0,290.34,1,0,0,10,0,3,0,0
17552,43,6,909.96,17.842352941176472,2.0,11.0,20.45,0.022473515319354695,75.83,Storage,203.2,United Kingdom,708,0.5,329,909.96,6,0,0,10,0,3,0,0
17554,1,5,1952.45,22.18693181818182,0.0,0.0,0.0,0.0,162.70416666666668,Electronics,654.72,United Kingdom,1763,0.4166666666666667,146,1952.45,5,0,0,3,0,3,0,0
17555,20,2,480.31,4.574380952380952,0.0,0.0,0.0,0.0,40.02583333333333,Kitchen,98.69,United Kingdom,348,0.16666666666666666,314,480.31,2,0,0,6,0,3,0,0
17556,206,1,157.9,26.316666666666666,0.0,0.0,0.0,0.0,13.158333333333333,Electronics,75.0,United Kingdom,101,0.08333333333333333,0,157.9,1,0,0,3,0,3,0,0
17557,14,3,541.46,15.92529411764706,0.0,0.0,0.0,0.0,45.12166666666667,Storage,208.95000000000002,United Kingdom,306,0.25,66,541.46,3,0,0,10,0,3,0,0
17560,95,4,854.95,32.88269230769231,0.0,0.0,0.0,0.0,71.24583333333334,Kitchen,310.7,United Kingdom,635,0.3333333333333333,215,854.95,4,0,0,6,0,3,0,0
17561,19,1,165.12,3.6693333333333333,0.0,0.0,0.0,0.0,13.76,Home Decor,45.03,United Kingdom,144,0.08333333333333333,0,165.12,1,0,0,5,0,3,0,0
17562,14,8,1107.38,17.3028125,1.0,4.0,15.0,0.013545485741118675,92.28166666666668,Bags,340.88,United Kingdom,813,0.6666666666666666,159,1107.38,8,0,0,1,0,3,0,0
17564,24,3,454.01,9.265510204081632,0.0,0.0,0.0,0.0,37.83416666666667,Home Decor,171.01,United Kingdom,146,0.25,55,454.01,3,0,0,5,0,3,0,0
17566,8,2,869.77,6.125140845070423,0.0,0.0,0.0,0.0,72.48083333333334,Home Decor,250.06,United Kingdom,497,0.16666666666666666,17,869.77,2,0,0,5,0,3,0,0
17567,7,10,4012.56,22.669830508474575,2.0,204.0,318.91999999999996,0.07948043144526187,334.38,Kitchen,1248.72,United Kingdom,2428,0.8333333333333334,365,4012.56,10,0,0,6,2,2,0,2
17569,332,1,344.14,11.866896551724137,0.0,0.0,0.0,0.0,28.67833333333333,Home Decor,137.51,United Kingdom,159,0.08333333333333333,0,344.14,1,0,0,5,0,3,0,0
17571,50,4,1425.67,5.260774907749078,0.0,0.0,0.0,0.0,118.80583333333334,Other,420.78,United Kingdom,876,0.3333333333333333,248,1425.67,4,0,0,7,0,3,0,0
17572,71,4,226.75000000000003,18.895833333333336,0.0,0.0,0.0,0.0,18.895833333333336,Kitchen,108.4,United Kingdom,95,0.3333333333333333,302,226.75000000000003,4,0,0,6,0,3,0,0
17573,29,4,362.9,13.957692307692307,1.0,6.0,17.700000000000003,0.04877376687792782,30.241666666666664,Home Decor,141.88,United Kingdom,302,0.3333333333333333,64,362.9,4,0,0,5,0,3,0,0
17574,243,1,185.65,23.20625,0.0,0.0,0.0,0.0,15.470833333333333,Home Decor,66.9,United Kingdom,77,0.08333333333333333,0,185.65,1,0,0,5,0,3,0,0
17576,8,22,3399.93,8.333161764705881,3.0,40.0,164.9,0.04850099854997015,283.3275,Home Decor,891.12,United Kingdom,1927,1.8333333333333333,357,3399.93,22,1,1,5,3,0,0,3
17578,191,2,124.74,20.79,1.0,48.0,18.72,0.15007215007215008,10.395,Bags,49.5,United Kingdom,90,0.16666666666666666,27,124.74,2,0,0,1,2,2,-1,2
17579,5,4,440.2,8.465384615384615,1.0,2.0,8.7,0.019763743752839617,36.68333333333333,Crockery,147.16,United Kingdom,256,0.3333333333333333,174,440.2,4,0,0,2,0,3,0,0
17580,253,3,215.72,4.793777777777778,0.0,0.0,0.0,0.0,17.976666666666667,Home Decor,108.14,United Kingdom,88,0.25,105,215.72,3,0,0,5,0,3,0,0
17582,236,1,175.27,6.043793103448277,0.0,0.0,0.0,0.0,14.605833333333335,Storage,62.5,United Kingdom,123,0.08333333333333333,0,175.27,1,0,0,10,0,3,0,0
17584,7,3,1227.3,34.09166666666667,1.0,12.0,15.0,0.012221950623319482,102.27499999999999,Home Decor,538.2,United Kingdom,446,0.25,120,1227.3,3,0,0,5,0,3,0,0
17585,109,4,1116.68,5.368653846153847,0.0,0.0,0.0,0.0,93.05666666666667,Other,299.89,United Kingdom,1650,0.3333333333333333,228,1116.68,4,0,0,7,0,3,0,0
17588,100,3,1240.2,53.92173913043479,0.0,0.0,0.0,0.0,103.35000000000001,Electronics,593.64,United Kingdom,676,0.25,132,1240.2,3,0,0,3,0,3,0,0
17589,60,4,2404.17,9.502648221343874,0.0,0.0,0.0,0.0,200.3475,Other,644.84,United Kingdom,1631,0.3333333333333333,180,2404.17,4,0,0,7,0,3,0,0
17590,2,3,1468.02,7.489897959183673,0.0,0.0,0.0,0.0,122.335,Home Decor,459.21000000000004,United Kingdom,822,0.25,37,1468.02,3,0,0,5,0,3,0,0
17591,73,8,2192.7200000000003,13.877974683544306,1.0,1.0,10.95,0.004993797657703673,182.7266666666667,Home Decor,954.7500000000001,United Kingdom,999,0.6666666666666666,293,2192.7200000000003,8,0,0,5,0,3,0,0
17593,4,6,3908.08,18.262056074766356,1.0,6.0,15.78,0.0040377883769011896,325.67333333333335,Home Decor,1103.7,United Kingdom,3083,0.5,349,3908.08,6,0,0,5,3,3,0,3
17594,85,2,993.18,19.863599999999998,0.0,0.0,0.0,0.0,82.765,Bags,385.6,United Kingdom,550,0.16666666666666666,169,993.18,2,0,0,1,0,3,0,0
17595,12,2,386.69,4.715731707317073,0.0,0.0,0.0,0.0,32.22416666666667,Electronics,100.62,United Kingdom,228,0.16666666666666666,24,386.69,2,0,0,3,0,3,0,0
17596,23,7,2806.69,10.591283018867925,0.0,0.0,0.0,0.0,233.89083333333335,Other,1043.12,United Kingdom,4376,0.5833333333333334,345,2806.69,7,0,0,7,3,3,0,3
17597,214,1,2044.3700000000001,37.17036363636364,0.0,0.0,0.0,0.0,170.36416666666668,Other,611.19,United Kingdom,1176,0.08333333333333333,0,2044.3700000000001,1,0,0,7,0,3,0,0
17600,18,1,161.67000000000002,12.436153846153847,0.0,0.0,0.0,0.0,13.472500000000002,Storage,53.64,United Kingdom,144,0.08333333333333333,0,161.67000000000002,1,0,0,10,0,3,0,0
17601,239,1,116.00999999999999,12.889999999999999,0.0,0.0,0.0,0.0,9.667499999999999,Other,41.46,United Kingdom,103,0.08333333333333333,0,116.00999999999999,1,0,0,7,0,3,0,0
17602,2,8,5002.22,8.99679856115108,2.0,16.0,52.2,0.010435366697186449,416.8516666666667,Electronics,1096.0900000000001,United Kingdom,4100,0.6666666666666666,321,5002.22,8,0,0,3,3,3,-1,3
17604,217,2,309.36,4.91047619047619,0.0,0.0,0.0,0.0,25.78,Home Decor,105.62,United Kingdom,169,0.16666666666666666,94,309.36,2,0,0,5,0,3,0,0
17608,33,2,191.99,3.4283928571428572,0.0,0.0,0.0,0.0,15.999166666666667,Home Decor,59.43,United Kingdom,229,0.16666666666666666,0,191.99,2,0,0,5,0,3,0,0
17609,41,6,1097.48,4.69008547008547,1.0,2.0,8.3,0.007562780187338266,91.45666666666666,Home Decor,398.82,United Kingdom,717,0.5,286,1097.48,6,0,0,5,0,3,0,0
17611,4,19,3924.77,6.849511343804537,4.0,8.0,36.35,0.009261689220005248,327.06416666666667,Other,629.76,United Kingdom,2542,1.5833333333333333,357,3924.77,19,1,1,7,3,0,0,3
17612,53,10,1992.76,14.033521126760563,4.0,21.0,55.69,0.027946165117726168,166.06333333333333,Kitchen,462.84999999999997,United Kingdom,1787,0.8333333333333334,244,1992.76,10,0,0,6,0,3,0,0
17613,23,17,4494.77,14.360287539936104,3.0,26.0,49.78,0.011075093942515412,374.5641666666667,Home Decor,1360.92,United Kingdom,2464,1.4166666666666667,282,4494.77,17,1,1,5,3,0,0,3
17614,57,1,386.32,3.9420408163265304,0.0,0.0,0.0,0.0,32.193333333333335,Home Decor,91.71000000000001,United Kingdom,235,0.08333333333333333,0,386.32,1,0,0,5,0,3,0,0
17615,130,3,329.6,23.542857142857144,0.0,0.0,0.0,0.0,27.46666666666667,Kitchen,135.45000000000002,United Kingdom,140,0.25,91,329.6,3,0,0,6,0,3,0,0
17616,174,3,571.1999999999999,190.39999999999998,0.0,0.0,0.0,0.0,47.599999999999994,Electronics,571.1999999999999,United Kingdom,224,0.25,194,571.1999999999999,3,0,0,3,3,0,2,3
17618,6,3,930.28,13.884776119402984,0.0,0.0,0.0,0.0,77.52333333333333,Kitchen,248.76,United Kingdom,319,0.25,356,930.28,3,0,0,6,0,3,0,0
17619,312,1,214.37,2.896891891891892,0.0,0.0,0.0,0.0,17.864166666666666,Home Decor,62.33,United Kingdom,124,0.08333333333333333,0,214.37,1,0,0,5,0,3,0,0
17620,60,1,81.44,20.36,0.0,0.0,0.0,0.0,6.786666666666666,Kitchen,47.44,United Kingdom,60,0.08333333333333333,0,81.44,1,0,0,6,0,3,0,0
17621,21,4,1336.1,49.48518518518518,1.0,4.0,43.8,0.03278197739690143,111.34166666666665,Stationery,408.0,United Kingdom,510,0.3333333333333333,333,1336.1,4,0,0,9,0,3,0,0
17623,33,1,527.0500000000001,15.971212121212123,0.0,0.0,0.0,0.0,43.92083333333334,Stationery,191.81,United Kingdom,265,0.08333333333333333,0,527.0500000000001,1,0,0,9,0,3,0,0
17624,15,2,843.48,16.869600000000002,0.0,0.0,0.0,0.0,70.29,Other,186.16,United Kingdom,554,0.16666666666666666,203,843.48,2,0,0,7,0,3,0,0
17625,18,4,2020.4,6.602614379084968,0.0,0.0,0.0,0.0,168.36666666666667,Home Decor,798.97,United Kingdom,1180,0.3333333333333333,239,2020.4,4,0,0,5,0,3,0,0
17628,81,1,75.75,15.15,0.0,0.0,0.0,0.0,6.3125,Kitchen,39.6,United Kingdom,79,0.08333333333333333,0,75.75,1,0,0,6,0,3,0,0
17629,6,9,1784.12,14.388064516129031,1.0,8.0,30.0,0.01681501244310921,148.67666666666665,Kitchen,504.08,United Kingdom,1621,0.75,354,1784.12,9,0,0,6,0,3,0,0
17630,170,2,503.59999999999997,19.369230769230768,0.0,0.0,0.0,0.0,41.96666666666666,Other,274.1,United Kingdom,158,0.16666666666666666,62,503.59999999999997,2,0,0,7,0,3,0,0
17631,2,3,528.33,13.546923076923077,0.0,0.0,0.0,0.0,44.0275,Kitchen,150.24,United Kingdom,334,0.25,230,528.33,3,0,0,6,0,3,0,0
17633,31,6,1242.34,17.25472222222222,2.0,14.0,82.5,0.06640694173897645,103.52833333333332,Kitchen,313.3,United Kingdom,630,0.5,327,1242.34,6,0,0,6,2,3,0,2
17634,36,9,2358.59,7.96820945945946,0.0,0.0,0.0,0.0,196.54916666666668,Home Decor,520.6,United Kingdom,838,0.75,301,2358.59,9,0,0,5,0,3,0,0
17636,9,2,265.93,11.080416666666666,1.0,6.0,19.630000000000003,0.07381641785432258,22.160833333333333,Bags,68.22,United Kingdom,176,0.16666666666666666,10,265.93,2,0,0,1,2,3,0,2
17637,31,2,547.0600000000001,15.630285714285716,0.0,0.0,0.0,0.0,45.58833333333334,Kitchen,124.16,United Kingdom,280,0.16666666666666666,83,547.0600000000001,2,0,0,6,0,3,0,0
17639,276,1,108.5,15.5,0.0,0.0,0.0,0.0,9.041666666666666,Kitchen,52.5,United Kingdom,49,0.08333333333333333,0,108.5,1,0,0,6,0,3,0,0
17640,87,1,621.66,124.332,0.0,0.0,0.0,0.0,51.805,Electronics,453.17999999999995,United Kingdom,250,0.08333333333333333,0,621.66,1,0,0,3,3,3,0,3
17642,120,2,712.29,17.80725,0.0,0.0,0.0,0.0,59.357499999999995,Crockery,257.25,United Kingdom,474,0.16666666666666666,56,712.29,2,0,0,2,0,3,0,0
17644,1,17,2768.98,16.38449704142012,6.0,52.0,126.66,0.04574247556862093,230.74833333333333,Kitchen,561.77,United Kingdom,1741,1.4166666666666667,320,2768.98,17,1,1,6,3,3,0,3
17646,219,4,995.6600000000001,18.438148148148148,1.0,3.0,12.73,0.012785489022357028,82.97166666666668,Kitchen,480.90000000000003,United Kingdom,320,0.3333333333333333,145,995.6600000000001,4,0,0,6,0,3,0,0
17647,65,1,133.06,19.00857142857143,0.0,0.0,0.0,0.0,11.088333333333333,Kitchen,41.96,United Kingdom,30,0.08333333333333333,0,133.06,1,0,0,6,0,3,0,0
17648,61,5,1789.55,19.451630434782608,1.0,1.0,7.95,0.004442457601072896,149.12916666666666,Kitchen,452.0,United Kingdom,486,0.4166666666666667,188,1789.55,5,0,0,6,0,3,0,0
17649,135,2,861.74,16.259245283018867,1.0,1.0,6.75,0.00783298906862859,71.81166666666667,Kitchen,329.0,United Kingdom,398,0.16666666666666666,3,861.74,2,0,0,6,0,3,0,0
17650,21,1,166.08,20.76,0.0,0.0,0.0,0.0,13.840000000000002,Other,75.33,United Kingdom,150,0.08333333333333333,0,166.08,1,0,0,7,0,3,0,0
17651,12,14,3886.67,16.262217573221758,4.0,12.0,58.330000000000005,0.015007705825295177,323.88916666666665,Bags,1382.52,United Kingdom,3100,1.1666666666666667,165,3886.67,14,1,1,1,3,0,0,3
17652,25,18,4737.13,17.544925925925927,6.0,30.0,130.59,0.02756732451927644,394.7608333333333,Kitchen,1197.55,United Kingdom,2479,1.5,255,4737.13,18,1,1,6,3,0,0,3
17653,29,5,1175.88,23.5176,1.0,8.0,31.679999999999996,0.026941524645371973,97.99000000000001,Toys,340.1,United Kingdom,1401,0.4166666666666667,90,1175.88,5,0,0,12,0,3,0,0
17654,277,1,117.55,5.343181818181818,0.0,0.0,0.0,0.0,9.795833333333333,Kitchen,48.3,United Kingdom,41,0.08333333333333333,0,117.55,1,0,0,6,0,3,0,0
17655,11,8,2571.7400000000002,27.653118279569895,1.0,160.0,67.2,0.02613016867957103,214.3116666666667,Home Decor,1019.6300000000001,United Kingdom,956,0.6666666666666666,355,2571.7400000000002,8,0,0,5,0,3,0,0
17656,73,5,1674.69,20.423048780487804,0.0,0.0,0.0,0.0,139.5575,Home Decor,850.75,United Kingdom,1399,0.4166666666666667,55,1674.69,5,0,0,5,0,3,0,0
17658,11,3,485.88,21.125217391304346,1.0,94.0,109.53999999999999,0.2254466123322631,40.49,Other,282.08,United Kingdom,522,0.25,200,485.88,3,0,0,7,2,2,6,2
17659,4,14,2954.75,18.35248447204969,2.0,39.0,44.709999999999994,0.015131567814535915,246.22916666666666,Other,560.61,United Kingdom,1486,1.1666666666666667,368,2954.75,14,1,1,7,3,3,0,3
17660,141,1,178.75,4.703947368421052,0.0,0.0,0.0,0.0,14.895833333333334,Home Decor,108.75,United Kingdom,121,0.08333333333333333,0,178.75,1,0,0,5,0,3,0,0
17663,26,9,1788.27,19.869666666666667,2.0,4.0,14.64,0.008186683218977,149.0225,Home Decor,668.4300000000001,United Kingdom,793,0.75,261,1788.27,9,0,0,5,0,3,0,0
17664,19,2,604.64,14.061395348837209,0.0,0.0,0.0,0.0,50.38666666666666,Stationery,182.64000000000001,United Kingdom,604,0.16666666666666666,193,604.64,2,0,0,9,0,3,0,0
17666,4,2,728.16,40.45333333333333,0.0,0.0,0.0,0.0,60.68,Home Decor,528.72,United Kingdom,596,0.16666666666666666,61,728.16,2,0,0,5,0,3,0,0
17667,66,5,2055.51,17.71991379310345,0.0,0.0,0.0,0.0,171.29250000000002,Kitchen,575.57,United Kingdom,1033,0.4166666666666667,232,2055.51,5,0,0,6,0,3,0,0
17668,1,2,347.75,23.183333333333334,0.0,0.0,0.0,0.0,28.979166666666668,Kitchen,267.95,United Kingdom,93,0.16666666666666666,36,347.75,2,0,0,6,0,3,0,0
17669,43,7,3406.7200000000003,50.09882352941177,0.0,0.0,0.0,0.0,283.8933333333334,Bags,2448.35,United Kingdom,1916,0.5833333333333334,206,3406.7200000000003,7,0,0,1,3,3,0,3
17670,228,1,205.7,18.7,0.0,0.0,0.0,0.0,17.141666666666666,Other,118.1,United Kingdom,110,0.08333333333333333,0,205.7,1,0,0,7,0,3,0,0
17671,16,6,1284.08,21.05049180327869,2.0,113.0,288.63,0.22477571490872844,107.00666666666666,Home Decor,427.17999999999995,United Kingdom,659,0.5,349,1284.08,6,0,0,5,2,2,6,2
17672,44,4,3106.62,27.014086956521737,2.0,18.0,71.55,0.023031461845993393,258.885,Kitchen,754.33,United Kingdom,1672,0.3333333333333333,265,3106.62,4,0,0,6,0,3,0,0
17673,1,7,1588.07,7.251461187214612,1.0,2.0,6.9,0.004344896635538736,132.33916666666667,Other,563.18,United Kingdom,1460,0.5833333333333334,318,1588.07,7,0,0,7,0,3,0,0
17674,74,2,551.04,20.40888888888889,0.0,0.0,0.0,0.0,45.919999999999995,Stationery,376.2,United Kingdom,672,0.16666666666666666,294,551.04,2,0,0,9,0,3,0,0
17676,4,7,1366.77,17.522692307692306,1.0,1.0,4.41,0.0032265853069645954,113.8975,Home Decor,671.36,United Kingdom,921,0.5833333333333334,362,1366.77,7,0,0,5,0,3,0,0
17678,264,1,298.11,18.631875,0.0,0.0,0.0,0.0,24.8425,Kitchen,117.51,United Kingdom,207,0.08333333333333333,0,298.11,1,0,0,6,0,3,0,0
17679,53,2,1992.1100000000001,66.40366666666667,0.0,0.0,0.0,0.0,166.0091666666667,Crockery,863.0999999999999,United Kingdom,729,0.16666666666666666,32,1992.1100000000001,2,0,0,2,0,3,0,0
17680,24,1,184.4,16.763636363636365,0.0,0.0,0.0,0.0,15.366666666666667,Home Decor,109.3,United Kingdom,96,0.08333333333333333,0,184.4,1,0,0,5,0,3,0,0
17682,10,7,2459.33,20.666638655462183,1.0,2.0,15.0,0.006099222145868997,204.94416666666666,Home Decor,1029.31,United Kingdom,1365,0.5833333333333334,358,2459.33,7,0,0,5,0,3,0,0
17684,44,1,239.41,15.960666666666667,0.0,0.0,0.0,0.0,19.950833333333332,Home Decor,110.46,United Kingdom,145,0.08333333333333333,0,239.41,1,0,0,5,0,3,0,0
17685,17,7,3155.83,24.849055118110236,0.0,0.0,0.0,0.0,262.98583333333335,Electronics,1010.11,United Kingdom,1907,0.5833333333333334,355,3155.83,7,0,0,3,0,3,0,0
17686,7,7,5739.46,20.06804195804196,0.0,0.0,0.0,0.0,478.28833333333336,Kitchen,1257.9,United Kingdom,2478,0.5833333333333334,295,5739.46,7,0,0,6,3,3,0,3
17690,30,16,4717.3,18.572047244094488,1.0,6.0,9.5,0.0020138638628028746,393.10833333333335,Stationery,806.5,United Kingdom,1763,1.3333333333333333,342,4717.3,16,1,1,9,3,3,0,3
17691,358,2,290.40000000000003,15.28421052631579,0.0,0.0,0.0,0.0,24.200000000000003,Stationery,80.80000000000001,United Kingdom,134,0.16666666666666666,10,290.40000000000003,2,0,0,9,0,3,0,0
17692,127,5,733.4399999999999,15.605106382978722,1.0,6.0,7.5,0.010225785340314137,61.12,Home Decor,182.45999999999998,United Kingdom,666,0.4166666666666667,232,733.4399999999999,5,0,0,5,0,3,0,0
17693,136,3,187.02,10.39,2.0,2.0,13.45,0.07191744198481445,15.585,Other,61.86,United Kingdom,229,0.25,1,187.02,3,0,0,7,2,3,0,2
17694,142,1,283.12,18.874666666666666,0.0,0.0,0.0,0.0,23.593333333333334,Storage,95.30000000000001,United Kingdom,184,0.08333333333333333,0,283.12,1,0,0,10,0,3,0,0
17695,132,2,765.34,21.866857142857143,0.0,0.0,0.0,0.0,63.778333333333336,Home Decor,207.36,United Kingdom,779,0.16666666666666666,39,765.34,2,0,0,5,0,3,0,0
17696,38,14,2201.05,17.468650793650795,6.0,26.0,84.66000000000001,0.038463460621067216,183.42083333333335,Home Decor,588.95,United Kingdom,1730,1.1666666666666667,326,2201.05,14,1,1,5,3,3,0,3
17697,236,1,338.95,17.839473684210525,0.0,0.0,0.0,0.0,28.245833333333334,Kitchen,138.35,United Kingdom,93,0.08333333333333333,0,338.95,1,0,0,6,0,3,0,0
17698,261,1,154.95,19.36875,0.0,0.0,0.0,0.0,12.9125,Storage,47.85,United Kingdom,93,0.08333333333333333,0,154.95,1,0,0,10,0,3,0,0
17700,17,6,2508.89,17.18417808219178,2.0,5.0,25.75,0.010263502983391062,209.07416666666666,Home Decor,539.75,United Kingdom,1261,0.5,348,2508.89,6,0,0,5,0,3,0,0
17701,253,1,417.95,17.414583333333333,0.0,0.0,0.0,0.0,34.829166666666666,Electronics,230.4,United Kingdom,109,0.08333333333333333,0,417.95,1,0,0,3,0,3,0,0
17702,30,6,1719.72,21.4965,2.0,33.0,104.64999999999999,0.06085292954667038,143.31,Bags,981.0,United Kingdom,1320,0.5,335,1719.72,6,0,0,1,2,3,0,2
17703,35,3,798.74,14.522545454545455,0.0,0.0,0.0,0.0,66.56166666666667,Stationery,223.74,United Kingdom,590,0.25,103,798.74,3,0,0,9,0,3,0,0
17704,169,2,885.19,28.554516129032258,0.0,0.0,0.0,0.0,73.76583333333333,Kitchen,221.10000000000002,United Kingdom,343,0.16666666666666666,71,885.19,2,0,0,6,0,3,0,0
17705,3,10,1781.12,16.49185185185185,1.0,6.0,42.400000000000006,0.02380524613726195,148.42666666666665,Electronics,709.0,United Kingdom,957,0.8333333333333334,298,1781.12,10,0,0,3,0,3,0,0
17706,4,22,10097.37,25.56296202531646,5.0,66.0,407.12,0.040319409905747734,841.4475000000001,Kitchen,2501.36,United Kingdom,3833,1.8333333333333333,362,10097.37,22,1,1,6,3,0,-1,3
17707,185,2,152.4,30.48,0.0,0.0,0.0,0.0,12.700000000000001,Crockery,152.4,United Kingdom,144,0.16666666666666666,151,152.4,2,0,0,2,0,3,0,0
17708,188,2,263.33,7.744999999999999,0.0,0.0,0.0,0.0,21.944166666666664,Electronics,128.5,United Kingdom,90,0.16666666666666666,137,263.33,2,0,0,3,0,3,0,0
17709,170,1,137.45,19.635714285714283,0.0,0.0,0.0,0.0,11.454166666666666,Other,49.95,United Kingdom,17,0.08333333333333333,0,137.45,1,0,0,7,0,3,0,0
17711,11,2,385.1,16.743478260869566,0.0,0.0,0.0,0.0,32.09166666666667,Other,105.17999999999999,United Kingdom,246,0.16666666666666666,279,385.1,2,0,0,7,0,3,0,0
17712,45,1,522.91,18.031379310344825,0.0,0.0,0.0,0.0,43.57583333333333,Other,136.02,United Kingdom,215,0.08333333333333333,0,522.91,1,0,0,7,0,3,0,0
17714,321,1,153.0,15.3,0.0,0.0,0.0,0.0,12.75,Home Decor,62.7,United Kingdom,92,0.08333333333333333,0,153.0,1,0,0,5,0,3,0,0
17716,23,12,5505.79,21.676338582677165,1.0,68.0,150.2,0.027280372117352823,458.81583333333333,Kitchen,1169.19,United Kingdom,3004,1.0,245,5505.79,12,1,0,6,3,0,0,3
17718,232,1,139.35,23.224999999999998,0.0,0.0,0.0,0.0,11.612499999999999,Kitchen,58.5,United Kingdom,83,0.08333333333333333,0,139.35,1,0,0,6,0,3,0,0
17719,38,18,5367.8,19.30863309352518,3.0,11.0,28.240000000000002,0.005261000782443459,447.31666666666666,Electronics,2045.0,United Kingdom,2455,1.5,217,5367.8,18,1,1,3,3,0,0,3
17720,26,4,1195.94,23.9188,0.0,0.0,0.0,0.0,99.66166666666668,Home Decor,438.35999999999996,United Kingdom,576,0.3333333333333333,341,1195.94,4,0,0,5,0,3,0,0
17722,96,6,2380.64,19.838666666666665,2.0,23.0,43.400000000000006,0.01823039182740776,198.38666666666666,Other,768.14,United Kingdom,1572,0.5,270,2380.64,6,0,0,7,0,3,0,0
17724,58,4,995.6500000000001,22.125555555555557,1.0,11.0,37.35,0.03751318234319289,82.97083333333335,Kitchen,367.5,United Kingdom,289,0.3333333333333333,80,995.6500000000001,4,0,0,6,0,3,0,0
17725,16,14,3371.13,17.025909090909092,3.0,21.0,67.95,0.020156446058146676,280.9275,Home Decor,977.08,United Kingdom,2141,1.1666666666666667,250,3371.13,14,1,1,5,3,3,0,3
17727,9,2,1042.55,15.560447761194029,1.0,6.0,17.700000000000003,0.016977602992662225,86.87916666666666,Kitchen,392.38,United Kingdom,639,0.16666666666666666,5,1042.55,2,0,0,6,0,3,0,0
17728,4,5,2515.68,14.88568047337278,2.0,5.0,360.3299999999999,0.1432336386185842,209.64,Kitchen,643.55,United Kingdom,1464,0.4166666666666667,82,2515.68,5,0,0,6,2,2,-1,2
17730,3,15,5288.83,24.040136363636364,2.0,9.0,9.65,0.0018246001478587892,440.73583333333335,Kitchen,1134.5800000000002,United Kingdom,3567,1.25,323,5288.83,15,1,1,6,3,0,0,3
17731,79,5,878.2,10.580722891566266,1.0,101.0,361.90999999999997,0.4121043042587109,73.18333333333334,Stationery,178.10999999999999,United Kingdom,392,0.4166666666666667,104,878.2,5,0,0,9,1,1,-1,1
17733,39,2,692.19,19.776857142857143,0.0,0.0,0.0,0.0,57.682500000000005,Home Decor,232.39000000000001,United Kingdom,463,0.16666666666666666,222,692.19,2,0,0,5,0,3,0,0
17734,54,3,700.63,16.293720930232556,0.0,0.0,0.0,0.0,58.38583333333333,Other,142.68,United Kingdom,422,0.25,180,700.63,3,0,0,7,0,3,0,0
17735,2,19,13110.02,19.000028985507246,0.0,0.0,0.0,0.0,1092.5016666666668,Bags,3492.94,United Kingdom,8439,1.5833333333333333,365,13110.02,19,1,1,1,3,0,-1,3
17736,9,4,337.49,12.980384615384615,1.0,1.0,39.95,0.11837387774452576,28.124166666666667,Home Decor,78.93,United Kingdom,237,0.3333333333333333,104,337.49,4,0,0,5,2,2,0,2
17737,9,2,168.24,16.824,0.0,0.0,0.0,0.0,14.020000000000001,Home Decor,80.04,United Kingdom,108,0.16666666666666666,49,168.24,2,0,0,5,0,3,0,0
17738,19,5,1863.35,18.82171717171717,1.0,2.0,15.7,0.008425684922317331,155.27916666666667,Kitchen,704.83,United Kingdom,1027,0.4166666666666667,262,1863.35,5,0,0,6,0,3,0,0
17739,12,8,2786.05,58.04270833333334,1.0,5.0,5.300000000000001,0.0019023348468261518,232.17083333333335,Textiles,978.0,United Kingdom,856,0.6666666666666666,348,2786.05,8,0,0,11,3,3,0,3
17742,113,2,355.11,23.674,0.0,0.0,0.0,0.0,29.5925,Home Decor,113.50999999999999,United Kingdom,89,0.16666666666666666,219,355.11,2,0,0,5,0,3,0,0
17744,4,7,2291.08,16.723211678832115,1.0,36.0,31.32,0.01367040871554027,190.92333333333332,Home Decor,433.6,United Kingdom,3376,0.5833333333333334,354,2291.08,7,0,0,5,0,3,0,0
17746,235,2,98.8,12.35,1.0,3.0,11.45,0.11589068825910931,8.233333333333333,Kitchen,70.6,United Kingdom,26,0.16666666666666666,5,98.8,2,0,0,6,2,2,0,2
17747,100,2,64.65,32.325,1.0,1.0,6.75,0.10440835266821345,5.3875,Electronics,64.65,United Kingdom,11,0.16666666666666666,12,64.65,2,0,0,3,2,2,0,2
17749,178,2,674.52,19.272,0.0,0.0,0.0,0.0,56.21,Home Decor,200.59,United Kingdom,320,0.16666666666666666,78,674.52,2,0,0,5,0,3,0,0
17750,5,9,1710.45,9.29592391304348,0.0,0.0,0.0,0.0,142.5375,Stationery,863.1,United Kingdom,3747,0.75,158,1710.45,9,0,0,9,0,3,0,0
17752,359,1,80.64,80.64,0.0,0.0,0.0,0.0,6.72,Other,80.64,United Kingdom,192,0.08333333333333333,0,80.64,1,0,0,7,0,3,0,0
17754,1,6,1632.31,18.136777777777777,1.0,49.0,32.34,0.019812413083299132,136.02583333333334,Kitchen,417.71,United Kingdom,1767,0.5,259,1632.31,6,0,0,6,0,3,0,0
17758,19,8,3408.2000000000003,8.436138613861386,0.0,0.0,0.0,0.0,284.0166666666667,Other,684.39,United Kingdom,2054,0.6666666666666666,230,3408.2000000000003,8,0,0,7,0,3,0,0
17759,17,3,819.96,9.110666666666667,0.0,0.0,0.0,0.0,68.33,Home Decor,291.96,United Kingdom,697,0.25,152,819.96,3,0,0,5,0,3,0,0
17760,22,2,287.59,11.503599999999999,0.0,0.0,0.0,0.0,23.965833333333332,Home Decor,71.34,United Kingdom,239,0.16666666666666666,351,287.59,2,0,0,5,0,3,0,0
17761,33,1,712.78,37.514736842105265,0.0,0.0,0.0,0.0,59.39833333333333,Home Decor,383.56,United Kingdom,398,0.08333333333333333,0,712.78,1,0,0,5,0,3,0,0
17763,263,1,15.0,15.0,0.0,0.0,0.0,0.0,1.25,Other,15.0,United Kingdom,12,0.08333333333333333,0,15.0,1,0,0,7,0,3,0,0
17764,51,2,772.55,10.880985915492957,0.0,0.0,0.0,0.0,64.37916666666666,Home Decor,172.59,United Kingdom,351,0.16666666666666666,160,772.55,2,0,0,5,0,3,0,0
17765,159,3,367.63,6.564821428571428,0.0,0.0,0.0,0.0,30.635833333333334,Kitchen,83.7,United Kingdom,143,0.25,98,367.63,3,0,0,6,0,3,0,0
17767,15,1,271.2,12.914285714285715,0.0,0.0,0.0,0.0,22.599999999999998,Home Decor,124.28,United Kingdom,128,0.08333333333333333,0,271.2,1,0,0,5,0,3,0,0
17768,8,3,2081.9,21.243877551020407,0.0,0.0,0.0,0.0,173.49166666666667,Home Decor,558.02,United Kingdom,1122,0.25,157,2081.9,3,0,0,5,0,3,0,0
17769,13,12,3920.08,12.76899022801303,2.0,5.0,37.35,0.009527866778229017,326.67333333333335,Other,1001.38,United Kingdom,1845,1.0,308,3920.08,12,1,0,7,3,3,0,3
17770,199,5,1143.27,30.086052631578948,0.0,0.0,0.0,0.0,95.2725,Electronics,491.09999999999997,United Kingdom,365,0.4166666666666667,83,1143.27,5,0,0,3,0,3,0,0
17771,57,2,245.81,4.552037037037037,0.0,0.0,0.0,0.0,20.484166666666667,Stationery,79.76,United Kingdom,287,0.16666666666666666,266,245.81,2,0,0,9,0,3,0,0
17772,11,2,173.45,3.469,0.0,0.0,0.0,0.0,14.454166666666666,Other,48.23,United Kingdom,55,0.16666666666666666,0,173.45,2,0,0,7,0,3,0,0
17774,97,5,1203.78,7.816753246753247,1.0,1.0,9.95,0.00826562993237967,100.315,Home Decor,249.36,United Kingdom,507,0.4166666666666667,208,1203.78,5,0,0,5,0,3,0,0
17775,255,1,56.4,18.8,0.0,0.0,0.0,0.0,4.7,Home Decor,36.0,United Kingdom,72,0.08333333333333333,0,56.4,1,0,0,5,0,3,0,0
17777,25,3,647.56,3.408210526315789,0.0,0.0,0.0,0.0,53.96333333333333,Home Decor,275.6,United Kingdom,501,0.25,75,647.56,3,0,0,5,0,3,0,0
17779,21,5,633.92,7.637590361445783,2.0,3.0,16.4,0.025870772337203432,52.82666666666666,Home Decor,266.65,United Kingdom,393,0.4166666666666667,122,633.92,5,0,0,5,0,3,0,0
17781,159,2,188.02,15.668333333333335,0.0,0.0,0.0,0.0,15.668333333333335,Other,161.42000000000002,United Kingdom,34,0.16666666666666666,93,188.02,2,0,0,7,0,3,0,0
17783,72,2,283.47,4.23089552238806,0.0,0.0,0.0,0.0,23.622500000000002,Stationery,134.79,United Kingdom,354,0.16666666666666666,175,283.47,2,0,0,9,0,3,0,0
17785,53,1,131.94,10.149230769230769,0.0,0.0,0.0,0.0,10.995,Seasonal,43.75,United Kingdom,67,0.08333333333333333,0,131.94,1,0,0,8,0,3,0,0
17786,85,2,266.85,3.9242647058823534,0.0,0.0,0.0,0.0,22.2375,Home Decor,86.62,United Kingdom,195,0.16666666666666666,231,266.85,2,0,0,5,0,3,0,0
17787,153,4,1817.54,14.19953125,0.0,0.0,0.0,0.0,151.46166666666667,Home Decor,1151.1000000000001,United Kingdom,896,0.3333333333333333,218,1817.54,4,0,0,5,0,3,0,0
17788,74,2,1117.9,223.58,0.0,0.0,0.0,0.0,93.15833333333335,Electronics,834.7,United Kingdom,211,0.16666666666666666,55,1117.9,2,0,0,3,3,0,-1,3
17789,281,1,225.9,16.135714285714286,0.0,0.0,0.0,0.0,18.825,Crockery,155.25,United Kingdom,74,0.08333333333333333,0,225.9,1,0,0,2,0,3,0,0
17790,27,14,1964.3,10.393121693121692,0.0,0.0,0.0,0.0,163.69166666666666,Home Decor,1206.79,United Kingdom,835,1.1666666666666667,338,1964.3,14,1,1,5,0,3,0,0
17791,30,1,106.1,10.61,0.0,0.0,0.0,0.0,8.841666666666667,Kitchen,70.6,United Kingdom,46,0.08333333333333333,0,106.1,1,0,0,6,0,3,0,0
17793,25,1,300.34,5.77576923076923,0.0,0.0,0.0,0.0,25.028333333333332,Other,86.50999999999999,United Kingdom,226,0.08333333333333333,0,300.34,1,0,0,7,0,3,0,0
17795,180,2,342.83,7.618444444444444,0.0,0.0,0.0,0.0,28.569166666666664,Other,117.14999999999999,United Kingdom,305,0.16666666666666666,85,342.83,2,0,0,7,0,3,0,0
17796,40,4,690.0,8.518518518518519,0.0,0.0,0.0,0.0,57.5,Kitchen,304.2,United Kingdom,176,0.3333333333333333,329,690.0,4,0,0,6,0,3,0,0
17797,22,3,780.43,7.0309009009009005,0.0,0.0,0.0,0.0,65.03583333333333,Home Decor,278.43,United Kingdom,498,0.25,160,780.43,3,0,0,5,0,3,0,0
17799,22,11,3009.32,7.4121182266009855,1.0,3.0,29.849999999999998,0.009919184400462562,250.77666666666667,Other,847.98,United Kingdom,1750,0.9166666666666666,339,3009.32,11,1,0,7,0,3,0,0
17800,37,9,1187.21,11.526310679611651,0.0,0.0,0.0,0.0,98.93416666666667,Bags,273.15,United Kingdom,732,0.75,296,1187.21,9,0,0,1,0,3,0,0
17802,82,4,1251.84,8.515918367346938,1.0,9.0,33.2,0.02652096114519428,104.32,Home Decor,380.18,United Kingdom,743,0.3333333333333333,290,1251.84,4,0,0,5,0,3,0,0
17805,74,1,512.31,51.230999999999995,0.0,0.0,0.0,0.0,42.692499999999995,Electronics,184.32,United Kingdom,478,0.08333333333333333,0,512.31,1,0,0,3,0,3,0,0
17806,11,1,546.04,12.698604651162789,0.0,0.0,0.0,0.0,45.50333333333333,Other,233.13,United Kingdom,727,0.08333333333333333,0,546.04,1,0,0,7,0,3,0,0
17809,16,15,4627.62,72.3065625,3.0,42.0,784.29,0.16948020796867505,385.635,Textiles,1227.0,United Kingdom,2015,1.25,357,4627.62,15,1,1,11,2,2,-1,2
17812,13,4,699.81,5.261729323308271,0.0,0.0,0.0,0.0,58.317499999999995,Home Decor,159.43,United Kingdom,329,0.3333333333333333,355,699.81,4,0,0,5,0,3,0,0
17813,14,7,1641.79,4.624760563380281,2.0,13.0,56.279999999999994,0.034279658177964294,136.81583333333333,Home Decor,459.96,United Kingdom,739,0.5833333333333334,57,1641.79,7,0,0,5,0,3,0,0
17816,37,4,36.56,2.150588235294118,0.0,0.0,0.0,0.0,3.046666666666667,Other,13.12,United Kingdom,30,0.3333333333333333,328,36.56,4,0,0,7,0,3,0,0
17817,4,3,387.68,11.747878787878788,0.0,0.0,0.0,0.0,32.306666666666665,Other,282.65999999999997,United Kingdom,67,0.25,272,387.68,3,0,0,7,0,3,0,0
17819,72,8,3661.0699999999997,74.71571428571428,1.0,4.0,43.8,0.011963715525788909,305.08916666666664,Kitchen,1774.1999999999998,United Kingdom,1027,0.6666666666666666,299,3661.0699999999997,8,0,0,6,3,3,-1,3
17824,51,1,298.4,22.95384615384615,0.0,0.0,0.0,0.0,24.866666666666664,Stationery,110.4,United Kingdom,408,0.08333333333333333,0,298.4,1,0,0,9,0,3,0,0
17827,5,5,1987.33,9.24339534883721,0.0,0.0,0.0,0.0,165.61083333333332,Other,651.3,United Kingdom,1240,0.4166666666666667,359,1987.33,5,0,0,7,0,3,0,0
17828,9,9,1599.97,19.511829268292683,5.0,26.0,220.12,0.1375775795796171,133.33083333333335,Stationery,525.0,Malta,641,0.75,176,1599.97,9,0,0,9,2,2,-1,2
17829,299,1,889.24,29.641333333333332,0.0,0.0,0.0,0.0,74.10333333333334,Home Decor,385.08,United Arab Emirates,496,0.08333333333333333,0,889.24,1,0,0,5,0,3,0,0
17830,2,3,398.7,17.33478260869565,0.0,0.0,0.0,0.0,33.225,Kitchen,106.6,United Kingdom,92,0.25,287,398.7,3,0,0,6,0,3,0,0
17831,33,1,35.400000000000006,17.700000000000003,0.0,0.0,0.0,0.0,2.9500000000000006,Crockery,35.400000000000006,United Kingdom,12,0.08333333333333333,0,35.400000000000006,1,0,0,2,0,3,0,0
17832,50,1,155.37,2.547049180327869,0.0,0.0,0.0,0.0,12.9475,Kitchen,44.82,United Kingdom,208,0.08333333333333333,0,155.37,1,0,0,6,0,3,0,0
17835,3,3,342.24,5.800677966101695,0.0,0.0,0.0,0.0,28.52,Home Decor,53.1,United Kingdom,344,0.25,20,342.24,3,0,0,5,0,3,0,0
17836,47,1,110.21000000000001,4.592083333333334,0.0,0.0,0.0,0.0,9.184166666666668,Crockery,52.2,United Kingdom,88,0.08333333333333333,0,110.21000000000001,1,0,0,2,0,3,0,0
17837,42,10,1508.38,9.141696969696971,2.0,3.0,32.85,0.021778331720123577,125.69833333333334,Home Decor,502.18,United Kingdom,507,0.8333333333333334,120,1508.38,10,0,0,5,0,3,0,0
17838,27,6,2267.4,17.17727272727273,1.0,434.0,453.4000000000001,0.199964717297345,188.95000000000002,Kitchen,803.74,United Kingdom,1397,0.5,345,2267.4,6,0,0,6,2,2,-1,2
17839,42,1,318.15,6.11826923076923,0.0,0.0,0.0,0.0,26.5125,Stationery,94.67,United Kingdom,257,0.08333333333333333,0,318.15,1,0,0,9,0,3,0,0
17843,303,1,205.48,5.553513513513513,0.0,0.0,0.0,0.0,17.12333333333333,Other,84.75,United Kingdom,113,0.08333333333333333,0,205.48,1,0,0,7,0,3,0,0
17844,107,1,51.559999999999995,10.312,0.0,0.0,0.0,0.0,4.296666666666666,Kitchen,36.56,Canada,52,0.08333333333333333,0,51.559999999999995,1,0,0,6,0,3,0,0
17848,81,9,901.1999999999999,17.670588235294115,0.0,0.0,0.0,0.0,75.1,Home Decor,350.78,United Kingdom,398,0.75,276,901.1999999999999,9,0,0,5,0,3,0,0
17849,218,4,605.8000000000001,23.300000000000004,0.0,0.0,0.0,0.0,50.48333333333334,Furniture,279.65000000000003,United Kingdom,114,0.3333333333333333,115,605.8000000000001,4,0,0,4,0,3,0,0
17850,302,35,5303.4800000000005,17.163365695792884,1.0,37.0,87.73000000000002,0.016541968669628246,441.9566666666667,Other,1947.98,United Kingdom,1696,2.9166666666666665,71,5303.4800000000005,35,0,1,7,3,0,-1,3
17852,12,2,114.34,4.764166666666667,0.0,0.0,0.0,0.0,9.528333333333334,Other,44.24,United Kingdom,53,0.16666666666666666,0,114.34,2,0,0,7,0,3,0,0
17854,185,2,311.26,20.750666666666667,0.0,0.0,0.0,0.0,25.938333333333333,Home Decor,278.11,United Kingdom,84,0.16666666666666666,41,311.26,2,0,0,5,0,3,0,0
17856,2,6,1393.79,81.98764705882353,2.0,16.0,24.240000000000002,0.017391429124904042,116.14916666666666,Kitchen,587.4000000000001,United Kingdom,826,0.5,279,1393.79,6,0,0,6,3,3,-1,3
17858,6,12,5140.66,26.09472081218274,0.0,0.0,0.0,0.0,428.3883333333333,Other,2421.22,United Kingdom,2694,1.0,363,5140.66,12,1,0,7,3,0,0,3
17859,305,1,141.92000000000002,6.170434782608696,0.0,0.0,0.0,0.0,11.826666666666668,Other,48.42,United Kingdom,102,0.08333333333333333,0,141.92000000000002,1,0,0,7,0,3,0,0
17860,369,1,226.45000000000002,4.354807692307693,0.0,0.0,0.0,0.0,18.870833333333334,Other,66.08,United Kingdom,93,0.08333333333333333,0,226.45000000000002,1,0,0,7,0,3,0,0
17861,3,9,2056.2799999999997,9.346727272727271,1.0,20.0,41.6,0.020230707880249773,171.35666666666665,Kitchen,457.36,United Kingdom,1965,0.75,316,2056.2799999999997,9,0,0,6,0,3,0,0
17862,324,1,330.9,30.08181818181818,0.0,0.0,0.0,0.0,27.575,Other,199.9,United Kingdom,100,0.08333333333333333,0,330.9,1,0,0,7,0,3,0,0
17863,59,6,3160.0,21.35135135135135,0.0,0.0,0.0,0.0,263.3333333333333,Stationery,633.9,United Kingdom,2638,0.5,310,3160.0,6,0,0,9,0,3,0,0
17864,13,3,554.85,6.165,0.0,0.0,0.0,0.0,46.237500000000004,Stationery,160.67000000000002,United Kingdom,706,0.25,262,554.85,3,0,0,9,0,3,0,0
17865,31,27,10158.54,26.11449871465296,7.0,59.0,367.78,0.0362040214440264,846.5450000000001,Kitchen,2960.27,United Kingdom,5698,2.25,333,10158.54,27,1,1,6,3,0,-1,3
17866,143,2,325.7,32.57,1.0,1.0,3.95,0.012127724900214923,27.141666666666666,Other,162.8,United Kingdom,173,0.16666666666666666,0,325.7,2,0,0,7,0,3,0,0
17869,107,5,428.18,10.7045,0.0,0.0,0.0,0.0,35.681666666666665,Other,70.72,United Kingdom,111,0.4166666666666667,260,428.18,5,0,0,7,0,3,0,0
17870,2,13,1860.94,6.866937269372694,1.0,1.0,4.95,0.0026599460487710513,155.07833333333335,Home Decor,509.7,United Kingdom,1350,1.0833333333333333,364,1860.94,13,1,1,5,0,3,0,0
17871,205,1,155.9,15.59,0.0,0.0,0.0,0.0,12.991666666666667,Toys,66.4,United Kingdom,182,0.08333333333333333,0,155.9,1,0,0,12,0,3,0,0
17873,80,6,1754.16,38.98133333333333,1.0,48.0,94.80000000000001,0.05404296073334246,146.18,Home Decor,933.85,United Kingdom,987,0.5,293,1754.16,6,0,0,5,0,3,0,0
17874,185,7,658.26,14.005531914893616,1.0,12.0,25.200000000000003,0.03828274541974296,54.855,Crockery,175.55,United Kingdom,209,0.5833333333333334,70,658.26,7,0,0,2,0,3,0,0
17877,170,1,237.61,19.800833333333333,0.0,0.0,0.0,0.0,19.800833333333333,Kitchen,86.96,United Kingdom,98,0.08333333333333333,0,237.61,1,0,0,6,0,3,0,0
17878,44,1,379.45,14.59423076923077,0.0,0.0,0.0,0.0,31.620833333333334,Home Decor,171.1,United Kingdom,401,0.08333333333333333,0,379.45,1,0,0,5,0,3,0,0
17879,174,1,178.51999999999998,29.75333333333333,0.0,0.0,0.0,0.0,14.876666666666665,Storage,129.35999999999999,United Kingdom,45,0.08333333333333333,0,178.51999999999998,1,0,0,10,0,3,0,0
17880,365,1,458.92,17.65076923076923,0.0,0.0,0.0,0.0,38.24333333333333,Kitchen,96.98,United Kingdom,314,0.08333333333333333,0,458.92,1,0,0,6,0,3,0,0
17881,304,1,133.35000000000002,16.668750000000003,0.0,0.0,0.0,0.0,11.112500000000002,Other,90.10000000000001,United Kingdom,32,0.08333333333333333,0,133.35000000000002,1,0,0,7,0,3,0,0
17883,3,4,664.34,4.6784507042253525,0.0,0.0,0.0,0.0,55.36166666666667,Kitchen,322.85,United Kingdom,374,0.3333333333333333,242,664.34,4,0,0,6,0,3,0,0
17884,4,4,695.0699999999999,6.151061946902654,0.0,0.0,0.0,0.0,57.92249999999999,Other,293.28,United Kingdom,817,0.3333333333333333,367,695.0699999999999,4,0,0,7,0,3,0,0
17885,12,1,156.34,2.949811320754717,0.0,0.0,0.0,0.0,13.028333333333334,Electronics,36.03,United Kingdom,110,0.08333333333333333,0,156.34,1,0,0,3,0,3,0,0
17886,32,3,869.28,8.52235294117647,0.0,0.0,0.0,0.0,72.44,Kitchen,264.98,United Kingdom,469,0.25,217,869.28,3,0,0,6,0,3,0,0
17887,129,1,111.35,11.135,0.0,0.0,0.0,0.0,9.279166666666667,Other,39.9,United Kingdom,30,0.08333333333333333,0,111.35,1,0,0,7,0,3,0,0
17888,19,10,515.73,6.528227848101266,2.0,549.0,200.27,0.38832334748802666,42.9775,Electronics,202.75,United Kingdom,424,0.8333333333333334,338,515.73,10,0,0,3,1,1,-1,1
17889,212,2,201.37,10.0685,0.0,0.0,0.0,0.0,16.780833333333334,Crockery,64.9,United Kingdom,77,0.16666666666666666,109,201.37,2,0,0,2,0,3,0,0
17890,323,2,586.89,6.449340659340659,0.0,0.0,0.0,0.0,48.9075,Crockery,230.77,United Kingdom,402,0.16666666666666666,38,586.89,2,0,0,2,0,3,0,0
17891,162,1,203.85999999999999,5.995882352941176,0.0,0.0,0.0,0.0,16.988333333333333,Stationery,121.08,United Kingdom,393,0.08333333333333333,0,203.85999999999999,1,0,0,9,0,3,0,0
17892,56,3,244.1,8.717857142857143,0.0,0.0,0.0,0.0,20.341666666666665,Kitchen,109.9,United Kingdom,109,0.25,99,244.1,3,0,0,6,0,3,0,0
17893,225,1,107.21,7.147333333333333,0.0,0.0,0.0,0.0,8.934166666666666,Stationery,56.7,United Kingdom,149,0.08333333333333333,0,107.21,1,0,0,9,0,3,0,0
17894,72,8,1118.96,5.827916666666667,0.0,0.0,0.0,0.0,93.24666666666667,Home Decor,373.4,United Kingdom,404,0.6666666666666666,294,1118.96,8,0,0,5,0,3,0,0
17895,44,1,95.45,6.363333333333333,0.0,0.0,0.0,0.0,7.954166666666667,Stationery,40.08,United Kingdom,127,0.08333333333333333,0,95.45,1,0,0,9,0,3,0,0
17896,23,1,256.32,128.16,0.0,0.0,0.0,0.0,21.36,Crockery,152.64000000000001,United Kingdom,288,0.08333333333333333,0,256.32,1,0,0,2,3,3,0,3
17897,173,4,516.3100000000001,4.736788990825689,1.0,6.0,25.5,0.04938893300536499,43.02583333333334,Other,197.99,United Kingdom,216,0.3333333333333333,200,516.3100000000001,4,0,0,7,0,3,0,0
17898,85,2,152.06,5.430714285714286,0.0,0.0,0.0,0.0,12.671666666666667,Home Decor,36.959999999999994,United Kingdom,190,0.16666666666666666,121,152.06,2,0,0,5,0,3,0,0
17899,159,1,154.55,4.985483870967743,0.0,0.0,0.0,0.0,12.879166666666668,Other,62.93,United Kingdom,170,0.08333333333333333,0,154.55,1,0,0,7,0,3,0,0
17901,29,1,110.38,5.809473684210526,0.0,0.0,0.0,0.0,9.198333333333332,Other,41.09,United Kingdom,24,0.08333333333333333,0,110.38,1,0,0,7,0,3,0,0
17904,21,2,168.32,4.809142857142857,1.0,1.0,12.75,0.0757485741444867,14.026666666666666,Home Decor,54.809999999999995,United Kingdom,58,0.16666666666666666,0,168.32,2,0,0,5,2,3,0,2
17905,71,4,798.99,24.21181818181818,0.0,0.0,0.0,0.0,66.5825,Stationery,350.1,United Kingdom,406,0.3333333333333333,302,798.99,4,0,0,9,0,3,0,0
17906,247,1,72.9,6.075,0.0,0.0,0.0,0.0,6.075,Crockery,34.65,United Kingdom,26,0.08333333333333333,0,72.9,1,0,0,2,0,3,0,0
17911,9,1,366.23,9.390512820512821,0.0,0.0,0.0,0.0,30.519166666666667,Kitchen,56.21,United Kingdom,223,0.08333333333333333,0,366.23,1,0,0,6,0,3,0,0
17912,310,6,294.66,7.555384615384616,1.0,2.0,15.399999999999999,0.05226362587388854,24.555000000000003,Stationery,83.96,United Kingdom,182,0.5,54,294.66,6,0,0,9,0,3,0,0
17913,59,2,408.65,7.0456896551724135,0.0,0.0,0.0,0.0,34.05416666666667,Other,130.41,United Kingdom,288,0.16666666666666666,296,408.65,2,0,0,7,0,3,0,0
17914,4,1,329.36,4.391466666666667,0.0,0.0,0.0,0.0,27.44666666666667,Home Decor,99.33,United Kingdom,457,0.08333333333333333,0,329.36,1,0,0,5,0,3,0,0
17917,45,3,335.03,3.6416304347826083,0.0,0.0,0.0,0.0,27.919166666666666,Other,98.06,United Kingdom,184,0.25,317,335.03,3,0,0,7,0,3,0,0
17919,88,1,1304.04,56.697391304347825,0.0,0.0,0.0,0.0,108.67,Stationery,492.36,United Kingdom,756,0.08333333333333333,0,1304.04,1,0,0,9,0,3,0,0
17921,64,4,820.23,5.776267605633803,0.0,0.0,0.0,0.0,68.3525,Home Decor,304.81,United Kingdom,425,0.3333333333333333,202,820.23,4,0,0,5,0,3,0,0
17923,282,1,207.50000000000003,207.50000000000003,0.0,0.0,0.0,0.0,17.291666666666668,Storage,207.50000000000003,United Kingdom,50,0.08333333333333333,0,207.50000000000003,1,0,0,10,3,0,-1,3
17926,133,2,397.29,18.91857142857143,0.0,0.0,0.0,0.0,33.1075,Other,199.3,United Kingdom,306,0.16666666666666666,70,397.29,2,0,0,7,0,3,0,0
17928,45,2,212.54,9.240869565217391,0.0,0.0,0.0,0.0,17.711666666666666,Other,127.82000000000001,United Kingdom,140,0.16666666666666666,200,212.54,2,0,0,7,0,3,0,0
17929,11,5,834.5,139.08333333333334,1.0,1.0,8.5,0.01018573996405033,69.54166666666667,Toys,399.5,United Kingdom,107,0.4166666666666667,297,834.5,5,0,0,12,3,3,-1,3
17930,36,5,1740.48,44.62769230769231,0.0,0.0,0.0,0.0,145.04,Home Decor,1024.08,United Kingdom,1594,0.4166666666666667,203,1740.48,5,0,0,5,0,3,0,0
17931,134,2,408.36,6.282461538461539,0.0,0.0,0.0,0.0,34.03,Stationery,84.12,United Kingdom,249,0.16666666666666666,121,408.36,2,0,0,9,0,3,0,0
17932,29,3,1331.57,14.795222222222222,0.0,0.0,0.0,0.0,110.96416666666666,Other,337.01,United Kingdom,789,0.25,182,1331.57,3,0,0,7,0,3,0,0
17934,52,2,704.25,33.535714285714285,0.0,0.0,0.0,0.0,58.6875,Storage,255.0,United Kingdom,478,0.16666666666666666,7,704.25,2,0,0,10,0,3,0,0
17935,138,2,145.79,5.027241379310345,0.0,0.0,0.0,0.0,12.149166666666666,Stationery,48.5,United Kingdom,82,0.16666666666666666,3,145.79,2,0,0,9,0,3,0,0
17936,5,1,380.13,5.279583333333333,0.0,0.0,0.0,0.0,31.6775,Other,66.46,United Kingdom,257,0.08333333333333333,0,380.13,1,0,0,7,0,3,0,0
17937,9,7,4301.22,100.02837209302326,0.0,0.0,0.0,0.0,358.435,Stationery,1033.98,United Kingdom,1754,0.5833333333333334,353,4301.22,7,0,0,9,3,3,-1,3
17939,160,1,99.14,8.261666666666667,0.0,0.0,0.0,0.0,8.261666666666667,Crockery,38.050000000000004,United Kingdom,40,0.08333333333333333,0,99.14,1,0,0,2,0,3,0,0
17941,131,1,304.56,152.28,0.0,0.0,0.0,0.0,25.38,Other,165.36,United Kingdom,252,0.08333333333333333,0,304.56,1,0,0,7,3,3,0,3
17942,8,1,77.50000000000001,38.75000000000001,0.0,0.0,0.0,0.0,6.458333333333335,Other,77.50000000000001,United Kingdom,38,0.08333333333333333,0,77.50000000000001,1,0,0,7,0,3,0,0
17946,233,2,149.57999999999998,7.478999999999999,0.0,0.0,0.0,0.0,12.464999999999998,Other,60.58,United Kingdom,75,0.16666666666666666,26,149.57999999999998,2,0,0,7,0,3,0,0
17947,37,1,176.68,19.63111111111111,0.0,0.0,0.0,0.0,14.723333333333334,Storage,45.0,United Kingdom,168,0.08333333333333333,0,176.68,1,0,0,10,0,3,0,0
17950,72,4,472.12,6.557222222222222,1.0,24.0,10.08,0.0213505041091248,39.343333333333334,Kitchen,87.80000000000001,United Kingdom,342,0.3333333333333333,293,472.12,4,0,0,6,0,3,0,0
17951,40,4,990.8400000000001,47.18285714285715,1.0,6.0,17.700000000000003,0.017863630858665377,82.57000000000001,Home Decor,414.36000000000007,United Kingdom,610,0.3333333333333333,333,990.8400000000001,4,0,0,5,0,3,0,0
17954,5,16,2276.78,4.733430353430354,4.0,5.0,37.349999999999994,0.01640474705505143,189.73166666666668,Other,554.96,United Kingdom,2216,1.3333333333333333,365,2276.78,16,1,1,7,3,3,0,3
17955,199,4,557.3,29.331578947368417,0.0,0.0,0.0,0.0,46.44166666666666,Electronics,338.5,United Kingdom,273,0.3333333333333333,20,557.3,4,0,0,3,0,3,0,0
17956,249,1,12.75,12.75,0.0,0.0,0.0,0.0,1.0625,Other,12.75,United Kingdom,1,0.08333333333333333,0,12.75,1,0,0,7,0,3,0,0
17957,66,1,111.68,3.6025806451612907,0.0,0.0,0.0,0.0,9.306666666666667,Home Decor,24.48,United Kingdom,287,0.08333333333333333,0,111.68,1,0,0,5,0,3,0,0
17958,117,1,508.4599999999999,72.63714285714285,0.0,0.0,0.0,0.0,42.37166666666666,Other,372.29999999999995,United Kingdom,84,0.08333333333333333,0,508.4599999999999,1,0,0,7,0,3,0,0
17960,171,1,73.78,2.8376923076923077,0.0,0.0,0.0,0.0,6.148333333333333,Stationery,38.24000000000001,United Kingdom,41,0.08333333333333333,0,73.78,1,0,0,9,0,3,0,0
17962,142,1,102.41,3.0120588235294115,0.0,0.0,0.0,0.0,8.534166666666666,Home Decor,30.6,United Kingdom,127,0.08333333333333333,0,102.41,1,0,0,5,0,3,0,0
17964,32,2,463.21,4.726632653061224,0.0,0.0,0.0,0.0,38.600833333333334,Stationery,94.42999999999999,United Kingdom,294,0.16666666666666666,340,463.21,2,0,0,9,0,3,0,0
17965,38,14,2599.19,7.997507692307693,0.0,0.0,0.0,0.0,216.59916666666666,Electronics,473.2,United Kingdom,1532,1.1666666666666667,331,2599.19,14,1,1,3,0,3,0,0
17966,38,5,1098.43,16.15338235294118,0.0,0.0,0.0,0.0,91.53583333333334,Stationery,721.45,United Kingdom,2571,0.4166666666666667,223,1098.43,5,0,0,9,0,3,0,0
17969,166,2,228.2,16.3,0.0,0.0,0.0,0.0,19.016666666666666,Other,139.75,United Kingdom,152,0.16666666666666666,194,228.2,2,0,0,7,0,3,0,0
17970,211,1,562.79,19.40655172413793,0.0,0.0,0.0,0.0,46.899166666666666,Other,263.82,United Kingdom,513,0.08333333333333333,0,562.79,1,0,0,7,0,3,0,0
17972,242,1,135.19,4.506333333333333,0.0,0.0,0.0,0.0,11.265833333333333,Other,65.65,United Kingdom,36,0.08333333333333333,0,135.19,1,0,0,7,0,3,0,0
17973,52,1,337.04,22.469333333333335,0.0,0.0,0.0,0.0,28.08666666666667,Storage,135.0,United Kingdom,176,0.08333333333333333,0,337.04,1,0,0,10,0,3,0,0
17974,25,3,703.99,4.266606060606061,0.0,0.0,0.0,0.0,58.66583333333333,Home Decor,198.01,United Kingdom,500,0.25,194,703.99,3,0,0,5,0,3,0,0
17975,15,14,4388.06,14.925374149659865,1.0,16.0,95.2,0.021695236619371658,365.6716666666667,Home Decor,1972.4,United Kingdom,1549,1.1666666666666667,351,4388.06,14,1,1,5,3,3,0,3
17977,29,1,288.14,13.72095238095238,0.0,0.0,0.0,0.0,24.011666666666667,Other,113.61999999999999,United Kingdom,342,0.08333333333333333,0,288.14,1,0,0,7,0,3,0,0
17978,365,1,300.91999999999996,25.076666666666664,0.0,0.0,0.0,0.0,25.076666666666664,Home Decor,158.82,United Kingdom,499,0.08333333333333333,0,300.91999999999996,1,0,0,5,0,3,0,0
17979,36,5,712.51,5.125971223021582,1.0,2.0,19.9,0.027929432569367446,59.37583333333333,Other,155.64,United Kingdom,381,0.4166666666666667,224,712.51,5,0,0,7,0,3,0,0
17980,166,3,811.45,27.048333333333336,0.0,0.0,0.0,0.0,67.62083333333334,Electronics,488.85,United Kingdom,682,0.25,193,811.45,3,0,0,3,0,3,0,0
17984,145,1,152.68,3.1808333333333336,0.0,0.0,0.0,0.0,12.723333333333334,Other,36.97,United Kingdom,98,0.08333333333333333,0,152.68,1,0,0,7,0,3,0,0
17985,22,1,631.35,30.064285714285717,0.0,0.0,0.0,0.0,52.612500000000004,Other,386.0,United Kingdom,171,0.08333333333333333,0,631.35,1,0,0,7,0,3,0,0
17986,56,1,20.8,20.8,0.0,0.0,0.0,0.0,1.7333333333333334,Bags,20.8,United Kingdom,10,0.08333333333333333,0,20.8,1,0,0,1,0,3,0,0
17987,185,1,198.57,15.274615384615384,0.0,0.0,0.0,0.0,16.5475,Stationery,57.78,United Kingdom,261,0.08333333333333333,0,198.57,1,0,0,9,0,3,0,0
17988,12,8,191.17000000000002,4.9017948717948725,1.0,1.0,9.95,0.052047915467908136,15.930833333333334,Other,78.72,United Kingdom,42,0.6666666666666666,314,191.17000000000002,8,0,0,7,0,3,0,0
17990,237,3,630.84,21.753103448275862,0.0,0.0,0.0,0.0,52.57,Storage,216.3,United Kingdom,414,0.25,124,630.84,3,0,0,10,0,3,0,0
17991,225,2,93.35,18.669999999999998,0.0,0.0,0.0,0.0,7.779166666666666,Crockery,64.9,United Kingdom,25,0.16666666666666666,0,93.35,2,0,0,2,0,3,0,0
17994,122,6,626.09,7.635243902439025,2.0,24.0,48.8,0.07794406554968135,52.17416666666667,Other,161.62,United Kingdom,471,0.5,169,626.09,6,0,0,7,2,3,0,2
17995,282,1,76.1,38.05,0.0,0.0,0.0,0.0,6.341666666666666,Stationery,76.1,United Kingdom,133,0.08333333333333333,0,76.1,1,0,0,9,0,3,0,0
17997,74,12,1503.09,8.444325842696628,4.0,220.0,459.37000000000006,0.3056170954500396,125.2575,Other,465.42,United Kingdom,2053,1.0,89,1503.09,12,0,0,7,1,1,-1,1
17999,37,2,380.39,4.18010989010989,0.0,0.0,0.0,0.0,31.699166666666667,Other,91.06,United Kingdom,219,0.16666666666666666,329,380.39,2,0,0,7,0,3,0,0
18001,12,2,415.13,7.282982456140351,0.0,0.0,0.0,0.0,34.594166666666666,Stationery,97.28,United Kingdom,362,0.16666666666666666,74,415.13,2,0,0,9,0,3,0,0
18004,362,1,157.92,4.268108108108108,0.0,0.0,0.0,0.0,13.159999999999998,Other,35.14,United Kingdom,75,0.08333333333333333,0,157.92,1,0,0,7,0,3,0,0
18005,4,2,226.47,4.273018867924528,0.0,0.0,0.0,0.0,18.8725,Other,50.83,United Kingdom,86,0.16666666666666666,43,226.47,2,0,0,7,0,3,0,0
18006,23,1,444.68,20.212727272727275,0.0,0.0,0.0,0.0,37.056666666666665,Kitchen,144.75,United Kingdom,220,0.08333333333333333,0,444.68,1,0,0,6,0,3,0,0
18008,70,9,2116.19,70.53966666666666,0.0,0.0,0.0,0.0,176.34916666666666,Storage,977.75,United Kingdom,1581,0.75,248,2116.19,9,0,0,10,3,3,0,3
18009,235,2,242.29,7.5715625,1.0,2.0,5.1,0.02104915597011845,20.190833333333334,Home Decor,79.55,United Kingdom,123,0.16666666666666666,0,242.29,2,0,0,5,0,3,0,0
18010,257,1,174.8,12.485714285714286,0.0,0.0,0.0,0.0,14.566666666666668,Kitchen,103.65,United Kingdom,60,0.08333333333333333,0,174.8,1,0,0,6,0,3,0,0
18013,155,2,187.29,6.041612903225806,0.0,0.0,0.0,0.0,15.6075,Other,80.61,United Kingdom,285,0.16666666666666666,0,187.29,2,0,0,7,0,3,0,0
18014,28,1,162.22,5.407333333333333,0.0,0.0,0.0,0.0,13.518333333333333,Other,68.49,United Kingdom,66,0.08333333333333333,0,162.22,1,0,0,7,0,3,0,0
18015,4,1,120.03,2.6093478260869567,0.0,0.0,0.0,0.0,10.0025,Home Decor,49.84,United Kingdom,157,0.08333333333333333,0,120.03,1,0,0,5,0,3,0,0
18016,32,5,1477.66,12.111967213114754,0.0,0.0,0.0,0.0,123.13833333333334,Home Decor,362.26,United Kingdom,1027,0.4166666666666667,331,1477.66,5,0,0,5,0,3,0,0
18017,81,3,523.0,174.33333333333334,0.0,0.0,0.0,0.0,43.583333333333336,Kitchen,523.0,United Kingdom,300,0.25,229,523.0,3,0,0,6,3,0,2,3
18018,108,2,122.14,4.211724137931035,0.0,0.0,0.0,0.0,10.178333333333333,Other,55.19,United Kingdom,55,0.16666666666666666,91,122.14,2,0,0,7,0,3,0,0
18019,52,1,38.45,7.69,0.0,0.0,0.0,0.0,3.204166666666667,Kitchen,14.899999999999999,United Kingdom,7,0.08333333333333333,0,38.45,1,0,0,6,0,3,0,0
18022,36,1,612.72,3.73609756097561,0.0,0.0,0.0,0.0,51.06,Other,157.89,United Kingdom,703,0.08333333333333333,0,612.72,1,0,0,7,0,3,0,0
18024,153,3,236.77999999999997,10.762727272727272,1.0,36.0,153.0,0.6461694399864855,19.731666666666666,Storage,90.0,United Kingdom,148,0.25,0,236.77999999999997,3,0,0,10,1,1,-1,1
18027,99,1,115.31,5.490952380952381,0.0,0.0,0.0,0.0,9.609166666666667,Bags,29.75,United Kingdom,78,0.08333333333333333,0,115.31,1,0,0,1,0,3,0,0
18030,4,3,220.7,22.07,1.0,1.0,9.95,0.04508382419574082,18.391666666666666,Crockery,88.5,United Kingdom,66,0.25,38,220.7,3,0,0,2,0,3,0,0
18032,334,1,73.5,14.7,0.0,0.0,0.0,0.0,6.125,Other,34.8,United Kingdom,42,0.08333333333333333,0,73.5,1,0,0,7,0,3,0,0
18033,65,1,93.82000000000001,2.8430303030303032,0.0,0.0,0.0,0.0,7.818333333333334,Other,42.72,United Kingdom,252,0.08333333333333333,0,93.82000000000001,1,0,0,7,0,3,0,0
18034,22,2,418.68,3.8061818181818183,0.0,0.0,0.0,0.0,34.89,Home Decor,162.95,United Kingdom,559,0.16666666666666666,0,418.68,2,0,0,5,0,3,0,0
18035,36,3,713.89,14.569183673469388,0.0,0.0,0.0,0.0,59.490833333333335,Stationery,239.07999999999998,United Kingdom,584,0.25,7,713.89,3,0,0,9,0,3,0,0
18036,32,3,403.12,4.288510638297873,0.0,0.0,0.0,0.0,33.593333333333334,Electronics,100.6,United Kingdom,232,0.25,213,403.12,3,0,0,3,0,3,0,0
18037,154,6,70.02,3.685263157894737,0.0,0.0,0.0,0.0,5.835,Other,32.92,United Kingdom,20,0.5,207,70.02,6,0,0,7,0,3,0,0
18040,19,2,357.20000000000005,18.8,0.0,0.0,0.0,0.0,29.76666666666667,Bags,91.7,United Kingdom,148,0.16666666666666666,226,357.20000000000005,2,0,0,1,0,3,0,0
18041,12,22,4075.12,8.858956521739131,1.0,9.0,22.25,0.005459961915231944,339.5933333333333,Kitchen,1301.08,United Kingdom,3749,1.8333333333333333,361,4075.12,22,1,1,6,3,0,0,3
18042,54,1,165.04999999999998,23.578571428571426,0.0,0.0,0.0,0.0,13.754166666666665,Stationery,108.94999999999999,United Kingdom,33,0.08333333333333333,0,165.04999999999998,1,0,0,9,0,3,0,0
18043,25,3,529.29,4.6025217391304345,0.0,0.0,0.0,0.0,44.107499999999995,Other,161.2,United Kingdom,265,0.25,342,529.29,3,0,0,7,0,3,0,0
18044,4,11,2085.65,16.294140625,1.0,1.0,2.95,0.0014144271570014145,173.80416666666667,Crockery,453.64000000000004,United Kingdom,1032,0.9166666666666666,356,2085.65,11,1,0,2,0,3,0,0
18045,45,1,178.34,4.147441860465117,0.0,0.0,0.0,0.0,14.861666666666666,Kitchen,36.9,United Kingdom,138,0.08333333333333333,0,178.34,1,0,0,6,0,3,0,0
18048,203,2,172.29000000000002,24.612857142857145,0.0,0.0,0.0,0.0,14.357500000000002,Crockery,76.32000000000001,United Kingdom,127,0.16666666666666666,0,172.29000000000002,2,0,0,2,0,3,0,0
18050,359,1,74.4,14.88,0.0,0.0,0.0,0.0,6.2,Kitchen,50.9,United Kingdom,40,0.08333333333333333,0,74.4,1,0,0,6,0,3,0,0
18053,66,2,297.07,14.146190476190476,1.0,1.0,2.95,0.009930319453327499,24.75583333333333,Home Decor,92.13999999999999,United Kingdom,301,0.16666666666666666,4,297.07,2,0,0,5,0,3,0,0
18055,7,11,6729.29,18.640692520775623,1.0,5.0,32.050000000000004,0.00476276100450419,560.7741666666667,Home Decor,1630.58,United Kingdom,2447,0.9166666666666666,362,6729.29,11,1,0,5,3,0,0,3
18056,288,1,363.65,19.139473684210525,0.0,0.0,0.0,0.0,30.304166666666664,Stationery,151.3,United Kingdom,211,0.08333333333333333,0,363.65,1,0,0,9,0,3,0,0
18058,10,1,170.16,56.72,0.0,0.0,0.0,0.0,14.18,Electronics,163.2,United Kingdom,88,0.08333333333333333,0,170.16,1,0,0,3,0,3,0,0
18059,9,4,296.71,14.8355,1.0,5.0,9.75,0.0328603687101884,24.72583333333333,Electronics,56.66,United Kingdom,253,0.3333333333333333,58,296.71,4,0,0,3,0,3,0,0
18061,22,10,2119.41,46.0741304347826,0.0,0.0,0.0,0.0,176.61749999999998,Textiles,699.3,United Kingdom,955,0.8333333333333334,344,2119.41,10,0,0,11,3,3,0,3
18062,173,3,720.52,26.685925925925925,0.0,0.0,0.0,0.0,60.04333333333333,Electronics,231.0,United Kingdom,396,0.25,164,720.52,3,0,0,3,0,3,0,0
18064,133,2,814.0,116.28571428571429,0.0,0.0,0.0,0.0,67.83333333333333,Bags,374.5,United Kingdom,384,0.16666666666666666,102,814.0,2,0,0,1,3,3,0,3
18065,6,15,2380.08,17.24695652173913,1.0,3.0,12.75,0.005356962791166683,198.34,Home Decor,511.89,United Kingdom,1024,1.25,358,2380.08,15,1,1,5,0,3,0,0
18066,75,1,318.0,31.8,0.0,0.0,0.0,0.0,26.5,Stationery,160.8,United Kingdom,108,0.08333333333333333,0,318.0,1,0,0,9,0,3,0,0
18067,40,1,396.33,10.711621621621621,0.0,0.0,0.0,0.0,33.027499999999996,Home Decor,152.4,United Kingdom,189,0.08333333333333333,0,396.33,1,0,0,5,0,3,0,0
18068,289,1,101.69999999999999,101.69999999999999,0.0,0.0,0.0,0.0,8.475,Other,101.69999999999999,United Kingdom,6,0.08333333333333333,0,101.69999999999999,1,0,0,7,0,3,0,0
18069,26,7,1994.39,4.345076252723311,2.0,3.0,14.850000000000001,0.007445885709414909,166.19916666666668,Home Decor,464.38,United Kingdom,1293,0.5833333333333334,301,1994.39,7,0,0,5,0,3,0,0
18071,258,2,453.0,18.12,0.0,0.0,0.0,0.0,37.75,Home Decor,120.0,United Kingdom,260,0.16666666666666666,108,453.0,2,0,0,5,0,3,0,0
18073,114,13,3846.7400000000002,51.28986666666667,1.0,10.0,13.08,0.0034002817970541287,320.56166666666667,Electronics,3070.56,United Kingdom,3092,1.0833333333333333,82,3846.7400000000002,13,0,1,3,3,0,-1,3
18075,23,14,2538.7200000000003,16.59294117647059,4.0,27.0,73.03,0.028766464990231295,211.56000000000003,Home Decor,975.2,United Kingdom,1437,1.1666666666666667,337,2538.7200000000003,14,1,1,5,3,3,0,3
18077,8,11,2584.41,11.589282511210762,0.0,0.0,0.0,0.0,215.36749999999998,Crockery,668.41,United Kingdom,1839,0.9166666666666666,358,2584.41,11,1,0,2,0,3,0,0
18078,217,2,336.13,11.590689655172413,0.0,0.0,0.0,0.0,28.010833333333334,Crockery,109.45,United Kingdom,145,0.16666666666666666,41,336.13,2,0,0,2,0,3,0,0
18079,45,4,3613.15,29.37520325203252,0.0,0.0,0.0,0.0,301.09583333333336,Stationery,2057.73,United Kingdom,7347,0.3333333333333333,193,3613.15,4,0,0,9,3,0,-1,3
18081,36,3,343.45,20.20294117647059,0.0,0.0,0.0,0.0,28.620833333333334,Kitchen,154.95000000000002,United Kingdom,195,0.25,97,343.45,3,0,0,6,0,3,0,0
18082,26,1,680.84,9.726285714285714,0.0,0.0,0.0,0.0,56.73666666666667,Storage,180.1,United Kingdom,608,0.08333333333333333,0,680.84,1,0,0,10,0,3,0,0
18084,16,2,87.52999999999999,43.76499999999999,1.0,1.0,2.95,0.03370273049240261,7.294166666666666,Seasonal,90.47999999999999,United Kingdom,311,0.16666666666666666,284,87.52999999999999,2,0,0,8,0,3,0,0
18085,330,2,689.95,23.79137931034483,0.0,0.0,0.0,0.0,57.49583333333334,Storage,238.5,United Kingdom,265,0.16666666666666666,43,689.95,2,0,0,10,0,3,0,0
18086,274,1,101.34,14.477142857142857,0.0,0.0,0.0,0.0,8.445,Kitchen,48.0,United Kingdom,106,0.08333333333333333,0,101.34,1,0,0,6,0,3,0,0
18088,61,1,166.03,4.487297297297298,0.0,0.0,0.0,0.0,13.835833333333333,Kitchen,48.67,United Kingdom,107,0.08333333333333333,0,166.03,1,0,0,6,0,3,0,0
18092,2,12,9065.76,100.73066666666666,1.0,2.0,2.5,0.00027576287040468754,755.48,Crockery,3389.5,United Kingdom,4250,1.0,363,9065.76,12,1,0,2,3,0,-1,3
18093,93,5,2083.42,54.82684210526316,1.0,11.0,23.1,0.01108753875838765,173.61833333333334,Crockery,657.3000000000001,United Kingdom,1381,0.4166666666666667,209,2083.42,5,0,0,2,0,3,0,0
18094,82,7,3017.3,43.104285714285716,0.0,0.0,0.0,0.0,251.4416666666667,Home Decor,1097.1000000000001,United Kingdom,2518,0.5833333333333334,210,3017.3,7,0,0,5,3,3,0,3
18095,313,2,580.0500000000001,27.621428571428574,0.0,0.0,0.0,0.0,48.337500000000006,Home Decor,121.80000000000001,United Kingdom,419,0.16666666666666666,20,580.0500000000001,2,0,0,5,0,3,0,0
18096,12,3,849.06,4.331938775510204,0.0,0.0,0.0,0.0,70.755,Home Decor,290.08,United Kingdom,788,0.25,52,849.06,3,0,0,5,0,3,0,0
18097,8,7,2657.45,24.835981308411213,1.0,1.0,4.95,0.0018626879151065873,221.45416666666665,Home Decor,713.5,United Kingdom,1661,0.5833333333333334,346,2657.45,7,0,0,5,0,3,0,0
18099,127,1,168.31,8.858421052631579,0.0,0.0,0.0,0.0,14.025833333333333,Storage,63.39999999999999,United Kingdom,149,0.08333333333333333,0,168.31,1,0,0,10,0,3,0,0
18101,11,2,222.4,5.5600000000000005,0.0,0.0,0.0,0.0,18.533333333333335,Home Decor,78.12,United Kingdom,87,0.16666666666666666,132,222.4,2,0,0,5,0,3,0,0
18104,37,1,754.64,19.858947368421052,0.0,0.0,0.0,0.0,62.88666666666666,Home Decor,214.59,United Kingdom,362,0.08333333333333333,0,754.64,1,0,0,5,0,3,0,0
18105,38,1,113.48000000000002,6.304444444444446,0.0,0.0,0.0,0.0,9.456666666666669,Home Decor,70.80000000000001,United Kingdom,46,0.08333333333333333,0,113.48000000000002,1,0,0,5,0,3,0,0
18106,330,1,421.9,11.402702702702703,0.0,0.0,0.0,0.0,35.15833333333333,Home Decor,113.10000000000001,United Kingdom,126,0.08333333333333333,0,421.9,1,0,0,5,0,3,0,0
18108,249,2,264.65,13.928947368421051,1.0,2.0,6.35,0.02399395427923673,22.054166666666664,Home Decor,74.10000000000001,United Kingdom,82,0.16666666666666666,5,264.65,2,0,0,5,0,3,0,0
18109,2,31,7877.27,17.466230598669625,5.0,18.0,127.64999999999999,0.01620485269642909,656.4391666666667,Home Decor,4214.23,United Kingdom,4212,2.5833333333333335,368,7877.27,31,1,1,5,3,0,3,3
18110,19,2,168.55,4.21375,1.0,7.0,30.25,0.17947196677543753,14.045833333333334,Toys,44.05,United Kingdom,65,0.16666666666666666,0,168.55,2,0,0,12,2,2,-1,2
18112,12,2,352.69,13.565,0.0,0.0,0.0,0.0,29.390833333333333,Kitchen,101.55,United Kingdom,255,0.16666666666666666,154,352.69,2,0,0,6,0,3,0,0
18113,369,1,76.32000000000001,76.32000000000001,0.0,0.0,0.0,0.0,6.36,Crockery,76.32000000000001,United Kingdom,72,0.08333333333333333,0,76.32000000000001,1,0,0,2,0,3,0,0
18114,290,1,220.1,7.860714285714286,0.0,0.0,0.0,0.0,18.341666666666665,Other,57.65,United Kingdom,55,0.08333333333333333,0,220.1,1,0,0,7,0,3,0,0
18116,68,8,1403.1100000000001,3.781967654986523,0.0,0.0,0.0,0.0,116.92583333333334,Kitchen,270.08,United Kingdom,837,0.6666666666666666,296,1403.1100000000001,8,0,0,6,0,3,0,0
18117,26,1,315.65,4.384027777777778,0.0,0.0,0.0,0.0,26.304166666666664,Home Decor,119.18,United Kingdom,605,0.08333333333333333,0,315.65,1,0,0,5,0,3,0,0
18118,11,31,5567.03,4.390402208201893,5.0,5.0,58.05,0.01042746311767675,463.9191666666666,Kitchen,1522.12,United Kingdom,2860,2.5833333333333335,358,5567.03,31,1,1,6,3,0,-1,3
18119,368,1,180.7,6.23103448275862,0.0,0.0,0.0,0.0,15.058333333333332,Other,62.78999999999999,United Kingdom,124,0.08333333333333333,0,180.7,1,0,0,7,0,3,0,0
18120,214,1,111.15,6.538235294117648,0.0,0.0,0.0,0.0,9.262500000000001,Home Decor,36.4,United Kingdom,31,0.08333333333333333,0,111.15,1,0,0,5,0,3,0,0
18121,149,2,653.3,21.074193548387097,0.0,0.0,0.0,0.0,54.44166666666666,Home Decor,301.65999999999997,United Kingdom,438,0.16666666666666666,5,653.3,2,0,0,5,0,3,0,0
18122,8,6,1793.06,5.022577030812325,0.0,0.0,0.0,0.0,149.42166666666665,Home Decor,547.33,United Kingdom,1225,0.5,142,1793.06,6,0,0,5,0,3,0,0
18123,24,2,574.4399999999999,16.895294117647058,0.0,0.0,0.0,0.0,47.87,Other,331.44,United Kingdom,582,0.16666666666666666,7,574.4399999999999,2,0,0,7,0,3,0,0
18125,30,5,1130.1,5.855440414507772,1.0,1.0,1.65,0.0014600477833820015,94.175,Home Decor,317.46,United Kingdom,799,0.4166666666666667,286,1130.1,5,0,0,5,0,3,0,0
18126,61,1,200.92000000000002,3.863846153846154,0.0,0.0,0.0,0.0,16.743333333333336,Home Decor,89.42,United Kingdom,135,0.08333333333333333,0,200.92000000000002,1,0,0,5,0,3,0,0
18127,19,3,347.08,7.545217391304347,0.0,0.0,0.0,0.0,28.923333333333332,Home Decor,150.77,United Kingdom,187,0.25,114,347.08,3,0,0,5,0,3,0,0
18129,243,1,112.55000000000001,8.039285714285715,0.0,0.0,0.0,0.0,9.379166666666668,Crockery,39.1,United Kingdom,48,0.08333333333333333,0,112.55000000000001,1,0,0,2,0,3,0,0
18130,9,4,1045.74,14.728732394366197,1.0,7.0,13.65,0.013052957714154571,87.145,Home Decor,380.9,United Kingdom,817,0.3333333333333333,48,1045.74,4,0,0,5,0,3,0,0
18135,29,5,681.9100000000001,34.0955,0.0,0.0,0.0,0.0,56.82583333333334,Home Decor,511.89000000000004,United Kingdom,349,0.4166666666666667,161,681.9100000000001,5,0,0,5,0,3,0,0
18136,63,4,761.83,19.534102564102565,1.0,6.0,22.5,0.029534148038276253,63.48583333333334,Storage,266.0,United Kingdom,373,0.3333333333333333,256,761.83,4,0,0,10,0,3,0,0
18138,295,1,152.65,19.08125,0.0,0.0,0.0,0.0,12.720833333333333,Stationery,56.2,United Kingdom,38,0.08333333333333333,0,152.65,1,0,0,9,0,3,0,0
18139,17,8,8393.22,51.809999999999995,2.0,96.0,45.120000000000005,0.005375767583835525,699.435,Kitchen,4170.36,United Kingdom,5461,0.6666666666666666,1,8393.22,8,0,0,6,3,0,-1,3
18142,151,4,1014.9000000000001,56.38333333333334,2.0,3.0,4.62,0.004552172627845108,84.575,Other,416.16,United Kingdom,1273,0.3333333333333333,64,1014.9000000000001,4,0,0,7,0,3,0,0
18143,117,2,1000.16,16.396065573770493,0.0,0.0,0.0,0.0,83.34666666666666,Kitchen,255.01000000000002,United Kingdom,570,0.16666666666666666,25,1000.16,2,0,0,6,0,3,0,0
18144,8,12,2888.75,67.18023255813954,0.0,0.0,0.0,0.0,240.72916666666666,Home Decor,1516.6,United Kingdom,1343,1.0,365,2888.75,12,1,0,5,3,3,-1,3
18145,13,4,2861.55,12.94819004524887,0.0,0.0,0.0,0.0,238.4625,Kitchen,862.11,United Kingdom,2625,0.3333333333333333,299,2861.55,4,0,0,6,0,3,0,0
18146,141,2,160.35000000000002,16.035000000000004,0.0,0.0,0.0,0.0,13.362500000000002,Kitchen,89.4,United Kingdom,153,0.16666666666666666,79,160.35000000000002,2,0,0,6,0,3,0,0
18147,46,2,179.33999999999997,25.619999999999997,0.0,0.0,0.0,0.0,14.944999999999999,Kitchen,70.86,United Kingdom,203,0.16666666666666666,62,179.33999999999997,2,0,0,6,0,3,0,0
18149,51,3,612.0799999999999,38.254999999999995,0.0,0.0,0.0,0.0,51.00666666666666,Home Decor,327.88,United Kingdom,310,0.25,222,612.0799999999999,3,0,0,5,0,3,0,0
18150,32,3,566.58,15.312972972972974,0.0,0.0,0.0,0.0,47.215,Toys,213.9,United Kingdom,332,0.25,169,566.58,3,0,0,12,0,3,0,0
18151,135,2,653.35,17.193421052631578,0.0,0.0,0.0,0.0,54.44583333333333,Other,177.65,United Kingdom,355,0.16666666666666666,155,653.35,2,0,0,7,0,3,0,0
18154,3,2,399.19,19.009047619047617,0.0,0.0,0.0,0.0,33.26583333333333,Kitchen,138.0,United Kingdom,255,0.16666666666666666,40,399.19,2,0,0,6,0,3,0,0
18155,75,4,347.82,12.422142857142857,1.0,8.0,23.799999999999997,0.06842619745845552,28.985,Home Decor,123.72,United Kingdom,258,0.3333333333333333,216,347.82,4,0,0,5,2,3,0,2
18156,13,2,675.64,5.538032786885246,0.0,0.0,0.0,0.0,56.303333333333335,Kitchen,223.66,United Kingdom,283,0.16666666666666666,356,675.64,2,0,0,6,0,3,0,0
18158,9,3,451.75,12.907142857142857,1.0,1.0,1.65,0.0036524626452684003,37.645833333333336,Bags,209.3,United Kingdom,353,0.25,79,451.75,3,0,0,1,0,3,0,0
18159,301,1,530.15,23.05,0.0,0.0,0.0,0.0,44.17916666666667,Kitchen,190.14999999999998,United Kingdom,139,0.08333333333333333,0,530.15,1,0,0,6,0,3,0,0
18160,57,2,638.0600000000001,16.36051282051282,0.0,0.0,0.0,0.0,53.171666666666674,Home Decor,328.15000000000003,United Kingdom,294,0.16666666666666666,143,638.0600000000001,2,0,0,5,0,3,0,0
18161,10,6,1612.79,19.910987654320987,1.0,2.0,5.9,0.003658256809628036,134.39916666666667,Kitchen,467.8,United Kingdom,810,0.5,309,1612.79,6,0,0,6,0,3,0,0
18164,31,2,394.7,15.788,1.0,1.0,4.95,0.01254117050924753,32.891666666666666,Kitchen,147.56,United Kingdom,183,0.16666666666666666,6,394.7,2,0,0,6,0,3,0,0
18165,177,1,302.46000000000004,30.246000000000002,0.0,0.0,0.0,0.0,25.205000000000002,Kitchen,124.80000000000001,United Kingdom,254,0.08333333333333333,0,302.46000000000004,1,0,0,6,0,3,0,0
18167,4,6,1355.51,31.523488372093023,3.0,23.0,29.349999999999998,0.021652367005776423,112.95916666666666,Toys,514.2,United Kingdom,359,0.5,101,1355.51,6,0,0,12,0,3,0,0
18168,176,9,1123.74,8.084460431654676,3.0,9.0,36.3,0.03230284585402317,93.645,Kitchen,485.03,United Kingdom,583,0.75,196,1123.74,9,0,0,6,0,3,0,0
18169,61,1,202.65,22.516666666666666,0.0,0.0,0.0,0.0,16.8875,Home Decor,143.85000000000002,United Kingdom,61,0.08333333333333333,0,202.65,1,0,0,5,0,3,0,0
18170,33,3,980.31,25.797631578947367,0.0,0.0,0.0,0.0,81.6925,Home Decor,612.59,United Kingdom,409,0.25,183,980.31,3,0,0,5,0,3,0,0
18171,59,7,1208.51,21.580535714285713,2.0,4.0,22.8,0.01886620714764462,100.70916666666666,Home Decor,496.04,United Kingdom,477,0.5833333333333334,274,1208.51,7,0,0,5,0,3,0,0
18172,15,25,7490.17,38.021167512690354,5.0,14.0,71.50999999999999,0.009547179837039746,624.1808333333333,Electronics,2623.65,United Kingdom,3170,2.0833333333333335,279,7490.17,25,1,1,3,3,0,-1,3
18173,87,4,2106.84,67.9625806451613,0.0,0.0,0.0,0.0,175.57000000000002,Home Decor,839.16,United Kingdom,1220,0.3333333333333333,187,2106.84,4,0,0,5,3,3,0,3
18174,7,1,104.0,104.0,0.0,0.0,0.0,0.0,8.666666666666666,Kitchen,104.0,United Kingdom,50,0.08333333333333333,0,104.0,1,0,0,6,0,3,0,0
18176,354,2,448.65,13.595454545454544,1.0,4.0,27.7,0.061740777889223226,37.387499999999996,Home Decor,282.25,United Kingdom,279,0.16666666666666666,4,448.65,2,0,0,5,2,3,0,2
18177,31,7,1313.6200000000001,17.751621621621624,1.0,5.0,27.25,0.020744203041975606,109.46833333333335,Bags,921.6,United Kingdom,704,0.5833333333333334,224,1313.6200000000001,7,0,0,1,0,3,0,0
18178,114,6,1573.41,15.893030303030304,2.0,4.0,17.4,0.011058783152515872,131.1175,Home Decor,340.82,United Kingdom,979,0.5,250,1573.41,6,0,0,5,0,3,0,0
18179,9,6,1793.17,19.924111111111113,0.0,0.0,0.0,0.0,149.43083333333334,Kitchen,536.25,United Kingdom,1360,0.5,327,1793.17,6,0,0,6,0,3,0,0
18180,5,6,1843.75,15.493697478991596,0.0,0.0,0.0,0.0,153.64583333333334,Other,399.0,United Kingdom,1721,0.5,137,1843.75,6,0,0,7,0,3,0,0
18181,24,1,366.85,8.947560975609756,0.0,0.0,0.0,0.0,30.570833333333336,Other,80.06,United Kingdom,133,0.08333333333333333,0,366.85,1,0,0,7,0,3,0,0
18183,218,6,600.52,13.648181818181818,4.0,9.0,31.549999999999997,0.05253780057283687,50.04333333333333,Electronics,121.62,United Kingdom,362,0.5,56,600.52,6,0,0,3,0,3,0,0
18184,15,1,49.8,49.8,0.0,0.0,0.0,0.0,4.1499999999999995,Other,49.8,United Kingdom,60,0.08333333333333333,0,49.8,1,0,0,7,0,3,0,0
18185,249,1,304.25,17.897058823529413,0.0,0.0,0.0,0.0,25.354166666666668,Kitchen,222.75,United Kingdom,183,0.08333333333333333,0,304.25,1,0,0,6,0,3,0,0
18188,15,4,1998.49,27.756805555555555,1.0,1.0,2.55,0.0012759633523310098,166.54083333333332,Electronics,548.57,United Kingdom,1167,0.3333333333333333,275,1998.49,4,0,0,3,0,3,0,0
18189,78,3,1084.34,15.715072463768115,1.0,2.0,5.9,0.005441097810649797,90.36166666666666,Kitchen,239.4,United Kingdom,564,0.25,190,1084.34,3,0,0,6,0,3,0,0
18190,192,3,274.51,17.156875,1.0,1.0,9.95,0.03624640268114094,22.875833333333333,Home Decor,113.51,United Kingdom,139,0.25,138,274.51,3,0,0,5,0,3,0,0
18191,262,1,207.79999999999998,29.685714285714283,0.0,0.0,0.0,0.0,17.316666666666666,Electronics,190.79999999999998,United Kingdom,140,0.08333333333333333,0,207.79999999999998,1,0,0,3,0,3,0,0
18192,72,1,957.97,21.288222222222224,0.0,0.0,0.0,0.0,79.83083333333333,Kitchen,181.55,United Kingdom,339,0.08333333333333333,0,957.97,1,0,0,6,0,3,0,0
18193,151,3,212.96,11.831111111111111,2.0,4.0,30.8,0.1446280991735537,17.746666666666666,Kitchen,66.45,United Kingdom,120,0.25,215,212.96,3,0,0,6,2,2,0,2
18194,64,2,896.0,99.55555555555556,1.0,184.0,77.84,0.08687500000000001,74.66666666666667,Home Decor,524.0,United Kingdom,448,0.16666666666666666,18,896.0,2,0,0,5,2,3,-1,2
18196,95,2,686.63,4.93978417266187,0.0,0.0,0.0,0.0,57.219166666666666,Home Decor,204.66,United Kingdom,431,0.16666666666666666,195,686.63,2,0,0,5,0,3,0,0
18198,4,21,5083.06,30.62084337349398,4.0,235.0,342.5,0.06738067227221398,423.58833333333337,Electronics,2519.2400000000002,United Kingdom,3839,1.75,332,5083.06,21,1,1,3,3,0,-1,3
18200,106,1,150.35,5.011666666666667,0.0,0.0,0.0,0.0,12.529166666666667,Crockery,48.92,United Kingdom,104,0.08333333333333333,0,150.35,1,0,0,2,0,3,0,0
18202,200,3,1396.99,20.543970588235293,0.0,0.0,0.0,0.0,116.41583333333334,Kitchen,490.9,United Kingdom,581,0.25,111,1396.99,3,0,0,6,0,3,0,0
18203,157,1,160.42000000000002,8.443157894736842,0.0,0.0,0.0,0.0,13.368333333333334,Home Decor,73.4,United Kingdom,43,0.08333333333333333,0,160.42000000000002,1,0,0,5,0,3,0,0
18204,71,4,1960.95,10.10798969072165,1.0,2.0,14.4,0.007343379484433565,163.4125,Other,518.1,United Kingdom,1188,0.3333333333333333,121,1960.95,4,0,0,7,0,3,0,0
18205,36,2,517.36,16.1675,0.0,0.0,0.0,0.0,43.11333333333334,Kitchen,152.03,United Kingdom,192,0.16666666666666666,38,517.36,2,0,0,6,0,3,0,0
18209,29,1,139.10000000000002,17.387500000000003,0.0,0.0,0.0,0.0,11.591666666666669,Storage,34.85,United Kingdom,58,0.08333333333333333,0,139.10000000000002,1,0,0,10,0,3,0,0
18210,2,6,2621.38,19.562537313432838,0.0,0.0,0.0,0.0,218.44833333333335,Home Decor,570.5,United Kingdom,1398,0.5,265,2621.38,6,0,0,5,0,3,0,0
18211,26,5,600.07,14.287380952380953,0.0,0.0,0.0,0.0,50.005833333333335,Home Decor,233.75,United Kingdom,359,0.4166666666666667,252,600.07,5,0,0,5,0,3,0,0
18212,326,1,216.07,6.3549999999999995,0.0,0.0,0.0,0.0,18.00583333333333,Home Decor,122.47,United Kingdom,92,0.08333333333333333,0,216.07,1,0,0,5,0,3,0,0
18213,237,1,232.48000000000002,15.498666666666669,0.0,0.0,0.0,0.0,19.373333333333335,Home Decor,57.38,United Kingdom,232,0.08333333333333333,0,232.48000000000002,1,0,0,5,0,3,0,0
18215,89,1,299.34000000000003,23.02615384615385,0.0,0.0,0.0,0.0,24.945000000000004,Home Decor,156.24,United Kingdom,118,0.08333333333333333,0,299.34000000000003,1,0,0,5,0,3,0,0
18216,31,1,481.75,18.528846153846153,0.0,0.0,0.0,0.0,40.145833333333336,Home Decor,273.25,United Kingdom,200,0.08333333333333333,0,481.75,1,0,0,5,0,3,0,0
18217,29,2,621.75,20.056451612903224,0.0,0.0,0.0,0.0,51.8125,Kitchen,421.68,United Kingdom,491,0.16666666666666666,41,621.75,2,0,0,6,0,3,0,0
18218,206,4,606.22,26.35739130434783,2.0,38.0,35.7,0.05888951205832866,50.51833333333334,Bags,247.0,United Kingdom,498,0.3333333333333333,75,606.22,4,0,0,1,0,3,0,0
18219,3,11,2019.77,17.56321739130435,1.0,2.0,50.0,0.024755293919604706,168.31416666666667,Home Decor,692.84,United Kingdom,883,0.9166666666666666,366,2019.77,11,1,0,5,0,3,0,0
18220,220,2,297.78000000000003,74.44500000000001,1.0,6.0,7.5,0.025186379206125323,24.815,Home Decor,150.14000000000001,United Kingdom,282,0.16666666666666666,7,297.78000000000003,2,0,0,5,0,3,-1,0
18221,22,6,1033.31,15.897076923076922,1.0,2.0,8.3,0.008032439442180954,86.10916666666667,Kitchen,306.40000000000003,United Kingdom,789,0.5,189,1033.31,6,0,0,6,0,3,0,0
18222,93,1,443.0,23.31578947368421,0.0,0.0,0.0,0.0,36.916666666666664,Home Decor,168.52,United Kingdom,335,0.08333333333333333,0,443.0,1,0,0,5,0,3,0,0
18223,2,27,6315.2300000000005,21.121170568561876,13.0,58.0,169.30999999999997,0.02680979156736967,526.2691666666667,Home Decor,1769.96,United Kingdom,2890,2.25,356,6315.2300000000005,27,1,1,5,3,0,3,3
18224,264,1,158.95000000000002,15.895000000000001,0.0,0.0,0.0,0.0,13.245833333333335,Stationery,35.550000000000004,United Kingdom,69,0.08333333333333333,0,158.95000000000002,1,0,0,9,0,3,0,0
18225,3,17,5356.86,18.862183098591547,5.0,38.0,148.1,0.02764679308400817,446.405,Kitchen,1251.35,United Kingdom,3204,1.4166666666666667,368,5356.86,17,1,1,6,3,0,0,3
18226,39,14,5192.1,21.192244897959185,3.0,7.0,35.95,0.006923980662930221,432.675,Home Decor,1051.8,United Kingdom,3459,1.1666666666666667,299,5192.1,14,1,1,5,3,0,0,3
18227,218,1,93.75,18.75,0.0,0.0,0.0,0.0,7.8125,Home Decor,40.5,United Kingdom,21,0.08333333333333333,0,93.75,1,0,0,5,0,3,0,0
18228,50,3,769.2,24.0375,1.0,2.0,10.7,0.013910556422256888,64.10000000000001,Home Decor,212.08,United Kingdom,236,0.25,29,769.2,3,0,0,5,0,3,0,0
18229,12,20,7276.900000000001,44.37134146341464,0.0,0.0,0.0,0.0,606.4083333333334,Other,1897.1599999999999,United Kingdom,2488,1.6666666666666667,361,7276.900000000001,20,1,1,7,3,0,-1,3
18230,9,10,2716.6,30.523595505617976,3.0,18.0,93.6,0.034454833247441655,226.38333333333333,Home Decor,1916.5800000000002,United Kingdom,1298,0.8333333333333334,355,2716.6,10,0,0,5,3,3,0,3
18231,192,6,2054.67,16.43736,1.0,13.0,17.1,0.008322504343763233,171.2225,Home Decor,647.8100000000001,United Kingdom,806,0.5,96,2054.67,6,0,0,5,0,3,0,0
18232,82,5,582.47,14.56175,1.0,3.0,10.5,0.018026679485638745,48.53916666666667,Kitchen,177.65,United Kingdom,299,0.4166666666666667,115,582.47,5,0,0,6,0,3,0,0
18235,72,3,1796.48,17.273846153846154,0.0,0.0,0.0,0.0,149.70666666666668,Stationery,364.59000000000003,United Kingdom,1578,0.25,145,1796.48,3,0,0,9,0,3,0,0
18236,30,6,882.24,18.004897959183673,0.0,0.0,0.0,0.0,73.52,Kitchen,226.35000000000002,United Kingdom,403,0.5,210,882.24,6,0,0,6,0,3,0,0
18237,3,5,987.1,16.181967213114753,0.0,0.0,0.0,0.0,82.25833333333334,Other,340.83,United Kingdom,622,0.4166666666666667,131,987.1,5,0,0,7,0,3,0,0
18239,219,5,1561.6100000000001,17.745568181818182,0.0,0.0,0.0,0.0,130.1341666666667,Home Decor,420.17,United Kingdom,795,0.4166666666666667,153,1561.6100000000001,5,0,0,5,0,3,0,0
18240,46,1,422.58,70.42999999999999,0.0,0.0,0.0,0.0,35.214999999999996,Other,406.98,United Kingdom,126,0.08333333333333333,0,422.58,1,0,0,7,0,3,0,0
18241,10,18,2058.09,19.600857142857144,1.0,4.0,15.0,0.007288311006807282,171.50750000000002,Kitchen,786.23,United Kingdom,1047,1.5,208,2058.09,18,1,1,6,3,3,0,3
18242,72,4,2232.4900000000002,28.62166666666667,0.0,0.0,0.0,0.0,186.04083333333335,Kitchen,614.9300000000001,United Kingdom,1017,0.3333333333333333,141,2232.4900000000002,4,0,0,6,0,3,0,0
18245,7,8,2507.56,14.167005649717513,1.0,7.0,59.5,0.023728245784746926,208.96333333333334,Kitchen,792.64,United Kingdom,1781,0.6666666666666666,347,2507.56,8,0,0,6,0,3,0,0
18246,24,2,596.1,149.025,0.0,0.0,0.0,0.0,49.675000000000004,Stationery,233.5,United Kingdom,166,0.16666666666666666,209,596.1,2,0,0,9,3,3,0,3
18248,114,4,783.02,15.98,2.0,10.0,21.0,0.026819238333631326,65.25166666666667,Kitchen,285.73,United Kingdom,501,0.3333333333333333,72,783.02,4,0,0,6,0,3,0,0
18249,17,1,95.34,11.9175,0.0,0.0,0.0,0.0,7.945,Electronics,34.32,United Kingdom,128,0.08333333333333333,0,95.34,1,0,0,3,0,3,0,0
18250,301,2,342.92,15.587272727272728,1.0,1.0,6.35,0.0185174384696139,28.576666666666668,Kitchen,151.8,United Kingdom,198,0.16666666666666666,9,342.92,2,0,0,6,0,3,0,0
18251,87,1,4314.72,269.67,0.0,0.0,0.0,0.0,359.56,Kitchen,2956.8,United Kingdom,7824,0.08333333333333333,0,4314.72,1,0,0,6,3,0,-1,3
18252,51,2,518.27,5.5135106382978725,0.0,0.0,0.0,0.0,43.189166666666665,Home Decor,145.67,United Kingdom,234,0.16666666666666666,121,518.27,2,0,0,5,0,3,0,0
18255,89,1,103.3,17.216666666666665,0.0,0.0,0.0,0.0,8.608333333333333,Electronics,88.0,United Kingdom,74,0.08333333333333333,0,103.3,1,0,0,3,0,3,0,0
18257,39,12,2265.38,18.417723577235773,4.0,31.0,72.25000000000001,0.03189310402669751,188.78166666666667,Bags,615.5,United Kingdom,1010,1.0,256,2265.38,12,1,0,1,0,3,0,0
18259,25,3,2338.6000000000004,55.68095238095239,0.0,0.0,0.0,0.0,194.88333333333335,Storage,1455.3000000000002,United Kingdom,714,0.25,341,2338.6000000000004,3,0,0,10,0,3,0,0
18260,173,8,2580.15,18.562230215827338,2.0,9.0,48.2,0.018681084433075597,215.01250000000002,Kitchen,621.63,United Kingdom,1466,0.6666666666666666,185,2580.15,8,0,0,6,0,3,0,0
18261,43,2,324.24,15.440000000000001,0.0,0.0,0.0,0.0,27.02,Toys,113.1,United Kingdom,146,0.16666666666666666,52,324.24,2,0,0,12,0,3,0,0
18262,140,1,149.48,11.498461538461537,0.0,0.0,0.0,0.0,12.456666666666665,Kitchen,98.58,United Kingdom,182,0.08333333333333333,0,149.48,1,0,0,6,0,3,0,0
18263,23,4,1211.08,19.533548387096772,1.0,1.0,2.08,0.0017174753112924003,100.92333333333333,Other,240.35999999999999,United Kingdom,1467,0.3333333333333333,229,1211.08,4,0,0,7,0,3,0,0
18265,72,2,801.51,17.424130434782608,0.0,0.0,0.0,0.0,66.7925,Kitchen,262.40000000000003,United Kingdom,311,0.16666666666666666,85,801.51,2,0,0,6,0,3,0,0
18268,134,2,0.0,0.0,1.0,2.0,25.5,0.0,0.0,Stationery,0.0,United Kingdom,0,0.16666666666666666,0,0.0,2,0,0,9,0,3,0,0
18269,358,2,138.9,17.3625,1.0,6.0,29.700000000000003,0.21382289416846653,11.575000000000001,Bags,60.300000000000004,United Kingdom,70,0.16666666666666666,8,138.9,2,0,0,1,2,2,-1,2
18270,38,3,238.95,18.38076923076923,1.0,4.0,44.2,0.1849759363883658,19.912499999999998,Stationery,113.65,United Kingdom,97,0.25,228,238.95,3,0,0,9,2,2,-1,2
18272,3,7,3064.78,18.028117647058824,1.0,6.0,13.8,0.0045027701825253365,255.39833333333334,Kitchen,1689.88,United Kingdom,2044,0.5833333333333334,244,3064.78,7,0,0,6,0,3,0,0
18273,2,3,204.0,68.0,0.0,0.0,0.0,0.0,17.0,Electronics,204.0,United Kingdom,80,0.25,255,204.0,3,0,0,3,0,3,0,0
18276,21,3,323.36,20.21,2.0,2.0,12.5,0.03865660564077189,26.94666666666667,Electronics,129.0,United Kingdom,184,0.25,22,323.36,3,0,0,3,0,3,0,0
18277,58,2,97.63,10.847777777777777,1.0,1.0,12.75,0.13059510396394552,8.135833333333332,Other,61.60000000000001,United Kingdom,67,0.16666666666666666,260,97.63,2,0,0,7,2,2,0,2
18278,74,1,173.9,19.322222222222223,0.0,0.0,0.0,0.0,14.491666666666667,Home Decor,54.900000000000006,United Kingdom,66,0.08333333333333333,0,173.9,1,0,0,5,0,3,0,0
18280,278,1,180.60000000000002,18.060000000000002,0.0,0.0,0.0,0.0,15.050000000000002,Electronics,49.9,United Kingdom,45,0.08333333333333333,0,180.60000000000002,1,0,0,3,0,3,0,0
18281,181,1,80.82,11.545714285714284,0.0,0.0,0.0,0.0,6.734999999999999,Other,16.95,United Kingdom,54,0.08333333333333333,0,80.82,1,0,0,7,0,3,0,0
18282,8,3,176.6,13.584615384615384,1.0,5.0,1.45,0.008210645526613816,14.716666666666667,Kitchen,68.59,United Kingdom,98,0.25,118,176.6,3,0,0,6,0,3,0,0
18283,4,16,2045.53,2.8370735090152563,0.0,0.0,0.0,0.0,170.46083333333334,Bags,685.57,United Kingdom,1357,1.3333333333333333,333,2045.53,16,1,1,1,0,3,0,0
18287,43,3,1837.28,26.24685714285714,0.0,0.0,0.0,0.0,153.10666666666665,Crockery,447.32,United Kingdom,1586,0.25,158,1837.28,3,0,0,2,0,3,0,0
