CustomerID,Recency,Frequency,MonetaryTotal,MonetaryAvg,MonetaryMin,MonetaryMax,MonthlyPurchaseAmount,TopCategory,TopCategorySpend,BottomCategory,Country,TotalQuantity,PurchaseFrequencyPerMonth,CustomerAge,LifetimeValue,LifetimeFrequency,IsLoyal,IsFrequentBuyer,TopCategory_Encoded,BottomCategory_Encoded,Country_Encoded,KMeans_Cluster,Hierarchical_Cluster,DBSCAN_Cluster,FinalCluster
12347,2,3,2104.05,26.300625000000004,8.4,106.2,350.675,Electronics,867.24,Accessories,Iceland,2458,0.5,365,4310.0,7,0,0,2,0,14,0,0,-1,0
12348,75,1,310.0,103.33333333333333,40.0,150.0,51.666666666666664,Other,784.92,Home Decor,Finland,2341,0.16666666666666666,282,1797.24,4,0,0,6,6,10,0,0,-1,0
12349,19,1,1757.55,24.076027397260273,6.64,300.0,292.925,Kitchen,651.95,Furniture,Italy,631,0.16666666666666666,0,1757.55,1,0,0,5,4,16,0,0,0,0
12352,36,3,944.23,20.09,9.9,80.0,157.37166666666667,Other,965.68,Textiles,Norway,536,0.5,260,2506.04,8,0,0,6,12,20,0,0,0,0
12356,23,1,58.349999999999994,29.174999999999997,25.5,32.849999999999994,9.725,Kitchen,1560.3899999999999,Textiles,Portugal,1591,0.16666666666666666,302,2811.43,3,0,0,5,12,22,0,0,-1,0
12357,33,1,6207.67,47.38679389312977,10.08,237.60000000000002,1034.6116666666667,Kitchen,2542.98,Seasonal,Switzerland,2708,0.16666666666666666,0,6207.67,1,0,0,5,9,27,1,0,-1,1
12358,2,2,1168.06,61.47684210526315,9.36,160.0,194.67666666666665,Other,785.4000000000001,Storage,Austria,248,0.3333333333333333,149,1168.06,2,0,0,6,11,1,0,0,0,0
12359,58,1,2814.3,27.591176470588238,10.08,290.0,469.05,Kitchen,1370.68,Garden & Outdoor,Cyprus,1609,0.16666666666666666,274,6310.03,4,0,0,5,5,5,0,0,-1,0
12360,52,2,1578.48,18.791428571428572,5.04,120.0,263.08,Toys,492.1,Furniture,Austria,1165,0.3333333333333333,148,2662.06,3,0,0,11,4,1,0,0,0,0
12362,3,8,4251.89,20.24709523809524,2.88,60.0,708.6483333333334,Kitchen,941.1,Textiles,Belgium,2229,1.3333333333333333,292,5226.23,10,0,1,5,12,2,1,1,-1,1
12363,110,1,252.9,36.128571428571426,17.4,69.36,42.15,Stationery,220.62,Other,Unspecified,408,0.16666666666666666,132,552.0,2,0,0,8,8,31,0,0,0,0
12364,8,4,1313.1,15.448235294117646,5.04,64.8,218.85,Other,407.29999999999995,Bags,Belgium,1506,0.6666666666666666,104,1313.1,4,0,0,6,1,2,0,0,0,0
12367,4,1,168.9,15.354545454545455,9.9,23.4,28.150000000000002,Stationery,49.2,Other,Denmark,173,0.16666666666666666,0,168.9,1,0,0,8,8,7,0,0,0,0
12370,51,1,739.28,26.40285714285714,10.2,88.5,123.21333333333332,Home Decor,832.97,Textiles,Cyprus,2352,0.16666666666666666,309,3541.94,4,0,0,4,12,5,0,0,-1,0
12371,45,2,1887.96,29.96761904761905,4.68,360.0,314.66,Stationery,391.05,Bags,Switzerland,591,0.3333333333333333,14,1887.96,2,0,0,8,1,27,0,0,0,0
12372,72,1,383.12,29.470769230769232,11.7,59.4,63.85333333333333,Storage,676.8,Furniture,Denmark,794,0.16666666666666666,224,1298.04,3,0,0,9,4,7,0,0,0,0
12374,25,1,742.9300000000001,22.513030303030305,5.04,120.0,123.82166666666667,Stationery,241.98000000000002,Storage,Austria,342,0.16666666666666666,0,742.9300000000001,1,0,0,8,11,1,0,0,0,0
12375,11,2,457.5,26.91176470588235,8.5,62.400000000000006,76.25,Bags,287.40000000000003,Home Decor,Finland,178,0.3333333333333333,87,457.5,2,0,0,0,6,10,0,0,0,0
12378,130,1,4008.62,18.30420091324201,4.68,69.36,668.1033333333334,Kitchen,1041.47,Textiles,Switzerland,2529,0.16666666666666666,0,4008.62,1,0,0,5,12,27,0,0,-1,0
12379,82,2,852.24,21.306,8.5,76.19999999999999,142.04,Storage,269.34000000000003,Crockery,Belgium,407,0.3333333333333333,88,852.24,2,0,0,9,2,2,0,0,0,0
12380,22,3,2117.26,31.13617647058824,7.800000000000001,157.92000000000002,352.8766666666667,Kitchen,582.65,Crockery,Belgium,1127,0.5,164,2724.81,4,0,0,5,2,2,0,0,0,0
12381,5,5,1845.31,21.21045977011494,4.5,240.0,307.5516666666667,Kitchen,490.28000000000003,Furniture,Norway,808,0.8333333333333334,115,1845.31,5,0,0,5,4,20,0,0,0,0
12384,29,2,585.27,21.676666666666666,6.64,80.0,97.545,Stationery,201.75,Crockery,Switzerland,126,0.3333333333333333,92,585.27,2,0,0,8,2,27,0,0,0,0
12388,16,3,2014.41,30.990923076923078,9.36,81.36,335.735,Kitchen,837.07,Furniture,Australia,1462,0.5,311,2780.66,6,0,0,5,4,0,0,0,0,0
12390,80,1,549.84,17.1825,7.800000000000001,45.0,91.64,Toys,192.63,Home Decor,Belgium,353,0.16666666666666666,0,549.84,1,0,0,11,6,2,0,0,0,0
12391,22,1,439.66,4.72752688172043,0.83,29.5,73.27666666666667,Other,146.85,Textiles,Cyprus,293,0.16666666666666666,0,439.66,1,0,0,6,12,5,0,0,0,0
12393,72,1,521.5,20.86,10.2,49.5,86.91666666666667,Bags,564.0,Textiles,Australia,816,0.16666666666666666,260,1582.6000000000001,4,0,0,0,12,0,0,0,-1,0
12394,64,1,891.4,148.56666666666666,39.839999999999996,266.24,148.56666666666666,Kitchen,773.24,Furniture,Belgium,819,0.16666666666666666,153,1272.48,2,0,0,5,4,2,0,0,-1,0
12395,19,6,1448.91,18.817012987012987,5.04,76.5,241.485,Kitchen,922.46,Textiles,Belgium,2118,1.0,351,3018.63,12,1,0,5,12,2,1,1,-1,1
12397,36,2,2409.9,19.126190476190477,5.04,127.5,401.65000000000003,Kitchen,554.54,Accessories,Belgium,1263,0.3333333333333333,99,2409.9,2,0,0,5,0,2,0,0,0,0
12398,46,1,1635.6599999999999,19.24305882352941,6.64,200.0,272.60999999999996,Kitchen,599.3199999999999,Electronics,Switzerland,1394,0.16666666666666666,0,1635.6599999999999,1,0,0,5,3,27,0,0,0,0
12399,119,1,209.62,17.468333333333334,9.959999999999999,49.5,34.93666666666667,Kitchen,494.51,Electronics,Belgium,1178,0.16666666666666666,142,1108.65,4,0,0,5,3,2,0,0,0,0
12403,50,1,427.7,85.53999999999999,9.9,166.0,71.28333333333333,Toys,381.8,Home Decor,Denmark,96,0.16666666666666666,0,427.7,1,0,0,11,6,7,0,0,-1,0
12405,149,1,1710.39,31.67388888888889,9.959999999999999,320.0,285.065,Storage,530.2,Bags,Finland,857,0.16666666666666666,0,1710.39,1,0,0,9,1,10,0,0,-1,0
12406,22,1,1794.05,32.03660714285714,5.04,99.60000000000001,299.0083333333333,Kitchen,790.7700000000001,Accessories,Denmark,1818,0.16666666666666666,161,3415.3,2,0,0,5,0,7,0,0,0,0
12407,50,3,1212.16,24.2432,2.88,90.0,202.02666666666667,Kitchen,1014.49,Electronics,Belgium,1416,0.5,214,1708.1200000000001,5,0,0,5,3,2,0,0,0,0
12408,33,3,2050.96,29.724057971014492,2.88,122.39999999999999,341.82666666666665,Storage,638.1,Textiles,Belgium,1409,0.5,227,2888.55,5,0,0,9,12,2,0,0,-1,0
12409,79,2,4865.59,108.12422222222223,2.88,270.0,810.9316666666667,Kitchen,2976.67,Textiles,Switzerland,5551,0.3333333333333333,103,11072.67,3,0,0,5,12,27,1,0,-1,1
12412,75,3,1226.88,20.112786885245903,5.04,50.400000000000006,204.48000000000002,Storage,281.3,Seasonal,Denmark,829,0.5,94,1226.88,3,0,0,9,9,7,0,0,0,0
12413,67,1,194.20000000000002,19.42,8.5,35.400000000000006,32.36666666666667,Kitchen,332.6,Textiles,France,286,0.16666666666666666,270,758.1,3,0,0,5,12,11,0,0,0,0
12417,3,4,1750.83,17.5083,4.68,54.0,291.805,Kitchen,1310.0,Furniture,Belgium,1552,0.6666666666666666,354,3649.1,9,0,0,5,4,2,0,0,-1,0
12418,113,1,668.58,19.664117647058823,5.04,68.0,111.43,Toys,163.07999999999998,Home Decor,Switzerland,407,0.16666666666666666,0,668.58,1,0,0,11,6,27,0,0,0,0
12420,64,1,600.39,20.70310344827586,10.08,39.8,100.065,Kitchen,305.52,Stationery,Cyprus,345,0.16666666666666666,0,600.39,1,0,0,5,10,5,0,0,0,0
12421,16,3,649.59,19.105588235294118,5.04,56.0,108.265,Stationery,258.66,Other,Spain,484,0.5,303,807.04,4,0,0,8,8,25,0,0,0,0
12422,96,2,565.0600000000001,21.733076923076926,9.959999999999999,120.0,94.17666666666668,Bags,312.95,Crockery,Australia,370,0.3333333333333333,229,803.5600000000001,3,0,0,0,2,0,0,0,-1,0
12423,1,2,407.62,14.055862068965517,4.68,45.0,67.93666666666667,Kitchen,476.0,Textiles,Belgium,1339,0.3333333333333333,352,1859.31,8,0,0,5,12,2,0,0,0,0
12424,163,2,1760.96,58.69866666666667,9.899999999999999,306.0,293.49333333333334,Kitchen,1047.99,Furniture,Australia,740,0.3333333333333333,0,1760.96,2,0,0,5,4,0,0,0,-1,0
12425,78,1,777.2,21.58888888888889,8.5,70.80000000000001,129.53333333333333,Kitchen,357.5,Stationery,Portugal,496,0.16666666666666666,0,777.2,1,0,0,5,10,22,0,0,0,0
12427,22,2,522.3,24.87142857142857,12.48,68.0,87.05,Toys,209.8,Kitchen,Germany,533,0.3333333333333333,349,825.8,3,0,0,11,7,12,0,0,0,0
12428,26,3,1645.92,27.896949152542373,5.04,160.0,274.32,Kitchen,1965.01,Furniture,Finland,3536,0.5,257,7956.46,9,0,0,5,4,10,0,0,-1,0
12429,9,2,2030.92,36.26642857142857,4.68,162.0,338.4866666666667,Electronics,1434.12,Toys,Denmark,1557,0.3333333333333333,356,3750.4,4,0,0,2,13,7,0,0,-1,0
12430,43,1,256.4,23.30909090909091,9.959999999999999,47.8,42.73333333333333,Stationery,102.8,Kitchen,Norway,117,0.16666666666666666,0,256.4,1,0,0,8,7,20,0,0,0,0
12431,36,8,3328.92,32.00884615384616,5.04,601.44,554.82,Electronics,2382.15,Seasonal,Australia,2896,1.3333333333333333,338,6419.95,15,1,1,2,9,0,1,1,-1,1
12432,43,5,5059.32,46.845555555555556,4.68,700.0,843.2199999999999,Other,1106.8600000000001,Textiles,Norway,1801,0.8333333333333334,129,5059.32,5,0,0,6,12,20,1,0,-1,1
12434,85,1,519.89,15.290882352941177,4.68,45.0,86.64833333333333,Kitchen,176.85,Furniture,Australia,394,0.16666666666666666,175,806.14,2,0,0,5,4,0,0,0,0,0
12435,80,1,3850.9,226.5235294117647,105.6,367.20000000000005,641.8166666666667,Kitchen,2562.15,Home Decor,Denmark,2055,0.16666666666666666,188,7829.89,2,0,0,5,6,7,0,0,-1,0
12436,100,1,509.01,31.813125,12.600000000000001,80.0,84.835,Kitchen,179.85000000000002,Other,Norway,211,0.16666666666666666,0,509.01,1,0,0,5,8,20,0,0,0,0
12437,2,10,2976.32,24.00258064516129,4.68,131.39999999999998,496.05333333333334,Kitchen,1966.33,Textiles,France,2922,1.6666666666666667,329,4951.41,18,1,1,5,12,11,1,1,-1,1
12438,14,2,2906.85,29.66173469387755,2.88,320.0,484.47499999999997,Stationery,659.3,Furniture,Norway,1180,0.3333333333333333,125,2906.85,2,0,0,8,4,20,0,0,0,0
12442,3,1,172.06,14.338333333333333,4.68,30.0,28.676666666666666,Stationery,56.2,Home Decor,Spain,182,0.16666666666666666,0,172.06,1,0,0,8,6,25,0,0,0,0
12444,21,5,5005.46,28.440113636363638,5.8,320.0,834.2433333333333,Kitchen,1278.05,Bags,Norway,1153,0.8333333333333334,149,5005.46,5,0,0,5,1,20,1,0,-1,1
12445,22,1,133.4,33.35,17.4,56.0,22.233333333333334,Home Decor,60.0,Other,Spain,62,0.16666666666666666,0,133.4,1,0,0,4,8,25,0,0,0,0
12446,58,1,1002.3100000000001,17.584385964912283,5.04,38.25,167.05166666666668,Kitchen,389.85,Furniture,RSA,351,0.16666666666666666,0,1002.3100000000001,1,0,0,5,4,23,0,0,0,0
12448,44,1,449.45,20.429545454545455,4.5600000000000005,84.0,74.90833333333333,Stationery,153.48,Home Decor,Spain,243,0.16666666666666666,0,449.45,1,0,0,8,6,25,0,0,0,0
12449,22,3,3208.36,22.436083916083916,4.68,165.0,534.7266666666667,Kitchen,971.41,Accessories,Belgium,1553,0.5,164,4067.29,4,0,0,5,0,2,0,0,0,0
12450,156,2,197.88,24.735,9.959999999999999,66.0,32.98,Bags,82.5,Storage,Spain,128,0.3333333333333333,17,197.88,2,0,0,0,11,25,0,0,0,0
12451,11,3,3727.7,23.444654088050314,2.88,102.0,621.2833333333333,Other,2053.16,Seasonal,Switzerland,6575,0.5,313,9035.52,5,0,0,6,9,27,1,0,-1,1
12452,17,2,430.57,19.571363636363635,2.0,80.0,71.76166666666667,Stationery,130.99,Seasonal,Switzerland,185,0.3333333333333333,0,430.57,2,0,0,8,9,27,0,0,0,0
12453,134,1,707.09,16.443953488372095,9.9,30.0,117.84833333333334,Kitchen,160.4,Furniture,Austria,473,0.16666666666666666,0,707.09,1,0,0,5,4,1,0,0,0,0
12454,56,1,3528.34,235.22266666666667,66.4,417.5,588.0566666666667,Electronics,1326.6399999999999,Crockery,Spain,1006,0.16666666666666666,0,3528.34,1,0,0,2,2,25,0,0,-1,0
12455,73,3,503.56,14.387428571428572,6.8,30.0,83.92666666666666,Home Decor,864.32,Furniture,Spain,2089,0.5,223,2466.86,6,0,0,4,4,25,0,0,0,0
12456,44,2,2240.87,26.67702380952381,4.5600000000000005,280.0,373.4783333333333,Stationery,775.4000000000001,Bags,Switzerland,1633,0.3333333333333333,210,3181.04,3,0,0,8,1,27,0,0,0,0
12457,66,4,1295.98,35.02648648648649,5.04,196.35,215.99666666666667,Other,627.96,Electronics,Switzerland,843,0.6666666666666666,172,2363.23,7,0,0,6,3,27,0,0,0,0
12458,71,1,505.48,26.60421052631579,9.959999999999999,80.0,84.24666666666667,Stationery,160.0,Seasonal,Switzerland,506,0.16666666666666666,213,947.4,2,0,0,8,9,27,0,0,0,0
12461,94,2,826.88,23.62514285714286,4.5600000000000005,200.0,137.81333333333333,Stationery,249.68,Toys,Switzerland,287,0.3333333333333333,60,826.88,2,0,0,8,13,27,0,0,0,0
12462,19,1,427.48,19.430909090909093,9.959999999999999,84.0,71.24666666666667,Kitchen,303.90999999999997,Seasonal,Spain,536,0.16666666666666666,284,1189.59,2,0,0,5,9,25,0,0,0,0
12463,53,2,696.83,15.485111111111111,4.68,36.0,116.13833333333334,Storage,261.45,Bags,Belgium,776,0.3333333333333333,188,1344.78,4,0,0,9,1,2,0,0,0,0
12464,10,4,667.1999999999999,47.65714285714285,15.0,119.6,111.19999999999999,Other,744.55,Furniture,Belgium,112,0.6666666666666666,299,1212.05,8,0,0,6,4,2,0,0,0,0
12465,17,2,742.1899999999999,15.79127659574468,5.04,40.8,123.69833333333332,Kitchen,309.29,Textiles,Belgium,479,0.3333333333333333,152,742.1899999999999,2,0,0,5,12,2,0,0,0,0
12471,2,17,11426.73,40.664519572953736,5.04,876.0,1904.455,Kitchen,8723.109999999999,Textiles,Germany,8200,2.8333333333333335,362,19788.65,30,1,1,5,12,12,1,1,-1,1
12472,32,4,3523.27,17.528706467661692,5.04,126.0,587.2116666666667,Storage,1158.38,Accessories,Germany,4148,0.6666666666666666,336,6572.11,7,0,0,9,0,12,1,1,-1,1
12473,29,4,3266.36,24.559097744360905,4.5600000000000005,549.34,544.3933333333333,Other,1700.88,Textiles,Germany,2414,0.6666666666666666,162,3928.0499999999997,5,0,0,6,12,12,0,0,-1,0
12474,17,10,4604.96,17.055407407407408,2.2800000000000002,72.0,767.4933333333333,Storage,1468.0,Textiles,Germany,4833,1.6666666666666667,312,7324.09,18,1,1,9,12,12,1,1,-1,1
12475,54,1,723.38,20.093888888888888,4.0,54.0,120.56333333333333,Other,183.24,Furniture,Germany,535,0.16666666666666666,0,723.38,1,0,0,6,4,12,0,0,0,0
12476,16,6,4371.32,29.535945945945944,7.9,162.0,728.5533333333333,Other,1551.72,Seasonal,Germany,2408,1.0,345,6816.42,11,1,0,6,9,12,1,1,-1,1
12477,23,4,8642.77,45.25010471204189,5.04,275.40000000000003,1440.4616666666668,Kitchen,4639.08,Bags,Germany,3653,0.6666666666666666,278,13219.74,6,0,0,5,1,12,1,0,-1,1
12478,4,1,680.99,18.91638888888889,5.04,135.0,113.49833333333333,Stationery,173.01,Home Decor,Greece,236,0.16666666666666666,0,680.99,1,0,0,8,6,13,0,0,0,0
12479,11,1,527.2,17.006451612903227,4.5600000000000005,54.0,87.86666666666667,Kitchen,241.3,Toys,Germany,385,0.16666666666666666,0,527.2,1,0,0,5,13,12,0,0,0,0
12480,28,2,1694.36,22.004675324675322,2.5,316.79999999999995,282.3933333333333,Storage,952.25,Electronics,Germany,1707,0.3333333333333333,307,3281.63,4,0,0,9,3,12,0,0,-1,0
12481,23,3,2495.77,28.042359550561798,6.8,144.0,415.96166666666664,Kitchen,1150.06,Textiles,Germany,3294,0.5,342,5579.82,10,0,0,5,12,12,0,0,-1,0
12483,17,3,1170.3700000000001,32.51027777777778,6.959999999999999,160.0,195.0616666666667,Stationery,597.4,Textiles,Sweden,1110,0.5,322,2484.98,8,0,0,8,12,26,0,0,0,0
12484,33,5,3388.65,13.831224489795918,0.83,196.0,564.775,Stationery,1000.2,Accessories,Spain,2187,0.8333333333333334,303,4527.32,6,0,0,8,0,25,0,0,-1,0
12488,10,3,1298.66,23.612000000000002,4.5600000000000005,84.75,216.44333333333336,Other,386.6,Crockery,France,529,0.5,65,1298.66,3,0,0,6,2,11,0,0,0,0
12490,5,8,4222.21,22.822756756756757,6.8,171.84,703.7016666666667,Kitchen,1174.95,Furniture,France,3064,1.3333333333333333,324,5417.93,10,0,1,5,4,11,1,1,-1,1
12491,39,1,460.40000000000003,17.70769230769231,8.5,46.800000000000004,76.73333333333333,Other,122.60000000000001,Bags,France,260,0.16666666666666666,0,460.40000000000003,1,0,0,6,1,11,0,0,0,0
12492,63,2,263.21000000000004,13.160500000000003,5.04,23.4,43.86833333333334,Storage,105.15,Home Decor,Germany,192,0.3333333333333333,42,263.21000000000004,2,0,0,9,6,12,0,0,0,0
12493,166,1,201.24,20.124000000000002,16.5,29.88,33.54,Home Decor,149.5,Kitchen,France,207,0.16666666666666666,31,433.74,2,0,0,4,7,11,0,0,0,0
12494,16,3,530.46,14.735000000000001,4.68,39.8,88.41000000000001,Kitchen,321.66,Storage,France,707,0.5,349,1246.1000000000001,7,0,0,5,11,11,0,0,0,0
12497,82,1,1043.1,74.50714285714285,20.4,177.60000000000002,173.85,Storage,360.0,Home Decor,Germany,1236,0.16666666666666666,0,1043.1,1,0,0,9,6,12,0,0,-1,0
12498,21,3,403.70000000000005,17.55217391304348,8.5,36.0,67.28333333333335,Home Decor,128.3,Other,Germany,159,0.5,36,403.70000000000005,3,0,0,4,8,12,0,0,0,0
12500,23,7,3047.62,70.87488372093023,3.0,624.0,507.93666666666667,Stationery,1006.2,Bags,Germany,2678,1.1666666666666667,310,4257.82,11,1,1,8,1,12,1,1,-1,1
12502,96,2,1881.22,26.87457142857143,4.2,196.0,313.5366666666667,Kitchen,1047.4,Furniture,Spain,820,0.3333333333333333,214,3723.87,5,0,0,5,4,25,0,0,0,0
12504,18,2,482.04999999999995,53.5611111111111,9.95,131.39999999999998,80.34166666666665,Kitchen,368.04999999999995,Stationery,Germany,90,0.3333333333333333,12,482.04999999999995,2,0,0,5,10,12,0,0,0,0
12507,134,2,858.65,107.33125,25.5,208.79999999999998,143.10833333333332,Kitchen,753.05,Electronics,Spain,894,0.3333333333333333,164,1304.81,3,0,0,5,3,25,0,0,0,0
12508,26,2,397.88,5.851176470588236,0.39,20.23,66.31333333333333,Home Decor,107.23,Bags,France,271,0.3333333333333333,2,397.88,2,0,0,4,1,11,0,0,0,0
12510,143,1,301.52,75.38,23.0,162.72,50.25333333333333,Home Decor,227.42000000000002,Other,Spain,353,0.16666666666666666,182,982.5699999999999,2,0,0,4,8,25,0,0,0,0
12512,66,2,132.18,4.263870967741935,0.95,10.5,22.03,Kitchen,44.15,Furniture,Israel,96,0.3333333333333333,0,132.18,2,0,0,5,4,15,0,0,0,0
12513,113,1,612.29,17.494,6.64,54.0,102.04833333333333,Stationery,126.0,Crockery,France,462,0.16666666666666666,0,612.29,1,0,0,8,2,11,0,0,0,0
12516,78,1,728.86,56.066153846153846,7.800000000000001,104.0,121.47666666666667,Bags,588.9,Other,Germany,875,0.16666666666666666,102,1312.06,2,0,0,0,8,12,0,0,0,0
12517,28,4,1731.9,11.781632653061225,1.25,90.0,288.65000000000003,Kitchen,606.24,Accessories,Germany,1361,0.6666666666666666,161,2481.6,5,0,0,5,0,12,0,0,0,0
12518,1,5,2056.89,16.58782258064516,5.04,54.0,342.815,Storage,402.3,Accessories,Germany,1318,0.8333333333333334,109,2056.89,5,0,0,9,0,12,0,0,0,0
12519,64,1,330.84,19.461176470588235,10.0,54.0,55.13999999999999,Kitchen,84.7,Crockery,Germany,175,0.16666666666666666,0,330.84,1,0,0,5,2,12,0,0,0,0
12520,79,2,936.7,18.734,4.68,72.0,156.11666666666667,Kitchen,1032.55,Bags,Germany,1439,0.3333333333333333,194,2634.26,5,0,0,5,1,12,0,0,0,0
12521,143,1,599.68,15.781052631578946,5.04,54.0,99.94666666666666,Bags,133.3,Storage,Germany,309,0.16666666666666666,0,599.68,1,0,0,0,11,12,0,0,0,0
12522,39,2,192.72,16.06,4.0,20.0,32.12,Stationery,53.34,Storage,Germany,194,0.3333333333333333,12,192.72,2,0,0,8,11,12,0,0,0,0
12523,19,7,1289.58,17.426756756756756,9.95,39.6,214.92999999999998,Kitchen,638.6,Accessories,France,865,1.1666666666666667,312,1789.77,11,1,1,5,0,11,1,1,-1,1
12524,9,3,1652.3400000000001,41.3085,2.88,152.64000000000001,275.39000000000004,Other,984.8,Textiles,Germany,3699,0.5,324,4485.72,8,0,0,6,12,12,0,0,0,0
12526,1,3,1316.66,18.54450704225352,4.68,72.0,219.44333333333336,Storage,425.2,Crockery,Germany,632,0.5,93,1316.66,3,0,0,9,2,12,0,0,0,0
12527,82,1,63.790000000000006,21.263333333333335,14.850000000000001,34.0,10.631666666666668,Electronics,126.00000000000001,Furniture,Germany,234,0.16666666666666666,243,348.71000000000004,3,0,0,2,4,12,0,0,0,0
12528,9,4,1161.82,24.204583333333332,9.95,59.400000000000006,193.63666666666666,Kitchen,1264.18,Textiles,Germany,756,0.6666666666666666,303,1933.48,6,0,0,5,12,12,0,0,0,0
12530,60,2,857.28,21.98153846153846,5.04,41.6,142.88,Bags,398.6,Furniture,Germany,913,0.3333333333333333,277,1662.28,4,0,0,0,4,12,0,0,-1,0
12531,15,1,125.22,7.365882352941177,0.85,29.95,20.87,Kitchen,36.2,Bags,Germany,45,0.16666666666666666,0,125.22,1,0,0,5,1,12,0,0,0,0
12532,30,1,349.83000000000004,21.864375000000003,9.36,45.0,58.30500000000001,Home Decor,114.60000000000001,Crockery,France,153,0.16666666666666666,0,349.83000000000004,1,0,0,4,2,11,0,0,0,0
12534,131,1,1089.18,17.28857142857143,6.8,108.0,181.53,Other,224.85,Crockery,Germany,651,0.16666666666666666,0,1089.18,1,0,0,6,2,12,0,0,0,0
12535,92,1,344.9,21.55625,14.850000000000001,35.8,57.48333333333333,Kitchen,306.0,Stationery,France,219,0.16666666666666666,94,716.35,2,0,0,5,10,11,0,0,0,0
12536,43,3,12601.830000000002,48.282873563218395,4.5600000000000005,4161.06,2100.3050000000003,Other,9063.69,Furniture,France,2803,0.5,15,12601.830000000002,3,0,0,6,4,11,1,1,-1,1
12538,29,1,363.95,17.33095238095238,5.04,39.8,60.65833333333333,Kitchen,96.05,Home Decor,Spain,191,0.16666666666666666,0,363.95,1,0,0,5,6,25,0,0,0,0
12539,22,1,1050.66,24.433953488372094,10.08,102.0,175.11,Kitchen,1567.9,Seasonal,Spain,2067,0.16666666666666666,311,5568.35,4,0,0,5,9,25,0,0,0,0
12540,20,10,6897.72,25.54711111111111,5.04,168.0,1149.6200000000001,Stationery,3029.32,Textiles,Spain,6685,1.6666666666666667,342,13400.24,17,1,1,8,12,25,1,1,-1,1
12541,30,2,668.78,19.108,6.64,84.0,111.46333333333332,Kitchen,366.78000000000003,Textiles,Spain,680,0.3333333333333333,251,981.18,3,0,0,5,12,25,0,0,0,0
12544,36,1,372.7,19.61578947368421,12.48,56.0,62.11666666666667,Stationery,108.74000000000001,Home Decor,Spain,136,0.16666666666666666,0,372.7,1,0,0,8,6,25,0,0,0,0
12545,75,1,372.24,23.265,10.2,84.0,62.04,Other,234.2,Textiles,Spain,523,0.16666666666666666,184,1000.39,2,0,0,6,12,25,0,0,0,0
12546,47,2,1161.5,16.833333333333332,7.9,84.0,193.58333333333334,Stationery,264.82,Electronics,Spain,633,0.3333333333333333,31,1161.5,2,0,0,8,3,25,0,0,0,0
12548,166,1,95.19999999999999,19.04,15.0,28.0,15.866666666666665,Stationery,45.4,Home Decor,Spain,49,0.16666666666666666,0,95.19999999999999,1,0,0,8,6,25,0,0,0,0
12550,79,1,964.83,16.92684210526316,4.5600000000000005,140.0,160.805,Stationery,255.07,Electronics,Spain,569,0.16666666666666666,0,964.83,1,0,0,8,3,25,0,0,0,0
12552,39,2,437.82,21.891,9.95,120.0,72.97,Stationery,158.25,Electronics,Italy,88,0.3333333333333333,0,437.82,2,0,0,8,3,16,0,0,0,0
12553,8,5,1957.66,20.82617021276596,5.04,85.92,326.2766666666667,Kitchen,883.25,Seasonal,France,1965,0.8333333333333334,321,3692.28,10,0,0,5,9,11,0,0,0,0
12556,50,2,599.56,5.038319327731092,0.29,23.6,99.92666666666666,Home Decor,140.56,Furniture,Spain,355,0.3333333333333333,100,599.56,2,0,0,4,4,25,0,0,0,0
12558,8,1,269.96,24.54181818181818,5.04,74.88,44.99333333333333,Other,154.8,Crockery,USA,196,0.16666666666666666,0,269.96,1,0,0,6,2,28,0,0,0,0
12560,5,3,2134.01,20.323904761904764,4.68,144.0,355.66833333333335,Kitchen,475.82,Furniture,Germany,1110,0.5,137,2134.01,3,0,0,5,4,12,0,0,0,0
12562,8,6,3336.78,22.69918367346939,5.04,171.84,556.13,Bags,757.8000000000001,Crockery,France,1779,1.0,190,3781.7400000000002,7,0,0,0,2,11,0,0,-1,0
12566,86,1,351.65,18.507894736842104,10.08,54.0,58.60833333333333,Kitchen,113.17,Home Decor,Germany,265,0.16666666666666666,0,351.65,1,0,0,5,6,12,0,0,0,0
12567,23,4,4944.28,21.40380952380952,2.88,144.0,824.0466666666666,Other,1537.15,Textiles,France,4305,0.6666666666666666,346,9401.28,10,0,0,6,12,11,1,1,-1,1
12571,40,2,519.61,15.28264705882353,6.84,30.0,86.60166666666667,Kitchen,161.75,Textiles,France,523,0.3333333333333333,81,519.61,2,0,0,5,12,11,0,0,0,0
12572,9,2,1020.42,17.006999999999998,2.5,54.0,170.07,Crockery,231.8,Textiles,Germany,452,0.3333333333333333,43,1020.42,2,0,0,1,12,12,0,0,0,0
12576,36,3,894.18,15.416896551724138,6.6000000000000005,34.8,149.03,Home Decor,394.57,Bags,Poland,967,0.5,268,1315.83,5,0,0,4,1,21,0,0,0,0
12577,35,2,430.71,5.452025316455696,0.36,31.200000000000003,71.785,Other,198.34,Seasonal,France,469,0.3333333333333333,323,626.6,3,0,0,6,9,11,0,0,0,0
12578,21,1,1185.85,26.951136363636362,10.08,196.0,197.64166666666665,Kitchen,612.17,Accessories,Italy,1196,0.16666666666666666,308,2794.51,2,0,0,5,0,16,0,0,0,0
12579,78,1,440.42,15.18689655172414,6.8,54.0,73.40333333333334,Stationery,105.9,Bags,France,285,0.16666666666666666,0,440.42,1,0,0,8,1,11,0,0,0,0
12581,40,1,197.71,13.180666666666667,7.9,19.799999999999997,32.95166666666667,Home Decor,99.94999999999999,Seasonal,Germany,161,0.16666666666666666,0,197.71,1,0,0,4,9,12,0,0,0,0
12584,4,7,1715.41,24.861014492753625,5.9,91.80000000000001,285.9016666666667,Kitchen,867.9000000000001,Storage,Italy,416,1.1666666666666667,276,2338.15,9,0,1,5,11,16,1,1,-1,1
12586,17,1,196.94000000000003,17.903636363636366,2.88,33.2,32.82333333333334,Kitchen,117.56,Crockery,Italy,79,0.16666666666666666,0,196.94000000000003,1,0,0,5,2,16,0,0,0,0
12587,8,1,144.0,36.0,20.8,41.6,24.0,Bags,104.0,Stationery,Finland,51,0.16666666666666666,0,144.0,1,0,0,0,10,10,0,0,0,0
12588,39,1,214.89999999999998,21.49,10.2,40.0,35.81666666666666,Kitchen,157.89999999999998,Electronics,Finland,53,0.16666666666666666,0,214.89999999999998,1,0,0,5,3,10,0,0,0,0
12589,29,2,646.68,18.47657142857143,6.64,54.0,107.77999999999999,Kitchen,386.28,Seasonal,France,306,0.3333333333333333,115,646.68,2,0,0,5,9,11,0,0,0,0
12592,92,1,205.8,22.866666666666667,8.5,33.0,34.300000000000004,Bags,150.5,Stationery,Germany,290,0.16666666666666666,121,437.6,2,0,0,0,10,12,0,0,0,0
12593,109,2,182.1,18.21,16.5,23.4,30.349999999999998,Home Decor,132.5,Stationery,France,206,0.3333333333333333,110,418.09999999999997,3,0,0,4,10,11,0,0,0,0
12594,38,3,1530.27,32.55893617021277,6.959999999999999,85.92,255.045,Bags,775.3,Home Decor,Italy,1777,0.5,285,3338.2200000000003,10,0,0,0,6,16,0,0,-1,0
12596,51,1,348.32,29.026666666666667,13.919999999999998,112.0,58.053333333333335,Storage,187.55,Bags,Spain,474,0.16666666666666666,190,618.27,2,0,0,9,1,25,0,0,0,0
12597,19,2,2382.41,18.612578125,4.5600000000000005,280.0,397.0683333333333,Stationery,809.3199999999999,Textiles,Spain,2236,0.3333333333333333,248,3811.22,4,0,0,8,12,25,0,0,-1,0
12598,10,5,1737.34,20.43929411764706,5.04,62.5,289.5566666666667,Other,611.88,Bags,France,1964,0.8333333333333334,275,3023.08,8,0,0,6,1,11,0,0,0,0
12599,29,4,568.72,17.233939393939394,7.800000000000001,60.0,94.78666666666668,Kitchen,500.8,Toys,France,956,0.6666666666666666,275,1032.58,7,0,0,5,13,11,0,0,0,0
12600,29,4,1283.08,38.881212121212116,6.959999999999999,124.95,213.84666666666666,Other,982.0500000000001,Seasonal,Germany,774,0.6666666666666666,342,2599.04,10,0,0,6,9,12,0,0,0,0
12602,59,1,153.12,12.76,8.4,23.9,25.52,Stationery,102.5,Toys,France,162,0.16666666666666666,0,153.12,1,0,0,8,13,11,0,0,0,0
12604,79,1,75.68,12.613333333333335,6.64,15.600000000000001,12.613333333333335,Kitchen,174.98000000000002,Stationery,France,201,0.16666666666666666,182,254.18,2,0,0,5,10,11,0,0,0,0
12607,60,1,1579.51,15.63871287128713,5.04,39.6,263.25166666666667,Kitchen,430.43,Textiles,USA,1228,0.16666666666666666,0,1579.51,1,0,0,5,12,28,0,0,0,0
12609,78,1,326.12,19.183529411764706,9.959999999999999,36.0,54.35333333333333,Stationery,234.66000000000003,Seasonal,Germany,648,0.16666666666666666,240,1126.85,3,0,0,8,9,12,0,0,0,0
12610,23,5,2099.54,19.80698113207547,7.800000000000001,160.0,349.92333333333335,Stationery,472.0,Accessories,Italy,1049,0.8333333333333334,103,2099.54,5,0,0,8,0,16,0,0,0,0
12611,52,1,1193.32,18.35876923076923,5.04,144.0,198.88666666666666,Kitchen,322.94,Bags,Italy,846,0.16666666666666666,0,1193.32,1,0,0,5,1,16,0,0,0,0
12612,74,1,704.0400000000001,37.054736842105264,14.040000000000001,62.550000000000004,117.34000000000002,Other,600.0,Bags,Germany,262,0.16666666666666666,0,704.0400000000001,1,0,0,6,1,12,0,0,0,0
12613,57,1,1881.8600000000001,23.82101265822785,5.04,126.0,313.6433333333334,Kitchen,951.02,Crockery,Germany,1644,0.16666666666666666,204,3344.38,5,0,0,5,2,12,0,0,0,0
12615,2,4,2291.19,21.820857142857143,5.04,171.84,381.865,Kitchen,628.5,Seasonal,France,1376,0.6666666666666666,166,2291.19,4,0,0,5,9,11,0,0,0,0
12616,95,1,457.7,21.795238095238094,10.0,63.6,76.28333333333333,Storage,240.29999999999998,Home Decor,France,284,0.16666666666666666,202,713.3,2,0,0,9,6,11,0,0,0,0
12617,29,1,352.98,8.609268292682927,0.85,28.900000000000002,58.830000000000005,Other,143.4,Bags,France,210,0.16666666666666666,0,352.98,1,0,0,6,1,11,0,0,0,0
12618,22,1,177.31,16.11909090909091,9.959999999999999,40.0,29.551666666666666,Stationery,61.0,Electronics,Italy,96,0.16666666666666666,0,177.31,1,0,0,8,3,16,0,0,0,0
12619,16,7,3009.58,38.58435897435897,5.04,389.68,501.59666666666664,Kitchen,2115.94,Crockery,Germany,3378,1.1666666666666667,237,3641.24,9,0,1,5,2,12,1,1,-1,1
12620,15,2,777.75,13.182203389830509,4.5600000000000005,36.0,129.625,Kitchen,368.23,Furniture,France,1181,0.3333333333333333,189,1339.41,3,0,0,5,4,11,0,0,0,0
12621,2,10,6333.85,26.17293388429752,4.5600000000000005,249.0,1055.6416666666667,Other,2529.5099999999998,Accessories,Germany,7440,1.6666666666666667,364,13689.67,20,1,1,6,0,12,1,1,-1,1
12624,106,2,641.13,16.87184210526316,5.04,36.0,106.855,Kitchen,175.3,Textiles,France,355,0.3333333333333333,71,641.13,2,0,0,5,12,11,0,0,0,0
12626,23,7,5346.38,22.750553191489363,5.04,136.0,891.0633333333334,Kitchen,1287.59,Furniture,Germany,3453,1.1666666666666667,303,6620.48,9,0,1,5,4,12,1,1,-1,1
12627,11,7,4478.53,19.47186956521739,4.0,108.0,746.4216666666666,Kitchen,802.21,Seasonal,Germany,2752,1.1666666666666667,129,4478.53,7,0,1,5,9,12,1,1,-1,1
12628,4,3,786.46,19.181951219512197,5.04,50.0,131.07666666666668,Stationery,198.48,Seasonal,Germany,448,0.5,60,786.46,3,0,0,8,9,12,0,0,0,0
12630,10,2,1270.88,19.8575,6.959999999999999,120.0,211.81333333333336,Kitchen,292.71,Seasonal,Finland,548,0.3333333333333333,34,1270.88,2,0,0,5,9,10,0,0,0,0
12631,57,1,640.5,20.661290322580644,6.8,160.0,106.75,Stationery,177.34,Other,Finland,236,0.16666666666666666,0,640.5,1,0,0,8,8,10,0,0,0,0
12633,59,2,434.43,14.980344827586206,4.68,29.700000000000003,72.405,Other,386.52000000000004,Seasonal,Germany,1162,0.3333333333333333,229,2163.98,4,0,0,6,9,12,0,0,0,0
12635,90,2,1689.18,16.724554455445546,2.88,126.0,281.53000000000003,Other,323.46,Furniture,Germany,1172,0.3333333333333333,65,1689.18,2,0,0,6,4,12,0,0,0,0
12637,67,4,3615.75,15.25632911392405,0.55,89.85,602.625,Storage,1072.6399999999999,Accessories,France,2994,0.6666666666666666,256,6002.9,8,0,0,9,0,11,0,1,-1,0
12638,33,1,671.69,17.222820512820515,5.04,160.0,111.94833333333334,Stationery,208.45,Textiles,Sweden,577,0.16666666666666666,0,671.69,1,0,0,8,12,26,0,0,0,0
12640,24,3,1174.58,22.16188679245283,5.04,90.0,195.76333333333332,Kitchen,248.5,Bags,France,311,0.5,57,1174.58,3,0,0,5,1,11,0,0,0,0
12641,115,1,185.9,18.59,10.5,40.0,30.983333333333334,Kitchen,78.95,Home Decor,Sweden,72,0.16666666666666666,0,185.9,1,0,0,5,6,26,0,0,0,0
12642,25,3,1013.26,21.558723404255318,4.68,93.6,168.87666666666667,Stationery,294.76,Bags,Germany,552,0.5,82,1013.26,3,0,0,8,1,12,0,0,0,0
12643,128,2,1452.72,145.272,18.0,428.4,242.12,Other,1426.08,Stationery,France,1808,0.3333333333333333,204,3344.64,6,0,0,6,10,11,0,0,-1,0
12644,130,1,477.91,15.416451612903227,6.64,30.0,79.65166666666667,Kitchen,270.27,Other,Germany,325,0.16666666666666666,0,477.91,1,0,0,5,8,12,0,0,0,0
12645,34,2,976.28,26.385945945945945,10.08,70.80000000000001,162.71333333333334,Storage,687.6,Textiles,Germany,1084,0.3333333333333333,282,1775.18,4,0,0,9,12,12,0,0,0,0
12646,5,2,1346.97,29.932666666666666,10.4,81.36,224.495,Kitchen,469.09000000000003,Stationery,USA,897,0.3333333333333333,44,1346.97,2,0,0,5,10,28,0,0,0,0
12647,22,5,1420.51,28.99,6.64,126.0,236.75166666666667,Kitchen,1370.17,Electronics,Germany,1431,0.8333333333333334,346,3722.82,12,1,0,5,3,12,1,1,-1,1
12648,155,1,318.05,15.145238095238096,6.8,44.75,53.00833333333333,Crockery,84.16,Home Decor,Germany,160,0.16666666666666666,0,318.05,1,0,0,1,6,12,0,0,0,0
12649,107,2,248.51000000000002,17.750714285714288,5.88,70.80000000000001,41.41833333333334,Storage,243.3,Furniture,Germany,586,0.3333333333333333,105,623.51,3,0,0,9,4,12,0,0,0,0
12650,3,1,314.44,15.722,4.68,94.80000000000001,52.406666666666666,Storage,142.8,Crockery,France,254,0.16666666666666666,0,314.44,1,0,0,9,2,11,0,0,0,0
12653,149,1,1430.75,52.99074074074074,8.5,350.4,238.45833333333334,Kitchen,534.0999999999999,Stationery,Israel,919,0.16666666666666666,147,2209.85,2,0,0,5,10,15,0,0,-1,0
12654,11,2,264.23,16.514375,9.899999999999999,25.200000000000003,44.038333333333334,Storage,176.45,Bags,Germany,264,0.3333333333333333,284,601.98,5,0,0,9,1,12,0,0,0,0
12656,17,3,2391.57,25.442234042553192,7.800000000000001,92.5,398.595,Kitchen,869.3,Furniture,France,1723,0.5,216,4051.17,5,0,0,5,4,11,0,0,0,0
12657,11,4,1643.18,34.961276595744685,7.800000000000001,127.5,273.86333333333334,Stationery,539.48,Bags,France,1044,0.6666666666666666,67,1643.18,4,0,0,8,1,11,0,0,0,0
12658,19,1,686.05,19.056944444444444,9.959999999999999,54.0,114.34166666666665,Other,194.4,Toys,Germany,320,0.16666666666666666,0,686.05,1,0,0,6,13,12,0,0,0,0
12659,30,1,91.68,18.336000000000002,15.0,28.080000000000002,15.280000000000001,Stationery,61.68000000000001,Textiles,France,105,0.16666666666666666,0,91.68,1,0,0,8,12,11,0,0,0,0
12660,11,1,245.1,18.853846153846153,15.0,25.200000000000003,40.85,Storage,59.39999999999999,Toys,France,127,0.16666666666666666,0,245.1,1,0,0,9,13,11,0,0,0,0
12664,8,7,3578.3,127.79642857142858,6.6000000000000005,270.0,596.3833333333333,Toys,3724.8,Kitchen,Finland,1203,1.1666666666666667,314,4881.88,9,0,1,11,7,10,1,1,-1,1
12667,58,1,620.13,18.791818181818183,4.5600000000000005,160.0,103.355,Kitchen,262.77,Furniture,Finland,395,0.16666666666666666,0,620.13,1,0,0,5,4,10,0,0,0,0
12668,12,1,882.6800000000001,23.22842105263158,5.04,144.0,147.11333333333334,Kitchen,1769.3700000000001,Bags,Germany,1634,0.16666666666666666,343,3807.15,4,0,0,5,1,12,0,0,0,0
12669,151,1,471.43,15.20741935483871,6.3,72.0,78.57166666666667,Other,1262.4499999999998,Seasonal,France,1115,0.16666666666666666,105,2744.0299999999997,3,0,0,6,9,11,0,0,0,0
12670,10,3,1969.66,34.55543859649123,7.800000000000001,90.0,328.2766666666667,Kitchen,607.65,Bags,France,1397,0.5,222,2996.05,5,0,0,5,1,11,0,0,0,0
12673,5,1,389.62,20.506315789473685,8.5,45.0,64.93666666666667,Kitchen,125.05000000000001,Toys,Germany,351,0.16666666666666666,321,610.52,2,0,0,5,13,12,0,0,0,0
12674,39,3,1383.8600000000001,20.96757575757576,5.04,85.92,230.64333333333335,Other,567.76,Textiles,France,1133,0.5,169,1970.6,4,0,0,6,12,11,0,0,0,0
12676,25,3,502.44,23.925714285714285,8.4,40.0,83.74,Storage,322.45,Toys,Sweden,670,0.5,286,1331.39,6,0,0,9,13,26,0,0,0,0
12678,42,6,11737.1,126.20537634408602,6.8,1632.48,1956.1833333333334,Kitchen,4699.15,Seasonal,France,10923,1.0,311,17628.46,12,1,0,5,9,11,1,1,-1,1
12679,59,2,206.64000000000001,51.660000000000004,18.0,76.32000000000001,34.440000000000005,Storage,363.66,Home Decor,France,554,0.3333333333333333,225,1113.02,4,0,0,9,6,11,0,0,0,0
12680,1,4,862.81,16.592499999999998,4.68,36.0,143.80166666666665,Storage,224.33999999999997,Home Decor,France,443,0.6666666666666666,112,862.81,4,0,0,9,6,11,0,0,0,0
12681,15,9,5032.7,22.170484581497796,4.68,214.8,838.7833333333333,Crockery,2047.03,Seasonal,France,7536,1.5,353,13787.54,22,1,1,1,9,11,1,1,-1,1
12683,4,5,3389.64,23.376827586206897,4.68,175.2,564.9399999999999,Kitchen,2517.08,Seasonal,France,4987,0.8333333333333334,361,8476.57,15,1,0,5,9,11,1,1,-1,1
12684,8,4,1366.53,22.402131147540985,4.5600000000000005,93.6,227.755,Other,836.66,Furniture,France,1985,0.6666666666666666,205,2283.63,7,0,0,6,4,11,0,0,0,0
12685,28,6,2863.08,18.236178343949042,5.04,90.0,477.18,Electronics,490.86,Crockery,France,1523,1.0,65,2863.08,6,0,0,2,2,11,0,0,-1,0
12688,114,1,4873.8099999999995,28.501812865497072,2.88,135.0,812.3016666666666,Kitchen,1634.52,Toys,Israel,3028,0.16666666666666666,0,4873.8099999999995,1,0,0,5,13,15,0,0,-1,0
12689,26,2,1247.61,17.327916666666667,5.04,72.0,207.93499999999997,Stationery,196.17000000000002,Furniture,France,628,0.3333333333333333,101,1247.61,2,0,0,8,4,11,0,0,0,0
12691,28,3,629.6,37.03529411764706,10.0,158.39999999999998,104.93333333333334,Toys,265.6,Seasonal,France,394,0.5,329,1035.8,6,0,0,11,9,11,0,0,0,0
12693,127,1,225.14000000000001,32.16285714285714,6.64,91.80000000000001,37.52333333333333,Kitchen,387.54,Textiles,Germany,255,0.16666666666666666,192,855.91,4,0,0,5,12,12,0,0,0,0
12694,70,1,430.17,25.304117647058824,6.64,54.75,71.69500000000001,Kitchen,435.37,Crockery,France,509,0.16666666666666666,112,869.67,2,0,0,5,2,11,0,0,0,0
12695,7,3,492.85,23.469047619047622,4.5600000000000005,70.8,82.14166666666667,Textiles,249.3,Crockery,France,220,0.5,203,582.1,4,0,0,10,2,11,0,0,0,0
12697,29,3,957.59,23.355853658536585,7.9,80.0,159.59833333333333,Kitchen,542.91,Seasonal,Sweden,508,0.5,140,957.59,3,0,0,5,9,26,0,0,0,0
12700,8,3,3847.56,18.67747572815534,2.88,126.0,641.26,Storage,898.14,Textiles,France,2967,0.5,207,4939.99,4,0,0,9,12,11,0,0,-1,0
12701,80,1,460.63,14.3946875,3.3600000000000003,36.0,76.77166666666666,Other,215.04,Crockery,Germany,678,0.16666666666666666,162,797.71,2,0,0,6,2,12,0,0,0,0
12702,20,1,219.0,18.25,14.850000000000001,25.200000000000003,36.5,Storage,141.8,Crockery,Germany,53,0.16666666666666666,0,219.0,1,0,0,9,2,12,0,0,0,0
12703,71,1,283.55,13.502380952380953,4.2,25.200000000000003,47.25833333333333,Crockery,86.9,Other,Germany,164,0.16666666666666666,0,283.55,1,0,0,1,8,12,0,0,0,0
12704,7,8,2340.84,26.600454545454546,5.0,200.0,390.14000000000004,Stationery,645.3,Furniture,Finland,1006,1.3333333333333333,162,2340.84,8,0,1,8,4,10,1,1,-1,1
12705,15,6,3704.19,19.70313829787234,2.88,102.0,617.365,Kitchen,1364.56,Accessories,Germany,3997,1.0,341,6868.29,9,0,0,5,0,12,1,1,-1,1
12708,30,5,1374.74,18.329866666666668,9.899999999999999,36.0,229.12333333333333,Kitchen,756.39,Seasonal,Germany,1307,0.8333333333333334,338,2712.91,10,0,0,5,9,12,0,0,0,0
12709,15,7,4583.39,42.0494495412844,10.08,350.4,763.8983333333334,Kitchen,6347.69,Toys,Germany,3912,1.1666666666666667,351,9706.52,15,1,1,5,13,12,1,1,-1,1
12710,97,2,430.06,13.032121212121211,5.04,36.0,71.67666666666666,Stationery,202.62,Crockery,Germany,851,0.3333333333333333,104,1149.02,3,0,0,8,2,12,0,0,0,0
12712,29,4,1501.25,35.74404761904762,8.25,142.8,250.20833333333334,Other,1357.25,Bags,Germany,1062,0.6666666666666666,342,4396.13,13,1,0,6,1,12,1,1,-1,1
12713,1,1,848.55,22.330263157894734,5.04,71.69999999999999,141.42499999999998,Stationery,215.28,Crockery,Germany,508,0.16666666666666666,0,848.55,1,0,0,8,2,12,0,0,0,0
12714,9,3,2946.94,18.303975155279502,2.88,108.0,491.1566666666667,Kitchen,955.74,Furniture,France,3069,0.5,285,4708.86,5,0,0,5,4,11,0,0,0,0
12715,106,1,343.36,17.168,6.959999999999999,80.0,57.22666666666667,Bags,116.7,Other,Sweden,192,0.16666666666666666,0,343.36,1,0,0,0,8,26,0,0,0,0
12716,4,2,1053.49,15.267971014492753,6.8,54.0,175.58166666666668,Other,246.44,Electronics,France,708,0.3333333333333333,129,1053.49,2,0,0,6,3,11,0,0,0,0
12717,151,1,421.24,17.551666666666666,4.5600000000000005,100.0,70.20666666666666,Kitchen,298.44,Storage,Greece,506,0.16666666666666666,94,1030.98,2,0,0,5,11,13,0,0,0,0
12718,71,1,238.25,12.539473684210526,4.5600000000000005,36.0,39.708333333333336,Stationery,63.48,Toys,France,203,0.16666666666666666,0,238.25,1,0,0,8,13,11,0,0,0,0
12719,5,2,644.95,16.53717948717949,8.5,37.5,107.49166666666667,Other,156.4,Bags,France,374,0.3333333333333333,59,644.95,2,0,0,6,1,11,0,0,0,0
12720,3,15,3439.96,17.286231155778896,4.5600000000000005,90.0,573.3266666666667,Kitchen,2033.21,Electronics,Germany,4672,2.5,366,5781.73,25,1,1,5,3,12,1,1,-1,1
12721,32,2,957.22,16.22406779661017,7.9,54.0,159.53666666666666,Kitchen,627.47,Furniture,France,1959,0.3333333333333333,323,2656.13,6,0,0,5,4,11,0,0,0,0
12722,85,4,997.63,18.82320754716981,4.5600000000000005,81.6,166.27166666666668,Home Decor,354.59,Seasonal,France,566,0.6666666666666666,65,997.63,4,0,0,4,9,11,0,0,0,0
12723,4,5,725.07,10.508260869565218,1.65,61.199999999999996,120.84500000000001,Other,181.25,Storage,France,434,0.8333333333333334,61,725.07,5,0,0,6,11,11,0,0,0,0
12724,5,3,876.51,20.869285714285713,12.48,54.0,146.085,Storage,218.10000000000002,Kitchen,France,445,0.5,327,1031.41,4,0,0,9,7,11,0,0,0,0
12726,28,2,1141.78,20.031228070175437,6.72,54.0,190.29666666666665,Other,925.8,Storage,France,3143,0.3333333333333333,329,2609.1,7,0,0,6,11,11,0,0,0,0
12727,11,2,1180.3,39.343333333333334,4.8,183.60000000000002,196.71666666666667,Kitchen,980.82,Seasonal,France,2098,0.3333333333333333,309,3980.7,7,0,0,5,9,11,0,0,0,0
12728,71,1,219.01999999999998,16.847692307692306,5.04,40.8,36.50333333333333,Kitchen,310.06,Textiles,France,419,0.16666666666666666,261,836.33,4,0,0,5,12,11,0,0,0,0
12729,114,1,453.01,17.423461538461538,8.5,36.0,75.50166666666667,Other,125.48,Bags,France,233,0.16666666666666666,0,453.01,1,0,0,6,1,11,0,0,0,0
12731,24,6,10665.82,71.58268456375839,5.04,475.20000000000005,1777.6366666666665,Kitchen,5818.47,Bags,France,8437,1.0,341,18895.91,12,1,0,5,1,11,1,1,-1,1
12739,78,2,1013.04,26.658947368421053,3.4799999999999995,153.0,168.84,Kitchen,318.48,Crockery,United Arab Emirates,486,0.3333333333333333,20,1013.04,2,0,0,5,2,29,0,0,0,0
12740,64,1,427.6,15.837037037037037,7.800000000000001,34.0,71.26666666666667,Kitchen,150.5,Stationery,France,342,0.16666666666666666,0,427.6,1,0,0,5,10,11,0,0,0,0
12743,134,2,540.13,4.123129770992366,0.19,22.5,90.02166666666666,Electronics,87.44,Seasonal,Unspecified,315,0.3333333333333333,0,540.13,2,0,0,2,9,31,0,0,0,0
12744,52,3,11016.64,101.07009174311926,5.8,3949.32,1836.1066666666666,Other,13027.6,Storage,Singapore,5241,0.5,266,21279.29,7,0,0,6,11,24,1,1,-1,1
12747,2,5,2104.61,43.84604166666667,12.75,243.0,350.7683333333334,Home Decor,2637.71,Stationery,United Kingdom,1275,0.8333333333333334,366,4196.01,11,1,0,4,10,30,1,0,2,1
12749,4,4,3231.78,20.716538461538462,6.64,114.75,538.63,Kitchen,1568.94,Bags,United Kingdom,1471,0.6666666666666666,209,4090.88,5,0,0,5,1,30,0,0,0,0
12750,129,1,275.88,18.392,10.5,40.68,45.98,Home Decor,66.78,Other,Poland,137,0.16666666666666666,0,275.88,1,0,0,4,8,21,0,0,0,0
12752,81,1,4366.78,82.3920754716981,13.200000000000001,270.0,727.7966666666666,Toys,1626.84,Stationery,Norway,2262,0.16666666666666666,0,4366.78,1,0,0,11,10,20,0,0,-1,0
12753,23,2,8488.88,124.83647058823529,18.72,360.0,1414.8133333333333,Kitchen,5657.72,Toys,Japan,11421,0.3333333333333333,339,21429.39,6,0,0,5,13,17,1,1,-1,1
12756,87,1,112.07999999999998,28.019999999999996,10.08,61.199999999999996,18.679999999999996,Kitchen,61.199999999999996,Other,Japan,144,0.16666666666666666,0,112.07999999999998,1,0,0,5,8,17,0,0,0,0
12757,16,7,3389.2200000000003,12.552666666666667,0.29,89.85,564.87,Other,3862.76,Crockery,Portugal,2395,1.1666666666666667,195,7834.650000000001,13,1,1,6,2,22,1,1,-1,1
12758,117,1,1221.4,29.790243902439027,10.5,62.400000000000006,203.5666666666667,Bags,933.2,Crockery,Portugal,2135,0.16666666666666666,159,2791.59,2,0,0,0,2,22,0,0,-1,0
12759,52,2,1086.64,15.980000000000002,5.04,45.0,181.10666666666668,Home Decor,305.5,Textiles,Netherlands,902,0.3333333333333333,223,1531.44,3,0,0,4,12,19,0,0,0,0
12762,8,2,1898.52,27.51478260869565,4.68,140.0,316.42,Home Decor,487.26000000000005,Crockery,Portugal,1227,0.3333333333333333,17,1898.52,2,0,0,4,2,22,0,0,0,0
12763,138,1,174.0,87.0,87.0,87.0,29.0,Kitchen,132.0,Other,Japan,316,0.16666666666666666,230,494.08,2,0,0,5,8,17,0,0,-1,0
12766,4,3,2973.92,24.178211382113822,3.4799999999999995,112.0,495.65333333333336,Kitchen,2422.37,Electronics,Portugal,3646,0.5,362,6989.63,7,0,0,5,3,22,1,0,-1,1
12772,60,1,892.47,16.226727272727274,3.4799999999999995,140.0,148.745,Kitchen,327.65,Crockery,Portugal,556,0.16666666666666666,0,892.47,1,0,0,5,2,22,0,0,0,0
12775,17,1,221.36,15.811428571428573,7.9,47.2,36.89333333333334,Home Decor,704.38,Seasonal,Netherlands,877,0.16666666666666666,294,1386.04,5,0,0,4,9,19,0,0,0,0
12778,20,2,330.17,17.377368421052633,5.04,54.0,55.028333333333336,Kitchen,280.83,Bags,Netherlands,825,0.3333333333333333,292,822.23,6,0,0,5,1,19,0,0,0,0
12779,38,1,981.95,21.82111111111111,9.120000000000001,60.0,163.65833333333333,Kitchen,2128.46,Furniture,Poland,2024,0.16666666666666666,333,3981.36,8,0,0,5,4,21,0,0,-1,0
12781,64,1,277.48,27.748,10.08,61.199999999999996,46.24666666666667,Home Decor,224.6,Toys,Czech Republic,671,0.16666666666666666,221,826.74,2,0,0,4,13,6,0,0,0,0
12782,5,2,767.97,21.942,4.68,112.0,127.995,Kitchen,621.29,Electronics,Portugal,1086,0.3333333333333333,352,2330.92,5,0,0,5,3,22,0,0,0,0
12783,2,6,2225.91,26.49892857142857,2.88,339.02,370.98499999999996,Other,826.17,Seasonal,Portugal,624,1.0,73,2225.91,6,0,0,6,9,22,0,0,-1,0
12784,9,2,532.8199999999999,9.347719298245613,0.55,56.0,88.80333333333333,Kitchen,142.2,Seasonal,Portugal,280,0.3333333333333333,6,532.8199999999999,2,0,0,5,9,22,0,0,0,0
12787,10,2,305.56,25.463333333333335,10.08,62.400000000000006,50.92666666666667,Bags,124.80000000000001,Crockery,Netherlands,261,0.3333333333333333,182,463.66,3,0,0,0,2,19,0,0,0,0
12794,53,2,860.41,19.12022222222222,2.88,59.400000000000006,143.40166666666667,Kitchen,407.97,Stationery,Portugal,592,0.3333333333333333,45,860.41,2,0,0,5,10,22,0,0,0,0
12795,19,1,430.48,30.74857142857143,12.48,112.0,71.74666666666667,Kitchen,147.75,Electronics,Portugal,68,0.16666666666666666,0,430.48,1,0,0,5,3,22,0,0,0,0
12808,37,1,202.3,16.858333333333334,9.95,20.8,33.71666666666667,Bags,189.0,Home Decor,Portugal,188,0.16666666666666666,331,483.65000000000003,3,0,0,0,6,22,0,0,0,0
12812,45,1,229.64000000000001,15.309333333333335,6.64,31.6,38.27333333333333,Kitchen,132.54,Other,Japan,164,0.16666666666666666,0,229.64000000000001,1,0,0,5,8,17,0,0,0,0
12814,102,1,125.92,62.96,40.0,85.92,20.986666666666668,Electronics,85.92,Stationery,Poland,49,0.16666666666666666,0,125.92,1,0,0,2,10,21,0,0,-1,0
12815,148,1,448.1,28.00625,8.4,80.0,74.68333333333334,Kitchen,363.2,Home Decor,Poland,379,0.16666666666666666,50,1063.46,2,0,0,5,6,21,0,0,0,0
12816,96,2,572.2,19.731034482758623,8.5,80.0,95.36666666666667,Stationery,132.7,Textiles,Poland,128,0.3333333333333333,80,572.2,2,0,0,8,12,21,0,0,0,0
12820,3,3,771.88,16.080833333333334,8.2,37.800000000000004,128.64666666666668,Kitchen,188.2,Furniture,United Kingdom,722,0.5,323,942.34,4,0,0,5,4,30,0,0,0,0
12822,71,2,948.88,20.62782608695652,6.959999999999999,102.0,158.14666666666668,Kitchen,187.60000000000002,Toys,United Kingdom,550,0.3333333333333333,16,948.88,2,0,0,5,13,30,0,0,0,0
12824,60,1,397.12,15.8848,5.04,47.7,66.18666666666667,Electronics,136.16,Other,United Kingdom,232,0.16666666666666666,0,397.12,1,0,0,2,8,30,0,0,0,0
12826,3,4,777.62,18.514761904761905,7.5,35.400000000000006,129.60333333333332,Bags,630.6,Toys,United Kingdom,1058,0.6666666666666666,362,1474.72,7,0,0,0,13,30,0,0,0,0
12827,6,3,430.15000000000003,17.206000000000003,5.04,44.550000000000004,71.69166666666668,Kitchen,303.95,Crockery,United Kingdom,197,0.5,38,430.15000000000003,3,0,0,5,2,30,0,0,0,0
12828,3,6,1018.71,18.19125,1.0,45.9,169.785,Kitchen,315.25,Seasonal,United Kingdom,494,1.0,127,1018.71,6,0,0,5,9,30,0,0,0,0
12830,38,6,6814.64,179.33263157894737,51.84,587.52,1135.7733333333333,Stationery,2030.4,Kitchen,United Kingdom,9848,1.0,134,6814.64,6,0,0,8,7,30,1,0,-1,1
12832,32,2,383.03,14.186296296296295,2.9,19.8,63.83833333333333,Home Decor,123.65,Bags,United Kingdom,195,0.3333333333333333,65,383.03,2,0,0,4,1,30,0,0,0,0
12833,145,1,417.38,17.390833333333333,9.95,27.04,69.56333333333333,Home Decor,178.72,Stationery,United Kingdom,156,0.16666666666666666,0,417.38,1,0,0,4,10,30,0,0,0,0
12836,59,2,948.96,12.99945205479452,0.85,51.75,158.16,Home Decor,892.86,Accessories,United Kingdom,1062,0.3333333333333333,252,2610.36,4,0,0,4,0,30,0,0,0,0
12837,173,1,134.1,11.174999999999999,3.9,25.5,22.349999999999998,Home Decor,48.150000000000006,Textiles,United Kingdom,24,0.16666666666666666,0,134.1,1,0,0,4,12,30,0,0,0,0
12838,34,1,281.16,4.609180327868853,0.42,22.5,46.86000000000001,Home Decor,147.9,Furniture,United Kingdom,355,0.16666666666666666,340,671.95,2,0,0,4,4,30,0,0,0,0
12839,3,9,3891.05,18.18247663551402,5.04,70.80000000000001,648.5083333333333,Home Decor,1830.8500000000001,Stationery,United Kingdom,3807,1.5,364,5591.42,14,1,1,4,10,30,1,1,1,1
12840,144,1,576.0,25.043478260869566,10.2,39.599999999999994,96.0,Bags,996.45,Crockery,United Kingdom,1511,0.16666666666666666,82,2726.77,4,0,0,0,2,30,0,0,0,0
12841,5,12,1852.12,9.748,0.42,107.28,308.68666666666667,Kitchen,882.35,Garden & Outdoor,United Kingdom,2720,2.0,367,3991.58,25,1,1,5,5,30,1,1,-1,1
12842,70,1,808.26,40.413,6.64,122.39999999999999,134.71,Kitchen,318.28,Furniture,United Kingdom,547,0.16666666666666666,238,1118.99,2,0,0,5,4,30,0,0,0,0
12843,66,4,630.75,19.7109375,0.78,59.400000000000006,105.125,Kitchen,597.7,Furniture,United Kingdom,781,0.6666666666666666,198,1702.26,8,0,0,5,4,30,0,0,0,0
12844,29,2,325.96000000000004,6.268461538461539,0.42,17.85,54.326666666666675,Home Decor,152.74,Bags,United Kingdom,125,0.3333333333333333,101,325.96000000000004,2,0,0,4,1,30,0,0,0,0
12847,22,1,843.64,10.043333333333333,0.38,46.8,140.60666666666665,Other,357.91999999999996,Storage,United Kingdom,873,0.16666666666666666,0,843.64,1,0,0,6,11,30,0,0,0,0
12849,31,1,341.44,24.388571428571428,4.95,100.0,56.906666666666666,Home Decor,398.47999999999996,Crockery,United Kingdom,597,0.16666666666666666,237,1010.29,2,0,0,4,2,30,0,0,0,0
12853,135,3,1072.1,29.78055555555555,10.2,81.6,178.6833333333333,Home Decor,505.3,Accessories,United Kingdom,800,0.5,181,1957.1000000000001,6,0,0,4,0,30,0,0,0,0
12854,79,1,505.88,15.32969696969697,1.26,44.25,84.31333333333333,Home Decor,425.89,Accessories,United Kingdom,626,0.16666666666666666,239,1316.25,3,0,0,4,0,30,0,0,0,0
12856,8,6,2170.78,6.98,0.55,49.92,361.7966666666667,Home Decor,497.51,Accessories,United Kingdom,1076,1.0,55,2170.78,6,0,0,4,0,30,0,0,0,0
12863,52,1,521.2,104.24000000000001,15.0,340.0,86.86666666666667,Kitchen,434.2,Home Decor,United Kingdom,188,0.16666666666666666,0,521.2,1,0,0,5,6,30,0,0,0,0
12864,138,1,147.12,49.04,10.2,119.52,24.52,Other,129.72,Home Decor,United Kingdom,216,0.16666666666666666,0,147.12,1,0,0,6,6,30,0,0,0,0
12865,26,2,1568.23,16.507684210526318,2.88,33.9,261.37166666666667,Other,368.89,Electronics,Austria,925,0.3333333333333333,97,1568.23,2,0,0,6,3,1,0,0,0,0
12867,26,3,2279.95,8.413099630996308,0.39,74.7,379.9916666666666,Home Decor,830.1,Furniture,United Kingdom,4284,0.5,333,4009.34,7,0,0,4,4,30,0,0,0,0
12871,84,1,248.64,35.519999999999996,5.04,163.2,41.44,Electronics,265.2,Other,United Kingdom,200,0.16666666666666666,123,380.64,2,0,0,2,8,30,0,0,0,0
12875,143,1,49.470000000000006,49.470000000000006,49.470000000000006,49.470000000000006,8.245000000000001,Home Decor,343.2300000000001,Home Decor,United Kingdom,2019,0.16666666666666666,219,343.2300000000001,2,0,0,4,6,30,0,0,0,0
12876,58,1,1491.59,29.24686274509804,6.72,122.39999999999999,248.59833333333333,Kitchen,1053.72,Electronics,Belgium,1941,0.16666666666666666,138,2218.02,2,0,0,5,3,2,0,0,0,0
12877,4,5,853.73,7.174201680672269,0.58,34.5,142.28833333333333,Other,549.94,Seasonal,United Kingdom,1178,0.8333333333333334,354,1535.77,12,1,0,6,9,30,0,0,2,0
12879,45,3,573.22,57.322,8.5,183.6,95.53666666666668,Crockery,499.2,Bags,United Kingdom,370,0.5,47,573.22,3,0,0,1,1,30,0,0,0,0
12882,9,2,1463.04,112.54153846153847,56.4,283.2,243.84,Textiles,849.6,Bags,United Kingdom,246,0.3333333333333333,24,1463.04,2,0,0,10,1,30,0,0,-1,0
12883,25,4,703.47,16.749285714285715,9.95,29.700000000000003,117.245,Home Decor,208.14000000000001,Electronics,United Kingdom,196,0.6666666666666666,64,703.47,4,0,0,4,3,30,0,0,0,0
12884,88,1,309.05,44.15,17.85,170.0,51.50833333333333,Other,197.0,Stationery,United Kingdom,43,0.16666666666666666,0,309.05,1,0,0,6,10,30,0,0,0,0
12885,63,3,1175.22,16.552394366197184,6.64,46.8,195.87,Kitchen,584.21,Toys,United Kingdom,655,0.5,60,1175.22,3,0,0,5,13,30,0,0,0,0
12886,68,1,603.4,17.24,6.64,35.400000000000006,100.56666666666666,Kitchen,290.22,Seasonal,United Kingdom,770,0.16666666666666666,151,1378.4,2,0,0,5,9,30,0,0,0,0
12890,24,1,376.71999999999997,4.768607594936708,0.39,45.0,62.78666666666666,Electronics,93.73,Garden & Outdoor,United Kingdom,256,0.16666666666666666,0,376.71999999999997,1,0,0,2,5,30,0,0,0,0
12893,31,1,176.55,5.695161290322581,0.79,37.44,29.425,Home Decor,54.89,Furniture,United Kingdom,90,0.16666666666666666,0,176.55,1,0,0,4,4,30,0,0,0,0
12895,42,2,372.8,16.945454545454545,12.75,25.0,62.13333333333333,Kitchen,123.30000000000001,Toys,United Kingdom,210,0.3333333333333333,44,372.8,2,0,0,5,13,30,0,0,0,0
12904,18,2,496.06,6.986760563380281,0.85,51.0,82.67666666666666,Home Decor,317.77,Furniture,United Kingdom,294,0.3333333333333333,154,496.06,2,0,0,4,4,30,0,0,0,0
12906,12,5,2919.81,46.34619047619047,9.36,360.0,486.635,Other,913.4,Bags,United Kingdom,1749,0.8333333333333334,66,2919.81,5,0,0,6,1,30,0,0,-1,0
12909,40,2,650.3,25.01153846153846,6.72,88.80000000000001,108.38333333333333,Home Decor,681.3,Furniture,United Kingdom,1280,0.3333333333333333,213,2178.67,5,0,0,4,4,30,0,0,0,0
12910,23,5,1932.54,42.94533333333333,8.5,102.0,322.09,Toys,1049.52,Seasonal,United Kingdom,1692,0.8333333333333334,218,3075.04,8,0,0,11,9,30,0,0,0,0
12912,3,5,1662.3,69.2625,20.4,157.92000000000002,277.05,Electronics,643.5600000000001,Furniture,United Kingdom,670,0.8333333333333334,37,1662.3,5,0,0,2,4,30,0,0,-1,0
12913,5,2,1617.24,46.206857142857146,9.36,204.0,269.54,Home Decor,993.86,Seasonal,United Kingdom,1419,0.3333333333333333,363,2483.63,5,0,0,4,9,30,0,0,0,0
12915,149,1,164.0,18.22222222222222,10.4,25.5,27.333333333333332,Kitchen,270.8,Furniture,United Kingdom,93,0.16666666666666666,223,363.65,2,0,0,5,4,30,0,0,0,0
12916,139,1,693.37,26.668076923076924,7.5,163.2,115.56166666666667,Home Decor,794.55,Stationery,United Kingdom,1083,0.16666666666666666,181,2944.95,4,0,0,4,10,30,0,0,0,0
12917,128,1,594.0,297.0,297.0,297.0,99.0,Other,594.0,Other,United Kingdom,120,0.16666666666666666,0,594.0,1,0,0,6,8,30,0,0,-1,0
12919,8,6,1335.19,26.7038,10.4,107.28,222.53166666666667,Other,376.32,Textiles,United Kingdom,673,1.0,161,1335.19,6,0,0,6,12,30,0,0,0,0
12920,17,1,162.78,6.028888888888889,0.75,16.95,27.13,Home Decor,30.3,Crockery,United Kingdom,128,0.16666666666666666,0,162.78,1,0,0,4,2,30,0,0,0,0
12922,161,1,405.38,14.477857142857143,7.800000000000001,35.400000000000006,67.56333333333333,Other,155.48,Bags,United Kingdom,370,0.16666666666666666,0,405.38,1,0,0,6,1,30,0,0,0,0
12923,64,1,172.82,6.172142857142857,0.42,19.9,28.80333333333333,Toys,50.6,Stationery,United Kingdom,68,0.16666666666666666,0,172.82,1,0,0,11,10,30,0,0,0,0
12924,88,1,278.43,18.562,0.83,76.32000000000001,46.405,Crockery,492.1,Stationery,United Kingdom,481,0.16666666666666666,239,933.7,4,0,0,1,10,30,0,0,0,0
12925,5,2,694.05,15.423333333333332,5.04,34.68,115.675,Other,239.04,Toys,United Kingdom,541,0.3333333333333333,70,694.05,2,0,0,6,13,30,0,0,0,0
12928,35,3,1282.66,27.883913043478262,10.4,126.0,213.77666666666667,Bags,576.7,Stationery,United Kingdom,1472,0.5,323,2062.7000000000003,5,0,0,0,10,30,0,0,0,0
12930,78,2,415.8,16.632,6.72,27.04,69.3,Home Decor,138.99,Textiles,United Kingdom,252,0.3333333333333333,93,415.8,2,0,0,4,12,30,0,0,0,0
12933,24,2,496.78,5.069183673469388,0.38,27.839999999999996,82.79666666666667,Other,136.23,Accessories,United Kingdom,499,0.3333333333333333,259,607.53,3,0,0,6,0,30,0,0,0,0
12935,2,5,1294.47,17.0325,8.4,40.8,215.745,Kitchen,1012.53,Seasonal,United Kingdom,1853,0.8333333333333334,317,2160.7,7,0,0,5,9,30,0,0,0,0
12936,17,4,1063.9,17.15967741935484,0.39,102.0,177.3166666666667,Stationery,317.40000000000003,Crockery,United Kingdom,559,0.6666666666666666,61,1063.9,4,0,0,8,2,30,0,0,0,0
12937,15,2,1076.04,11.69608695652174,0.85,81.6,179.34,Home Decor,417.88,Textiles,United Kingdom,1007,0.3333333333333333,252,1504.27,4,0,0,4,12,30,0,0,0,0
12938,26,1,114.14,12.682222222222222,6.959999999999999,19.799999999999997,19.023333333333333,Home Decor,53.48,Other,United Kingdom,140,0.16666666666666666,0,114.14,1,0,0,4,8,30,0,0,0,0
12939,64,5,4353.48,207.3085714285714,69.12,390.0,725.5799999999999,Toys,5961.6,Home Decor,United Kingdom,4876,0.8333333333333334,270,11581.8,8,0,0,11,6,30,1,0,-1,1
12940,55,2,899.69,9.371770833333334,2.5,51.0,149.94833333333335,Home Decor,357.01,Bags,United Kingdom,404,0.3333333333333333,33,899.69,2,0,0,4,1,30,0,0,0,0
12942,131,1,279.08,6.06695652173913,0.39,24.900000000000002,46.51333333333333,Home Decor,254.22,Toys,United Kingdom,198,0.16666666666666666,234,675.6,3,0,0,4,13,30,0,0,0,0
12944,36,1,317.56,19.8475,10.2,30.0,52.92666666666667,Stationery,163.74,Crockery,United Kingdom,289,0.16666666666666666,319,604.51,2,0,0,8,2,30,0,0,0,0
12947,144,1,224.3,16.021428571428572,11.9,23.4,37.38333333333333,Kitchen,337.31,Crockery,United Kingdom,1165,0.16666666666666666,229,1603.99,6,0,0,5,2,30,0,0,0,0
12948,16,4,1178.69,18.70936507936508,5.04,37.800000000000004,196.44833333333335,Toys,562.6,Furniture,United Kingdom,1080,0.6666666666666666,248,2064.95,7,0,0,11,4,30,0,0,0,0
12949,31,5,1916.52,19.1652,5.04,40.8,319.42,Home Decor,1274.83,Toys,United Kingdom,2381,0.8333333333333334,221,4167.22,8,0,0,4,13,30,0,0,0,0
12950,2,3,1843.0,80.1304347826087,9.0,179.0,307.1666666666667,Bags,992.2,Other,United Kingdom,1380,0.5,21,1843.0,3,0,0,0,8,30,0,0,0,0
12951,9,2,439.19,17.5676,9.959999999999999,33.0,73.19833333333334,Kitchen,232.95,Furniture,United Kingdom,503,0.3333333333333333,322,1064.07,6,0,0,5,4,30,0,0,0,0
12952,6,4,1387.79,17.566962025316457,6.64,33.9,231.29833333333332,Kitchen,531.16,Stationery,United Kingdom,653,0.6666666666666666,72,1387.79,4,0,0,5,10,30,0,0,0,0
12953,10,1,329.85,19.40294117647059,15.0,35.400000000000006,54.975,Electronics,78.10000000000001,Stationery,United Kingdom,84,0.16666666666666666,0,329.85,1,0,0,2,10,30,0,0,0,0
12955,1,8,4059.74,27.80643835616438,2.88,157.92000000000002,676.6233333333333,Other,909.3599999999999,Textiles,United Kingdom,3664,1.3333333333333333,266,4757.16,11,1,1,6,12,30,1,1,1,1
12957,10,4,2302.25,17.709615384615386,2.88,50.0,383.7083333333333,Other,1230.51,Furniture,United Kingdom,2549,0.6666666666666666,329,4017.54,8,0,0,6,4,30,0,0,0,0
12962,7,2,266.39,16.649375,7.4399999999999995,35.400000000000006,44.39833333333333,Kitchen,67.80000000000001,Home Decor,United Kingdom,129,0.3333333333333333,106,266.39,2,0,0,5,6,30,0,0,0,0
12963,8,7,1490.83,18.87126582278481,9.36,53.1,248.47166666666666,Home Decor,331.53,Seasonal,United Kingdom,881,1.1666666666666667,357,1856.63,8,0,1,4,9,30,0,1,3,0
12965,89,1,769.8100000000001,7.1278703703703705,0.78,31.8,128.30166666666668,Home Decor,239.48000000000002,Stationery,United Kingdom,282,0.16666666666666666,0,769.8100000000001,1,0,0,4,10,30,0,0,0,0
12966,10,1,160.18,16.018,11.7,25.200000000000003,26.69666666666667,Home Decor,54.68000000000001,Electronics,United Kingdom,75,0.16666666666666666,0,160.18,1,0,0,4,3,30,0,0,0,0
12968,112,1,135.95,27.189999999999998,9.95,61.199999999999996,22.65833333333333,Storage,61.199999999999996,Textiles,United Kingdom,73,0.16666666666666666,0,135.95,1,0,0,9,12,30,0,0,0,0
12970,7,2,381.67,3.154297520661157,0.39,25.5,63.61166666666667,Other,99.4,Accessories,United Kingdom,268,0.3333333333333333,315,405.47,4,0,0,6,0,30,0,0,0,0
12981,30,2,372.21999999999997,18.610999999999997,8.5,34.68,62.03666666666666,Kitchen,136.04,Home Decor,United Kingdom,242,0.3333333333333333,103,372.21999999999997,2,0,0,5,6,30,0,0,0,0
12984,19,1,97.5,24.375,17.700000000000003,30.0,16.25,Bags,60.0,Toys,United Kingdom,26,0.16666666666666666,0,97.5,1,0,0,0,13,30,0,0,0,0
12985,1,2,1239.38,16.30763157894737,2.88,47.400000000000006,206.56333333333336,Other,333.74,Seasonal,United Kingdom,1533,0.3333333333333333,27,1239.38,2,0,0,6,9,30,0,0,0,0
12987,74,1,254.4,18.17142857142857,10.2,30.0,42.4,Other,165.05,Stationery,United Kingdom,219,0.16666666666666666,124,558.7,2,0,0,6,10,30,0,0,0,0
12989,3,8,3596.17,83.63186046511628,0.39,566.4,599.3616666666667,Home Decor,2515.57,Kitchen,United Kingdom,2943,1.3333333333333333,361,6924.110000000001,15,1,1,4,7,30,1,0,-1,1
12990,31,1,145.6,24.266666666666666,20.8,41.6,24.266666666666666,Bags,267.8,Kitchen,United Kingdom,200,0.16666666666666666,278,409.5,3,0,0,0,7,30,0,0,0,0
12991,23,2,503.76,16.25032258064516,5.04,42.5,83.96,Other,176.4,Furniture,United Kingdom,405,0.3333333333333333,89,503.76,2,0,0,6,4,30,0,0,0,0
12993,23,2,239.46,15.964,6.959999999999999,20.8,39.910000000000004,Kitchen,83.05000000000001,Seasonal,United Kingdom,240,0.3333333333333333,275,414.76,4,0,0,5,9,30,0,0,0,0
12994,4,2,621.82,15.944102564102565,6.72,25.5,103.63666666666667,Kitchen,305.90000000000003,Accessories,United Kingdom,459,0.3333333333333333,264,974.4200000000001,3,0,0,5,0,30,0,0,0,0
12995,85,1,211.32,70.44,38.160000000000004,135.0,35.22,Home Decor,135.0,Crockery,United Kingdom,108,0.16666666666666666,0,211.32,1,0,0,4,2,30,0,0,0,0
12997,22,2,618.42,23.785384615384615,1.92,83.2,103.07,Home Decor,390.38,Furniture,United Kingdom,664,0.3333333333333333,294,1226.89,4,0,0,4,4,30,0,0,0,0
13000,107,1,76.32000000000001,76.32000000000001,76.32000000000001,76.32000000000001,12.72,Kitchen,190.06,Stationery,United Kingdom,379,0.16666666666666666,258,534.85,3,0,0,5,10,30,0,0,-1,0
13001,4,3,1973.47,31.324920634920634,9.959999999999999,316.79999999999995,328.9116666666667,Storage,2074.75,Accessories,United Kingdom,5490,0.5,322,9785.970000000001,13,1,0,9,0,30,1,0,-1,1
13003,106,2,90.0,45.0,30.0,60.0,15.0,Storage,105.0,Kitchen,United Kingdom,103,0.3333333333333333,109,149.05,3,0,0,9,7,30,0,0,0,0
13004,12,10,2894.89,14.052864077669902,2.88,39.75,482.4816666666666,Other,1236.85,Garden & Outdoor,United Kingdom,4822,1.6666666666666667,346,5655.91,18,1,1,6,5,30,1,1,1,1
13005,174,1,192.05,24.00625,14.850000000000001,75.0,32.00833333333333,Kitchen,155.1,Electronics,United Kingdom,172,0.16666666666666666,72,513.7,2,0,0,5,3,30,0,0,0,0
13006,56,1,81.57,20.3925,4.5600000000000005,38.25,13.594999999999999,Kitchen,38.25,Home Decor,United Kingdom,55,0.16666666666666666,0,81.57,1,0,0,5,6,30,0,0,0,0
13012,9,5,939.45,17.725471698113207,4.68,31.8,156.57500000000002,Home Decor,769.76,Bags,United Kingdom,820,0.8333333333333334,285,1646.8400000000001,8,0,0,4,1,30,0,0,0,0
13014,11,7,2138.25,28.51,9.95,175.2,356.375,Kitchen,1736.95,Stationery,United Kingdom,905,1.1666666666666667,270,3466.2799999999997,10,0,1,5,10,30,1,1,-1,1
13015,53,1,1576.6,18.121839080459768,5.04,52.02,262.76666666666665,Kitchen,925.66,Furniture,United Kingdom,1609,0.16666666666666666,195,3339.64,5,0,0,5,4,30,0,0,0,0
13016,73,3,789.89,16.806170212765956,7.4399999999999995,34.68,131.64833333333334,Kitchen,369.8,Storage,United Kingdom,527,0.5,49,789.89,3,0,0,5,11,30,0,0,0,0
13017,7,1,204.0,204.0,204.0,204.0,34.0,Storage,204.0,Storage,United Kingdom,48,0.16666666666666666,0,204.0,1,0,0,9,11,30,0,0,-1,0
13018,16,17,3603.7400000000002,16.160269058295967,4.5600000000000005,83.4,600.6233333333333,Home Decor,1276.43,Garden & Outdoor,United Kingdom,5435,2.8333333333333335,279,7277.7,28,1,1,4,5,30,1,1,-1,1
13021,4,6,1851.38,20.123695652173915,6.64,75.60000000000001,308.56333333333333,Kitchen,769.44,Furniture,United Kingdom,1352,1.0,354,2616.38,9,0,0,5,4,30,0,0,0,0
13023,64,2,689.9,17.2475,6.6000000000000005,45.0,114.98333333333333,Kitchen,191.60000000000002,Accessories,United Kingdom,286,0.3333333333333333,65,689.9,2,0,0,5,0,30,0,0,0,0
13026,1,3,731.64,21.518823529411765,4.68,99.6,121.94,Other,362.76,Storage,United Kingdom,1620,0.5,274,975.36,5,0,0,6,11,30,0,0,0,0
13028,23,2,661.3199999999999,14.695999999999998,6.72,37.44,110.21999999999998,Bags,149.5,Garden & Outdoor,United Kingdom,798,0.3333333333333333,22,661.3199999999999,2,0,0,0,5,30,0,0,0,0
13029,31,2,865.0,96.11111111111111,10.2,449.09999999999997,144.16666666666666,Kitchen,1152.0,Other,United Kingdom,134,0.3333333333333333,322,1247.5,3,0,0,5,8,30,0,0,0,0
13030,11,1,350.08,10.002285714285714,1.65,47.400000000000006,58.346666666666664,Other,158.51999999999998,Seasonal,United Kingdom,348,0.16666666666666666,356,752.4399999999999,2,0,0,6,9,30,0,0,0,0
13032,52,2,1010.18,14.227887323943662,2.08,49.5,168.36333333333332,Kitchen,323.77,Accessories,United Kingdom,375,0.3333333333333333,34,1010.18,2,0,0,5,0,30,0,0,0,0
13034,55,1,476.90999999999997,18.342692307692307,8.5,30.0,79.485,Kitchen,191.3,Electronics,United Kingdom,369,0.16666666666666666,314,642.77,2,0,0,5,3,30,0,0,0,0
13035,74,1,588.88,39.25866666666666,15.0,102.0,98.14666666666666,Stationery,345.6,Bags,United Kingdom,644,0.16666666666666666,186,921.88,2,0,0,8,1,30,0,0,0,0
13037,138,1,303.75,20.25,9.95,41.6,50.625,Home Decor,230.62,Electronics,United Kingdom,431,0.16666666666666666,118,881.07,3,0,0,4,3,30,0,0,0,0
13038,80,1,316.70000000000005,52.78333333333334,17.0,102.0,52.78333333333334,Kitchen,712.8,Textiles,United Kingdom,360,0.16666666666666666,210,908.46,3,0,0,5,12,30,0,0,0,0
13040,9,2,676.99,15.743953488372092,9.36,34.68,112.83166666666666,Stationery,124.35000000000001,Electronics,United Kingdom,355,0.3333333333333333,24,676.99,2,0,0,8,3,30,0,0,0,0
13045,99,1,305.28000000000003,16.96,5.04,41.6,50.88,Kitchen,109.80000000000001,Home Decor,United Kingdom,221,0.16666666666666666,0,305.28000000000003,1,0,0,5,6,30,0,0,0,0
13046,31,1,431.59,20.551904761904762,6.959999999999999,85.0,71.93166666666666,Home Decor,248.11,Crockery,United Kingdom,264,0.16666666666666666,235,629.31,2,0,0,4,2,30,0,0,0,0
13047,32,4,1565.8600000000001,17.398444444444447,4.95,35.400000000000006,260.9766666666667,Kitchen,831.1800000000001,Seasonal,United Kingdom,1391,0.6666666666666666,342,3237.54,10,0,0,5,9,30,0,0,0,0
13048,14,2,895.99,15.186271186440678,1.98,47.2,149.33166666666668,Bags,729.64,Storage,United Kingdom,1228,0.3333333333333333,312,1819.41,4,0,0,0,11,30,0,0,0,0
13049,64,1,502.90000000000003,71.84285714285714,19.9,177.60000000000002,83.81666666666668,Crockery,279.9,Kitchen,United Kingdom,268,0.16666666666666666,253,656.6800000000001,2,0,0,1,7,30,0,0,0,0
13050,15,7,2377.73,16.983785714285716,4.5600000000000005,49.5,396.28833333333336,Home Decor,2078.83,Accessories,United Kingdom,3748,1.1666666666666667,351,5836.86,17,1,1,4,0,30,1,1,1,1
13055,78,2,869.55,16.102777777777778,4.5600000000000005,40.8,144.92499999999998,Other,314.82,Accessories,United Kingdom,894,0.3333333333333333,135,1214.41,3,0,0,6,0,30,0,0,0,0
13058,25,3,271.40000000000003,33.925000000000004,9.95,123.75,45.23333333333334,Stationery,148.5,Kitchen,United Kingdom,52,0.5,127,271.40000000000003,3,0,0,8,7,30,0,0,0,0
13061,72,1,248.61,24.861,9.959999999999999,51.75,41.435,Stationery,118.05000000000001,Home Decor,United Kingdom,107,0.16666666666666666,0,248.61,1,0,0,8,6,30,0,0,0,0
13064,13,3,902.2900000000001,15.293050847457629,0.42,45.0,150.3816666666667,Other,347.28,Furniture,United Kingdom,514,0.5,314,1105.59,4,0,0,6,4,30,0,0,0,0
13066,24,2,470.8,9.808333333333334,1.9,39.9,78.46666666666667,Home Decor,158.76000000000002,Seasonal,United Kingdom,322,0.3333333333333333,7,470.8,2,0,0,4,9,30,0,0,0,0
13067,82,1,115.46000000000001,7.697333333333334,2.08,18.75,19.243333333333336,Home Decor,24.55,Bags,United Kingdom,32,0.16666666666666666,0,115.46000000000001,1,0,0,4,1,30,0,0,0,0
13068,10,1,179.0,179.0,179.0,179.0,29.833333333333332,Bags,344.0,Bags,United Kingdom,200,0.16666666666666666,309,344.0,2,0,0,0,1,30,0,0,-1,0
13069,1,8,1526.19,11.650305343511452,0.39,244.8,254.365,Kitchen,881.46,Accessories,United Kingdom,5873,1.3333333333333333,368,4431.44,24,1,1,5,0,30,1,1,-1,1
13075,130,1,919.61,41.80045454545455,14.850000000000001,102.0,153.26833333333335,Bags,228.8,Other,United Kingdom,485,0.16666666666666666,0,919.61,1,0,0,0,8,30,0,0,0,0
13077,1,1,151.83,3.0985714285714288,0.21,15.75,25.305000000000003,Home Decor,257.56,Textiles,United Kingdom,862,0.16666666666666666,365,728.02,4,0,0,4,12,30,0,0,0,0
13078,3,16,8160.78,41.42527918781726,2.2800000000000002,232.0,1360.1299999999999,Home Decor,4097.0,Accessories,United Kingdom,5630,2.6666666666666665,363,12627.94,26,1,1,4,0,30,1,1,-1,1
13079,4,5,220.10000000000002,36.68333333333334,17.700000000000003,95.2,36.68333333333334,Storage,184.7,Kitchen,United Kingdom,62,0.8333333333333334,136,220.10000000000002,5,0,0,9,7,30,0,0,0,0
13082,126,4,1653.45,68.89375,8.5,864.0,275.575,Other,1803.05,Accessories,United Kingdom,4324,0.6666666666666666,212,3613.63,9,0,0,6,0,30,0,0,-1,0
13083,4,2,303.75,16.875,5.04,34.0,50.625,Electronics,121.8,Accessories,United Kingdom,187,0.3333333333333333,71,303.75,2,0,0,2,0,30,0,0,0,0
13085,158,1,137.98000000000002,15.331111111111113,12.48,17.0,22.99666666666667,Electronics,94.0,Home Decor,United Kingdom,216,0.16666666666666666,137,416.08000000000004,2,0,0,2,6,30,0,0,0,0
13090,9,7,5799.22,51.320530973451326,4.68,477.59999999999997,966.5366666666667,Stationery,2942.44,Seasonal,United Kingdom,2263,1.1666666666666667,364,8910.82,14,1,1,8,9,30,1,1,-1,1
13091,28,1,345.82,16.467619047619046,5.88,39.599999999999994,57.63666666666666,Other,121.9,Furniture,United Kingdom,466,0.16666666666666666,0,345.82,1,0,0,6,4,30,0,0,0,0
13094,21,4,834.2400000000001,92.69333333333334,71.03999999999999,152.64000000000001,139.04000000000002,Electronics,1632.6000000000001,Other,United Kingdom,1716,0.6666666666666666,347,1927.3200000000002,12,1,0,2,8,30,0,0,-1,0
13095,71,1,74.39999999999999,12.399999999999999,9.36,17.4,12.399999999999999,Other,26.759999999999998,Home Decor,United Kingdom,144,0.16666666666666666,0,74.39999999999999,1,0,0,6,6,30,0,0,0,0
13097,33,5,3001.06,13.279026548672567,0.85,75.60000000000001,500.1766666666667,Kitchen,1310.59,Garden & Outdoor,United Kingdom,2360,0.8333333333333334,327,6003.22,10,0,0,5,5,30,1,0,0,1
13099,99,1,207.35999999999999,207.35999999999999,207.35999999999999,207.35999999999999,34.559999999999995,Other,207.35999999999999,Other,United Kingdom,288,0.16666666666666666,0,207.35999999999999,1,0,0,6,8,30,0,0,-1,0
13102,1,9,2654.93,23.494955752212388,2.88,257.76,442.4883333333333,Electronics,1544.64,Accessories,United Kingdom,4204,1.5,363,6424.09,24,1,1,2,0,30,1,1,1,1
13103,40,1,243.94,30.4925,11.399999999999999,51.0,40.656666666666666,Electronics,151.8,Other,United Kingdom,82,0.16666666666666666,0,243.94,1,0,0,2,8,30,0,0,0,0
13104,3,4,884.76,52.04470588235294,10.08,162.72,147.46,Home Decor,561.6,Kitchen,United Kingdom,504,0.6666666666666666,351,1098.48,6,0,0,4,7,30,0,0,0,0
13107,44,3,964.78,26.075135135135135,8.4,107.4,160.79666666666665,Kitchen,353.4,Bags,United Kingdom,1293,0.5,289,1531.6200000000001,4,0,0,5,1,30,0,0,0,0
13109,60,2,786.54,16.734893617021275,6.84,51.0,131.09,Toys,150.8,Textiles,United Kingdom,520,0.3333333333333333,97,786.54,2,0,0,11,12,30,0,0,0,0
13110,31,4,756.1800000000001,11.457272727272729,1.25,39.6,126.03000000000002,Home Decor,339.25,Toys,United Kingdom,388,0.6666666666666666,279,1488.67,7,0,0,4,13,30,0,0,0,0
13113,1,8,3389.8,51.36060606060607,0.85,246.5,564.9666666666667,Other,3776.2,Seasonal,United Kingdom,3045,1.3333333333333333,365,12245.960000000001,24,1,1,6,9,30,1,1,-1,1
13115,12,3,1416.23,21.788153846153847,8.7,59.5,236.03833333333333,Toys,491.40000000000003,Accessories,United Kingdom,1567,0.5,172,2294.78,4,0,0,11,0,30,0,0,0,0
13116,138,1,501.14,16.704666666666665,5.04,31.9,83.52333333333333,Home Decor,266.6,Crockery,United Kingdom,291,0.16666666666666666,0,501.14,1,0,0,4,2,30,0,0,0,0
13117,22,2,233.54,13.737647058823528,2.88,31.6,38.92333333333333,Home Decor,307.27,Furniture,United Kingdom,945,0.3333333333333333,350,984.91,8,0,0,4,4,30,0,0,0,0
13118,20,2,398.11,12.842258064516129,1.25,59.400000000000006,66.35166666666667,Bags,249.45000000000002,Electronics,United Kingdom,410,0.3333333333333333,269,1197.81,5,0,0,0,3,30,0,0,0,0
13124,90,1,1239.86,15.694430379746834,0.78,71.6,206.64333333333332,Home Decor,1345.8899999999999,Textiles,United Kingdom,2119,0.16666666666666666,269,3756.33,3,0,0,4,12,30,0,0,0,0
13126,5,3,1022.22,13.813783783783784,4.5600000000000005,47.7,170.37,Home Decor,692.86,Electronics,United Kingdom,2143,0.5,361,2099.64,8,0,0,4,3,30,0,0,0,0
13127,78,1,259.17,17.278000000000002,8.5,34.68,43.195,Kitchen,69.75,Bags,United Kingdom,127,0.16666666666666666,0,259.17,1,0,0,5,1,30,0,0,0,0
13130,94,1,64.0,32.0,25.0,39.0,10.666666666666666,Kitchen,64.0,Kitchen,United Kingdom,32,0.16666666666666666,0,64.0,1,0,0,5,7,30,0,0,0,0
13131,23,2,748.4,24.946666666666665,8.5,119.39999999999999,124.73333333333333,Stationery,372.0,Bags,United Kingdom,447,0.3333333333333333,164,1073.3,3,0,0,8,1,30,0,0,0,0
13134,86,1,907.84,17.45846153846154,9.959999999999999,61.199999999999996,151.30666666666667,Home Decor,496.56,Textiles,United Kingdom,1059,0.16666666666666666,154,1793.58,4,0,0,4,12,30,0,0,0,0
13136,56,4,2033.15,20.960309278350515,9.36,51.0,338.85833333333335,Kitchen,523.39,Crockery,United Kingdom,1328,0.6666666666666666,156,2607.61,5,0,0,5,2,30,0,0,0,0
13137,11,6,2755.85,5.33046421663443,0.12,39.599999999999994,459.30833333333334,Kitchen,823.59,Garden & Outdoor,United Kingdom,2204,1.0,298,3603.29,8,0,0,5,5,30,0,0,0,0
13138,22,4,575.54,15.555135135135135,9.959999999999999,30.0,95.92333333333333,Toys,300.3,Kitchen,United Kingdom,473,0.6666666666666666,350,962.39,6,0,0,11,7,30,0,0,0,0
13139,16,5,3894.92,28.639117647058825,6.64,85.92,649.1533333333333,Bags,1128.3000000000002,Seasonal,United Kingdom,2425,0.8333333333333334,243,5064.94,7,0,0,0,9,30,1,0,-1,1
13140,108,2,264.21,8.806999999999999,2.08,25.5,44.035,Home Decor,232.92,Seasonal,United Kingdom,185,0.3333333333333333,258,422.47,3,0,0,4,9,30,0,0,0,0
13141,85,1,987.72,21.47217391304348,9.36,71.4,164.62,Kitchen,413.75,Accessories,United Kingdom,1548,0.16666666666666666,230,2388.75,5,0,0,5,0,30,0,0,0,0
13142,19,1,307.09,13.351739130434781,2.89,30.599999999999998,51.181666666666665,Stationery,118.01,Crockery,United Kingdom,258,0.16666666666666666,0,307.09,1,0,0,8,2,30,0,0,0,0
13145,40,3,323.52000000000004,64.70400000000001,15.0,118.80000000000001,53.92000000000001,Stationery,320.92,Crockery,United Kingdom,145,0.5,332,618.52,4,0,0,8,2,30,0,0,0,0
13146,26,1,228.91,13.465294117647058,1.65,51.0,38.151666666666664,Electronics,78.5,Home Decor,United Kingdom,154,0.16666666666666666,0,228.91,1,0,0,2,6,30,0,0,0,0
13147,10,4,712.8000000000001,178.20000000000002,118.80000000000001,237.60000000000002,118.80000000000001,Electronics,712.8000000000001,Electronics,United Kingdom,144,0.6666666666666666,89,712.8000000000001,4,0,0,2,3,30,0,0,-1,0
13148,29,6,1903.88,12.362857142857143,0.39,62.5,317.31333333333333,Other,940.75,Accessories,United Kingdom,1965,1.0,335,3683.26,12,1,0,6,0,30,1,0,2,1
13149,14,3,1299.32,19.107647058823527,6.0,76.5,216.5533333333333,Home Decor,780.92,Seasonal,United Kingdom,1280,0.5,274,1676.06,4,0,0,4,9,30,0,0,0,0
13153,6,1,486.22,32.41466666666667,6.24,140.4,81.03666666666668,Seasonal,289.6,Home Decor,United Kingdom,418,0.16666666666666666,0,486.22,1,0,0,7,6,30,0,0,0,0
13155,33,2,402.56,18.298181818181817,9.959999999999999,46.8,67.09333333333333,Toys,270.0,Electronics,United Kingdom,497,0.3333333333333333,335,971.76,4,0,0,11,3,30,0,0,0,0
13157,49,2,1243.28,20.05290322580645,5.04,49.5,207.21333333333334,Home Decor,422.46,Toys,United Kingdom,1439,0.3333333333333333,248,1741.22,4,0,0,4,13,30,0,0,0,0
13158,95,3,944.65,15.744166666666667,3.3600000000000003,35.400000000000006,157.44166666666666,Bags,234.48,Textiles,United Kingdom,784,0.5,224,1201.06,4,0,0,0,12,30,0,0,0,0
13159,9,4,1429.35,11.911249999999999,1.25,74.7,238.225,Other,276.48,Textiles,United Kingdom,1058,0.6666666666666666,106,1429.35,4,0,0,6,12,30,0,0,0,0
13160,22,1,91.8,22.95,15.0,34.8,15.299999999999999,Kitchen,34.8,Home Decor,United Kingdom,56,0.16666666666666666,0,91.8,1,0,0,5,6,30,0,0,0,0
13162,122,1,382.85,20.150000000000002,4.5600000000000005,49.5,63.80833333333334,Home Decor,379.9,Toys,United Kingdom,1713,0.16666666666666666,212,1688.29,4,0,0,4,13,30,0,0,0,0
13165,46,1,666.84,22.99448275862069,2.88,102.0,111.14,Home Decor,603.92,Crockery,United Kingdom,1376,0.16666666666666666,305,1021.48,2,0,0,4,2,30,0,0,0,0
13167,19,4,791.33,12.174307692307693,0.42,41.76,131.88833333333335,Other,237.64,Storage,United Kingdom,785,0.6666666666666666,125,791.33,4,0,0,6,11,30,0,0,0,0
13168,36,1,346.53000000000003,18.23842105263158,8.2,25.5,57.755,Home Decor,445.32,Textiles,United Kingdom,670,0.16666666666666666,281,1299.59,4,0,0,4,12,30,0,0,0,0
13169,64,1,207.68,29.66857142857143,7.9,46.8,34.61333333333334,Other,571.2,Seasonal,United Kingdom,272,0.16666666666666666,188,712.88,2,0,0,6,9,30,0,0,0,0
13170,27,1,108.81,3.6270000000000002,0.78,10.2,18.135,Other,54.949999999999996,Crockery,United Kingdom,141,0.16666666666666666,0,108.81,1,0,0,6,2,30,0,0,0,0
13171,22,2,328.06,14.263478260869565,2.9,83.2,54.67666666666667,Home Decor,165.16,Bags,United Kingdom,229,0.3333333333333333,277,468.41,3,0,0,4,1,30,0,0,0,0
13173,4,1,187.71,9.3855,3.12,20.75,31.285,Other,85.55,Accessories,United Kingdom,277,0.16666666666666666,363,353.65,2,0,0,6,0,30,0,0,0,0
13174,16,1,708.76,9.84388888888889,0.55,46.24,118.12666666666667,Home Decor,789.65,Accessories,United Kingdom,1352,0.16666666666666666,352,2742.82,3,0,0,4,0,30,0,0,0,0
13176,46,1,481.49,7.186417910447761,0.55,30.24,80.24833333333333,Other,105.86999999999999,Storage,United Kingdom,448,0.16666666666666666,0,481.49,1,0,0,6,11,30,0,0,0,0
13177,65,1,282.45,16.61470588235294,12.600000000000001,19.8,47.074999999999996,Toys,172.5,Accessories,United Kingdom,91,0.16666666666666666,0,282.45,1,0,0,11,0,30,0,0,0,0
13178,26,6,3006.27,22.268666666666668,8.5,85.92,501.045,Bags,1866.45,Accessories,United Kingdom,3570,1.0,334,5725.47,11,1,0,0,0,30,1,0,2,1
13182,45,1,121.18,11.016363636363637,5.04,15.0,20.19666666666667,Stationery,62.58,Other,United Kingdom,201,0.16666666666666666,0,121.18,1,0,0,8,8,30,0,0,0,0
13183,8,6,2430.7000000000003,42.64385964912281,0.79,177.60000000000002,405.11666666666673,Home Decor,3006.0,Garden & Outdoor,United Kingdom,2208,1.0,326,3957.78,9,0,0,4,5,30,1,0,-1,1
13184,15,5,748.98,8.916428571428572,0.76,31.2,124.83,Home Decor,779.96,Seasonal,United Kingdom,1662,0.8333333333333334,275,1668.95,10,0,0,4,9,30,0,0,0,0
13186,40,3,1575.89,19.947974683544306,2.5,50.400000000000006,262.64833333333337,Home Decor,793.4100000000001,Furniture,United Kingdom,820,0.5,89,1575.89,3,0,0,4,4,30,0,0,0,0
13188,11,1,114.60000000000001,57.300000000000004,15.0,99.60000000000001,19.1,Stationery,99.60000000000001,Other,United Kingdom,25,0.16666666666666666,0,114.60000000000001,1,0,0,8,8,30,0,0,0,0
13189,19,2,260.68,8.988965517241379,2.88,18.72,43.446666666666665,Other,54.16,Electronics,United Kingdom,842,0.3333333333333333,96,260.68,2,0,0,6,3,30,0,0,0,0
13192,95,1,447.62,14.920666666666667,5.04,29.700000000000003,74.60333333333334,Home Decor,213.94,Toys,United Kingdom,595,0.16666666666666666,109,911.94,2,0,0,4,13,30,0,0,0,0
13193,61,1,112.08,4.4832,1.25,16.95,18.68,Home Decor,41.33,Seasonal,United Kingdom,46,0.16666666666666666,0,112.08,1,0,0,4,9,30,0,0,0,0
13196,11,3,1285.65,16.916447368421053,5.04,53.1,214.275,Stationery,556.27,Bags,United Kingdom,1224,0.5,250,1797.78,4,0,0,8,1,30,0,0,0,0
13198,10,3,1313.49,15.825180722891567,2.88,39.95,218.915,Other,707.35,Seasonal,United Kingdom,2648,0.5,351,3401.2400000000002,6,0,0,6,9,30,0,0,0,0
13200,19,4,870.09,18.915,2.88,76.32000000000001,145.01500000000001,Home Decor,287.25,Storage,United Kingdom,516,0.6666666666666666,107,870.09,4,0,0,4,11,30,0,0,0,0
13203,10,3,703.75,14.97340425531915,4.5600000000000005,39.95,117.29166666666667,Home Decor,352.2,Seasonal,United Kingdom,800,0.5,232,869.46,4,0,0,4,9,30,0,0,0,0
13207,15,2,250.26000000000002,31.282500000000002,6.72,71.4,41.71,Other,111.24000000000001,Electronics,United Kingdom,130,0.3333333333333333,135,250.26000000000002,2,0,0,6,3,30,0,0,0,0
13208,59,3,523.69,9.521636363636365,0.84,47.2,87.28166666666668,Home Decor,586.53,Bags,United Kingdom,803,0.5,250,1217.65,6,0,0,4,1,30,0,0,0,0
13209,30,5,3529.17,20.166685714285716,2.52,85.92,588.195,Other,1062.7,Textiles,United Kingdom,4253,0.8333333333333334,331,5891.61,8,0,0,6,12,30,1,0,0,1
13210,94,1,353.48,16.067272727272726,10.2,30.240000000000002,58.913333333333334,Home Decor,146.88,Other,United Kingdom,316,0.16666666666666666,0,353.48,1,0,0,4,8,30,0,0,0,0
13211,10,2,984.72,18.579622641509435,1.25,204.0,164.12,Stationery,600.8,Bags,United Kingdom,834,0.3333333333333333,350,1095.42,3,0,0,8,1,30,0,0,0,0
13212,20,3,786.83,5.580354609929079,0.39,50.0,131.13833333333335,Other,190.54999999999998,Garden & Outdoor,United Kingdom,309,0.5,41,786.83,3,0,0,6,5,30,0,0,0,0
13213,57,2,969.05,17.000877192982454,2.88,59.400000000000006,161.50833333333333,Home Decor,376.28,Bags,United Kingdom,1360,0.3333333333333333,142,1520.58,5,0,0,4,1,30,0,0,0,0
13217,122,3,533.98,133.495,52.02,239.04000000000002,88.99666666666667,Electronics,291.06,Other,United Kingdom,262,0.5,34,533.98,3,0,0,2,8,30,0,0,-1,0
13220,78,1,92.8,23.2,10.5,51.0,15.466666666666667,Other,597.1,Kitchen,United Kingdom,196,0.16666666666666666,158,819.2900000000001,4,0,0,6,7,30,0,0,0,0
13224,60,2,2155.95,19.9625,2.95,135.0,359.325,Home Decor,737.8,Garden & Outdoor,United Kingdom,1518,0.3333333333333333,91,2155.95,2,0,0,4,5,30,0,0,0,0
13225,3,3,2721.96,209.38153846153847,56.160000000000004,568.8000000000001,453.66,Home Decor,2570.88,Textiles,United Kingdom,3416,0.5,358,6463.84,7,0,0,4,12,30,1,0,-1,1
13228,81,1,358.0,179.0,179.0,179.0,59.666666666666664,Bags,179.0,Bags,United Kingdom,200,0.16666666666666666,0,358.0,1,0,0,0,1,30,0,0,-1,0
13230,4,5,992.0,4.150627615062762,0.29,43.559999999999995,165.33333333333334,Home Decor,671.99,Toys,United Kingdom,1638,0.8333333333333334,360,2755.63,14,1,0,4,13,30,0,0,2,0
13232,13,3,466.9,6.484722222222222,0.39,34.0,77.81666666666666,Kitchen,498.73,Accessories,United Kingdom,773,0.5,230,1328.35,7,0,0,5,0,30,0,0,0,0
13233,74,1,300.88,11.572307692307692,4.5600000000000005,20.4,50.14666666666667,Home Decor,144.72,Toys,United Kingdom,1004,0.16666666666666666,261,605.12,2,0,0,4,13,30,0,0,0,0
13236,25,2,744.85,20.69027777777778,11.7,40.56,124.14166666666667,Home Decor,342.12,Textiles,United Kingdom,416,0.3333333333333333,82,744.85,2,0,0,4,12,30,0,0,0,0
13238,17,3,609.58,23.44538461538462,12.48,104.0,101.59666666666668,Bags,456.3,Storage,United Kingdom,298,0.5,343,700.73,4,0,0,0,11,30,0,0,0,0
13240,96,2,221.24,9.619130434782608,1.65,23.8,36.873333333333335,Crockery,229.59,Textiles,United Kingdom,298,0.3333333333333333,269,663.65,4,0,0,1,12,30,0,0,0,0
13242,112,1,166.4,20.8,20.8,20.8,27.733333333333334,Bags,249.60000000000002,Kitchen,United Kingdom,130,0.16666666666666666,101,270.40000000000003,3,0,0,0,7,30,0,0,0,0
13244,93,1,121.74000000000001,4.508888888888889,1.45,9.95,20.290000000000003,Crockery,44.6,Home Decor,United Kingdom,38,0.16666666666666666,0,121.74000000000001,1,0,0,1,6,30,0,0,0,0
13245,51,1,430.5,26.90625,9.899999999999999,38.25,71.75,Kitchen,139.65,Furniture,United Kingdom,125,0.16666666666666666,0,430.5,1,0,0,5,4,30,0,0,0,0
13246,18,2,335.48,8.602051282051283,0.65,72.0,55.913333333333334,Home Decor,661.77,Garden & Outdoor,United Kingdom,1587,0.3333333333333333,312,1961.52,6,0,0,4,5,30,0,0,0,0
13247,18,4,501.12,20.0448,5.1,52.02,83.52,Kitchen,303.3,Accessories,United Kingdom,328,0.6666666666666666,64,501.12,4,0,0,5,0,30,0,0,0,0
13248,125,1,78.21000000000001,15.642000000000001,9.959999999999999,24.75,13.035000000000002,Crockery,96.30000000000001,Textiles,United Kingdom,305,0.16666666666666666,64,465.68,2,0,0,1,12,30,0,0,0,0
13249,92,2,419.57000000000005,19.979523809523812,0.5700000000000001,152.64000000000001,69.92833333333334,Storage,311.18000000000006,Crockery,United Kingdom,546,0.3333333333333333,168,711.41,3,0,0,9,2,30,0,0,0,0
13253,157,1,553.92,27.695999999999998,4.5600000000000005,180.0,92.32,Stationery,285.0,Textiles,United Kingdom,1572,0.16666666666666666,182,1030.4,2,0,0,8,12,30,0,0,0,0
13255,9,1,173.81,24.830000000000002,14.95,49.800000000000004,28.968333333333334,Home Decor,207.46,Electronics,United Kingdom,177,0.16666666666666666,364,399.51,2,0,0,4,3,30,0,0,0,0
13258,12,2,473.96,20.60695652173913,2.1,81.6,78.99333333333333,Home Decor,288.75,Bags,United Kingdom,282,0.3333333333333333,193,672.83,3,0,0,4,1,30,0,0,0,0
13259,62,1,283.18,3.4960493827160493,0.21,25.5,47.196666666666665,Kitchen,82.61,Textiles,United Kingdom,126,0.16666666666666666,0,283.18,1,0,0,5,12,30,0,0,0,0
13260,61,1,557.62,69.7025,16.6,219.0,92.93666666666667,Kitchen,318.4,Other,United Kingdom,142,0.16666666666666666,0,557.62,1,0,0,5,8,30,0,0,0,0
13265,53,2,642.0,22.137931034482758,4.0,78.96000000000001,107.0,Home Decor,602.81,Toys,United Kingdom,1740,0.3333333333333333,220,2092.66,5,0,0,4,13,30,0,0,0,0
13266,11,6,2007.83,19.87950495049505,4.68,93.6,334.6383333333333,Kitchen,895.2,Textiles,United Kingdom,4428,1.0,245,3834.2599999999998,12,1,0,5,12,30,1,0,2,1
13267,3,8,2311.35,21.205045871559633,8.2,50.400000000000006,385.22499999999997,Home Decor,1004.1800000000001,Bags,United Kingdom,1969,1.3333333333333333,364,4521.49,19,1,1,4,1,30,1,1,1,1
13268,18,6,1364.41,7.496758241758243,0.38,60.0,227.40166666666667,Home Decor,922.85,Seasonal,United Kingdom,3624,1.0,249,3174.75,11,1,0,4,9,30,1,0,2,1
13269,1,10,3298.0,21.141025641025642,4.5600000000000005,128.88,549.6666666666666,Home Decor,1095.07,Seasonal,United Kingdom,3513,1.6666666666666667,368,5343.28,15,1,1,4,9,30,1,1,1,1
13272,31,2,276.56,18.437333333333335,13.5,29.700000000000003,46.093333333333334,Home Decor,148.16,Storage,United Kingdom,96,0.3333333333333333,58,276.56,2,0,0,4,11,30,0,0,0,0
13273,113,1,138.98,8.68625,2.52,24.900000000000002,23.16333333333333,Stationery,40.959999999999994,Garden & Outdoor,United Kingdom,153,0.16666666666666666,0,138.98,1,0,0,8,5,30,0,0,0,0
13276,64,2,590.9300000000001,19.69766666666667,11.5,46.0,98.48833333333334,Electronics,170.83,Crockery,United Kingdom,161,0.3333333333333333,36,590.9300000000001,2,0,0,2,2,30,0,0,0,0
13277,16,4,258.4,32.3,25.0,49.5,43.06666666666666,Bags,125.4,Home Decor,United Kingdom,176,0.6666666666666666,117,258.4,4,0,0,0,6,30,0,0,0,0
13278,41,1,542.73,11.798478260869565,0.55,39.839999999999996,90.455,Other,135.73,Storage,United Kingdom,537,0.16666666666666666,0,542.73,1,0,0,6,11,30,0,0,0,0
13279,78,1,137.75,15.305555555555555,2.34,25.5,22.958333333333332,Crockery,78.54,Other,United Kingdom,73,0.16666666666666666,0,137.75,1,0,0,1,8,30,0,0,0,0
13280,122,1,115.5,16.5,16.5,16.5,19.25,Kitchen,273.8,Furniture,United Kingdom,518,0.16666666666666666,214,798.46,3,0,0,5,4,30,0,0,0,0
13282,18,2,787.44,34.23652173913044,9.959999999999999,91.80000000000001,131.24,Electronics,519.6,Seasonal,United Kingdom,307,0.3333333333333333,202,1132.14,3,0,0,2,9,30,0,0,0,0
13283,60,1,68.16,13.632,4.5600000000000005,20.8,11.36,Bags,55.1,Kitchen,United Kingdom,90,0.16666666666666666,125,93.66,2,0,0,0,7,30,0,0,0,0
13285,23,2,1535.85,14.627142857142855,5.04,33.0,255.975,Home Decor,588.84,Furniture,United Kingdom,2051,0.3333333333333333,266,2709.12,4,0,0,4,4,30,0,0,0,0
13291,156,1,361.11,8.597857142857142,0.42,34.8,60.185,Home Decor,188.93,Garden & Outdoor,United Kingdom,233,0.16666666666666666,0,361.11,1,0,0,4,5,30,0,0,0,0
13292,39,1,329.37,19.37470588235294,9.959999999999999,39.599999999999994,54.895,Other,213.86999999999998,Furniture,United Kingdom,347,0.16666666666666666,245,578.9399999999999,2,0,0,6,4,30,0,0,0,0
13296,137,1,87.4,17.48,10.5,34.0,14.566666666666668,Storage,34.0,Stationery,United Kingdom,78,0.16666666666666666,0,87.4,1,0,0,9,10,30,0,0,0,0
13297,8,4,2089.85,35.421186440677964,8.5,102.0,348.30833333333334,Home Decor,533.46,Toys,United Kingdom,963,0.6666666666666666,59,2089.85,4,0,0,4,13,30,0,0,0,0
13298,1,1,360.0,180.0,90.0,270.0,60.0,Storage,360.0,Storage,United Kingdom,96,0.16666666666666666,0,360.0,1,0,0,9,11,30,0,0,-1,0
13300,169,1,371.89,18.5945,5.04,30.0,61.98166666666666,Storage,86.39999999999999,Electronics,United Kingdom,203,0.16666666666666666,0,371.89,1,0,0,9,3,30,0,0,0,0
13301,104,2,290.32,7.258,0.48,24.900000000000002,48.38666666666666,Home Decor,299.58,Furniture,United Kingdom,345,0.3333333333333333,188,618.09,4,0,0,4,4,30,0,0,0,0
13305,4,6,1360.61,24.29660714285714,9.36,63.6,226.76833333333332,Other,493.77,Crockery,United Kingdom,1232,1.0,368,2000.86,10,0,0,6,2,30,0,0,0,0
13308,23,2,570.5600000000001,20.37714285714286,9.36,78.96000000000001,95.09333333333335,Storage,322.0,Garden & Outdoor,United Kingdom,843,0.3333333333333333,180,1385.51,3,0,0,9,5,30,0,0,0,0
13309,7,3,910.15,15.169166666666666,5.04,40.5,151.69166666666666,Other,387.39,Crockery,United Kingdom,1544,0.5,301,1456.79,5,0,0,6,2,30,0,0,0,0
13310,28,1,314.38,15.719,9.959999999999999,30.0,52.39666666666667,Kitchen,253.85,Bags,United Kingdom,587,0.16666666666666666,296,1132.03,3,0,0,5,1,30,0,0,0,0
13311,4,2,598.57,23.02192307692308,3.0,78.96000000000001,99.76166666666667,Other,256.31,Bags,United Kingdom,305,0.3333333333333333,145,598.57,2,0,0,6,1,30,0,0,0,0
13313,22,3,945.58,20.11872340425532,5.04,59.4,157.59666666666666,Bags,443.40000000000003,Other,United Kingdom,851,0.5,317,1555.32,5,0,0,0,8,30,0,0,0,0
13314,2,3,775.94,12.515161290322581,2.2800000000000002,29.700000000000003,129.32333333333335,Kitchen,234.97,Bags,United Kingdom,560,0.5,72,775.94,3,0,0,5,1,30,0,0,0,0
13316,37,3,4110.45,54.806,0.21,330.0,685.0749999999999,Toys,2078.64,Crockery,United Kingdom,5508,0.5,217,5732.93,4,0,0,11,2,30,1,0,-1,1
13317,66,1,959.7,17.1375,9.36,40.8,159.95000000000002,Kitchen,550.5,Furniture,United Kingdom,1035,0.16666666666666666,292,2273.68,6,0,0,5,4,30,0,0,0,0
13318,1,3,640.76,32.038,9.959999999999999,102.0,106.79333333333334,Electronics,458.08,Kitchen,United Kingdom,304,0.5,36,640.76,3,0,0,2,7,30,0,0,0,0
13319,5,13,5835.650000000001,24.2143153526971,8.5,153.0,972.6083333333335,Kitchen,3235.3,Textiles,United Kingdom,4724,2.1666666666666665,360,10845.550000000001,26,1,1,5,12,30,1,1,-1,1
13320,78,2,1023.59,14.834637681159421,6.64,23.6,170.59833333333333,Home Decor,330.26,Furniture,United Kingdom,1086,0.3333333333333333,135,1532.2,4,0,0,4,4,30,0,0,0,0
13321,72,2,567.36,51.57818181818182,17.700000000000003,232.0,94.56,Home Decor,339.8,Other,United Kingdom,372,0.3333333333333333,14,567.36,2,0,0,4,8,30,0,0,0,0
13322,17,1,199.48000000000002,7.9792000000000005,1.25,45.0,33.24666666666667,Home Decor,122.32,Textiles,United Kingdom,117,0.16666666666666666,0,199.48000000000002,1,0,0,4,12,30,0,0,0,0
13323,3,5,787.85,37.516666666666666,14.850000000000001,204.0,131.30833333333334,Storage,486.35,Home Decor,United Kingdom,175,0.8333333333333334,81,787.85,5,0,0,9,6,30,0,0,0,0
13324,36,3,3322.96,92.30444444444444,13.200000000000001,350.4,553.8266666666667,Kitchen,4495.36,Home Decor,United Kingdom,5205,0.5,324,7121.95,10,0,0,5,6,30,1,0,-1,1
13325,82,1,675.3,56.275,10.5,133.0,112.55,Stationery,411.5,Toys,United Kingdom,240,0.16666666666666666,0,675.3,1,0,0,8,13,30,0,0,0,0
13327,39,3,1755.42,40.82372093023256,10.2,99.60000000000001,292.57,Bags,1071.15,Toys,United Kingdom,1600,0.5,326,3627.77,8,0,0,0,13,30,0,0,0,0
13329,32,1,484.79999999999995,48.48,13.200000000000001,118.44,80.8,Kitchen,315.84,Crockery,United Kingdom,463,0.16666666666666666,335,789.0,2,0,0,5,2,30,0,0,0,0
13330,93,1,412.71,15.873461538461537,6.8,29.700000000000003,68.785,Bags,390.3,Furniture,United Kingdom,751,0.16666666666666666,223,1140.93,3,0,0,0,4,30,0,0,0,0
13332,14,1,350.9,16.70952380952381,10.08,23.6,58.48333333333333,Storage,102.39999999999999,Crockery,United Kingdom,179,0.16666666666666666,0,350.9,1,0,0,9,2,30,0,0,0,0
13334,82,1,793.73,15.264038461538462,0.95,50.400000000000006,132.28833333333333,Kitchen,830.44,Seasonal,United Kingdom,1764,0.16666666666666666,223,3502.32,3,0,0,5,9,30,0,0,0,0
13336,77,1,795.12,15.590588235294117,6.959999999999999,30.0,132.52,Kitchen,227.34,Crockery,United Kingdom,559,0.16666666666666666,0,795.12,1,0,0,5,2,30,0,0,0,0
13338,158,1,487.02,25.632631578947368,6.959999999999999,130.8,81.17,Kitchen,185.16,Home Decor,United Kingdom,256,0.16666666666666666,0,487.02,1,0,0,5,6,30,0,0,0,0
13340,45,6,7058.45,85.04156626506024,10.2,414.71999999999997,1176.4083333333333,Kitchen,3749.6600000000003,Toys,United Kingdom,5770,1.0,231,10736.48,7,0,0,5,13,30,1,0,-1,1
13344,68,2,855.54,17.82375,6.64,41.6,142.59,Kitchen,740.39,Seasonal,United Kingdom,952,0.3333333333333333,209,2511.69,3,0,0,5,9,30,0,0,0,0
13347,70,1,341.36,42.67,30.0,59.4,56.89333333333334,Crockery,291.36,Other,United Kingdom,205,0.16666666666666666,0,341.36,1,0,0,1,8,30,0,0,0,0
13348,64,1,233.76,16.697142857142858,9.959999999999999,29.700000000000003,38.96,Kitchen,137.4,Furniture,United Kingdom,136,0.16666666666666666,0,233.76,1,0,0,5,4,30,0,0,0,0
13349,11,1,247.32,15.4575,4.68,50.0,41.22,Other,102.68,Crockery,United Kingdom,225,0.16666666666666666,0,247.32,1,0,0,6,2,30,0,0,0,0
13350,16,2,979.12,24.478,5.8,61.199999999999996,163.18666666666667,Crockery,343.4,Textiles,United Kingdom,287,0.3333333333333333,63,979.12,2,0,0,1,12,30,0,0,0,0
13351,66,1,373.94,23.37125,14.850000000000001,50.0,62.32333333333333,Other,187.15,Seasonal,United Kingdom,117,0.16666666666666666,0,373.94,1,0,0,6,9,30,0,0,0,0
13352,60,1,397.97999999999996,16.5825,6.959999999999999,50.0,66.33,Other,104.16,Bags,United Kingdom,321,0.16666666666666666,0,397.97999999999996,1,0,0,6,1,30,0,0,0,0
13354,71,1,743.53,14.579019607843136,5.04,39.599999999999994,123.92166666666667,Kitchen,153.51,Seasonal,United Kingdom,604,0.16666666666666666,0,743.53,1,0,0,5,9,30,0,0,0,0
13355,122,1,674.7,21.084375,8.5,102.0,112.45,Kitchen,211.35,Stationery,United Kingdom,314,0.16666666666666666,0,674.7,1,0,0,5,10,30,0,0,0,0
13356,80,1,768.24,18.291428571428572,5.8,47.7,128.04,Kitchen,427.85,Textiles,United Kingdom,325,0.16666666666666666,0,768.24,1,0,0,5,12,30,0,0,0,0
13359,64,1,439.56,19.11130434782609,9.959999999999999,50.0,73.26,Home Decor,139.45,Textiles,United Kingdom,161,0.16666666666666666,0,439.56,1,0,0,4,12,30,0,0,0,0
13362,9,2,1509.21,20.674109589041095,4.5600000000000005,59.400000000000006,251.535,Home Decor,690.51,Accessories,United Kingdom,1382,0.3333333333333333,278,3090.7400000000002,4,0,0,4,0,30,0,0,0,0
13363,18,2,992.5,16.541666666666668,2.88,50.0,165.41666666666666,Crockery,237.56,Accessories,United Kingdom,710,0.3333333333333333,26,992.5,2,0,0,1,0,30,0,0,0,0
13364,71,1,134.95999999999998,13.495999999999999,7.5,24.96,22.49333333333333,Other,60.199999999999996,Furniture,United Kingdom,71,0.16666666666666666,0,134.95999999999998,1,0,0,6,4,30,0,0,0,0
13365,34,1,1524.77,17.132247191011235,5.04,76.5,254.12833333333333,Kitchen,551.12,Textiles,United Kingdom,1247,0.16666666666666666,184,2225.37,2,0,0,5,12,30,0,0,0,0
13372,90,1,378.64,16.46260869565217,6.959999999999999,50.0,63.10666666666666,Home Decor,99.32000000000001,Storage,United Kingdom,159,0.16666666666666666,0,378.64,1,0,0,4,11,30,0,0,0,0
13373,61,2,2324.55,21.523611111111112,2.88,123.75,387.425,Kitchen,667.27,Textiles,United Kingdom,1651,0.3333333333333333,215,3312.25,3,0,0,5,12,30,0,0,0,0
13375,89,1,778.65,21.044594594594592,6.959999999999999,102.0,129.775,Stationery,140.2,Garden & Outdoor,United Kingdom,442,0.16666666666666666,0,778.65,1,0,0,8,5,30,0,0,0,0
13376,99,1,249.76,17.84,6.959999999999999,50.0,41.626666666666665,Kitchen,519.4,Storage,United Kingdom,493,0.16666666666666666,135,1019.76,3,0,0,5,11,30,0,0,0,0
13379,26,3,572.56,5.902680412371134,0.39,33.0,95.42666666666666,Home Decor,159.91,Furniture,United Kingdom,601,0.5,110,572.56,3,0,0,4,4,30,0,0,0,0
13381,32,4,2567.96,21.222809917355374,7.800000000000001,82.80000000000001,427.99333333333334,Kitchen,1652.5900000000001,Toys,United Kingdom,2029,0.6666666666666666,267,3639.31,6,0,0,5,13,30,0,0,0,0
13384,31,7,4151.93,27.315328947368425,8.4,232.0,691.9883333333333,Home Decor,1435.06,Accessories,United Kingdom,2422,1.1666666666666667,147,4151.93,7,0,1,4,0,30,1,1,-1,1
13388,131,2,677.1,19.345714285714287,5.04,53.1,112.85000000000001,Home Decor,207.4,Kitchen,United Kingdom,282,0.3333333333333333,0,677.1,2,0,0,4,7,30,0,0,0,0
13389,11,2,540.07,16.365757575757577,9.959999999999999,30.0,90.01166666666667,Other,231.32,Furniture,United Kingdom,429,0.3333333333333333,221,797.96,3,0,0,6,4,30,0,0,0,0
13390,75,1,544.08,41.8523076923077,15.0,119.39999999999999,90.68,Stationery,438.6,Furniture,United Kingdom,224,0.16666666666666666,0,544.08,1,0,0,8,4,30,0,0,0,0
13394,2,5,1584.69,16.006969696969698,1.9,75.60000000000001,264.115,Kitchen,683.35,Textiles,United Kingdom,2392,0.8333333333333334,308,2520.02,8,0,0,5,12,30,0,0,0,0
13396,29,1,973.72,34.77571428571429,12.48,118.80000000000001,162.28666666666666,Stationery,339.02000000000004,Storage,United Kingdom,600,0.16666666666666666,290,1360.99,2,0,0,8,11,30,0,0,0,0
13397,73,2,563.66,51.24181818181818,15.299999999999999,162.72,93.94333333333333,Kitchen,802.25,Toys,United Kingdom,430,0.3333333333333333,266,1544.13,5,0,0,5,13,30,0,0,0,0
13402,127,1,312.95,14.225,2.2800000000000002,53.1,52.15833333333333,Kitchen,222.70000000000002,Seasonal,United Kingdom,479,0.16666666666666666,244,621.23,2,0,0,5,9,30,0,0,0,0
13403,18,1,75.0,25.0,15.0,45.0,12.5,Electronics,75.0,Electronics,United Kingdom,44,0.16666666666666666,0,75.0,1,0,0,2,3,30,0,0,0,0
13410,24,2,458.02,35.23230769230769,10.2,70.2,76.33666666666666,Storage,366.0,Bags,United Kingdom,518,0.3333333333333333,267,1003.06,5,0,0,9,1,30,0,0,0,0
13411,107,1,213.55,11.863888888888889,2.1,34.65,35.59166666666667,Home Decor,74.7,Storage,United Kingdom,72,0.16666666666666666,0,213.55,1,0,0,4,11,30,0,0,0,0
13414,134,2,1000.5,43.5,10.08,432.0,166.75,Other,944.5799999999999,Stationery,United Kingdom,1574,0.3333333333333333,162,1390.5,3,0,0,6,10,30,0,0,-1,0
13416,44,2,712.5,37.5,17.0,79.2,118.75,Storage,423.5,Home Decor,United Kingdom,142,0.3333333333333333,37,712.5,2,0,0,9,6,30,0,0,0,0
13417,5,1,404.83,22.490555555555556,12.48,37.5,67.47166666666666,Home Decor,195.0,Crockery,United Kingdom,162,0.16666666666666666,200,640.83,2,0,0,4,2,30,0,0,0,0
13418,12,9,2786.83,19.21951724137931,2.5,128.88,464.47166666666664,Electronics,1195.91,Furniture,United Kingdom,3918,1.5,360,6127.43,18,1,1,2,4,30,1,1,1,1
13419,64,1,221.06,13.81625,5.04,25.200000000000003,36.843333333333334,Home Decor,75.30000000000001,Other,United Kingdom,275,0.16666666666666666,0,221.06,1,0,0,4,8,30,0,0,0,0
13420,150,2,159.85,19.98125,10.5,38.25,26.641666666666666,Home Decor,55.65,Storage,United Kingdom,101,0.3333333333333333,20,159.85,2,0,0,4,11,30,0,0,0,0
13421,40,1,1008.67,26.54394736842105,3.4,81.6,168.11166666666665,Other,362.4,Toys,United Kingdom,1128,0.16666666666666666,249,1833.71,2,0,0,6,13,30,0,0,0,0
13422,64,1,2626.3,20.67952755905512,8.2,75.0,437.7166666666667,Kitchen,666.55,Accessories,United Kingdom,1326,0.16666666666666666,0,2626.3,1,0,0,5,0,30,0,0,0,0
13425,108,2,1222.64,23.973333333333336,6.64,88.80000000000001,203.77333333333334,Other,335.7,Toys,United Kingdom,1123,0.3333333333333333,186,1624.21,3,0,0,6,13,30,0,0,0,0
13426,1,5,2082.64,28.143783783783782,5.04,149.4,347.1066666666666,Home Decor,1040.16,Bags,United Kingdom,2245,0.8333333333333334,358,3641.32,10,0,0,4,1,30,0,0,0,0
13427,19,2,368.1,18.405,6.959999999999999,47.2,61.35,Home Decor,348.56,Seasonal,United Kingdom,545,0.3333333333333333,195,582.6,3,0,0,4,9,30,0,0,0,0
13429,11,4,1006.8,15.02686567164179,4.5600000000000005,51.0,167.79999999999998,Home Decor,443.16,Storage,United Kingdom,1390,0.6666666666666666,64,1006.8,4,0,0,4,11,30,0,0,0,0
13430,19,2,679.45,13.866326530612247,2.2800000000000002,51.0,113.24166666666667,Other,180.24,Bags,United Kingdom,751,0.3333333333333333,67,679.45,2,0,0,6,1,30,0,0,0,0
13431,67,2,1269.1,27.589130434782607,6.64,183.6,211.51666666666665,Kitchen,429.32,Crockery,United Kingdom,672,0.3333333333333333,21,1269.1,2,0,0,5,2,30,0,0,0,0
13434,74,2,534.24,53.424,6.6000000000000005,177.60000000000002,89.04,Home Decor,322.20000000000005,Crockery,United Kingdom,300,0.3333333333333333,22,534.24,2,0,0,4,2,30,0,0,0,0
13435,5,6,3366.17,42.077125,1.7,180.0,561.0283333333333,Other,1095.8500000000001,Garden & Outdoor,United Kingdom,2129,1.0,183,3809.8900000000003,7,0,0,6,5,30,0,0,0,0
13436,2,1,196.89,16.4075,10.2,25.5,32.815,Kitchen,58.3,Electronics,United Kingdom,76,0.16666666666666666,0,196.89,1,0,0,5,3,30,0,0,0,0
13437,14,6,1967.16,22.611034482758622,6.72,102.0,327.86,Home Decor,976.73,Accessories,United Kingdom,1283,1.0,175,3408.06,7,0,0,4,0,30,0,0,0,0
13441,92,1,296.64,22.818461538461538,9.959999999999999,81.12,49.44,Home Decor,211.44,Seasonal,United Kingdom,204,0.16666666666666666,0,296.64,1,0,0,4,9,30,0,0,0,0
13447,23,3,1129.14,19.137966101694918,4.68,53.550000000000004,188.19000000000003,Stationery,293.70000000000005,Seasonal,United Kingdom,584,0.5,12,1129.14,3,0,0,8,9,30,0,0,0,0
13448,17,2,2111.4300000000003,17.16609756097561,0.85,60.0,351.90500000000003,Home Decor,1029.3200000000002,Bags,United Kingdom,1648,0.3333333333333333,357,3534.69,6,0,0,4,1,30,0,0,0,0
13449,24,1,291.88,15.362105263157895,5.04,34.0,48.64666666666667,Other,62.89,Kitchen,United Kingdom,222,0.16666666666666666,0,291.88,1,0,0,6,7,30,0,0,0,0
13450,27,4,1365.1799999999998,27.303599999999996,10.08,103.67999999999999,227.52999999999997,Kitchen,581.1,Stationery,United Kingdom,1982,0.6666666666666666,191,2043.7199999999998,6,0,0,5,10,30,0,0,0,0
13451,26,2,1308.78,6.998823529411765,0.42,32.849999999999994,218.13,Kitchen,760.55,Accessories,United Kingdom,2128,0.3333333333333333,308,2898.2599999999998,5,0,0,5,0,30,0,0,0,0
13453,166,1,171.98,19.108888888888888,15.0,30.0,28.66333333333333,Home Decor,149.67999999999998,Textiles,United Kingdom,134,0.16666666666666666,123,356.97999999999996,2,0,0,4,12,30,0,0,0,0
13455,25,1,365.4,22.8375,7.800000000000001,51.0,60.9,Kitchen,425.58,Storage,United Kingdom,354,0.16666666666666666,341,1058.34,2,0,0,5,11,30,0,0,0,0
13456,18,5,1559.0600000000002,31.181200000000004,5.04,207.50000000000003,259.84333333333336,Stationery,517.35,Crockery,United Kingdom,765,0.8333333333333334,189,1766.72,6,0,0,8,2,30,0,0,0,0
13458,7,7,3386.4900000000002,21.708269230769233,5.04,81.6,564.4150000000001,Home Decor,3520.72,Furniture,United Kingdom,5508,1.1666666666666667,352,9646.57,14,1,1,4,4,30,1,1,-1,1
13460,29,2,183.44,10.790588235294118,4.68,17.0,30.573333333333334,Stationery,98.28,Other,United Kingdom,286,0.3333333333333333,20,183.44,2,0,0,8,8,30,0,0,0,0
13461,39,3,1445.0,53.51851851851852,19.799999999999997,163.79999999999998,240.83333333333334,Bags,851.0,Home Decor,United Kingdom,1170,0.5,124,1445.0,3,0,0,0,6,30,0,0,0,0
13464,58,1,674.68,16.45560975609756,6.959999999999999,30.0,112.44666666666666,Electronics,141.1,Crockery,United Kingdom,403,0.16666666666666666,0,674.68,1,0,0,2,2,30,0,0,0,0
13467,11,2,1071.91,10.937857142857144,0.78,39.8,178.65166666666667,Home Decor,296.79,Bags,United Kingdom,580,0.3333333333333333,25,1071.91,2,0,0,4,1,30,0,0,0,0
13470,99,2,165.0,16.5,16.5,16.5,27.5,Bags,66.0,Kitchen,United Kingdom,100,0.3333333333333333,15,165.0,2,0,0,0,7,30,0,0,0,0
13471,1,4,2501.84,9.84976377952756,0.39,45.0,416.97333333333336,Kitchen,1143.1100000000001,Seasonal,United Kingdom,1583,0.6666666666666666,46,2501.84,4,0,0,5,9,30,0,0,0,0
13473,61,1,181.38,20.153333333333332,5.04,45.0,30.23,Other,153.75,Toys,United Kingdom,266,0.16666666666666666,272,422.64,2,0,0,6,13,30,0,0,0,0
13477,38,4,938.55,18.049038461538462,5.04,76.5,156.42499999999998,Electronics,313.08,Furniture,United Kingdom,1021,0.6666666666666666,253,1454.58,6,0,0,2,4,30,0,0,0,0
13481,46,3,825.57,16.848367346938776,5.04,41.6,137.595,Bags,458.40000000000003,Furniture,United Kingdom,1142,0.5,211,1804.56,5,0,0,0,4,30,0,0,0,0
13483,66,1,140.34,14.034,10.08,30.0,23.39,Other,119.94,Stationery,United Kingdom,160,0.16666666666666666,0,140.34,1,0,0,6,10,30,0,0,0,0
13486,78,3,1122.41,16.2668115942029,4.5600000000000005,39.599999999999994,187.06833333333336,Home Decor,328.96000000000004,Furniture,United Kingdom,669,0.5,76,1122.41,3,0,0,4,4,30,0,0,0,0
13487,58,1,166.6,16.66,10.2,25.0,27.766666666666666,Home Decor,202.15,Other,United Kingdom,265,0.16666666666666666,295,575.4,3,0,0,4,8,30,0,0,0,0
13488,17,7,3437.88,19.645028571428572,5.04,69.6,572.98,Kitchen,2343.5299999999997,Seasonal,United Kingdom,4518,1.1666666666666667,350,8968.31,13,1,1,5,9,30,1,1,-1,1
13489,105,2,213.84,30.548571428571428,9.959999999999999,75.84,35.64,Electronics,371.64,Kitchen,United Kingdom,560,0.3333333333333333,189,449.52,4,0,0,2,7,30,0,0,0,0
13491,52,2,184.19,13.156428571428572,2.2800000000000002,19.8,30.698333333333334,Kitchen,537.11,Stationery,United Kingdom,903,0.3333333333333333,320,1215.82,10,0,0,5,10,30,0,0,0,0
13492,136,2,954.54,27.27257142857143,6.64,67.5,159.09,Textiles,421.2,Storage,Switzerland,408,0.3333333333333333,78,1269.84,3,0,0,10,11,27,0,0,0,0
13495,8,2,972.44,48.622,10.2,135.0,162.07333333333335,Storage,662.8,Toys,United Kingdom,829,0.3333333333333333,360,2044.8700000000001,5,0,0,9,13,30,0,0,0,0
13496,11,1,152.32,16.924444444444443,10.2,27.04,25.386666666666667,Home Decor,201.41000000000003,Stationery,United Kingdom,341,0.16666666666666666,349,653.33,2,0,0,4,10,30,0,0,0,0
13499,18,3,695.3199999999999,33.110476190476184,6.959999999999999,102.0,115.88666666666666,Home Decor,745.41,Crockery,United Kingdom,1365,0.5,252,1159.11,5,0,0,4,2,30,0,0,0,0
13500,23,3,1166.77,17.950307692307693,10.08,39.599999999999994,194.46166666666667,Storage,261.3,Bags,United Kingdom,609,0.5,99,1166.77,3,0,0,9,1,30,0,0,0,0
13502,17,1,102.84,11.426666666666668,4.2,23.4,17.14,Kitchen,104.76,Stationery,United Kingdom,264,0.16666666666666666,307,292.0,3,0,0,5,10,30,0,0,0,0
13503,71,1,216.85,12.755882352941176,8.2,23.9,36.141666666666666,Stationery,114.95,Storage,United Kingdom,248,0.16666666666666666,0,216.85,1,0,0,8,11,30,0,0,0,0
13504,64,1,295.93,13.451363636363636,4.68,22.5,49.321666666666665,Kitchen,140.3,Crockery,United Kingdom,178,0.16666666666666666,0,295.93,1,0,0,5,2,30,0,0,0,0
13505,73,2,2477.54,20.819663865546218,4.68,320.0,412.92333333333335,Stationery,1220.62,Accessories,Switzerland,2486,0.3333333333333333,159,4393.63,4,0,0,8,0,27,0,0,0,0
13507,3,4,2479.16,15.303456790123455,4.5600000000000005,39.599999999999994,413.1933333333333,Home Decor,586.84,Furniture,United Kingdom,1597,0.6666666666666666,142,2479.16,4,0,0,4,4,30,0,0,0,0
13509,9,4,329.7,20.60625,10.0,45.0,54.949999999999996,Other,311.52,Stationery,United Kingdom,1106,0.6666666666666666,275,979.72,7,0,0,6,10,30,0,0,0,0
13510,1,3,1206.24,15.665454545454546,5.04,25.0,201.04,Kitchen,353.07,Electronics,United Kingdom,1386,0.5,182,1791.56,4,0,0,5,3,30,0,0,0,0
13513,127,1,205.1,20.509999999999998,9.899999999999999,60.0,34.18333333333333,Home Decor,135.15,Electronics,United Kingdom,109,0.16666666666666666,0,205.1,1,0,0,4,3,30,0,0,0,0
13514,74,1,152.20000000000002,38.050000000000004,35.400000000000006,41.5,25.36666666666667,Home Decor,70.80000000000001,Other,United Kingdom,40,0.16666666666666666,0,152.20000000000002,1,0,0,4,8,30,0,0,0,0
13515,73,3,687.72,14.950434782608696,6.959999999999999,30.599999999999998,114.62,Home Decor,294.26,Textiles,United Kingdom,681,0.5,175,891.12,4,0,0,4,12,30,0,0,0,0
13516,21,2,1243.41,33.60567567567568,9.959999999999999,180.0,207.235,Other,405.5,Textiles,United Kingdom,985,0.3333333333333333,217,1389.41,3,0,0,6,12,30,0,0,0,0
13517,60,3,2128.42,15.09517730496454,2.34,35.400000000000006,354.7366666666667,Kitchen,527.8,Furniture,United Kingdom,1369,0.5,120,2128.42,3,0,0,5,4,30,0,0,0,0
13518,86,1,627.16,17.42111111111111,8.5,35.400000000000006,104.52666666666666,Home Decor,131.34,Seasonal,United Kingdom,382,0.16666666666666666,0,627.16,1,0,0,4,9,30,0,0,0,0
13519,78,1,122.75,15.34375,11.9,23.9,20.458333333333332,Other,68.2,Stationery,United Kingdom,23,0.16666666666666666,0,122.75,1,0,0,6,10,30,0,0,0,0
13520,59,2,1532.37,46.43545454545454,5.04,200.0,255.39499999999998,Storage,1821.6,Furniture,Switzerland,1649,0.3333333333333333,312,3624.35,6,0,0,9,4,27,0,0,-1,0
13522,30,1,125.80000000000001,25.160000000000004,15.0,35.7,20.96666666666667,Storage,35.7,Other,United Kingdom,44,0.16666666666666666,0,125.80000000000001,1,0,0,9,8,30,0,0,0,0
13523,33,2,1595.64,22.794857142857143,6.64,102.0,265.94,Kitchen,965.85,Accessories,United Kingdom,1752,0.3333333333333333,333,3964.88,5,0,0,5,0,30,0,0,0,0
13524,41,4,520.98,28.943333333333335,15.0,39.6,86.83,Kitchen,297.68,Storage,United Kingdom,324,0.6666666666666666,179,680.1800000000001,5,0,0,5,11,30,0,0,0,0
13525,15,1,345.9,86.475,23.9,232.0,57.65,Home Decor,464.0,Stationery,United Kingdom,394,0.16666666666666666,233,628.78,2,0,0,4,10,30,0,0,0,0
13527,34,5,1656.72,9.688421052631579,1.26,35.8,276.12,Home Decor,952.5,Seasonal,United Kingdom,1683,0.8333333333333334,293,2242.36,7,0,0,4,9,30,0,0,0,0
13529,79,1,126.66000000000001,15.832500000000001,9.959999999999999,20.85,21.110000000000003,Toys,151.95,Kitchen,United Kingdom,74,0.16666666666666666,125,307.76,2,0,0,11,7,30,0,0,0,0
13532,34,1,210.31,3.1865151515151515,0.85,30.0,35.05166666666667,Other,82.18,Bags,United Kingdom,129,0.16666666666666666,0,210.31,1,0,0,6,1,30,0,0,0,0
13534,2,8,2917.0,22.43846153846154,8.5,41.6,486.1666666666667,Bags,3144.8,Garden & Outdoor,United Kingdom,2961,1.3333333333333333,355,5870.08,25,1,1,0,5,30,1,1,-1,1
13536,1,7,3444.39,19.35050561797753,0.42,89.10000000000001,574.0649999999999,Stationery,642.7,Toys,United Kingdom,2126,1.1666666666666667,74,3444.39,7,0,1,8,13,30,1,1,-1,1
13538,43,4,661.35,44.09,17.85,70.8,110.22500000000001,Textiles,761.4,Home Decor,United Kingdom,175,0.6666666666666666,272,1280.85,7,0,0,10,6,30,0,0,0,0
13539,86,1,315.69,19.730625,14.940000000000001,33.9,52.615,Kitchen,115.15,Furniture,United Kingdom,320,0.16666666666666666,223,631.34,3,0,0,5,4,30,0,0,0,0
13544,40,1,163.05,4.529166666666667,1.25,13.52,27.175,Other,51.36,Bags,United Kingdom,112,0.16666666666666666,200,276.06,2,0,0,6,1,30,0,0,0,0
13546,12,2,438.83,6.1807042253521125,0.29,38.25,73.13833333333334,Kitchen,253.93,Seasonal,United Kingdom,357,0.3333333333333333,188,621.09,3,0,0,5,9,30,0,0,0,0
13548,96,1,397.15,6.405645161290322,0.75,54.18,66.19166666666666,Home Decor,186.4,Garden & Outdoor,United Kingdom,436,0.16666666666666666,147,678.16,2,0,0,4,5,30,0,0,0,0
13549,26,4,405.65,17.63695652173913,6.8,27.8,67.60833333333333,Kitchen,295.75,Storage,United Kingdom,458,0.6666666666666666,216,918.2,7,0,0,5,11,30,0,0,0,0
13552,66,7,1878.78,30.30290322580645,6.64,119.52000000000001,313.13,Home Decor,1023.04,Electronics,United Kingdom,1417,1.1666666666666667,249,3740.07,12,1,1,4,3,30,1,1,1,1
13555,74,2,2508.83,31.360374999999998,1.95,102.0,418.1383333333333,Home Decor,924.26,Textiles,United Kingdom,2636,0.3333333333333333,128,4098.88,4,0,0,4,12,30,0,0,0,0
13557,28,1,343.38,19.076666666666668,9.959999999999999,60.0,57.23,Kitchen,213.68,Textiles,United Kingdom,546,0.16666666666666666,252,584.06,2,0,0,5,12,30,0,0,0,0
13558,6,4,594.52,3.517869822485207,0.38,16.6,99.08666666666666,Kitchen,135.65,Garden & Outdoor,United Kingdom,338,0.6666666666666666,62,594.52,4,0,0,5,5,30,0,0,0,0
13560,7,1,171.42000000000002,5.3568750000000005,0.79,14.75,28.570000000000004,Home Decor,46.88,Garden & Outdoor,United Kingdom,63,0.16666666666666666,0,171.42000000000002,1,0,0,4,5,30,0,0,0,0
13562,82,2,1196.06,20.621724137931032,6.959999999999999,53.1,199.34333333333333,Bags,497.12,Storage,United Kingdom,757,0.3333333333333333,163,1799.33,3,0,0,0,11,30,0,0,0,0
13563,84,2,777.53,15.867959183673468,0.39,165.0,129.58833333333334,Other,301.79,Crockery,United Kingdom,209,0.3333333333333333,55,777.53,2,0,0,6,2,30,0,0,0,0
13565,19,1,130.04,5.2016,1.65,15.0,21.673333333333332,Home Decor,105.65,Stationery,United Kingdom,172,0.16666666666666666,315,240.22,2,0,0,4,10,30,0,0,0,0
13566,41,2,856.84,5.0700591715976335,0.38,47.6,142.80666666666667,Home Decor,211.7,Toys,United Kingdom,567,0.3333333333333333,41,856.84,2,0,0,4,13,30,0,0,0,0
13568,173,1,187.05,4.3500000000000005,0.85,11.8,31.175,Home Decor,48.4,Garden & Outdoor,United Kingdom,66,0.16666666666666666,0,187.05,1,0,0,4,5,30,0,0,0,0
13569,17,1,228.8,4.085714285714286,0.42,16.95,38.13333333333333,Home Decor,90.86,Seasonal,United Kingdom,156,0.16666666666666666,350,338.62,2,0,0,4,9,30,0,0,0,0
13571,13,8,1581.63,6.03675572519084,0.42,20.8,263.605,Home Decor,589.06,Furniture,United Kingdom,1757,1.3333333333333333,240,2088.94,12,1,1,4,4,30,1,1,1,1
13573,50,1,258.48,11.74909090909091,0.39,41.25,43.080000000000005,Home Decor,74.49,Garden & Outdoor,United Kingdom,302,0.16666666666666666,202,290.25,2,0,0,4,5,30,0,0,0,0
13575,23,5,732.0699999999999,15.914565217391303,6.959999999999999,41.6,122.01166666666666,Home Decor,252.3,Seasonal,United Kingdom,449,0.8333333333333334,152,732.0699999999999,5,0,0,4,9,30,0,0,0,0
13576,10,10,3581.33,48.39635135135135,4.5600000000000005,244.08,596.8883333333333,Home Decor,5931.39,Stationery,United Kingdom,2646,1.6666666666666667,362,6717.34,18,1,1,4,10,30,1,1,-1,1
13577,25,3,1330.85,21.124603174603173,8.5,99.0,221.8083333333333,Bags,553.0,Accessories,United Kingdom,791,0.5,216,1687.6000000000001,4,0,0,0,0,30,0,0,0,0
13579,15,1,302.34,21.595714285714283,9.899999999999999,47.7,50.38999999999999,Home Decor,95.69999999999999,Toys,United Kingdom,176,0.16666666666666666,354,467.04,2,0,0,4,13,30,0,0,0,0
13583,156,1,781.03,14.736415094339621,4.5600000000000005,31.6,130.17166666666665,Other,186.62,Storage,United Kingdom,725,0.16666666666666666,0,781.03,1,0,0,6,11,30,0,0,0,0
13587,64,1,712.4,89.05,19.799999999999997,299.4,118.73333333333333,Bags,478.4,Garden & Outdoor,United Kingdom,180,0.16666666666666666,0,712.4,1,0,0,0,5,30,0,0,0,0
13588,16,8,2365.65,14.250903614457831,0.39,39.599999999999994,394.27500000000003,Stationery,790.02,Furniture,United Kingdom,2606,1.3333333333333333,239,2478.95,9,0,1,8,4,30,1,1,3,1
13589,15,2,379.65,18.07857142857143,2.9,30.599999999999998,63.275,Other,106.6,Furniture,United Kingdom,114,0.3333333333333333,164,379.65,2,0,0,6,4,30,0,0,0,0
13590,11,3,1069.89,22.289375000000003,12.600000000000001,91.8,178.31500000000003,Home Decor,644.38,Crockery,United Kingdom,1848,0.5,291,1981.92,6,0,0,4,2,30,0,0,0,0
13591,65,1,340.9,17.044999999999998,9.959999999999999,30.0,56.81666666666666,Kitchen,395.25,Storage,United Kingdom,485,0.16666666666666666,202,1117.13,3,0,0,5,11,30,0,0,0,0
13593,108,2,1014.13,15.602,2.2,59.5,169.02166666666668,Home Decor,795.75,Seasonal,United Kingdom,719,0.3333333333333333,227,2011.88,5,0,0,4,9,30,0,0,0,0
13594,53,1,396.97,15.268076923076924,2.5,33.0,66.16166666666668,Kitchen,138.28,Bags,United Kingdom,359,0.16666666666666666,0,396.97,1,0,0,5,1,30,0,0,0,0
13596,6,2,664.11,4.548698630136986,0.39,24.900000000000002,110.685,Kitchen,121.68,Furniture,United Kingdom,384,0.3333333333333333,7,664.11,2,0,0,5,4,30,0,0,0,0
13598,47,1,160.04,4.572571428571428,0.85,25.5,26.673333333333332,Home Decor,69.3,Garden & Outdoor,United Kingdom,52,0.16666666666666666,0,160.04,1,0,0,4,5,30,0,0,0,0
13599,1,14,3144.26,17.86511363636364,1.45,102.0,524.0433333333334,Home Decor,1189.48,Textiles,United Kingdom,3293,2.3333333333333335,365,5149.92,21,1,1,4,12,30,1,1,-1,1
13601,45,1,320.12,5.616140350877193,0.55,29.700000000000003,53.35333333333333,Kitchen,316.16,Electronics,United Kingdom,548,0.16666666666666666,166,693.32,2,0,0,5,3,30,0,0,0,0
13602,65,1,428.89,18.647391304347824,6.64,30.240000000000002,71.48166666666667,Other,123.9,Toys,United Kingdom,267,0.16666666666666666,0,428.89,1,0,0,6,13,30,0,0,0,0
13603,26,1,164.34,6.086666666666667,1.17,17.9,27.39,Other,48.3,Stationery,United Kingdom,164,0.16666666666666666,0,164.34,1,0,0,6,10,30,0,0,0,0
13607,40,1,675.51,6.964020618556701,0.19,25.0,112.585,Home Decor,277.14,Textiles,United Kingdom,288,0.16666666666666666,0,675.51,1,0,0,4,12,30,0,0,0,0
13610,12,4,617.96,4.790387596899225,0.39,24.95,102.99333333333334,Other,248.07999999999998,Garden & Outdoor,United Kingdom,488,0.6666666666666666,273,1082.33,7,0,0,6,5,30,0,0,0,0
13611,89,2,851.25,14.93421052631579,0.85,60.839999999999996,141.875,Other,336.13,Garden & Outdoor,United Kingdom,754,0.3333333333333333,270,1154.4,3,0,0,6,5,30,0,0,0,0
13614,24,3,1379.71,7.417795698924731,0.24,33.9,229.95166666666668,Kitchen,419.7,Garden & Outdoor,United Kingdom,564,0.5,306,1585.46,4,0,0,5,5,30,0,0,0,0
13617,40,3,544.18,12.367727272727272,0.95,57.75,90.69666666666666,Crockery,180.47,Seasonal,United Kingdom,300,0.5,140,544.18,3,0,0,1,9,30,0,0,0,0
13618,174,1,177.34,13.641538461538461,3.4799999999999995,30.0,29.55666666666667,Home Decor,96.66,Bags,United Kingdom,246,0.16666666666666666,0,177.34,1,0,0,4,1,30,0,0,0,0
13621,117,1,213.85,11.255263157894737,2.88,20.0,35.641666666666666,Other,75.84,Bags,United Kingdom,343,0.16666666666666666,0,213.85,1,0,0,6,1,30,0,0,0,0
13623,31,1,188.57,12.571333333333333,1.25,54.08,31.42833333333333,Electronics,219.85,Storage,United Kingdom,286,0.16666666666666666,266,727.74,5,0,0,2,11,30,0,0,0,0
13627,59,3,1032.55,20.24607843137255,4.5600000000000005,203.52,172.09166666666667,Home Decor,525.84,Seasonal,United Kingdom,1269,0.5,298,1638.47,5,0,0,4,9,30,0,0,0,0
13629,23,7,4904.36,114.05488372093022,6.959999999999999,358.0,817.3933333333333,Bags,4047.0,Toys,United Kingdom,4372,1.1666666666666667,315,7792.36,11,1,1,0,13,30,1,1,-1,1
13630,5,4,979.9399999999999,57.6435294117647,1.25,158.39999999999998,163.32333333333332,Electronics,960.1,Storage,United Kingdom,1391,0.6666666666666666,280,2031.78,7,0,0,2,11,30,0,0,0,0
13631,100,7,1740.42,248.6314285714286,40.0,667.2,290.07,Kitchen,1042.5,Other,United Kingdom,467,1.1666666666666667,167,3070.42,11,1,1,5,8,30,1,0,-1,1
13632,25,3,1508.24,17.537674418604652,0.42,60.480000000000004,251.37333333333333,Home Decor,593.11,Crockery,United Kingdom,1031,0.5,218,2118.93,5,0,0,4,2,30,0,0,0,0
13634,33,3,949.75,8.258695652173913,0.39,51.0,158.29166666666666,Home Decor,479.38,Furniture,United Kingdom,700,0.5,293,1547.3600000000001,5,0,0,4,4,30,0,0,0,0
13635,68,1,1071.03,17.274677419354838,5.04,45.0,178.505,Stationery,207.04999999999998,Bags,United Kingdom,677,0.16666666666666666,0,1071.03,1,0,0,8,1,30,0,0,0,0
13636,37,2,407.66999999999996,14.559642857142856,2.88,25.5,67.945,Home Decor,318.82,Seasonal,United Kingdom,592,0.3333333333333333,248,949.12,5,0,0,4,9,30,0,0,0,0
13637,52,1,125.65,15.70625,10.2,20.8,20.941666666666666,Home Decor,286.6,Stationery,United Kingdom,405,0.16666666666666666,174,804.3,3,0,0,4,10,30,0,0,0,0
13638,16,1,122.64,15.33,9.36,25.5,20.44,Stationery,57.84,Seasonal,United Kingdom,93,0.16666666666666666,0,122.64,1,0,0,8,9,30,0,0,0,0
13639,74,1,1033.34,25.833499999999997,9.36,237.6,172.22333333333333,Other,375.3,Seasonal,United Kingdom,800,0.16666666666666666,0,1033.34,1,0,0,6,9,30,0,0,0,0
13643,31,2,431.54,19.615454545454547,5.04,35.400000000000006,71.92333333333333,Bags,270.3,Other,United Kingdom,273,0.3333333333333333,154,519.44,3,0,0,0,8,30,0,0,0,0
13644,16,4,2624.26,17.974383561643837,4.5600000000000005,37.5,437.3766666666667,Home Decor,1510.83,Toys,United Kingdom,2067,0.6666666666666666,89,2624.26,4,0,0,4,13,30,0,0,0,0
13645,120,1,252.1,50.42,19.9,90.0,42.016666666666666,Other,162.1,Furniture,United Kingdom,158,0.16666666666666666,0,252.1,1,0,0,6,4,30,0,0,0,0
13647,10,3,1223.48,22.24509090909091,12.48,207.50000000000003,203.91333333333333,Bags,374.3,Crockery,United Kingdom,887,0.5,225,1648.1200000000001,4,0,0,0,2,30,0,0,0,0
13650,17,4,1090.82,18.180333333333333,6.64,50.0,181.8033333333333,Home Decor,352.58,Textiles,United Kingdom,922,0.6666666666666666,250,1836.34,6,0,0,4,12,30,0,0,0,0
13651,35,2,94.2,15.700000000000001,13.5,17.4,15.700000000000001,Kitchen,33.3,Stationery,United Kingdom,33,0.3333333333333333,4,94.2,2,0,0,5,10,30,0,0,0,0
13652,46,1,456.84000000000003,18.273600000000002,9.959999999999999,25.200000000000003,76.14,Home Decor,266.68,Bags,United Kingdom,578,0.16666666666666666,322,1095.08,3,0,0,4,1,30,0,0,0,0
13654,43,3,1534.49,15.658061224489796,2.88,51.0,255.74833333333333,Other,669.1,Textiles,United Kingdom,2182,0.5,230,2707.33,6,0,0,6,12,30,0,0,0,0
13655,114,1,549.32,15.694857142857144,3.61,33.0,91.55333333333334,Home Decor,255.3,Textiles,United Kingdom,605,0.16666666666666666,127,932.97,2,0,0,4,12,30,0,0,0,0
13656,165,1,216.95,12.052777777777777,4.5600000000000005,23.4,36.15833333333333,Home Decor,121.94,Crockery,United Kingdom,490,0.16666666666666666,172,379.65,2,0,0,4,2,30,0,0,0,0
13657,11,1,229.8,32.82857142857143,10.2,67.5,38.300000000000004,Electronics,136.8,Toys,United Kingdom,209,0.16666666666666666,190,382.14,2,0,0,2,13,30,0,0,0,0
13658,10,4,1705.87,22.44565789473684,9.9,89.69999999999999,284.31166666666667,Bags,590.3000000000001,Seasonal,United Kingdom,1019,0.6666666666666666,194,2639.17,5,0,0,0,9,30,0,0,0,0
13662,86,1,364.82,20.267777777777777,10.2,34.0,60.803333333333335,Other,216.36,Seasonal,United Kingdom,533,0.16666666666666666,173,881.26,3,0,0,6,9,30,0,0,0,0
13667,149,1,299.05,3.603012048192771,0.19,15.8,49.84166666666667,Other,58.38,Garden & Outdoor,United Kingdom,149,0.16666666666666666,0,299.05,1,0,0,6,5,30,0,0,0,0
13668,3,9,2274.15,10.577441860465116,1.25,47.7,379.02500000000003,Home Decor,2046.5,Seasonal,United Kingdom,3722,1.5,359,6309.83,21,1,1,4,9,30,1,1,1,1
13669,51,2,218.55,24.283333333333335,4.8,40.8,36.425000000000004,Other,80.39999999999999,Kitchen,United Kingdom,237,0.3333333333333333,98,218.55,2,0,0,6,7,30,0,0,0,0
13670,75,1,349.7,13.988,5.04,30.0,58.28333333333333,Stationery,150.3,Crockery,United Kingdom,282,0.16666666666666666,0,349.7,1,0,0,8,2,30,0,0,0,0
13673,19,2,387.44,6.457333333333334,0.95,49.5,64.57333333333334,Other,89.94,Stationery,United Kingdom,114,0.3333333333333333,13,387.44,2,0,0,6,10,30,0,0,0,0
13675,151,1,178.38000000000002,17.838,6.6000000000000005,35.400000000000006,29.730000000000004,Home Decor,308.86,Seasonal,United Kingdom,330,0.16666666666666666,133,486.82000000000005,2,0,0,4,9,30,0,0,0,0
13678,152,1,232.6,14.5375,4.8,19.0,38.766666666666666,Electronics,101.2,Home Decor,United Kingdom,924,0.16666666666666666,0,232.6,1,0,0,2,6,30,0,0,0,0
13680,1,2,1327.53,10.705887096774193,0.79,102.0,221.255,Kitchen,1086.82,Garden & Outdoor,United Kingdom,1934,0.3333333333333333,337,3719.12,4,0,0,5,5,30,0,0,0,0
13681,18,4,827.83,14.523333333333333,2.8499999999999996,41.25,137.97166666666666,Home Decor,484.47,Bags,United Kingdom,360,0.6666666666666666,137,827.83,4,0,0,4,1,30,0,0,0,0
13685,3,7,3119.44,79.98564102564103,0.39,1170.0,519.9066666666666,Kitchen,1795.27,Stationery,United Kingdom,5056,1.1666666666666667,57,3119.44,7,0,1,5,10,30,1,0,-1,1
13689,63,1,910.0,151.66666666666666,15.0,179.0,151.66666666666666,Bags,716.0,Storage,United Kingdom,512,0.16666666666666666,0,910.0,1,0,0,0,11,30,0,0,-1,0
13690,59,1,172.25,19.13888888888889,7.800000000000001,44.849999999999994,28.708333333333332,Kitchen,138.5,Storage,United Kingdom,67,0.16666666666666666,0,172.25,1,0,0,5,11,30,0,0,0,0
13692,25,1,616.74,29.36857142857143,7.4399999999999995,118.80000000000001,102.79,Stationery,580.3199999999999,Crockery,United Kingdom,1226,0.16666666666666666,211,1488.32,3,0,0,8,2,30,0,0,0,0
13695,31,10,1878.21,28.032985074626865,9.959999999999999,158.39999999999998,313.035,Electronics,1065.18,Garden & Outdoor,United Kingdom,1603,1.6666666666666667,228,2504.13,15,1,1,2,5,30,1,1,-1,1
13697,39,1,151.29999999999998,12.608333333333333,6.959999999999999,19.799999999999997,25.216666666666665,Home Decor,47.16,Other,United Kingdom,177,0.16666666666666666,0,151.29999999999998,1,0,0,4,8,30,0,0,0,0
13699,155,1,308.58000000000004,22.041428571428575,9.48,31.8,51.43000000000001,Textiles,190.8,Furniture,United Kingdom,66,0.16666666666666666,0,308.58000000000004,1,0,0,10,4,30,0,0,0,0
13700,26,5,1321.46,14.209247311827957,1.25,99.60000000000001,220.24333333333334,Home Decor,746.86,Garden & Outdoor,United Kingdom,2281,0.8333333333333334,300,2248.63,10,0,0,4,5,30,0,0,0,0
13704,5,9,2308.06,17.224328358208954,2.88,51.0,384.6766666666667,Kitchen,517.6,Textiles,United Kingdom,1531,1.5,83,2308.06,9,0,1,5,12,30,1,1,3,1
13705,8,2,393.72,21.873333333333335,7.800000000000001,59.400000000000006,65.62,Home Decor,336.46,Furniture,United Kingdom,363,0.3333333333333333,366,711.86,3,0,0,4,4,30,0,0,0,0
13709,4,12,5853.35,19.191311475409837,5.04,177.60000000000002,975.5583333333334,Home Decor,1628.78,Toys,United Kingdom,3508,2.0,311,6307.650000000001,13,1,1,4,13,30,1,1,-1,1
13710,32,1,180.48,22.56,4.5600000000000005,67.2,30.08,Stationery,67.2,Electronics,United Kingdom,176,0.16666666666666666,0,180.48,1,0,0,8,3,30,0,0,0,0
13717,32,4,874.42,13.248787878787878,2.88,34.68,145.73666666666665,Home Decor,329.8,Textiles,United Kingdom,1959,0.6666666666666666,266,1445.01,6,0,0,4,12,30,0,0,0,0
13719,15,3,702.94,17.573500000000003,8.2,30.240000000000002,117.15666666666668,Home Decor,266.08,Crockery,United Kingdom,609,0.5,219,1041.68,5,0,0,4,2,30,0,0,0,0
13720,117,2,367.8,21.63529411764706,12.75,79.2,61.300000000000004,Home Decor,196.25,Bags,United Kingdom,501,0.3333333333333333,138,799.9,4,0,0,4,1,30,0,0,0,0
13721,36,1,524.14,18.719285714285714,6.959999999999999,39.599999999999994,87.35666666666667,Other,157.2,Kitchen,United Kingdom,316,0.16666666666666666,0,524.14,1,0,0,6,7,30,0,0,0,0
13722,132,2,911.94,23.383076923076924,6.8,79.2,151.99,Home Decor,639.46,Furniture,United Kingdom,1401,0.3333333333333333,151,2375.41,3,0,0,4,4,30,0,0,0,0
13725,50,2,228.96,14.31,4.5600000000000005,25.5,38.160000000000004,Kitchen,723.93,Stationery,United Kingdom,806,0.3333333333333333,258,1980.56,8,0,0,5,10,30,0,0,0,0
13726,39,2,1079.6599999999999,25.70619047619047,4.68,179.0,179.9433333333333,Storage,361.79999999999995,Textiles,United Kingdom,1054,0.3333333333333333,61,1079.6599999999999,2,0,0,9,12,30,0,0,0,0
13727,29,2,333.48,16.674,8.5,47.7,55.580000000000005,Other,90.18,Home Decor,United Kingdom,162,0.3333333333333333,4,333.48,2,0,0,6,6,30,0,0,0,0
13728,37,3,522.21,16.3190625,10.2,25.5,87.03500000000001,Textiles,367.5,Electronics,United Kingdom,458,0.5,273,1016.14,6,0,0,10,3,30,0,0,0,0
13730,136,2,752.6,17.50232558139535,5.04,39.6,125.43333333333334,Kitchen,189.1,Furniture,United Kingdom,488,0.3333333333333333,25,752.6,2,0,0,5,4,30,0,0,0,0
13732,28,1,491.86,14.904848484848486,5.04,30.0,81.97666666666667,Kitchen,140.82000000000002,Bags,United Kingdom,498,0.16666666666666666,0,491.86,1,0,0,5,1,30,0,0,0,0
13735,25,3,1948.39,14.326397058823531,0.83,67.2,324.7316666666667,Other,684.27,Garden & Outdoor,United Kingdom,1128,0.5,209,2883.54,4,0,0,6,5,30,0,0,0,0
13736,5,1,372.27,3.2655263157894736,0.29,16.95,62.044999999999995,Kitchen,291.06,Electronics,United Kingdom,496,0.16666666666666666,255,729.8,2,0,0,5,3,30,0,0,0,0
13739,18,1,216.9,72.3,41.7,91.8,36.15,Electronics,175.2,Other,United Kingdom,54,0.16666666666666666,0,216.9,1,0,0,2,8,30,0,0,0,0
13741,72,1,305.3,21.807142857142857,10.5,47.7,50.88333333333333,Other,163.65,Furniture,United Kingdom,218,0.16666666666666666,145,668.4300000000001,3,0,0,6,4,30,0,0,0,0
13742,17,4,968.0,11.255813953488373,0.42,34.68,161.33333333333334,Home Decor,744.5,Garden & Outdoor,United Kingdom,1115,0.6666666666666666,303,3107.87,12,1,0,4,5,30,0,0,2,0
13743,3,5,988.4399999999999,35.301428571428566,13.919999999999998,70.2,164.73999999999998,Other,488.4,Toys,United Kingdom,1776,0.8333333333333334,256,1341.6,7,0,0,6,13,30,0,0,0,0
13744,95,1,263.2,13.852631578947367,0.75,34.8,43.86666666666667,Home Decor,478.52,Crockery,United Kingdom,1153,0.16666666666666666,197,1080.52,2,0,0,4,2,30,0,0,0,0
13745,162,1,300.04,12.001600000000002,4.5600000000000005,28.44,50.00666666666667,Stationery,115.92,Electronics,United Kingdom,496,0.16666666666666666,0,300.04,1,0,0,8,3,30,0,0,0,0
13748,96,2,367.4,24.493333333333332,9.36,102.0,61.23333333333333,Stationery,642.9,Seasonal,United Kingdom,439,0.3333333333333333,278,948.25,5,0,0,8,9,30,0,0,0,0
13750,54,3,958.46,59.90375,12.75,325.44,159.74333333333334,Home Decor,1356.54,Stationery,United Kingdom,516,0.5,283,1647.26,5,0,0,4,10,30,0,0,0,0
13752,124,2,283.85,23.65416666666667,4.25,75.0,47.30833333333334,Electronics,429.18,Toys,United Kingdom,874,0.3333333333333333,122,1175.38,6,0,0,2,13,30,0,0,0,0
13754,152,1,126.6,31.65,17.4,52.199999999999996,21.099999999999998,Kitchen,146.1,Electronics,United Kingdom,214,0.16666666666666666,165,282.59999999999997,2,0,0,5,3,30,0,0,0,0
13755,4,9,2108.06,6.567165109034268,0.19,59.400000000000006,351.3433333333333,Home Decor,409.03,Seasonal,United Kingdom,1242,1.5,59,2108.06,9,0,1,4,9,30,1,1,3,1
13756,2,9,3477.71,38.641222222222225,4.68,214.8,579.6183333333333,Home Decor,1518.96,Accessories,United Kingdom,3188,1.5,365,5189.52,14,1,1,4,0,30,1,1,1,1
13758,12,2,839.03,38.13772727272727,7.9,102.0,139.83833333333334,Kitchen,920.4,Garden & Outdoor,United Kingdom,1844,0.3333333333333333,361,3190.55,7,0,0,5,5,30,0,0,0,0
13759,33,2,659.4100000000001,26.376400000000004,13.0,157.92000000000002,109.90166666666669,Crockery,317.42,Storage,United Kingdom,287,0.3333333333333333,37,659.4100000000001,2,0,0,1,11,30,0,0,0,0
13760,54,1,151.70000000000002,5.231034482758622,0.85,12.75,25.283333333333335,Stationery,86.57000000000001,Storage,United Kingdom,197,0.16666666666666666,202,286.79,2,0,0,8,11,30,0,0,0,0
13761,50,2,1070.65,15.295000000000002,5.04,30.0,178.4416666666667,Kitchen,245.55,Toys,United Kingdom,642,0.3333333333333333,129,1070.65,2,0,0,5,13,30,0,0,0,0
13763,63,1,1714.96,114.33066666666667,50.0,180.0,285.82666666666665,Toys,562.16,Crockery,United Kingdom,728,0.16666666666666666,0,1714.96,1,0,0,11,2,30,0,0,-1,0
13764,71,2,1019.53,7.387898550724637,0.55,25.0,169.92166666666665,Kitchen,320.95,Furniture,United Kingdom,926,0.3333333333333333,266,1519.42,3,0,0,5,4,30,0,0,0,0
13769,2,5,1348.5,21.0703125,9.36,157.92000000000002,224.75,Home Decor,933.61,Bags,United Kingdom,1163,0.8333333333333334,365,2796.51,10,0,0,4,1,30,0,0,0,0
13771,64,2,1169.6,23.86938775510204,6.64,102.0,194.9333333333333,Kitchen,608.1,Bags,United Kingdom,1477,0.3333333333333333,182,2634.45,4,0,0,5,1,30,0,0,0,0
13772,34,2,894.21,6.527080291970803,0.39,47.2,149.035,Kitchen,337.31,Seasonal,United Kingdom,540,0.3333333333333333,205,1122.63,3,0,0,5,9,30,0,0,0,0
13774,82,1,345.0,15.681818181818182,10.2,24.900000000000002,57.5,Kitchen,109.30000000000001,Bags,United Kingdom,192,0.16666666666666666,0,345.0,1,0,0,5,1,30,0,0,0,0
13778,103,1,178.7,19.855555555555554,8.25,30.0,29.78333333333333,Storage,99.35,Kitchen,United Kingdom,70,0.16666666666666666,0,178.7,1,0,0,9,7,30,0,0,0,0
13780,7,2,360.01,6.315964912280702,1.25,85.80000000000001,60.001666666666665,Electronics,98.47000000000001,Furniture,United Kingdom,318,0.3333333333333333,163,360.01,2,0,0,2,4,30,0,0,0,0
13782,13,4,547.56,8.05235294117647,1.25,19.799999999999997,91.25999999999999,Home Decor,262.23,Textiles,United Kingdom,369,0.6666666666666666,315,908.86,6,0,0,4,12,30,0,0,0,0
13784,10,5,1434.36,102.4542857142857,38.160000000000004,199.68,239.05999999999997,Electronics,573.24,Kitchen,United Kingdom,2493,0.8333333333333334,322,2462.79,11,1,0,2,7,30,1,0,-1,1
13787,76,1,202.64000000000001,8.443333333333333,1.65,24.96,33.77333333333333,Home Decor,109.58000000000001,Stationery,United Kingdom,337,0.16666666666666666,288,309.04,2,0,0,4,10,30,0,0,0,0
13790,4,1,348.8,7.751111111111111,3.4799999999999995,18.72,58.13333333333333,Other,93.83999999999999,Home Decor,United Kingdom,748,0.16666666666666666,0,348.8,1,0,0,6,6,30,0,0,0,0
13791,128,2,1516.0,137.8181818181818,72.0,290.0,252.66666666666666,Bags,1227.0,Kitchen,United Kingdom,1200,0.3333333333333333,40,1516.0,2,0,0,0,7,30,0,0,-1,0
13792,66,1,120.95,13.43888888888889,10.2,19.8,20.158333333333335,Home Decor,36.2,Furniture,United Kingdom,92,0.16666666666666666,221,195.55,2,0,0,4,4,30,0,0,0,0
13799,117,1,347.15999999999997,15.09391304347826,10.2,19.9,57.85999999999999,Kitchen,256.68,Bags,United Kingdom,402,0.16666666666666666,177,688.86,2,0,0,5,1,30,0,0,0,0
13801,67,1,324.8,14.121739130434783,6.6000000000000005,20.4,54.13333333333333,Home Decor,138.1,Furniture,United Kingdom,168,0.16666666666666666,0,324.8,1,0,0,4,4,30,0,0,0,0
13802,139,1,1468.3600000000001,122.36333333333334,30.0,275.0,244.7266666666667,Kitchen,2522.26,Storage,United Kingdom,2572,0.16666666666666666,172,4599.42,3,0,0,5,11,30,0,0,-1,0
13804,31,6,1864.76,19.83787234042553,6.64,69.36,310.79333333333335,Kitchen,767.68,Seasonal,United Kingdom,1462,1.0,259,2588.39,7,0,0,5,9,30,0,0,0,0
13805,52,2,924.6,71.12307692307692,20.52,169.0,154.1,Bags,338.0,Home Decor,United Kingdom,1900,0.3333333333333333,76,924.6,2,0,0,0,6,30,0,0,0,0
13806,64,1,256.38,25.637999999999998,12.48,65.4,42.73,Crockery,65.4,Other,United Kingdom,56,0.16666666666666666,0,256.38,1,0,0,1,8,30,0,0,0,0
13808,6,5,1747.66,22.995526315789476,4.5600000000000005,106.2,291.2766666666667,Other,382.8,Stationery,United Kingdom,782,0.8333333333333334,91,1747.66,5,0,0,6,10,30,0,0,0,0
13810,29,3,1499.01,42.828857142857146,5.04,599.5,249.835,Other,751.0,Toys,Germany,312,0.5,27,1499.01,3,0,0,6,13,12,0,0,-1,0
13812,42,3,539.0,14.972222222222221,6.64,26.4,89.83333333333333,Other,159.04,Electronics,Germany,333,0.5,63,539.0,3,0,0,6,3,12,0,0,0,0
13813,40,4,1366.8600000000001,19.809565217391306,5.04,54.0,227.81000000000003,Kitchen,454.59000000000003,Textiles,Germany,552,0.6666666666666666,95,1366.8600000000001,4,0,0,5,12,12,0,0,0,0
13814,92,2,1579.12,27.703859649122805,12.600000000000001,90.0,263.18666666666667,Electronics,420.0,Stationery,Germany,864,0.3333333333333333,44,1579.12,2,0,0,2,10,12,0,0,0,0
13815,22,3,3015.35,24.515040650406505,5.04,198.0,502.55833333333334,Bags,949.2,Furniture,Germany,2560,0.5,296,4027.36,4,0,0,0,4,12,0,0,-1,0
13816,24,2,571.6700000000001,20.416785714285716,9.959999999999999,54.0,95.27833333333335,Storage,172.20000000000002,Electronics,Germany,269,0.3333333333333333,40,571.6700000000001,2,0,0,9,3,12,0,0,0,0
13817,29,1,254.28,16.952,9.959999999999999,36.0,42.38,Storage,126.8,Crockery,Germany,211,0.16666666666666666,322,382.98,2,0,0,9,2,12,0,0,0,0
13821,145,1,115.49,6.793529411764705,1.68,25.5,19.24833333333333,Bags,92.6,Stationery,United Kingdom,153,0.16666666666666666,116,385.64,2,0,0,0,10,30,0,0,0,0
13822,6,2,632.0,6.583333333333333,0.65,123.9,105.33333333333333,Home Decor,251.18,Crockery,United Kingdom,611,0.3333333333333333,34,632.0,2,0,0,4,2,30,0,0,0,0
13823,19,2,957.66,23.941499999999998,10.5,91.8,159.60999999999999,Home Decor,634.31,Other,United Kingdom,439,0.3333333333333333,72,957.66,2,0,0,4,8,30,0,0,0,0
13824,33,2,465.96,23.298,9.0,59.400000000000006,77.66,Storage,434.3,Toys,United Kingdom,768,0.3333333333333333,277,1698.94,5,0,0,9,13,30,0,0,0,0
13827,58,3,409.8,4.4543478260869565,0.39,19.9,68.3,Home Decor,83.9,Furniture,United Kingdom,138,0.5,85,409.8,3,0,0,4,4,30,0,0,0,0
13828,22,1,209.49,13.966000000000001,8.5,17.700000000000003,34.915,Other,80.96000000000001,Electronics,United Kingdom,311,0.16666666666666666,0,209.49,1,0,0,6,3,30,0,0,0,0
13831,16,3,1105.0,69.0625,17.0,163.2,184.16666666666666,Electronics,1078.5,Bags,United Kingdom,743,0.5,353,2198.45,6,0,0,2,1,30,0,0,0,0
13833,159,1,383.85,13.708928571428572,0.95,30.0,63.975,Home Decor,114.95,Furniture,United Kingdom,117,0.16666666666666666,0,383.85,1,0,0,4,4,30,0,0,0,0
13835,25,3,506.12,14.885882352941177,5.8,31.8,84.35333333333334,Kitchen,231.3,Crockery,United Kingdom,442,0.5,190,834.57,4,0,0,5,2,30,0,0,0,0
13838,6,3,444.16,3.8289655172413797,0.42,19.9,74.02666666666667,Home Decor,184.64,Garden & Outdoor,United Kingdom,254,0.5,364,674.82,4,0,0,4,5,30,0,0,0,0
13842,59,3,1557.15,16.565425531914894,5.04,39.599999999999994,259.52500000000003,Home Decor,1337.44,Seasonal,United Kingdom,1768,0.5,308,3385.62,9,0,0,4,9,30,0,0,0,0
13844,11,1,361.62,18.081,10.2,35.400000000000006,60.27,Stationery,80.28,Electronics,United Kingdom,196,0.16666666666666666,0,361.62,1,0,0,8,3,30,0,0,0,0
13845,65,1,312.98,34.775555555555556,9.959999999999999,102.0,52.163333333333334,Home Decor,282.98,Other,United Kingdom,182,0.16666666666666666,0,312.98,1,0,0,4,8,30,0,0,0,0
13846,25,1,201.13,16.760833333333334,8.95,29.700000000000003,33.52166666666667,Other,228.57,Bags,United Kingdom,388,0.16666666666666666,335,865.0600000000001,3,0,0,6,1,30,0,0,0,0
13848,92,1,320.0,320.0,320.0,320.0,53.333333333333336,Other,1255.0,Other,United Kingdom,3700,0.16666666666666666,273,1255.0,3,0,0,6,8,30,0,0,-1,0
13849,52,2,1537.95,15.227227722772279,2.88,39.599999999999994,256.325,Home Decor,420.33,Seasonal,United Kingdom,1016,0.3333333333333333,119,1537.95,2,0,0,4,9,30,0,0,0,0
13850,129,1,1595.48,17.155698924731183,8.2,30.599999999999998,265.91333333333336,Bags,302.5,Textiles,United Kingdom,944,0.16666666666666666,0,1595.48,1,0,0,0,12,30,0,0,0,0
13851,96,2,2405.14,37.5803125,6.8,888.0,400.8566666666666,Home Decor,1245.14,Furniture,United Kingdom,1705,0.3333333333333333,192,2651.46,3,0,0,4,4,30,0,0,-1,0
13853,57,1,1090.14,47.39739130434783,9.36,175.2,181.69000000000003,Kitchen,589.04,Bags,United Kingdom,312,0.16666666666666666,0,1090.14,1,0,0,5,1,30,0,0,0,0
13854,9,9,2949.98,75.64051282051282,6.8,207.50000000000003,491.66333333333336,Home Decor,2093.04,Stationery,United Kingdom,2296,1.5,356,8109.5199999999995,25,1,1,4,10,30,1,1,-1,1
13856,169,1,169.5,42.375,8.5,72.0,28.25,Crockery,124.2,Textiles,United Kingdom,494,0.16666666666666666,34,388.5,3,0,0,1,12,30,0,0,0,0
13858,57,1,216.17,19.651818181818182,10.2,30.599999999999998,36.02833333333333,Home Decor,95.3,Crockery,United Kingdom,75,0.16666666666666666,0,216.17,1,0,0,4,2,30,0,0,0,0
13860,1,5,1245.9,16.39342105263158,4.68,29.880000000000003,207.65,Home Decor,458.6,Textiles,United Kingdom,591,0.8333333333333334,85,1245.9,5,0,0,4,12,30,0,0,0,0
13862,18,4,1056.85,16.012878787878787,6.8,34.0,176.14166666666665,Kitchen,939.91,Seasonal,United Kingdom,1688,0.6666666666666666,314,2209.36,8,0,0,5,9,30,0,0,0,0
13865,58,2,219.04,16.84923076923077,6.6000000000000005,25.5,36.50666666666667,Kitchen,113.7,Electronics,United Kingdom,204,0.3333333333333333,231,501.56,4,0,0,5,3,30,0,0,0,0
13866,74,1,145.67000000000002,20.810000000000002,11.5,34.68,24.278333333333336,Home Decor,61.72,Other,United Kingdom,57,0.16666666666666666,0,145.67000000000002,1,0,0,4,8,30,0,0,0,0
13867,31,2,866.24,16.658461538461538,8.2,63.6,144.37333333333333,Home Decor,350.38,Furniture,United Kingdom,501,0.3333333333333333,186,1005.09,3,0,0,4,4,30,0,0,0,0
13868,7,2,3192.54,96.74363636363637,1.45,2685.0,532.09,Bags,2743.1,Seasonal,United Kingdom,1964,0.3333333333333333,31,3192.54,2,0,0,0,9,30,1,1,-1,1
13869,123,1,1510.49,9.09933734939759,0.42,27.04,251.74833333333333,Home Decor,891.96,Garden & Outdoor,United Kingdom,1709,0.16666666666666666,233,3083.65,4,0,0,4,5,30,0,0,0,0
13870,2,7,2226.91,27.492716049382715,5.04,207.50000000000003,371.15166666666664,Stationery,731.37,Textiles,United Kingdom,1325,1.1666666666666667,285,2770.94,8,0,1,8,12,30,1,1,-1,1
13871,23,8,4007.52,18.383119266055047,6.8,62.400000000000006,667.92,Kitchen,2132.35,Seasonal,United Kingdom,2806,1.3333333333333333,286,6403.25,13,1,1,5,9,30,1,1,1,1
13873,120,1,159.20000000000002,17.68888888888889,6.959999999999999,30.0,26.533333333333335,Kitchen,87.27000000000001,Electronics,United Kingdom,140,0.16666666666666666,190,389.6,3,0,0,5,3,30,0,0,0,0
13875,54,2,718.91,15.628478260869565,4.5600000000000005,35.400000000000006,119.81833333333333,Home Decor,528.76,Crockery,United Kingdom,1316,0.3333333333333333,247,1786.79,5,0,0,4,2,30,0,0,0,0
13876,64,1,122.7,17.52857142857143,12.600000000000001,23.9,20.45,Other,49.0,Electronics,United Kingdom,36,0.16666666666666666,0,122.7,1,0,0,6,3,30,0,0,0,0
13877,86,1,117.24,39.08,17.4,69.6,19.54,Electronics,69.6,Other,United Kingdom,108,0.16666666666666666,0,117.24,1,0,0,2,8,30,0,0,0,0
13878,55,1,1271.57,36.330571428571425,9.959999999999999,99.60000000000001,211.9283333333333,Electronics,405.85,Furniture,United Kingdom,463,0.16666666666666666,0,1271.57,1,0,0,2,4,30,0,0,0,0
13880,21,7,1880.2,20.21720430107527,5.04,51.0,313.3666666666667,Kitchen,735.7,Furniture,United Kingdom,1842,1.1666666666666667,345,3219.77,13,1,1,5,4,30,1,1,1,1
13881,4,16,13590.06,107.0083464566929,8.850000000000001,612.0,2265.0099999999998,Stationery,4533.48,Crockery,United Kingdom,10118,2.6666666666666665,308,17159.52,20,1,1,8,2,30,1,1,-1,1
13882,3,5,1191.13,18.325076923076924,3.4799999999999995,59.849999999999994,198.52166666666668,Home Decor,259.54,Seasonal,United Kingdom,953,0.8333333333333334,61,1191.13,5,0,0,4,9,30,0,0,0,0
13883,11,1,931.7,19.410416666666666,10.2,34.8,155.28333333333333,Kitchen,1305.26,Furniture,United Kingdom,1436,0.16666666666666666,242,2674.48,5,0,0,5,4,30,0,0,0,0
13884,7,2,591.35,12.068367346938777,0.85,69.3,98.55833333333334,Home Decor,311.25,Textiles,United Kingdom,300,0.3333333333333333,276,787.6,5,0,0,4,12,30,0,0,0,0
13886,71,1,243.56,15.2225,9.959999999999999,20.0,40.593333333333334,Home Decor,92.46,Furniture,United Kingdom,126,0.16666666666666666,0,243.56,1,0,0,4,4,30,0,0,0,0
13888,120,1,366.11,18.305500000000002,12.5,30.0,61.01833333333334,Home Decor,369.96,Crockery,United Kingdom,254,0.16666666666666666,98,595.67,2,0,0,4,2,30,0,0,0,0
13889,93,1,416.90000000000003,27.793333333333337,14.850000000000001,50.400000000000006,69.48333333333333,Home Decor,191.20000000000002,Electronics,United Kingdom,146,0.16666666666666666,0,416.90000000000003,1,0,0,4,3,30,0,0,0,0
13890,1,9,1693.46,17.105656565656567,3.1,39.599999999999994,282.24333333333334,Home Decor,527.48,Accessories,United Kingdom,831,1.5,357,1883.8100000000002,10,0,1,4,0,30,1,1,3,1
13892,27,3,578.4499999999999,24.10208333333333,4.5600000000000005,114.83999999999999,96.40833333333332,Home Decor,189.83999999999997,Furniture,United Kingdom,983,0.5,219,632.97,4,0,0,4,4,30,0,0,0,0
13894,24,2,403.77000000000004,23.751176470588238,12.600000000000001,76.32000000000001,67.295,Crockery,151.32,Bags,United Kingdom,354,0.3333333333333333,286,564.62,3,0,0,1,1,30,0,0,0,0
13895,28,4,2593.07,21.975169491525424,6.8,180.0,432.17833333333334,Home Decor,739.23,Seasonal,United Kingdom,1365,0.6666666666666666,136,2593.07,4,0,0,4,9,30,0,0,0,0
13897,50,1,311.16,18.303529411764707,9.36,53.1,51.86000000000001,Stationery,159.96,Bags,United Kingdom,200,0.16666666666666666,0,311.16,1,0,0,8,1,30,0,0,0,0
13899,16,1,90.02,22.505,13.52,39.6,15.003333333333332,Storage,108.0,Bags,United Kingdom,156,0.16666666666666666,258,388.52,2,0,0,9,1,30,0,0,0,0
13901,72,3,2218.9,19.29478260869565,4.5600000000000005,46.8,369.81666666666666,Other,589.74,Bags,United Kingdom,1739,0.5,246,2867.2,5,0,0,6,1,30,0,0,0,0
13904,37,1,131.52,14.613333333333335,10.5,17.700000000000003,21.92,Kitchen,117.9,Crockery,United Kingdom,332,0.16666666666666666,257,332.64,2,0,0,5,2,30,0,0,0,0
13908,80,2,1538.44,21.977714285714285,9.959999999999999,124.80000000000001,256.4066666666667,Kitchen,866.98,Bags,United Kingdom,1478,0.3333333333333333,196,2369.55,4,0,0,5,1,30,0,0,0,0
13911,57,3,877.0,20.88095238095238,6.72,119.52,146.16666666666666,Other,741.8399999999999,Furniture,United Kingdom,2731,0.5,251,2580.91,9,0,0,6,4,30,0,0,0,0
13914,12,2,626.45,18.983333333333334,6.64,59.400000000000006,104.40833333333335,Kitchen,295.0,Crockery,United Kingdom,380,0.3333333333333333,24,626.45,2,0,0,5,2,30,0,0,0,0
13917,50,1,206.66,15.896923076923077,4.5600000000000005,30.599999999999998,34.443333333333335,Home Decor,172.92000000000002,Crockery,United Kingdom,228,0.16666666666666666,141,272.04,2,0,0,4,2,30,0,0,0,0
13918,50,1,1014.64,46.12,15.0,254.4,169.10666666666665,Storage,357.32,Textiles,United Kingdom,1140,0.16666666666666666,203,1212.8400000000001,2,0,0,9,12,30,0,0,0,0
13919,59,2,384.81,13.743214285714286,10.5,34.8,64.135,Stationery,162.0,Crockery,Denmark,474,0.3333333333333333,62,384.81,2,0,0,8,2,7,0,0,0,0
13923,54,1,351.13,17.5565,5.04,35.400000000000006,58.52166666666667,Home Decor,218.75,Storage,United Kingdom,185,0.16666666666666666,0,351.13,1,0,0,4,11,30,0,0,0,0
13924,2,6,1838.8500000000001,15.716666666666669,3.75,35.400000000000006,306.475,Home Decor,801.8100000000001,Crockery,United Kingdom,1575,1.0,70,1838.8500000000001,6,0,0,4,2,30,0,0,0,0
13925,93,4,678.25,16.54268292682927,6.64,33.199999999999996,113.04166666666667,Kitchen,372.11,Seasonal,United Kingdom,331,0.6666666666666666,42,678.25,4,0,0,5,9,30,0,0,0,0
13926,23,1,223.85000000000002,20.35,3.1,39.95,37.30833333333334,Other,55.650000000000006,Textiles,United Kingdom,104,0.16666666666666666,0,223.85000000000002,1,0,0,6,12,30,0,0,0,0
13927,75,1,348.99,16.61857142857143,5.04,41.6,58.165,Kitchen,67.2,Stationery,United Kingdom,214,0.16666666666666666,0,348.99,1,0,0,5,10,30,0,0,0,0
13928,11,4,464.57,17.206296296296298,10.2,35.400000000000006,77.42833333333333,Other,158.48000000000002,Furniture,United Kingdom,129,0.6666666666666666,122,464.57,4,0,0,6,4,30,0,0,0,0
13929,169,1,429.79999999999995,61.39999999999999,17.700000000000003,159.2,71.63333333333333,Home Decor,810.1,Kitchen,United Kingdom,143,0.16666666666666666,157,842.65,2,0,0,4,7,30,0,0,0,0
13930,58,2,337.34,19.843529411764706,12.600000000000001,39.599999999999994,56.22333333333333,Kitchen,145.14000000000001,Stationery,United Kingdom,274,0.3333333333333333,78,337.34,2,0,0,5,10,30,0,0,0,0
13931,96,1,859.32,22.613684210526316,9.959999999999999,255.0,143.22,Stationery,417.39,Crockery,United Kingdom,725,0.16666666666666666,185,1237.53,2,0,0,8,2,30,0,0,0,0
13933,109,2,608.7900000000001,26.469130434782613,14.850000000000001,67.5,101.46500000000002,Storage,190.44,Crockery,United Kingdom,205,0.3333333333333333,39,608.7900000000001,2,0,0,9,2,30,0,0,0,0
13937,169,1,158.85,17.65,6.6000000000000005,30.599999999999998,26.474999999999998,Stationery,50.39999999999999,Home Decor,United Kingdom,123,0.16666666666666666,0,158.85,1,0,0,8,6,30,0,0,0,0
13938,35,1,71.66,10.237142857142857,6.64,19.799999999999997,11.943333333333333,Kitchen,71.66,Kitchen,United Kingdom,70,0.16666666666666666,0,71.66,1,0,0,5,7,30,0,0,0,0
13939,23,2,384.05,11.637878787878789,4.5600000000000005,30.0,64.00833333333334,Home Decor,213.85999999999999,Electronics,United Kingdom,847,0.3333333333333333,288,568.55,3,0,0,4,3,30,0,0,0,0
13940,17,4,839.14,17.12530612244898,4.74,39.6,139.85666666666665,Home Decor,391.14,Crockery,United Kingdom,516,0.6666666666666666,126,839.14,4,0,0,4,2,30,0,0,0,0
13941,22,3,2994.0,115.15384615384616,15.0,356.40000000000003,499.0,Electronics,3948.12,Stationery,United Kingdom,2364,0.5,350,5112.96,5,0,0,2,10,30,1,0,-1,1
13946,79,1,75.6,37.8,10.08,65.52,12.6,Stationery,337.32,Crockery,United Kingdom,443,0.16666666666666666,188,561.5699999999999,3,0,0,8,2,30,0,0,0,0
13947,65,1,90.6,18.119999999999997,13.5,19.799999999999997,15.1,Home Decor,77.1,Crockery,United Kingdom,44,0.16666666666666666,0,90.6,1,0,0,4,2,30,0,0,0,0
13949,3,6,2427.32,15.170750000000002,2.88,135.2,404.55333333333334,Kitchen,690.21,Furniture,United Kingdom,2474,1.0,91,2427.32,6,0,0,5,4,30,0,0,0,0
13950,11,3,565.75,20.205357142857142,6.6000000000000005,81.6,94.29166666666667,Electronics,219.74,Crockery,United Kingdom,323,0.5,235,745.06,4,0,0,2,2,30,0,0,0,0
13953,7,4,1765.68,103.86352941176472,7.800000000000001,500.0,294.28000000000003,Other,3279.88,Kitchen,United Kingdom,2724,0.6666666666666666,345,3515.68,7,0,0,6,7,30,1,0,-1,1
13954,2,2,439.92,17.5968,4.68,33.9,73.32000000000001,Kitchen,137.7,Furniture,United Kingdom,150,0.3333333333333333,69,439.92,2,0,0,5,4,30,0,0,0,0
13955,154,1,117.86,5.357272727272727,0.55,13.2,19.643333333333334,Kitchen,147.45,Crockery,United Kingdom,154,0.16666666666666666,151,322.96,2,0,0,5,2,30,0,0,0,0
13956,5,3,728.95,7.838172043010753,0.65,49.01,121.49166666666667,Home Decor,309.75,Textiles,United Kingdom,486,0.5,266,1019.27,5,0,0,4,12,30,0,0,0,0
13959,79,1,256.6,4.582142857142857,0.39,19.8,42.76666666666667,Kitchen,222.92,Accessories,United Kingdom,355,0.16666666666666666,283,594.04,3,0,0,5,0,30,0,0,0,0
13960,21,2,230.22,19.185,6.959999999999999,70.8,38.37,Home Decor,132.9,Other,United Kingdom,142,0.3333333333333333,50,230.22,2,0,0,4,8,30,0,0,0,0
13962,22,1,51.95,12.9875,10.08,15.600000000000001,8.658333333333333,Home Decor,73.3,Crockery,United Kingdom,87,0.16666666666666666,223,169.55,2,0,0,4,2,30,0,0,0,0
13967,146,1,80.7,40.35,35.7,45.0,13.450000000000001,Electronics,45.0,Other,United Kingdom,42,0.16666666666666666,0,80.7,1,0,0,2,8,30,0,0,0,0
13969,7,11,7031.6900000000005,16.39088578088578,0.19,207.50000000000003,1171.9483333333335,Bags,1434.32,Accessories,United Kingdom,4528,1.8333333333333333,357,9024.17,18,1,1,0,0,30,1,1,-1,1
13971,19,5,1783.74,18.580625,5.88,49.800000000000004,297.29,Kitchen,627.22,Furniture,United Kingdom,1844,0.8333333333333334,266,2758.26,8,0,0,5,4,30,0,0,0,0
13972,71,1,44.349999999999994,7.391666666666666,4.75,9.36,7.391666666666666,Home Decor,88.52000000000001,Stationery,United Kingdom,187,0.16666666666666666,131,190.25,2,0,0,4,10,30,0,0,0,0
13974,49,1,413.59000000000003,14.77107142857143,8.2,24.96,68.93166666666667,Seasonal,87.96000000000001,Textiles,United Kingdom,249,0.16666666666666666,0,413.59000000000003,1,0,0,7,12,30,0,0,0,0
13975,31,4,1507.23,7.424778325123153,0.55,45.0,251.205,Kitchen,544.77,Garden & Outdoor,United Kingdom,1697,0.6666666666666666,245,2461.2400000000002,6,0,0,5,5,30,0,0,0,0
13978,15,2,196.79000000000002,13.119333333333335,0.85,40.56,32.79833333333334,Home Decor,65.04,Kitchen,United Kingdom,315,0.3333333333333333,30,196.79000000000002,2,0,0,4,7,30,0,0,0,0
13979,73,1,869.87,16.108703703703704,2.88,25.5,144.97833333333332,Home Decor,210.32,Toys,United Kingdom,639,0.16666666666666666,0,869.87,1,0,0,4,13,30,0,0,0,0
13980,60,1,200.14,18.19454545454545,4.5600000000000005,47.2,33.35666666666666,Home Decor,91.12,Kitchen,United Kingdom,172,0.16666666666666666,0,200.14,1,0,0,4,7,30,0,0,0,0
13982,39,2,968.01,16.406949152542374,1.25,81.6,161.335,Kitchen,549.6,Garden & Outdoor,United Kingdom,1136,0.3333333333333333,326,1871.81,4,0,0,5,5,30,0,0,0,0
13983,30,4,922.37,29.753870967741936,1.66,290.0,153.72833333333332,Home Decor,1037.06,Toys,United Kingdom,1183,0.6666666666666666,337,2603.43,12,1,0,4,13,30,0,0,2,0
13984,27,2,203.28,33.88,8.5,93.6,33.88,Furniture,432.48,Other,United Kingdom,679,0.3333333333333333,339,920.51,5,0,0,3,8,30,0,0,0,0
13985,4,12,5894.83,20.539477351916375,6.72,53.1,982.4716666666667,Kitchen,1459.5900000000001,Seasonal,United Kingdom,3445,2.0,260,7060.13,15,1,1,5,9,30,1,1,-1,1
13986,17,1,320.46,24.650769230769228,9.899999999999999,80.64,53.41,Electronics,185.4,Furniture,United Kingdom,430,0.16666666666666666,0,320.46,1,0,0,2,4,30,0,0,0,0
13988,20,4,2791.88,17.44925,3.04,52.02,465.31333333333333,Home Decor,1506.41,Garden & Outdoor,United Kingdom,3044,0.6666666666666666,234,4147.96,6,0,0,4,5,30,0,0,0,0
13989,66,1,369.40999999999997,20.522777777777776,10.2,64.8,61.56833333333333,Home Decor,438.9,Crockery,United Kingdom,1313,0.16666666666666666,173,1266.08,2,0,0,4,2,30,0,0,0,0
13991,12,6,852.88,10.400975609756097,0.19,39.6,142.14666666666668,Kitchen,306.49,Electronics,United Kingdom,995,1.0,131,852.88,6,0,0,5,3,30,0,0,0,0
13992,30,1,76.8,15.36,8.5,20.0,12.799999999999999,Kitchen,28.5,Bags,United Kingdom,64,0.16666666666666666,0,76.8,1,0,0,5,1,30,0,0,0,0
13993,43,5,1973.54,37.95269230769231,10.2,204.0,328.92333333333335,Kitchen,960.23,Electronics,United Kingdom,900,0.8333333333333334,287,3466.36,9,0,0,5,3,30,0,0,0,0
13994,4,6,2274.14,15.36581081081081,1.7,49.5,379.0233333333333,Home Decor,591.73,Textiles,United Kingdom,932,1.0,144,2274.14,6,0,0,4,12,30,0,0,0,0
13995,15,4,1083.24,15.699130434782608,5.04,35.400000000000006,180.54,Home Decor,366.52,Crockery,United Kingdom,879,0.6666666666666666,230,1393.69,5,0,0,4,2,30,0,0,0,0
13999,10,8,2654.9900000000002,19.52198529411765,6.8,81.36,442.4983333333334,Kitchen,732.0,Accessories,United Kingdom,2243,1.3333333333333333,351,3901.81,12,1,1,5,0,30,1,1,1,1
14001,46,1,733.94,48.92933333333334,15.0,179.0,122.32333333333334,Bags,576.0,Storage,United Kingdom,962,0.16666666666666666,327,2043.0800000000002,3,0,0,0,11,30,0,0,0,0
14002,134,2,529.73,11.270851063829788,1.9,23.4,88.28833333333334,Other,119.55,Toys,United Kingdom,877,0.3333333333333333,22,529.73,2,0,0,6,13,30,0,0,0,0
14004,43,6,3682.62,25.93394366197183,8.7,82.5,613.77,Kitchen,914.86,Seasonal,United Kingdom,2668,1.0,245,4582.64,7,0,0,5,9,30,1,0,0,1
14005,10,4,2687.56,38.39371428571428,4.5600000000000005,175.2,447.9266666666667,Kitchen,1590.66,Toys,United Kingdom,2478,0.6666666666666666,206,2874.72,5,0,0,5,13,30,0,0,0,0
14006,116,1,300.1,30.01,16.5,145.0,50.01666666666667,Home Decor,369.82,Other,United Kingdom,641,0.16666666666666666,196,962.19,3,0,0,4,8,30,0,0,0,0
14013,110,2,354.52,13.635384615384615,2.88,39.6,59.086666666666666,Kitchen,194.84,Home Decor,United Kingdom,462,0.3333333333333333,165,473.02,3,0,0,5,6,30,0,0,0,0
14014,77,1,505.18,12.953333333333333,2.88,30.0,84.19666666666667,Home Decor,175.07999999999998,Crockery,United Kingdom,1076,0.16666666666666666,0,505.18,1,0,0,4,2,30,0,0,0,0
14015,53,1,917.34,45.867000000000004,15.0,108.48,152.89000000000001,Kitchen,249.12,Electronics,United Kingdom,378,0.16666666666666666,0,917.34,1,0,0,5,3,30,0,0,0,0
14016,162,1,976.58,21.701777777777778,6.84,81.6,162.76333333333335,Other,1071.1799999999998,Accessories,EIRE,2125,0.16666666666666666,195,4341.21,4,0,0,6,0,8,0,0,-1,0
14019,47,3,1421.61,21.539545454545454,8.7,99.84,236.93499999999997,Crockery,297.44,Bags,United Kingdom,1037,0.5,91,1421.61,3,0,0,1,1,30,0,0,0,0
14020,17,2,642.8,16.48205128205128,6.959999999999999,39.599999999999994,107.13333333333333,Stationery,155.34,Toys,United Kingdom,441,0.3333333333333333,71,642.8,2,0,0,8,13,30,0,0,0,0
14021,155,1,130.2,32.55,17.700000000000003,67.5,21.7,Kitchen,221.3,Electronics,United Kingdom,192,0.16666666666666666,101,631.9,3,0,0,5,3,30,0,0,0,0
14023,7,1,310.93,20.728666666666665,7.5,44.550000000000004,51.821666666666665,Other,194.96,Storage,United Kingdom,345,0.16666666666666666,242,584.07,2,0,0,6,11,30,0,0,0,0
14024,122,2,327.7,20.48125,12.75,30.599999999999998,54.61666666666667,Kitchen,149.2,Crockery,United Kingdom,150,0.3333333333333333,2,327.7,2,0,0,5,2,30,0,0,0,0
14027,61,1,104.82,17.47,9.9,24.96,17.47,Kitchen,77.52,Home Decor,United Kingdom,62,0.16666666666666666,0,104.82,1,0,0,5,6,30,0,0,0,0
14029,63,2,467.66,31.177333333333333,9.36,79.2,77.94333333333334,Other,265.56,Electronics,United Kingdom,198,0.3333333333333333,80,467.66,2,0,0,6,3,30,0,0,0,0
14030,18,3,923.82,8.322702702702703,1.25,53.1,153.97,Home Decor,773.6,Textiles,United Kingdom,1478,0.5,348,2358.84,8,0,0,4,12,30,0,0,0,0
14031,7,8,9382.300000000001,80.1905982905983,1.95,1416.0,1563.716666666667,Textiles,3620.7,Bags,United Kingdom,5788,1.3333333333333333,365,17286.86,19,1,1,10,1,30,1,1,-1,1
14032,2,6,1440.02,24.000333333333334,5.04,128.88,240.00333333333333,Crockery,988.14,Bags,United Kingdom,2032,1.0,364,2975.59,11,1,0,1,1,30,1,0,2,1
14034,22,3,648.89,7.545232558139535,0.29,87.8,108.14833333333333,Home Decor,333.46,Crockery,United Kingdom,420,0.5,135,648.89,3,0,0,4,2,30,0,0,0,0
14035,29,3,727.44,16.91720930232558,0.55,81.12,121.24000000000001,Home Decor,667.72,Bags,United Kingdom,739,0.5,268,1428.02,5,0,0,4,1,30,0,0,0,0
14038,78,2,844.0600000000001,17.95872340425532,10.08,39.6,140.67666666666668,Bags,522.2,Garden & Outdoor,United Kingdom,965,0.3333333333333333,128,1560.38,3,0,0,0,5,30,0,0,0,0
14039,33,1,152.2,25.366666666666664,16.5,69.6,25.366666666666664,Crockery,69.6,Home Decor,United Kingdom,92,0.16666666666666666,0,152.2,1,0,0,1,6,30,0,0,0,0
14040,41,6,1615.16,14.817981651376147,1.25,82.5,269.1933333333333,Kitchen,1036.0,Garden & Outdoor,United Kingdom,1544,1.0,290,3560.32,12,1,0,5,5,30,1,0,2,1
14044,27,3,475.98,3.131447368421053,0.39,14.95,79.33,Home Decor,190.6,Seasonal,United Kingdom,304,0.5,283,646.42,4,0,0,4,9,30,0,0,0,0
14047,9,2,672.69,48.049285714285716,14.850000000000001,183.60000000000002,112.11500000000001,Storage,479.54,Other,United Kingdom,381,0.3333333333333333,364,1308.6100000000001,5,0,0,9,8,30,0,0,0,0
14049,17,2,2560.91,11.232061403508771,0.39,102.0,426.8183333333333,Other,1097.55,Garden & Outdoor,United Kingdom,3808,0.3333333333333333,301,5578.72,4,0,0,6,5,30,0,0,0,0
14050,32,2,746.36,13.821481481481483,4.5600000000000005,30.0,124.39333333333333,Kitchen,245.70000000000002,Textiles,United Kingdom,689,0.3333333333333333,74,746.36,2,0,0,5,12,30,0,0,0,0
14051,1,12,9776.91,83.56333333333333,6.959999999999999,357.6,1629.485,Other,5206.54,Accessories,United Kingdom,3756,2.0,365,15610.390000000001,23,1,1,6,0,30,1,1,-1,1
14052,20,1,225.36,4.024285714285715,0.42,18.75,37.56,Home Decor,41.18,Garden & Outdoor,United Kingdom,89,0.16666666666666666,0,225.36,1,0,0,4,5,30,0,0,0,0
14053,124,2,260.25,65.0625,12.5,112.5,43.375,Toys,231.0,Storage,United Kingdom,215,0.3333333333333333,35,260.25,2,0,0,11,11,30,0,0,0,0
14054,65,1,92.46,15.409999999999998,9.959999999999999,16.5,15.409999999999998,Bags,49.5,Other,United Kingdom,62,0.16666666666666666,0,92.46,1,0,0,0,8,30,0,0,0,0
14055,106,1,725.6400000000001,72.56400000000001,13.52,415.00000000000006,120.94000000000001,Storage,415.00000000000006,Other,United Kingdom,216,0.16666666666666666,0,725.6400000000001,1,0,0,9,8,30,0,0,0,0
14056,1,12,4498.88,7.625220338983051,0.39,49.5,749.8133333333334,Electronics,1871.54,Seasonal,United Kingdom,4252,2.0,282,8152.71,23,1,1,2,9,30,1,1,-1,1
14057,24,9,3541.43,27.88527559055118,2.08,386.64,590.2383333333333,Storage,1499.1999999999998,Seasonal,United Kingdom,4873,1.5,336,6211.66,17,1,1,9,9,30,1,1,-1,1
14060,5,8,2745.32,26.914901960784317,5.04,252.0,457.55333333333334,Other,1312.0,Textiles,United Kingdom,5386,1.3333333333333333,368,6140.42,19,1,1,6,12,30,1,1,-1,1
14062,10,6,5630.22,137.32243902439026,30.0,594.0,938.37,Home Decor,3646.2200000000003,Toys,United Kingdom,5593,1.0,354,10464.85,12,1,0,4,13,30,1,0,-1,1
14064,29,2,492.18,10.937333333333333,0.65,34.8,82.03,Home Decor,906.9399999999999,Bags,United Kingdom,1772,0.3333333333333333,245,1334.34,5,0,0,4,1,30,0,0,0,0
14067,64,2,374.7,7.2057692307692305,0.65,24.75,62.449999999999996,Kitchen,81.98,Textiles,United Kingdom,361,0.3333333333333333,32,374.7,2,0,0,5,12,30,0,0,0,0
14071,4,6,1080.76,3.6760544217687077,0.19,37.5,180.12666666666667,Home Decor,444.53000000000003,Accessories,United Kingdom,994,1.0,261,1437.57,8,0,0,4,0,30,0,0,0,0
14073,32,1,151.04,11.618461538461538,6.959999999999999,17.0,25.173333333333332,Home Decor,57.879999999999995,Seasonal,United Kingdom,130,0.16666666666666666,0,151.04,1,0,0,4,9,30,0,0,0,0
14075,5,2,634.34,25.3736,8.4,85.92,105.72333333333334,Electronics,195.12,Crockery,United Kingdom,754,0.3333333333333333,256,942.26,3,0,0,2,2,30,0,0,0,0
14077,41,2,189.01999999999998,23.627499999999998,0.95,85.92,31.50333333333333,Electronics,203.63,Kitchen,United Kingdom,268,0.3333333333333333,233,499.41999999999996,5,0,0,2,7,30,0,0,0,0
14078,102,1,221.46,17.035384615384615,0.83,158.75,36.910000000000004,Kitchen,754.06,Furniture,United Kingdom,310,0.16666666666666666,271,1049.37,6,0,0,5,4,30,0,0,0,0
14079,125,1,375.1,31.258333333333336,4.15,165.0,62.51666666666667,Kitchen,250.75,Home Decor,United Kingdom,301,0.16666666666666666,0,375.1,1,0,0,5,6,30,0,0,0,0
14083,4,4,528.96,6.373012048192772,0.65,29.700000000000003,88.16000000000001,Electronics,187.89,Furniture,United Kingdom,705,0.6666666666666666,367,1002.9,9,0,0,2,4,30,0,0,0,0
14085,2,8,1636.13,10.037607361963191,0.39,45.0,272.68833333333333,Home Decor,808.16,Textiles,United Kingdom,3177,1.3333333333333333,366,4421.29,18,1,1,4,12,30,1,1,1,1
14089,57,1,158.75,12.211538461538462,1.25,31.200000000000003,26.458333333333332,Other,84.45,Kitchen,United Kingdom,133,0.16666666666666666,0,158.75,1,0,0,6,7,30,0,0,0,0
14092,8,8,2279.44,20.91229357798165,6.3,71.4,379.9066666666667,Kitchen,996.58,Seasonal,United Kingdom,2066,1.3333333333333333,350,4076.91,14,1,1,5,9,30,1,1,1,1
14093,12,1,433.86,4.3386000000000005,0.39,30.0,72.31,Other,164.38,Electronics,United Kingdom,391,0.16666666666666666,0,433.86,1,0,0,6,3,30,0,0,0,0
14098,37,1,147.35,7.016666666666667,0.21,61.199999999999996,24.558333333333334,Crockery,61.199999999999996,Home Decor,United Kingdom,104,0.16666666666666666,0,147.35,1,0,0,1,6,30,0,0,0,0
14099,16,6,1782.71,14.493577235772358,0.75,121.67999999999999,297.11833333333334,Home Decor,1212.14,Furniture,United Kingdom,2179,1.0,338,3104.17,11,1,0,4,4,30,1,0,2,1
14100,138,1,191.95000000000002,7.678000000000001,0.95,23.85,31.99166666666667,Kitchen,71.35,Electronics,United Kingdom,63,0.16666666666666666,0,191.95000000000002,1,0,0,5,3,30,0,0,0,0
14101,74,2,1817.4,181.74,46.800000000000004,550.0,302.90000000000003,Crockery,3062.7599999999998,Accessories,United Kingdom,6942,0.3333333333333333,252,5976.79,6,0,0,1,0,30,1,0,-1,1
14102,5,5,1105.8799999999999,19.066896551724135,0.55,90.0,184.3133333333333,Other,868.3,Electronics,United Kingdom,769,0.8333333333333334,39,1105.8799999999999,5,0,0,6,3,30,0,0,0,0
14104,155,2,216.20999999999998,10.295714285714284,0.1,85.0,36.035,Other,118.9,Stationery,United Kingdom,72,0.3333333333333333,11,216.20999999999998,2,0,0,6,10,30,0,0,0,0
14107,52,3,1228.15,24.08137254901961,9.36,71.4,204.6916666666667,Kitchen,1217.07,Textiles,United Kingdom,1793,0.5,312,2703.23,7,0,0,5,12,30,0,0,0,0
14108,31,2,597.91,17.585588235294118,4.68,59.400000000000006,99.65166666666666,Other,110.31,Furniture,United Kingdom,381,0.3333333333333333,70,597.91,2,0,0,6,4,30,0,0,0,0
14109,73,1,144.2,16.022222222222222,8.5,25.200000000000003,24.03333333333333,Home Decor,52.400000000000006,Bags,United Kingdom,88,0.16666666666666666,0,144.2,1,0,0,4,1,30,0,0,0,0
14110,4,10,3981.63,42.35776595744681,6.6000000000000005,325.44,663.605,Home Decor,3741.36,Stationery,United Kingdom,2445,1.6666666666666667,263,5683.15,12,1,1,4,10,30,1,1,-1,1
14111,14,3,598.65,74.83125,10.2,153.0,99.77499999999999,Kitchen,216.0,Crockery,United Kingdom,458,0.5,227,692.85,4,0,0,5,2,30,0,0,0,0
14112,23,4,1762.65,19.80505617977528,6.8,102.0,293.77500000000003,Bags,776.1,Electronics,United Kingdom,1651,0.6666666666666666,253,2915.15,7,0,0,0,3,30,0,0,0,0
14113,4,3,1406.92,43.96625,7.4399999999999995,306.0,234.48666666666668,Storage,1054.98,Electronics,United Kingdom,745,0.5,351,1840.42,4,0,0,9,3,30,0,0,0,0
14116,20,5,1382.74,19.204722222222223,8.7,85.0,230.45666666666668,Other,309.85,Bags,United Kingdom,707,0.8333333333333334,101,1382.74,5,0,0,6,1,30,0,0,0,0
14117,144,1,90.0,30.0,30.0,30.0,15.0,Electronics,60.0,Crockery,United Kingdom,72,0.16666666666666666,0,90.0,1,0,0,2,2,30,0,0,0,0
14121,4,4,2780.15,17.485220125786164,4.32,94.80000000000001,463.35833333333335,Other,811.04,Seasonal,United Kingdom,2082,0.6666666666666666,56,2780.15,4,0,0,6,9,30,0,0,0,0
14124,84,1,419.58000000000004,83.91600000000001,20.0,143.26,69.93,Home Decor,256.32,Other,United Kingdom,1618,0.16666666666666666,0,419.58000000000004,1,0,0,4,8,30,0,0,0,0
14125,11,3,2720.63,16.38933734939759,5.04,47.8,453.43833333333333,Electronics,523.34,Textiles,United Kingdom,1628,0.5,67,2720.63,3,0,0,2,12,30,0,0,0,0
14126,8,3,706.1300000000001,47.07533333333334,11.7,305.28000000000003,117.68833333333335,Other,534.4300000000001,Home Decor,United Kingdom,508,0.5,2,706.1300000000001,3,0,0,6,6,30,0,0,0,0
14127,123,1,257.48,17.165333333333333,5.04,20.8,42.913333333333334,Home Decor,208.5,Furniture,United Kingdom,321,0.16666666666666666,187,709.71,3,0,0,4,4,30,0,0,0,0
14128,61,1,331.96,13.831666666666665,5.04,29.700000000000003,55.32666666666666,Home Decor,179.56,Furniture,United Kingdom,564,0.16666666666666666,195,637.5,2,0,0,4,4,30,0,0,0,0
14129,2,4,764.96,21.24888888888889,10.08,45.0,127.49333333333334,Toys,390.9,Seasonal,United Kingdom,592,0.6666666666666666,259,1123.8600000000001,5,0,0,11,9,30,0,0,0,0
14132,2,10,3279.17,18.63164772727273,4.8,74.0,546.5283333333333,Other,1112.44,Kitchen,United Kingdom,3368,1.6666666666666667,181,3586.0299999999997,11,1,1,6,7,30,1,1,1,1
14133,130,2,287.64,23.97,15.0,39.599999999999994,47.94,Home Decor,240.07,Electronics,United Kingdom,348,0.3333333333333333,186,605.64,3,0,0,4,3,30,0,0,0,0
14138,2,2,965.8800000000001,20.99739130434783,9.36,99.60000000000001,160.98000000000002,Home Decor,342.66,Bags,United Kingdom,600,0.3333333333333333,62,965.8800000000001,2,0,0,4,1,30,0,0,0,0
14139,46,1,415.82,15.993076923076924,8.4,61.199999999999996,69.30333333333333,Stationery,134.06,Kitchen,United Kingdom,510,0.16666666666666666,0,415.82,1,0,0,8,7,30,0,0,0,0
14140,4,2,935.05,14.167424242424241,5.04,30.599999999999998,155.84166666666667,Stationery,166.56,Bags,United Kingdom,811,0.3333333333333333,27,935.05,2,0,0,8,1,30,0,0,0,0
14141,3,4,915.13,22.87825,10.2,59.400000000000006,152.52166666666668,Home Decor,291.68,Toys,United Kingdom,355,0.6666666666666666,102,915.13,4,0,0,4,13,30,0,0,0,0
14143,134,1,115.8,16.54285714285714,15.0,19.799999999999997,19.3,Electronics,51.0,Stationery,United Kingdom,30,0.16666666666666666,0,115.8,1,0,0,2,10,30,0,0,0,0
14146,9,3,2287.27,15.774275862068965,6.64,39.599999999999994,381.21166666666664,Storage,928.88,Seasonal,United Kingdom,2437,0.5,348,4191.0,5,0,0,9,9,30,0,0,0,0
14147,78,1,300.6,100.2,15.0,204.0,50.1,Stationery,386.8,Kitchen,United Kingdom,108,0.16666666666666666,207,483.4,2,0,0,8,7,30,0,0,0,0
14150,36,1,352.46000000000004,25.17571428571429,9.36,118.80000000000001,58.74333333333334,Electronics,284.40000000000003,Toys,United Kingdom,496,0.16666666666666666,324,658.64,2,0,0,2,13,30,0,0,0,0
14152,75,1,306.78000000000003,15.339000000000002,3.3600000000000003,30.0,51.13,Stationery,173.16,Accessories,United Kingdom,711,0.16666666666666666,158,621.29,2,0,0,8,0,30,0,0,0,0
14157,20,1,155.71,17.301111111111112,14.850000000000001,20.16,25.951666666666668,Home Decor,115.74000000000001,Textiles,United Kingdom,271,0.16666666666666666,265,424.89000000000004,2,0,0,4,12,30,0,0,0,0
14158,40,1,507.66,12.381951219512196,4.5600000000000005,34.0,84.61,Home Decor,173.86,Bags,United Kingdom,781,0.16666666666666666,0,507.66,1,0,0,4,1,30,0,0,0,0
14159,20,8,3529.22,3.8910915104740904,0.12,22.099999999999998,588.2033333333333,Home Decor,1098.35,Accessories,United Kingdom,4348,1.3333333333333333,343,4630.35,11,1,1,4,0,30,1,1,1,1
14162,174,1,111.68,9.306666666666667,3.3,23.6,18.613333333333333,Other,110.61,Garden & Outdoor,United Kingdom,142,0.16666666666666666,118,289.36,2,0,0,6,5,30,0,0,0,0
14163,87,2,1696.12,62.819259259259255,9.899999999999999,297.0,282.68666666666667,Other,1709.39,Storage,United Kingdom,893,0.3333333333333333,151,2445.91,4,0,0,6,11,30,0,0,0,0
14164,71,2,1631.77,56.26793103448276,15.0,358.0,271.96166666666664,Bags,537.0,Storage,United Kingdom,1033,0.3333333333333333,10,1631.77,2,0,0,0,11,30,0,0,0,0
14167,39,2,303.59,13.199565217391303,1.06,25.5,50.59833333333333,Electronics,279.15,Stationery,United Kingdom,147,0.3333333333333333,291,562.59,4,0,0,2,10,30,0,0,0,0
14171,98,1,363.79,6.272241379310345,0.65,25.5,60.63166666666667,Home Decor,130.81,Bags,United Kingdom,167,0.16666666666666666,0,363.79,1,0,0,4,1,30,0,0,0,0
14173,11,3,336.8,18.711111111111112,0.55,135.0,56.13333333333333,Furniture,157.5,Crockery,United Kingdom,150,0.5,208,450.84,4,0,0,3,2,30,0,0,0,0
14174,33,1,134.46,5.171538461538462,1.58,9.95,22.41,Home Decor,83.91,Seasonal,United Kingdom,94,0.16666666666666666,0,134.46,1,0,0,4,9,30,0,0,0,0
14175,60,2,2899.72,21.802406015037594,4.68,75.0,483.28666666666663,Kitchen,731.56,Accessories,United Kingdom,1515,0.3333333333333333,269,3222.3,3,0,0,5,0,30,0,0,0,0
14177,86,4,549.46,13.401463414634147,0.85,109.0,91.57666666666667,Crockery,300.5,Accessories,United Kingdom,204,0.6666666666666666,93,549.46,4,0,0,1,0,30,0,0,0,0
14178,9,6,1402.89,4.854290657439447,0.19,59.400000000000006,233.81500000000003,Kitchen,344.39000000000004,Textiles,United Kingdom,1494,1.0,173,1600.26,7,0,0,5,12,30,0,0,0,0
14179,41,2,701.57,4.46859872611465,0.55,34.8,116.92833333333334,Home Decor,184.02,Seasonal,United Kingdom,319,0.3333333333333333,11,701.57,2,0,0,4,9,30,0,0,0,0
14180,11,9,1314.9,21.555737704918034,7.5,76.5,219.15,Kitchen,1504.17,Textiles,United Kingdom,719,1.5,361,4748.52,25,1,1,5,12,30,1,1,-1,1
14184,67,1,452.89,18.870416666666667,9.899999999999999,39.8,75.48166666666667,Kitchen,182.7,Furniture,United Kingdom,127,0.16666666666666666,0,452.89,1,0,0,5,4,30,0,0,0,0
14188,31,4,1293.46,30.796666666666667,6.959999999999999,62.400000000000006,215.57666666666668,Bags,838.9,Other,United Kingdom,1162,0.6666666666666666,279,2054.36,6,0,0,0,8,30,0,0,0,0
14189,2,7,2498.01,17.109657534246576,2.88,70.80000000000001,416.33500000000004,Electronics,1097.6,Toys,United Kingdom,3937,1.1666666666666667,366,4654.08,15,1,1,2,13,30,1,1,1,1
14191,2,10,3898.06,17.480089686098655,4.5600000000000005,74.25,649.6766666666666,Bags,1293.14,Textiles,United Kingdom,3662,1.6666666666666667,218,4684.76,13,1,1,0,12,30,1,1,-1,1
14193,68,1,430.85,22.676315789473687,9.959999999999999,74.0,71.80833333333334,Toys,307.70000000000005,Bags,United Kingdom,445,0.16666666666666666,201,853.39,2,0,0,11,1,30,0,0,0,0
14194,5,14,7941.650000000001,20.73537859007833,2.88,129.0,1323.6083333333333,Kitchen,2557.86,Seasonal,United Kingdom,5840,2.3333333333333335,303,11349.52,21,1,1,5,9,30,1,1,-1,1
14196,107,1,335.52,55.919999999999995,17.0,163.2,55.919999999999995,Electronics,163.2,Storage,United Kingdom,142,0.16666666666666666,0,335.52,1,0,0,2,11,30,0,0,0,0
14198,18,3,518.1,19.18888888888889,8.7,40.8,86.35000000000001,Other,211.5,Textiles,United Kingdom,290,0.5,221,701.4,4,0,0,6,12,30,0,0,0,0
14201,60,3,336.34,19.784705882352938,6.959999999999999,67.6,56.056666666666665,Home Decor,275.18,Furniture,United Kingdom,590,0.5,299,747.44,7,0,0,4,4,30,0,0,0,0
14204,2,1,150.61,3.861794871794872,0.38,14.850000000000001,25.10166666666667,Other,39.85,Toys,United Kingdom,72,0.16666666666666666,0,150.61,1,0,0,6,13,30,0,0,0,0
14205,17,1,243.8,24.380000000000003,17.0,33.0,40.63333333333333,Kitchen,168.6,Garden & Outdoor,United Kingdom,204,0.16666666666666666,247,466.7,2,0,0,5,5,30,0,0,0,0
14208,95,1,151.74,15.174000000000001,10.5,22.5,25.290000000000003,Kitchen,41.1,Stationery,United Kingdom,114,0.16666666666666666,0,151.74,1,0,0,5,10,30,0,0,0,0
14209,11,3,990.28,29.125882352941176,10.2,81.6,165.04666666666665,Home Decor,914.78,Textiles,United Kingdom,691,0.5,321,2073.43,6,0,0,4,12,30,0,0,0,0
14210,106,1,306.19,19.136875,6.6000000000000005,51.0,51.031666666666666,Kitchen,938.6600000000001,Bags,United Kingdom,760,0.16666666666666666,265,1905.8400000000001,6,0,0,5,1,30,0,0,0,0
14211,53,4,1331.21,20.80015625,5.04,147.5,221.86833333333334,Home Decor,695.76,Seasonal,United Kingdom,1242,0.6666666666666666,241,2241.1,9,0,0,4,9,30,0,0,0,0
14212,90,1,1070.48,118.94222222222223,50.4,237.60000000000002,178.41333333333333,Kitchen,295.2,Stationery,United Kingdom,1152,0.16666666666666666,0,1070.48,1,0,0,5,10,30,0,0,0,0
14214,31,4,365.73,12.191,4.5600000000000005,20.8,60.955000000000005,Other,208.01999999999998,Seasonal,United Kingdom,751,0.6666666666666666,246,1004.38,5,0,0,6,9,30,0,0,0,0
14215,12,2,691.45,15.031521739130437,4.5600000000000005,30.599999999999998,115.24166666666667,Kitchen,423.38,Accessories,United Kingdom,1358,0.3333333333333333,356,1789.72,6,0,0,5,0,30,0,0,0,0
14216,3,4,1839.3,31.17457627118644,8.2,195.60000000000002,306.55,Other,761.46,Stationery,United Kingdom,594,0.6666666666666666,34,1839.3,4,0,0,6,10,30,0,0,0,0
14217,2,9,1015.73,20.3146,9.48,130.8,169.28833333333333,Home Decor,550.39,Textiles,United Kingdom,689,1.5,364,2004.98,17,1,1,4,12,30,1,1,1,1
14218,43,1,169.48000000000002,14.123333333333335,4.5600000000000005,20.8,28.24666666666667,Home Decor,63.68,Electronics,United Kingdom,160,0.16666666666666666,0,169.48000000000002,1,0,0,4,3,30,0,0,0,0
14219,4,1,89.94,12.848571428571429,3.4799999999999995,25.200000000000003,14.99,Home Decor,44.88,Other,United Kingdom,78,0.16666666666666666,0,89.94,1,0,0,4,8,30,0,0,0,0
14221,42,5,1778.97,15.883660714285714,5.04,45.0,296.495,Home Decor,1803.8799999999999,Seasonal,United Kingdom,2191,0.8333333333333334,296,3432.8,9,0,0,4,9,30,0,0,0,0
14223,92,2,686.23,16.338809523809523,6.72,39.6,114.37166666666667,Kitchen,530.1800000000001,Toys,United Kingdom,585,0.3333333333333333,171,991.13,3,0,0,5,13,30,0,0,0,0
14224,110,2,517.66,15.686666666666666,0.85,64.35000000000001,86.27666666666666,Kitchen,318.87,Bags,United Kingdom,483,0.3333333333333333,209,1009.73,4,0,0,5,1,30,0,0,0,0
14226,29,3,522.7900000000001,20.911600000000004,6.64,71.4,87.13166666666667,Home Decor,592.5,Electronics,United Kingdom,1296,0.5,240,2214.79,5,0,0,4,3,30,0,0,0,0
14227,26,3,951.44,23.205853658536586,8.5,41.6,158.57333333333335,Bags,971.45,Garden & Outdoor,United Kingdom,1820,0.5,258,3350.96,10,0,0,0,5,30,0,0,0,0
14229,52,1,785.0699999999999,56.076428571428565,15.0,122.39999999999999,130.845,Home Decor,735.98,Textiles,United Kingdom,610,0.16666666666666666,281,1547.2,3,0,0,4,12,30,0,0,0,0
14232,43,3,1044.1,19.335185185185182,4.5600000000000005,53.1,174.01666666666665,Home Decor,715.44,Furniture,United Kingdom,1941,0.5,221,2048.07,5,0,0,4,4,30,0,0,0,0
14233,49,1,503.62,33.574666666666666,6.959999999999999,66.4,83.93666666666667,Home Decor,547.76,Crockery,United Kingdom,680,0.16666666666666666,268,1462.72,4,0,0,4,2,30,0,0,0,0
14234,22,4,754.12,5.130068027210885,0.19,45.0,125.68666666666667,Home Decor,323.43,Storage,United Kingdom,951,0.6666666666666666,35,754.12,4,0,0,4,11,30,0,0,0,0
14235,75,3,1880.31,58.7596875,12.5,179.0,313.385,Home Decor,828.1,Toys,United Kingdom,1959,0.5,185,3144.86,5,0,0,4,13,30,0,0,0,0
14236,81,1,301.56,25.13,6.72,152.39999999999998,50.26,Kitchen,264.9,Crockery,United Kingdom,310,0.16666666666666666,291,490.86,2,0,0,5,2,30,0,0,0,0
14239,43,5,1085.81,24.12911111111111,6.959999999999999,79.2,180.96833333333333,Kitchen,467.8,Seasonal,United Kingdom,993,0.8333333333333334,272,2380.85,11,1,0,5,9,30,0,0,2,0
14240,30,1,663.49,20.7340625,6.959999999999999,83.4,110.58166666666666,Kitchen,325.35,Textiles,United Kingdom,418,0.16666666666666666,195,890.34,2,0,0,5,12,30,0,0,0,0
14243,9,5,1075.7,18.54655172413793,4.5600000000000005,70.8,179.28333333333333,Home Decor,920.53,Furniture,United Kingdom,1221,0.8333333333333334,357,2588.77,10,0,0,4,4,30,0,0,0,0
14246,111,2,1024.42,20.08666666666667,10.2,39.6,170.73666666666668,Other,425.18,Textiles,United Kingdom,804,0.3333333333333333,135,1474.06,3,0,0,6,12,30,0,0,0,0
14250,7,3,1904.05,17.153603603603603,5.04,39.599999999999994,317.34166666666664,Kitchen,485.89000000000004,Furniture,United Kingdom,1200,0.5,82,1904.05,3,0,0,5,4,30,0,0,0,0
14251,2,5,2879.7000000000003,36.91923076923077,10.08,102.0,479.95000000000005,Stationery,1050.24,Seasonal,United Kingdom,1674,0.8333333333333334,55,2879.7000000000003,5,0,0,8,9,30,0,0,0,0
14257,64,3,2069.13,41.382600000000004,10.2,249.60000000000002,344.855,Kitchen,766.47,Crockery,United Kingdom,1682,0.5,254,3099.7200000000003,5,0,0,5,2,30,0,0,0,0
14258,9,3,5062.16,115.0490909090909,13.200000000000001,297.0,843.6933333333333,Kitchen,3105.0,Furniture,United Kingdom,7100,0.5,328,12669.98,9,0,0,5,4,30,1,0,-1,1
14259,142,1,120.0,24.0,15.0,39.599999999999994,20.0,Other,72.0,Storage,United Kingdom,68,0.16666666666666666,0,120.0,1,0,0,6,11,30,0,0,0,0
14261,51,2,1163.45,22.37403846153846,6.2,70.80000000000001,193.90833333333333,Kitchen,446.03,Garden & Outdoor,United Kingdom,406,0.3333333333333333,27,1163.45,2,0,0,5,5,30,0,0,0,0
14262,8,7,2378.23,18.726220472440946,7.9,85.92,396.37166666666667,Electronics,638.88,Bags,United Kingdom,1645,1.1666666666666667,232,2618.23,8,0,1,2,1,30,1,1,3,1
14264,155,1,218.27,18.18916666666667,12.5,35.400000000000006,36.37833333333334,Home Decor,154.52,Crockery,United Kingdom,70,0.16666666666666666,90,333.97,2,0,0,4,2,30,0,0,0,0
14265,109,2,530.18,17.10258064516129,10.5,29.9,88.36333333333333,Stationery,169.2,Toys,Unspecified,330,0.3333333333333333,39,530.18,2,0,0,8,13,31,0,0,0,0
14267,163,1,679.88,27.1952,10.08,76.5,113.31333333333333,Kitchen,1192.5,Storage,United Kingdom,530,0.16666666666666666,97,1516.24,3,0,0,5,11,30,0,0,0,0
14272,74,1,305.87,12.2348,2.88,34.68,50.97833333333333,Other,146.95,Crockery,United Kingdom,599,0.16666666666666666,180,437.96,2,0,0,6,2,30,0,0,0,0
14273,51,2,341.27,20.07470588235294,12.5,41.6,56.87833333333333,Bags,261.8,Home Decor,United Kingdom,264,0.3333333333333333,190,559.97,4,0,0,0,6,30,0,0,0,0
14276,99,1,399.34,19.016190476190474,9.959999999999999,41.6,66.55666666666666,Bags,284.85,Other,United Kingdom,744,0.16666666666666666,191,1119.74,3,0,0,0,8,30,0,0,0,0
14277,15,2,2558.97,17.290337837837836,2.1,99.5,426.49499999999995,Other,1171.8999999999999,Textiles,France,1976,0.3333333333333333,197,4188.0,3,0,0,6,12,11,0,0,-1,0
14282,3,10,1920.16,20.64688172043011,2.88,83.2,320.0266666666667,Bags,2411.45,Crockery,United Kingdom,2656,1.6666666666666667,364,3701.44,15,1,1,0,2,30,1,1,-1,1
14284,31,2,595.25,18.6015625,11.5,31.8,99.20833333333333,Kitchen,217.29999999999998,Crockery,United Kingdom,161,0.3333333333333333,55,595.25,2,0,0,5,2,30,0,0,0,0
14285,21,4,1910.01,70.74111111111111,5.9,183.60000000000002,318.335,Stationery,929.82,Toys,United Kingdom,541,0.6666666666666666,155,1910.01,4,0,0,8,13,30,0,0,0,0
14286,24,2,2578.67,18.55158273381295,5.04,70.80000000000001,429.77833333333336,Other,1637.54,Crockery,United Kingdom,4338,0.3333333333333333,219,4628.75,3,0,0,6,2,30,0,0,0,0
14287,8,1,93.35,18.669999999999998,12.5,31.2,15.558333333333332,Kitchen,78.95,Stationery,United Kingdom,261,0.16666666666666666,190,176.63,3,0,0,5,10,30,0,0,0,0
14289,9,3,317.04,24.38769230769231,9.959999999999999,67.5,52.84,Home Decor,321.20000000000005,Other,United Kingdom,292,0.5,280,911.26,6,0,0,4,8,30,0,0,0,0
14290,11,4,1537.0900000000001,19.706282051282052,6.64,99.60000000000001,256.1816666666667,Other,422.06,Seasonal,United Kingdom,915,0.6666666666666666,350,2314.65,5,0,0,6,9,30,0,0,0,0
14291,2,8,2269.79,15.336418918918918,5.04,35.400000000000006,378.29833333333335,Other,707.72,Seasonal,United Kingdom,2749,1.3333333333333333,273,3883.25,11,1,1,6,9,30,1,1,1,1
14292,8,7,3746.7200000000003,64.59862068965518,10.08,297.0,624.4533333333334,Kitchen,1920.15,Seasonal,United Kingdom,1663,1.1666666666666667,275,4871.93,9,0,1,5,9,30,1,1,-1,1
14293,3,2,538.5400000000001,13.80871794871795,5.04,35.400000000000006,89.75666666666667,Home Decor,289.35,Other,United Kingdom,709,0.3333333333333333,365,1046.56,4,0,0,4,8,30,0,0,0,0
14295,40,1,166.20000000000002,33.24,15.0,50.400000000000006,27.700000000000003,Home Decor,141.0,Kitchen,United Kingdom,84,0.16666666666666666,0,166.20000000000002,1,0,0,4,7,30,0,0,0,0
14297,18,3,1072.73,21.033921568627452,6.959999999999999,60.0,178.78833333333333,Home Decor,682.48,Seasonal,United Kingdom,865,0.5,257,1305.33,4,0,0,4,9,30,0,0,0,0
14299,8,5,2399.68,20.1653781512605,5.04,103.67999999999999,399.94666666666666,Kitchen,1626.4699999999998,Textiles,United Kingdom,2149,0.8333333333333334,357,3965.62,9,0,0,5,12,30,0,0,0,0
14301,117,1,640.14,49.24153846153846,15.0,91.8,106.69,Kitchen,198.1,Stationery,United Kingdom,606,0.16666666666666666,0,640.14,1,0,0,5,10,30,0,0,0,0
14305,71,3,1858.96,17.70438095238095,4.25,53.1,309.82666666666665,Home Decor,565.9,Accessories,United Kingdom,1089,0.5,64,1858.96,3,0,0,4,0,30,0,0,0,0
14306,51,2,2093.32,63.4339393939394,5.04,252.0,348.8866666666667,Electronics,517.8,Bags,United Kingdom,1075,0.3333333333333333,34,2093.32,2,0,0,2,1,30,0,0,0,0
14307,89,3,1300.74,17.818356164383562,5.04,50.849999999999994,216.79,Kitchen,719.94,Textiles,United Kingdom,2058,0.5,284,2995.72,6,0,0,5,12,30,0,0,0,0
14309,8,4,1219.97,21.03396551724138,2.88,85.92,203.32833333333335,Crockery,664.0600000000001,Seasonal,United Kingdom,1633,0.6666666666666666,350,2352.53,9,0,0,1,9,30,0,0,0,0
14312,47,2,757.0,19.92105263157895,6.959999999999999,66.0,126.16666666666667,Home Decor,957.61,Seasonal,United Kingdom,1012,0.3333333333333333,290,1611.59,6,0,0,4,9,30,0,0,0,0
14314,107,1,120.0,15.0,4.5600000000000005,46.8,20.0,Other,106.32,Home Decor,United Kingdom,296,0.16666666666666666,0,120.0,1,0,0,6,6,30,0,0,0,0
14315,45,4,1624.93,25.38953125,7.800000000000001,70.8,270.82166666666666,Bags,553.1,Stationery,United Kingdom,1021,0.6666666666666666,221,2481.13,6,0,0,0,10,30,0,0,0,0
14317,65,1,508.58000000000004,21.190833333333334,9.36,66.0,84.76333333333334,Other,124.56,Accessories,United Kingdom,255,0.16666666666666666,0,508.58000000000004,1,0,0,6,0,30,0,0,0,0
14321,11,4,1203.93,12.80776595744681,2.88,83.4,200.655,Home Decor,455.84,Furniture,United Kingdom,2406,0.6666666666666666,322,1530.75,5,0,0,4,4,30,0,0,0,0
14323,115,1,305.24,17.95529411764706,6.72,35.400000000000006,50.873333333333335,Kitchen,243.52,Stationery,United Kingdom,350,0.16666666666666666,123,605.0600000000001,2,0,0,5,10,30,0,0,0,0
14327,163,1,311.65,25.97083333333333,14.850000000000001,70.80000000000001,51.94166666666666,Home Decor,130.2,Kitchen,United Kingdom,139,0.16666666666666666,0,311.65,1,0,0,4,7,30,0,0,0,0
14329,17,5,2849.64,19.789166666666667,5.04,79.8,474.94,Home Decor,1622.43,Garden & Outdoor,United Kingdom,3087,0.8333333333333334,312,4975.24,7,0,0,4,5,30,0,0,0,0
14331,124,2,462.65999999999997,16.523571428571426,10.08,34.0,77.11,Kitchen,178.65,Textiles,United Kingdom,252,0.3333333333333333,10,462.65999999999997,2,0,0,5,12,30,0,0,0,0
14332,23,3,840.21,33.6084,0.95,104.04,140.035,Electronics,359.94,Other,United Kingdom,463,0.5,125,840.21,3,0,0,2,8,30,0,0,0,0
14333,68,1,415.2,27.68,12.5,102.0,69.2,Electronics,209.3,Stationery,United Kingdom,58,0.16666666666666666,0,415.2,1,0,0,2,10,30,0,0,0,0
14334,17,3,873.98,15.332982456140352,6.959999999999999,20.4,145.66333333333333,Home Decor,744.13,Storage,United Kingdom,1731,0.5,341,2552.21,8,0,0,4,11,30,0,0,0,0
14335,16,2,454.86,7.581,0.39,22.5,75.81,Electronics,117.01,Furniture,Germany,375,0.3333333333333333,80,454.86,2,0,0,2,4,12,0,0,0,0
14336,17,1,500.52000000000004,16.145806451612906,6.959999999999999,35.400000000000006,83.42,Home Decor,405.09,Furniture,United Kingdom,1759,0.16666666666666666,259,1614.91,4,0,0,4,4,30,0,0,0,0
14341,45,4,1463.83,17.636506024096384,2.2800000000000002,85.92,243.97166666666666,Kitchen,463.23,Accessories,United Kingdom,1397,0.6666666666666666,273,2166.98,8,0,0,5,0,30,0,0,0,0
14342,21,3,358.96,25.639999999999997,5.04,108.16,59.82666666666666,Home Decor,220.5,Electronics,United Kingdom,347,0.5,188,668.5600000000001,4,0,0,4,3,30,0,0,0,0
14344,127,2,244.05,9.386538461538462,1.45,61.199999999999996,40.675000000000004,Home Decor,361.75,Seasonal,United Kingdom,477,0.3333333333333333,241,889.9300000000001,8,0,0,4,9,30,0,0,0,0
14345,39,1,108.97999999999999,18.16333333333333,4.68,39.599999999999994,18.16333333333333,Storage,46.85,Other,United Kingdom,50,0.16666666666666666,0,108.97999999999999,1,0,0,9,8,30,0,0,0,0
14346,121,1,759.14,17.654418604651163,4.5600000000000005,85.0,126.52333333333333,Other,379.78,Stationery,United Kingdom,605,0.16666666666666666,176,1021.58,2,0,0,6,10,30,0,0,0,0
14349,10,1,133.5,4.306451612903226,1.25,9.9,22.25,Home Decor,76.47,Bags,United Kingdom,86,0.16666666666666666,0,133.5,1,0,0,4,1,30,0,0,0,0
14352,157,2,233.64000000000001,25.96,13.200000000000001,39.0,38.940000000000005,Stationery,306.30000000000007,Bags,United Kingdom,538,0.3333333333333333,116,1078.96,4,0,0,8,1,30,0,0,0,0
14354,6,2,163.62,18.18,7.800000000000001,37.44,27.27,Other,46.8,Kitchen,United Kingdom,210,0.3333333333333333,24,163.62,2,0,0,6,7,30,0,0,0,0
14356,80,2,701.23,21.24939393939394,8.3,89.69999999999999,116.87166666666667,Other,215.17999999999998,Furniture,United Kingdom,277,0.3333333333333333,1,701.23,2,0,0,6,4,30,0,0,0,0
14357,43,1,225.12,5.628,0.65,29.5,37.52,Kitchen,103.39,Storage,United Kingdom,147,0.16666666666666666,0,225.12,1,0,0,5,11,30,0,0,0,0
14359,19,3,912.18,16.58509090909091,9.9,30.0,152.03,Crockery,255.08,Textiles,United Kingdom,371,0.5,68,912.18,3,0,0,1,12,30,0,0,0,0
14360,32,4,2118.03,18.102820512820514,5.04,68.0,353.00500000000005,Stationery,441.63,Accessories,United Kingdom,1139,0.6666666666666666,62,2118.03,4,0,0,8,0,30,0,0,0,0
14362,22,1,151.5,4.094594594594595,0.95,13.5,25.25,Crockery,41.95,Bags,United Kingdom,96,0.16666666666666666,0,151.5,1,0,0,1,1,30,0,0,0,0
14364,109,4,1555.5,36.174418604651166,4.5600000000000005,179.0,259.25,Bags,1634.9,Crockery,United Kingdom,1967,0.6666666666666666,102,3717.35,8,0,0,0,2,30,0,0,-1,0
14367,8,8,5111.05,20.444200000000002,1.25,204.0,851.8416666666667,Kitchen,2284.63,Accessories,United Kingdom,4426,1.3333333333333333,267,9227.82,16,1,1,5,0,30,1,1,-1,1
14379,44,1,237.12,8.176551724137932,0.95,30.0,39.52,Home Decor,84.46,Bags,United Kingdom,292,0.16666666666666666,251,348.1,2,0,0,4,1,30,0,0,0,0
14381,52,1,202.68,3.619285714285714,0.55,25.0,33.78,Other,62.2,Accessories,United Kingdom,146,0.16666666666666666,0,202.68,1,0,0,6,0,30,0,0,0,0
14382,26,1,615.49,4.88484126984127,0.38,31.200000000000003,102.58166666666666,Kitchen,191.76,Toys,United Kingdom,1231,0.16666666666666666,0,615.49,1,0,0,5,13,30,0,0,0,0
14383,38,3,1247.69,21.14728813559322,4.0,135.2,207.94833333333335,Home Decor,459.01,Seasonal,United Kingdom,817,0.5,125,1247.69,3,0,0,4,9,30,0,0,0,0
14385,9,3,202.11,14.436428571428573,8.5,20.8,33.685,Bags,78.9,Textiles,United Kingdom,159,0.5,14,202.11,3,0,0,0,12,30,0,0,0,0
14387,33,3,1727.6,12.428776978417266,0.85,83.2,287.93333333333334,Electronics,427.49,Accessories,United Kingdom,795,0.5,76,1727.6,3,0,0,2,0,30,0,0,0,0
14388,10,5,2039.65,17.432905982905982,2.88,62.400000000000006,339.94166666666666,Bags,965.9,Textiles,United Kingdom,1941,0.8333333333333334,362,3212.84,8,0,0,0,12,30,0,0,0,0
14389,65,1,732.32,28.166153846153847,8.5,72.0,122.05333333333334,Bags,428.0,Stationery,United Kingdom,729,0.16666666666666666,125,1043.46,2,0,0,0,10,30,0,0,0,0
14390,10,6,3608.44,19.936132596685084,0.39,146.25,601.4066666666666,Storage,1033.6000000000001,Crockery,United Kingdom,2133,1.0,362,4642.57,9,0,0,9,2,30,1,0,-1,1
14396,65,1,377.64,9.683076923076923,0.65,29.5,62.94,Other,143.23,Accessories,United Kingdom,225,0.16666666666666666,306,487.99,2,0,0,6,0,30,0,0,0,0
14397,3,17,2370.72,32.47561643835616,9.959999999999999,103.67999999999999,395.11999999999995,Electronics,1829.76,Kitchen,United Kingdom,1890,2.8333333333333335,210,2612.96,19,1,1,2,7,30,1,1,-1,1
14400,149,1,574.7,22.988000000000003,10.08,99.84,95.78333333333335,Home Decor,217.55,Storage,United Kingdom,454,0.16666666666666666,0,574.7,1,0,0,4,11,30,0,0,0,0
14401,4,10,3070.92,20.89061224489796,4.68,97.80000000000001,511.82,Home Decor,1851.96,Bags,United Kingdom,4507,1.6666666666666667,355,4051.48,13,1,1,4,1,30,1,1,1,1
14403,130,2,499.79999999999995,166.6,51.0,244.79999999999998,83.3,Other,830.6600000000001,Electronics,United Kingdom,519,0.3333333333333333,116,1475.81,4,0,0,6,3,30,0,0,-1,0
14404,34,3,750.74,15.014800000000001,0.55,61.199999999999996,125.12333333333333,Home Decor,421.95,Seasonal,United Kingdom,827,0.5,335,1449.32,6,0,0,4,9,30,0,0,0,0
14406,119,1,156.75,19.59375,11.9,30.599999999999998,26.125,Home Decor,63.6,Crockery,United Kingdom,77,0.16666666666666666,0,156.75,1,0,0,4,2,30,0,0,0,0
14407,107,4,1155.05,30.396052631578947,4.5600000000000005,207.50000000000003,192.50833333333333,Kitchen,816.95,Textiles,United Kingdom,1415,0.6666666666666666,169,2157.73,6,0,0,5,12,30,0,0,0,0
14408,11,4,1517.24,22.64537313432836,0.95,133.20000000000002,252.87333333333333,Home Decor,1572.13,Storage,United Kingdom,1610,0.6666666666666666,253,2599.03,7,0,0,4,11,30,0,0,0,0
14409,71,3,1393.3500000000001,33.984146341463415,2.52,356.40000000000003,232.22500000000002,Other,499.68,Toys,United Kingdom,1230,0.5,297,2059.4500000000003,6,0,0,6,13,30,0,0,0,0
14410,92,3,326.27,3.838470588235294,0.78,13.200000000000001,54.37833333333333,Home Decor,219.24,Garden & Outdoor,United Kingdom,567,0.5,213,1100.27,9,0,0,4,5,30,0,0,0,0
14412,43,2,770.03,17.90767441860465,4.0,81.6,128.33833333333334,Other,204.72,Toys,United Kingdom,786,0.3333333333333333,30,770.03,2,0,0,6,13,30,0,0,0,0
14414,92,6,1279.78,14.379550561797753,1.9,56.88,213.29666666666665,Other,424.03999999999996,Furniture,United Kingdom,2512,1.0,267,1496.98,7,0,0,6,4,30,0,0,0,0
14415,1,7,3129.7,10.128478964401294,0.63,51.0,521.6166666666667,Home Decor,1465.55,Accessories,United Kingdom,2996,1.1666666666666667,359,5855.57,13,1,1,4,0,30,1,1,1,1
14416,22,2,490.22,35.01571428571429,10.08,214.8,81.70333333333333,Electronics,323.22,Kitchen,United Kingdom,326,0.3333333333333333,20,490.22,2,0,0,2,7,30,0,0,0,0
14418,4,3,1937.25,15.622983870967742,0.84,89.64000000000001,322.875,Electronics,499.15000000000003,Toys,United Kingdom,1711,0.5,104,1937.25,3,0,0,2,13,30,0,0,0,0
14419,11,4,744.65,5.13551724137931,0.79,19.919999999999998,124.10833333333333,Storage,214.70000000000002,Accessories,United Kingdom,483,0.6666666666666666,354,1051.79,6,0,0,9,0,30,0,0,0,0
14420,99,1,387.52,13.362758620689654,6.8,23.4,64.58666666666666,Kitchen,109.92,Bags,United Kingdom,334,0.16666666666666666,0,387.52,1,0,0,5,1,30,0,0,0,0
14421,57,1,357.93,29.8275,9.959999999999999,79.2,59.655,Storage,273.0,Crockery,United Kingdom,365,0.16666666666666666,154,813.11,2,0,0,9,2,30,0,0,0,0
14422,1,5,3862.33,19.215572139303482,2.88,83.4,643.7216666666667,Home Decor,1381.18,Bags,United Kingdom,2906,0.8333333333333334,266,4263.64,6,0,0,4,1,30,1,0,0,1
14424,18,1,322.08,322.08,322.08,322.08,53.68,Toys,322.08,Toys,United Kingdom,48,0.16666666666666666,0,322.08,1,0,0,11,13,30,0,0,-1,0
14426,24,7,2986.09,23.328828125,6.64,252.0,497.6816666666667,Home Decor,811.08,Bags,United Kingdom,2699,1.1666666666666667,289,4481.67,10,0,1,4,1,30,1,1,3,1
14427,50,2,363.34000000000003,21.37294117647059,5.04,45.0,60.55666666666667,Electronics,92.2,Seasonal,United Kingdom,228,0.3333333333333333,13,363.34000000000003,2,0,0,2,9,30,0,0,0,0
14428,7,3,893.44,8.196697247706423,1.25,44.550000000000004,148.90666666666667,Kitchen,345.99,Toys,United Kingdom,428,0.5,317,1224.06,5,0,0,5,13,30,0,0,0,0
14432,10,6,2248.5,5.964190981432361,0.19,99.0,374.75,Home Decor,872.08,Textiles,United Kingdom,2013,1.0,79,2248.5,6,0,0,4,12,30,0,0,0,0
14434,22,6,1372.8,114.39999999999999,69.6,199.20000000000002,228.79999999999998,Storage,597.6,Garden & Outdoor,United Kingdom,368,1.0,50,1372.8,6,0,0,9,5,30,0,0,-1,0
14436,99,1,89.06,9.895555555555555,4.5600000000000005,20.4,14.843333333333334,Stationery,36.0,Home Decor,United Kingdom,129,0.16666666666666666,0,89.06,1,0,0,8,6,30,0,0,0,0
14440,8,3,1171.97,48.83208333333334,10.2,153.0,195.32833333333335,Home Decor,1446.94,Stationery,United Kingdom,588,0.5,357,2357.6800000000003,5,0,0,4,10,30,0,0,0,0
14441,1,3,1356.05,35.685526315789474,12.5,83.2,226.00833333333333,Home Decor,537.58,Toys,United Kingdom,446,0.5,254,1712.89,4,0,0,4,13,30,0,0,0,0
14443,54,2,811.8,15.033333333333333,5.04,35.95,135.29999999999998,Home Decor,447.40999999999997,Crockery,United Kingdom,938,0.3333333333333333,314,1420.2,4,0,0,4,2,30,0,0,0,0
14446,1,3,707.31,3.645927835051546,0.21,23.85,117.88499999999999,Home Decor,222.73,Accessories,United Kingdom,916,0.5,245,1010.35,4,0,0,4,0,30,0,0,0,0
14447,19,3,562.2,18.135483870967743,8.5,33.2,93.7,Toys,319.20000000000005,Furniture,United Kingdom,571,0.5,261,1163.23,5,0,0,11,4,30,0,0,0,0
14448,9,1,273.0,136.5,35.400000000000006,237.60000000000002,45.5,Other,243.00000000000003,Stationery,United Kingdom,104,0.16666666666666666,354,375.35,2,0,0,6,10,30,0,0,-1,0
14449,19,2,485.89,3.350965517241379,0.38,29.050000000000004,80.98166666666667,Home Decor,398.71,Garden & Outdoor,United Kingdom,741,0.3333333333333333,353,885.8,4,0,0,4,5,30,0,0,0,0
14451,60,1,283.9,5.356603773584905,0.29,17.700000000000003,47.31666666666666,Home Decor,138.82999999999998,Seasonal,United Kingdom,378,0.16666666666666666,134,643.9,2,0,0,4,9,30,0,0,0,0
14452,11,2,259.05,4.3175,0.75,16.95,43.175000000000004,Kitchen,87.24000000000001,Garden & Outdoor,United Kingdom,116,0.3333333333333333,83,259.05,2,0,0,5,5,30,0,0,0,0
14456,5,9,3017.28,3.1861457233368533,0.08,30.0,502.88000000000005,Home Decor,594.0699999999999,Garden & Outdoor,United Kingdom,2885,1.5,137,3017.28,9,0,1,4,5,30,1,1,3,1
14459,155,1,1837.92,49.67351351351351,13.200000000000001,132.0,306.32,Kitchen,830.26,Toys,United Kingdom,760,0.16666666666666666,0,1837.92,1,0,0,5,13,30,0,0,0,0
14460,110,2,404.34,26.956,13.919999999999998,41.76,67.39,Stationery,118.32,Textiles,United Kingdom,881,0.3333333333333333,200,434.34,3,0,0,8,12,30,0,0,0,0
14461,148,2,1326.83,11.438189655172414,0.39,67.6,221.13833333333332,Kitchen,493.34000000000003,Seasonal,United Kingdom,766,0.3333333333333333,113,2103.06,3,0,0,5,9,30,0,0,0,0
14462,66,4,863.3,9.486813186813187,0.24,30.240000000000002,143.88333333333333,Home Decor,1018.3000000000001,Bags,United Kingdom,956,0.6666666666666666,273,1980.57,11,1,0,4,1,30,0,0,2,0
14463,98,2,413.7,103.425,15.0,178.5,68.95,Other,193.5,Home Decor,United Kingdom,179,0.3333333333333333,107,529.62,3,0,0,6,6,30,0,0,0,0
14466,29,3,926.7,25.04594594594595,5.8,127.5,154.45000000000002,Kitchen,1566.4,Toys,United Kingdom,1006,0.5,343,2272.4,7,0,0,5,13,30,0,0,0,0
14467,18,3,464.56,6.277837837837838,0.85,17.700000000000003,77.42666666666666,Toys,134.65,Crockery,United Kingdom,276,0.5,295,596.26,4,0,0,11,2,30,0,0,0,0
14470,12,1,163.55,20.44375,10.2,50.0,27.258333333333336,Home Decor,95.52,Toys,United Kingdom,193,0.16666666666666666,275,461.19,2,0,0,4,13,30,0,0,0,0
14472,104,3,395.46,7.6049999999999995,0.65,30.72,65.91,Home Decor,885.31,Textiles,United Kingdom,1135,0.5,251,1852.67,8,0,0,4,12,30,0,0,0,0
14473,74,1,149.34000000000003,24.890000000000004,10.2,38.160000000000004,24.890000000000004,Stationery,95.2,Electronics,United Kingdom,88,0.16666666666666666,208,234.34000000000003,2,0,0,8,3,30,0,0,0,0
14474,46,1,547.66,18.884827586206896,6.72,34.0,91.27666666666666,Home Decor,168.1,Seasonal,United Kingdom,140,0.16666666666666666,0,547.66,1,0,0,4,9,30,0,0,0,0
14475,72,1,303.68,21.69142857142857,6.959999999999999,41.6,50.61333333333334,Home Decor,459.23,Seasonal,United Kingdom,447,0.16666666666666666,233,925.85,3,0,0,4,9,30,0,0,0,0
14477,20,2,786.6,112.37142857142858,41.6,179.0,131.1,Bags,1130.6,Kitchen,United Kingdom,720,0.3333333333333333,277,1309.6,4,0,0,0,7,30,0,0,-1,0
14480,11,1,279.05,21.465384615384615,12.5,49.92,46.50833333333333,Home Decor,131.82,Stationery,United Kingdom,143,0.16666666666666666,0,279.05,1,0,0,4,10,30,0,0,0,0
14481,165,1,333.65,18.53611111111111,6.72,40.8,55.60833333333333,Home Decor,200.25,Toys,United Kingdom,489,0.16666666666666666,122,636.51,2,0,0,4,13,30,0,0,0,0
14482,18,5,1784.71,14.628770491803278,0.21,179.0,297.45166666666665,Kitchen,672.95,Furniture,United Kingdom,1627,0.8333333333333334,220,2022.81,6,0,0,5,4,30,0,0,0,0
14484,50,1,321.92,22.994285714285716,8.2,31.6,53.653333333333336,Kitchen,157.9,Bags,United Kingdom,210,0.16666666666666666,0,321.92,1,0,0,5,1,30,0,0,0,0
14485,39,1,162.8,3.539130434782609,0.55,9.95,27.133333333333336,Kitchen,47.13,Toys,United Kingdom,70,0.16666666666666666,0,162.8,1,0,0,5,13,30,0,0,0,0
14487,27,5,1040.3799999999999,8.191968503937007,0.39,39.9,173.39666666666665,Home Decor,404.60999999999996,Stationery,United Kingdom,712,0.8333333333333334,341,1165.48,6,0,0,4,10,30,0,0,0,0
14488,68,1,1064.28,23.136521739130433,9.36,158.39999999999998,177.38,Stationery,229.45999999999998,Furniture,United Kingdom,799,0.16666666666666666,0,1064.28,1,0,0,8,4,30,0,0,0,0
14493,7,5,2383.2400000000002,19.860333333333337,2.34,59.400000000000006,397.2066666666667,Other,503.03,Textiles,United Kingdom,1285,0.8333333333333334,147,2383.2400000000002,5,0,0,6,12,30,0,0,0,0
14494,26,1,139.56,19.937142857142856,9.959999999999999,30.0,23.26,Other,94.55999999999999,Storage,United Kingdom,92,0.16666666666666666,0,139.56,1,0,0,6,11,30,0,0,0,0
14495,51,2,123.8,20.633333333333333,19.799999999999997,20.8,20.633333333333333,Bags,83.2,Storage,United Kingdom,62,0.3333333333333333,70,123.8,2,0,0,0,11,30,0,0,0,0
14498,43,3,1644.08,9.964121212121212,0.42,170.0,274.0133333333333,Other,603.91,Accessories,United Kingdom,1098,0.5,319,1957.32,5,0,0,6,0,30,0,0,0,0
14499,26,2,685.57,4.63222972972973,0.55,25.200000000000003,114.26166666666667,Home Decor,204.31,Garden & Outdoor,United Kingdom,496,0.3333333333333333,252,808.44,3,0,0,4,5,30,0,0,0,0
14500,88,2,72.0,36.0,21.0,51.0,12.0,Other,131.7,Home Decor,United Kingdom,117,0.3333333333333333,101,356.85,3,0,0,6,6,30,0,0,0,0
14502,20,5,1369.89,3.633660477453581,0.19,25.0,228.31500000000003,Home Decor,981.3,Seasonal,United Kingdom,1480,0.8333333333333334,293,2429.83,11,1,0,4,9,30,0,0,2,0
14503,3,6,3543.26,21.605243902439025,3.4799999999999995,136.0,590.5433333333334,Kitchen,656.35,Toys,United Kingdom,2004,1.0,175,3543.26,6,0,0,5,13,30,0,0,0,0
14504,47,1,130.55,11.868181818181819,3.95,27.0,21.758333333333336,Home Decor,281.59,Textiles,United Kingdom,308,0.16666666666666666,231,673.26,4,0,0,4,12,30,0,0,0,0
14505,17,3,2699.57,6.975633074935401,0.42,49.92,449.92833333333334,Home Decor,1193.71,Toys,United Kingdom,2739,0.5,344,5859.43,8,0,0,4,13,30,0,0,0,0
14506,17,3,1406.49,6.634386792452831,0.29,45.0,234.415,Textiles,414.28000000000003,Furniture,United Kingdom,704,0.5,351,1960.65,5,0,0,10,4,30,0,0,0,0
14507,24,3,752.57,18.81425,0.95,237.60000000000002,125.42833333333334,Home Decor,348.96999999999997,Accessories,United Kingdom,594,0.5,252,1367.88,6,0,0,4,0,30,0,0,0,0
14508,22,2,268.05,4.873636363636364,0.42,21.45,44.675000000000004,Kitchen,71.56,Garden & Outdoor,United Kingdom,129,0.3333333333333333,67,268.05,2,0,0,5,5,30,0,0,0,0
14511,11,5,1314.81,19.33544117647059,4.68,49.92,219.135,Home Decor,419.23,Stationery,United Kingdom,784,0.8333333333333334,122,1314.81,5,0,0,4,10,30,0,0,0,0
14513,101,1,138.24,138.24,138.24,138.24,23.040000000000003,Electronics,275.74,Kitchen,United Kingdom,361,0.16666666666666666,188,455.59000000000003,3,0,0,2,7,30,0,0,-1,0
14514,61,1,587.09,19.569666666666667,2.52,60.0,97.84833333333334,Home Decor,371.86,Crockery,United Kingdom,564,0.16666666666666666,270,990.2,3,0,0,4,2,30,0,0,0,0
14515,18,4,1311.24,19.282941176470587,0.79,71.4,218.54,Home Decor,675.25,Stationery,United Kingdom,1110,0.6666666666666666,200,2076.89,6,0,0,4,10,30,0,0,0,0
14517,33,2,330.45,18.358333333333334,12.5,31.8,55.074999999999996,Home Decor,134.65,Seasonal,United Kingdom,91,0.3333333333333333,108,330.45,2,0,0,4,9,30,0,0,0,0
14518,64,1,174.37,10.898125,0.95,29.75,29.061666666666667,Home Decor,91.68,Stationery,United Kingdom,278,0.16666666666666666,0,174.37,1,0,0,4,10,30,0,0,0,0
14520,2,1,105.60000000000001,35.2,10.2,62.400000000000006,17.6,Kitchen,260.4,Home Decor,United Kingdom,146,0.16666666666666666,289,270.6,2,0,0,5,6,30,0,0,0,0
14522,24,3,695.91,69.591,1.45,143.04,115.985,Home Decor,271.5,Electronics,United Kingdom,525,0.5,173,974.54,4,0,0,4,3,30,0,0,0,0
14523,108,1,241.09,20.090833333333332,7.800000000000001,46.800000000000004,40.181666666666665,Electronics,106.71000000000001,Stationery,United Kingdom,251,0.16666666666666666,0,241.09,1,0,0,2,10,30,0,0,0,0
14524,32,5,1090.1,12.529885057471263,0.5700000000000001,102.0,181.6833333333333,Kitchen,369.3,Seasonal,United Kingdom,669,0.8333333333333334,329,1843.83,9,0,0,5,9,30,0,0,0,0
14525,20,4,2283.86,16.19758865248227,0.42,163.2,380.6433333333334,Home Decor,1539.96,Furniture,United Kingdom,2637,0.6666666666666666,341,4215.9,9,0,0,4,4,30,0,0,0,0
14528,37,1,364.21999999999997,20.234444444444442,4.35,45.0,60.703333333333326,Electronics,164.06,Seasonal,United Kingdom,278,0.16666666666666666,0,364.21999999999997,1,0,0,2,9,30,0,0,0,0
14530,26,3,1365.07,13.000666666666666,0.84,107.1,227.51166666666666,Home Decor,1661.52,Bags,United Kingdom,1395,0.5,270,2862.11,6,0,0,4,1,30,0,0,0,0
14533,25,6,1516.22,29.158076923076923,4.5600000000000005,104.0,252.70333333333335,Other,482.54,Furniture,United Kingdom,4019,1.0,328,1949.72,7,0,0,6,4,30,0,0,0,0
14534,3,9,2535.1,8.422259136212624,0.39,169.92000000000002,422.51666666666665,Other,866.05,Accessories,United Kingdom,2027,1.5,315,4397.3,18,1,1,6,0,30,1,1,1,1
14535,60,2,2001.97,8.555427350427351,0.39,55.65,333.6616666666667,Home Decor,793.75,Accessories,United Kingdom,1824,0.3333333333333333,188,2854.84,3,0,0,4,0,30,0,0,0,0
14537,58,1,355.56,35.556,12.72,49.800000000000004,59.26,Toys,242.16,Textiles,United Kingdom,120,0.16666666666666666,0,355.56,1,0,0,11,12,30,0,0,0,0
14538,65,1,281.75,17.609375,10.2,34.0,46.958333333333336,Home Decor,87.30000000000001,Seasonal,United Kingdom,155,0.16666666666666666,191,388.25,2,0,0,4,9,30,0,0,0,0
14539,16,2,537.48,16.79625,3.3600000000000003,40.56,89.58,Other,137.42000000000002,Kitchen,United Kingdom,428,0.3333333333333333,28,537.48,2,0,0,6,7,30,0,0,0,0
14540,10,2,756.76,12.612666666666666,0.39,35.400000000000006,126.12666666666667,Kitchen,170.0,Toys,United Kingdom,411,0.3333333333333333,299,952.66,3,0,0,5,13,30,0,0,0,0
14541,59,2,447.9,44.79,14.5,90.0,74.64999999999999,Other,382.17,Electronics,United Kingdom,641,0.3333333333333333,260,1453.35,8,0,0,6,3,30,0,0,0,0
14543,29,6,1154.98,48.12416666666667,5.0,183.60000000000002,192.49666666666667,Kitchen,1700.6000000000001,Stationery,United Kingdom,675,1.0,336,3599.73,16,1,0,5,10,30,1,0,2,1
14544,24,1,902.53,15.833859649122807,2.52,50.400000000000006,150.42166666666665,Home Decor,547.21,Garden & Outdoor,United Kingdom,1536,0.16666666666666666,337,2004.3,2,0,0,4,5,30,0,0,0,0
14546,5,3,1699.05,6.662941176470588,0.55,34.68,283.175,Home Decor,761.36,Furniture,United Kingdom,1313,0.5,243,2573.93,5,0,0,4,4,30,0,0,0,0
14547,4,8,3974.75,11.196478873239437,0.65,87.2,662.4583333333334,Home Decor,1602.83,Toys,United Kingdom,2639,1.3333333333333333,50,3974.75,8,0,1,4,13,30,1,1,-1,1
14548,151,1,326.4,163.2,81.6,244.79999999999998,54.4,Electronics,652.8,Electronics,United Kingdom,256,0.16666666666666666,167,652.8,2,0,0,2,3,30,0,0,-1,0
14550,11,2,757.37,16.114255319148935,1.45,90.0,126.22833333333334,Home Decor,248.32,Seasonal,United Kingdom,389,0.3333333333333333,33,757.37,2,0,0,4,9,30,0,0,0,0
14551,18,1,60.8,20.266666666666666,15.0,30.0,10.133333333333333,Electronics,75.0,Storage,United Kingdom,106,0.16666666666666666,185,186.23,2,0,0,2,11,30,0,0,0,0
14553,19,3,546.95,7.3912162162162165,0.42,165.0,91.15833333333335,Home Decor,338.6,Garden & Outdoor,United Kingdom,493,0.5,319,859.27,5,0,0,4,5,30,0,0,0,0
14554,10,4,2279.4900000000002,11.229014778325125,0.39,72.0,379.915,Kitchen,470.47,Seasonal,United Kingdom,1443,0.6666666666666666,42,2279.4900000000002,4,0,0,5,9,30,0,0,0,0
14555,57,1,126.2,25.240000000000002,18.75,32.45,21.033333333333335,Electronics,165.09,Kitchen,United Kingdom,122,0.16666666666666666,244,312.54,2,0,0,2,7,30,0,0,0,0
14557,85,1,788.38,49.27375,13.0,102.0,131.39666666666668,Stationery,228.0,Seasonal,United Kingdom,510,0.16666666666666666,0,788.38,1,0,0,8,9,30,0,0,0,0
14560,7,13,1005.77,27.182972972972973,9.959999999999999,100.8,167.62833333333333,Kitchen,2015.6399999999999,Other,United Kingdom,1260,2.1666666666666665,350,2237.77,22,1,1,5,8,30,1,1,-1,1
14561,76,2,858.6899999999999,16.201698113207545,6.959999999999999,39.599999999999994,143.11499999999998,Home Decor,659.8199999999999,Stationery,United Kingdom,1014,0.3333333333333333,108,1080.76,3,0,0,4,10,30,0,0,0,0
14562,4,14,3900.78,12.422866242038218,0.39,99.60000000000001,650.13,Kitchen,1313.75,Furniture,United Kingdom,1815,2.3333333333333335,300,5006.77,18,1,1,5,4,30,1,1,-1,1
14565,96,2,1221.57,24.93,6.64,63.2,203.595,Home Decor,715.17,Garden & Outdoor,United Kingdom,1540,0.3333333333333333,265,3099.12,4,0,0,4,5,30,0,0,0,0
14566,111,1,1432.0,358.0,358.0,358.0,238.66666666666666,Bags,1074.0,Kitchen,Channel Islands,800,0.16666666666666666,0,1432.0,1,0,0,0,7,4,0,0,-1,0
14567,57,2,1530.3600000000001,46.374545454545455,15.0,153.0,255.06000000000003,Kitchen,540.96,Textiles,United Kingdom,412,0.3333333333333333,73,1530.3600000000001,2,0,0,5,12,30,0,0,0,0
14569,1,1,227.39,18.949166666666667,1.65,122.39999999999999,37.89833333333333,Kitchen,132.35,Toys,United Kingdom,79,0.16666666666666666,0,227.39,1,0,0,5,13,30,0,0,0,0
14572,3,4,1731.21,10.8200625,1.25,102.0,288.535,Kitchen,726.04,Garden & Outdoor,United Kingdom,1420,0.6666666666666666,320,2804.54,7,0,0,5,5,30,0,0,0,0
14577,13,2,391.7,6.421311475409836,0.95,22.5,65.28333333333333,Home Decor,307.56,Accessories,United Kingdom,353,0.3333333333333333,350,859.71,4,0,0,4,0,30,0,0,0,0
14578,3,1,168.63,7.02625,1.25,28.080000000000002,28.105,Storage,51.8,Stationery,United Kingdom,240,0.16666666666666666,0,168.63,1,0,0,9,10,30,0,0,0,0
14581,17,1,138.6,8.152941176470588,0.42,27.839999999999996,23.099999999999998,Stationery,47.02,Textiles,United Kingdom,217,0.16666666666666666,0,138.6,1,0,0,8,12,30,0,0,0,0
14582,41,1,114.11,19.018333333333334,1.56,35.400000000000006,19.018333333333334,Other,55.300000000000004,Home Decor,United Kingdom,73,0.16666666666666666,0,114.11,1,0,0,6,6,30,0,0,0,0
14583,6,3,711.35,3.487009803921569,0.39,25.5,118.55833333333334,Kitchen,208.66,Furniture,United Kingdom,751,0.5,200,986.96,5,0,0,5,4,30,0,0,0,0
14584,169,1,213.45,15.24642857142857,7.5,29.75,35.574999999999996,Home Decor,470.54,Garden & Outdoor,United Kingdom,381,0.16666666666666666,29,1033.06,4,0,0,4,5,30,0,0,0,0
14585,50,1,157.05,5.415517241379311,0.85,29.5,26.175,Bags,41.6,Home Decor,United Kingdom,91,0.16666666666666666,0,157.05,1,0,0,0,6,30,0,0,0,0
14587,19,1,127.61,6.3805,1.17,17.9,21.268333333333334,Home Decor,456.55,Stationery,United Kingdom,749,0.16666666666666666,312,1580.29,9,0,0,4,10,30,0,0,0,0
14591,15,3,1116.19,8.030143884892087,0.39,58.5,186.03166666666667,Home Decor,449.39,Furniture,United Kingdom,1228,0.5,197,1320.21,4,0,0,4,4,30,0,0,0,0
14592,35,3,557.94,3.5312658227848104,0.39,14.95,92.99000000000001,Storage,107.35,Toys,United Kingdom,407,0.5,28,557.94,3,0,0,9,13,30,0,0,0,0
14593,22,1,277.56,3.1903448275862067,0.12,14.850000000000001,46.26,Crockery,132.62,Seasonal,United Kingdom,330,0.16666666666666666,177,617.15,3,0,0,1,9,30,0,0,0,0
14594,7,1,108.33,5.158571428571428,0.85,16.5,18.055,Home Decor,77.65,Bags,United Kingdom,183,0.16666666666666666,365,363.33,2,0,0,4,1,30,0,0,0,0
14595,20,5,1576.8,16.255670103092783,1.25,45.0,262.8,Kitchen,416.12,Toys,United Kingdom,978,0.8333333333333334,293,1740.6,6,0,0,5,13,30,0,0,0,0
14597,11,1,701.14,15.935,0.21,81.6,116.85666666666667,Other,256.87,Seasonal,United Kingdom,566,0.16666666666666666,180,866.24,2,0,0,6,9,30,0,0,0,0
14598,44,1,221.97,4.4394,0.65,14.850000000000001,36.995,Bags,59.07,Toys,United Kingdom,189,0.16666666666666666,0,221.97,1,0,0,0,13,30,0,0,0,0
14601,11,1,213.96,30.565714285714286,6.959999999999999,90.0,35.660000000000004,Home Decor,120.0,Kitchen,United Kingdom,168,0.16666666666666666,0,213.96,1,0,0,4,7,30,0,0,0,0
14608,4,3,1581.15,83.21842105263158,3.75,204.0,263.52500000000003,Storage,1053.15,Kitchen,United Kingdom,437,0.5,358,1785.15,4,0,0,9,7,30,0,0,0,0
14609,72,3,457.56,152.52,115.2,191.16,76.26,Storage,335.15999999999997,Bags,United Kingdom,7026,0.5,224,601.56,4,0,0,9,1,30,0,0,-1,0
14618,9,2,341.64,31.05818181818182,15.0,69.6,56.94,Home Decor,201.6,Other,United Kingdom,264,0.3333333333333333,328,553.44,3,0,0,4,8,30,0,0,0,0
14621,1,3,1152.05,19.526271186440677,8.2,59.400000000000006,192.00833333333333,Other,401.51,Toys,United Kingdom,993,0.5,357,1788.3600000000001,5,0,0,6,13,30,0,0,0,0
14623,32,3,488.84000000000003,8.147333333333334,0.3,60.0,81.47333333333334,Kitchen,267.38,Toys,United Kingdom,418,0.5,203,886.7,5,0,0,5,13,30,0,0,0,0
14624,57,2,225.85,17.373076923076923,10.5,23.4,37.641666666666666,Other,73.0,Stationery,United Kingdom,162,0.3333333333333333,1,225.85,2,0,0,6,10,30,0,0,0,0
14626,24,3,2204.37,23.702903225806452,8.5,175.2,367.395,Home Decor,637.68,Seasonal,United Kingdom,1403,0.5,209,2791.27,4,0,0,4,9,30,0,0,0,0
14628,91,1,340.38,28.365,10.5,70.80000000000001,56.73,Home Decor,129.45,Other,United Kingdom,272,0.16666666666666666,151,671.96,2,0,0,4,8,30,0,0,0,0
14629,4,2,955.26,6.3684,0.39,33.3,159.21,Home Decor,224.93,Furniture,United Kingdom,378,0.3333333333333333,43,955.26,2,0,0,4,4,30,0,0,0,0
14631,51,1,376.90000000000003,23.556250000000002,4.5600000000000005,71.4,62.81666666666667,Other,432.88,Home Decor,United Kingdom,622,0.16666666666666666,248,1006.98,3,0,0,6,6,30,0,0,0,0
14636,36,1,309.66,25.805000000000003,12.600000000000001,42.96,51.61000000000001,Electronics,175.76,Crockery,United Kingdom,241,0.16666666666666666,232,609.85,2,0,0,2,2,30,0,0,0,0
14638,51,1,443.6,27.725,9.959999999999999,57.800000000000004,73.93333333333334,Home Decor,130.29,Kitchen,United Kingdom,166,0.16666666666666666,0,443.6,1,0,0,4,7,30,0,0,0,0
14639,52,4,1749.36,17.150588235294116,6.959999999999999,31.8,291.56,Home Decor,896.73,Toys,United Kingdom,1431,0.6666666666666666,309,2984.49,6,0,0,4,13,30,0,0,0,0
14640,24,5,1711.63,20.873536585365855,5.04,53.550000000000004,285.2716666666667,Home Decor,550.8,Furniture,United Kingdom,880,0.8333333333333334,203,2107.38,6,0,0,4,4,30,0,0,0,0
14641,22,1,110.46,15.78,7.800000000000001,39.599999999999994,18.41,Home Decor,77.46,Bags,United Kingdom,90,0.16666666666666666,0,110.46,1,0,0,4,1,30,0,0,0,0
14642,59,1,96.12,48.06,19.8,76.32000000000001,16.02,Electronics,76.32000000000001,Storage,United Kingdom,76,0.16666666666666666,0,96.12,1,0,0,2,11,30,0,0,0,0
14643,170,1,335.87,20.991875,4.5600000000000005,75.60000000000001,55.97833333333333,Furniture,198.90000000000003,Toys,United Kingdom,815,0.16666666666666666,187,693.8100000000001,2,0,0,3,13,30,0,0,0,0
14644,68,1,643.26,35.736666666666665,6.64,175.2,107.21,Kitchen,440.41999999999996,Storage,United Kingdom,258,0.16666666666666666,230,830.76,2,0,0,5,11,30,0,0,0,0
14645,157,1,356.99,16.99952380952381,2.2800000000000002,39.95,59.498333333333335,Kitchen,208.66,Furniture,United Kingdom,381,0.16666666666666666,118,597.09,2,0,0,5,4,30,0,0,0,0
14649,5,2,820.47,5.945434782608696,0.21,81.6,136.745,Home Decor,465.03000000000003,Toys,United Kingdom,1004,0.3333333333333333,207,1402.59,4,0,0,4,13,30,0,0,0,0
14651,67,1,238.28,5.673333333333334,0.48,27.04,39.71333333333333,Other,186.07,Seasonal,United Kingdom,343,0.16666666666666666,143,653.75,2,0,0,6,9,30,0,0,0,0
14652,77,1,114.18,3.937241379310345,0.39,22.5,19.03,Other,51.8,Storage,United Kingdom,53,0.16666666666666666,0,114.18,1,0,0,6,11,30,0,0,0,0
14653,1,6,1581.84,7.716292682926829,0.39,97.3,263.64,Home Decor,550.42,Bags,United Kingdom,945,1.0,337,1926.65,7,0,0,4,1,30,0,0,0,0
14655,8,3,1121.67,32.047714285714285,9.959999999999999,83.2,186.94500000000002,Bags,699.0,Electronics,United Kingdom,1089,0.5,214,1932.23,4,0,0,0,3,30,0,0,0,0
14656,169,1,157.94,3.096862745098039,0.78,14.75,26.323333333333334,Kitchen,73.68,Accessories,United Kingdom,120,0.16666666666666666,114,291.05,2,0,0,5,0,30,0,0,0,0
14657,18,2,323.82,6.4764,0.55,30.0,53.97,Kitchen,435.49,Stationery,United Kingdom,466,0.3333333333333333,308,848.22,4,0,0,5,10,30,0,0,0,0
14658,5,2,247.15,8.522413793103448,0.39,39.95,41.19166666666667,Other,134.6,Seasonal,United Kingdom,47,0.3333333333333333,111,247.15,2,0,0,6,9,30,0,0,0,0
14659,9,4,1148.17,9.259435483870968,0.95,29.75,191.36166666666668,Kitchen,614.69,Accessories,United Kingdom,1195,0.6666666666666666,306,2529.93,9,0,0,5,0,30,0,0,0,0
14660,87,2,285.74,9.524666666666667,0.39,81.36,47.623333333333335,Toys,126.36,Storage,United Kingdom,228,0.3333333333333333,14,285.74,2,0,0,11,11,30,0,0,0,0
14661,27,1,107.95,26.9875,0.85,66.9,17.991666666666667,Kitchen,66.9,Crockery,United Kingdom,35,0.16666666666666666,0,107.95,1,0,0,5,2,30,0,0,0,0
14662,29,1,229.09,3.2727142857142857,0.29,17.0,38.181666666666665,Stationery,144.57,Seasonal,United Kingdom,578,0.16666666666666666,287,741.37,4,0,0,8,9,30,0,0,0,0
14664,20,2,636.24,6.492244897959184,0.39,30.0,106.04,Home Decor,399.36,Crockery,United Kingdom,465,0.3333333333333333,13,636.24,2,0,0,4,2,30,0,0,0,0
14665,61,2,1104.04,22.53142857142857,15.0,41.6,184.00666666666666,Home Decor,824.8100000000001,Furniture,United Kingdom,740,0.3333333333333333,250,1835.7,5,0,0,4,4,30,0,0,0,0
14666,24,1,195.25,13.946428571428571,2.4,30.0,32.541666666666664,Home Decor,89.1,Other,United Kingdom,161,0.16666666666666666,0,195.25,1,0,0,4,8,30,0,0,0,0
14667,11,14,5280.79,17.66150501672241,0.39,170.0,880.1316666666667,Home Decor,3017.0,Accessories,United Kingdom,5319,2.3333333333333335,357,9175.04,25,1,1,4,0,30,1,1,-1,1
14673,3,4,1362.91,23.100169491525424,5.04,122.39999999999999,227.15166666666667,Electronics,657.96,Seasonal,United Kingdom,1004,0.6666666666666666,364,1736.4,5,0,0,2,9,30,0,0,0,0
14675,16,1,596.36,6.148041237113402,0.21,60.839999999999996,99.39333333333333,Electronics,142.67,Garden & Outdoor,United Kingdom,336,0.16666666666666666,0,596.36,1,0,0,2,5,30,0,0,0,0
14676,31,3,1399.72,55.9888,15.12,151.20000000000002,233.28666666666666,Toys,529.5600000000001,Seasonal,United Kingdom,2500,0.5,251,2548.2400000000002,6,0,0,11,9,30,0,0,0,0
14681,71,2,105.0,52.5,45.0,60.0,17.5,Other,364.95,Crockery,United Kingdom,76,0.3333333333333333,140,498.95,3,0,0,6,2,30,0,0,0,0
14684,26,3,708.07,3.146977777777778,0.32,61.199999999999996,118.01166666666667,Home Decor,313.81,Textiles,United Kingdom,821,0.5,336,1201.51,5,0,0,4,12,30,0,0,0,0
14687,107,1,628.38,41.892,9.9,120.0,104.73,Electronics,330.96,Other,United Kingdom,470,0.16666666666666666,0,628.38,1,0,0,2,8,30,0,0,0,0
14688,8,11,2792.67,19.259793103448278,0.19,153.0,465.445,Kitchen,1662.7,Garden & Outdoor,United Kingdom,3584,1.8333333333333333,366,5579.1,21,1,1,5,5,30,1,1,1,1
14690,44,2,355.05,7.3968750000000005,1.25,27.04,59.175000000000004,Home Decor,127.57,Seasonal,United Kingdom,167,0.3333333333333333,107,355.05,2,0,0,4,9,30,0,0,0,0
14691,31,4,1674.73,31.01351851851852,7.800000000000001,122.04,279.12166666666667,Textiles,411.6,Toys,United Kingdom,707,0.6666666666666666,182,2114.33,5,0,0,10,13,30,0,0,0,0
14692,137,1,111.25,7.946428571428571,1.65,16.5,18.541666666666668,Home Decor,158.2,Textiles,United Kingdom,265,0.16666666666666666,185,591.55,4,0,0,4,12,30,0,0,0,0
14696,4,3,907.5600000000001,14.405714285714287,1.9,34.0,151.26000000000002,Other,373.38,Accessories,United Kingdom,1630,0.5,368,2078.95,7,0,0,6,0,30,0,0,0,0
14698,2,5,1217.27,6.0863499999999995,0.78,29.849999999999998,202.87833333333333,Home Decor,382.84,Furniture,United Kingdom,602,0.8333333333333334,49,1217.27,5,0,0,4,4,30,0,0,0,0
14700,32,1,654.0,18.166666666666668,1.65,52.199999999999996,109.0,Kitchen,739.05,Toys,United Kingdom,1314,0.16666666666666666,206,2195.1,3,0,0,5,13,30,0,0,0,0
14701,11,4,792.19,6.657058823529412,0.29,62.400000000000006,132.03166666666667,Home Decor,491.92,Garden & Outdoor,United Kingdom,921,0.6666666666666666,305,2526.09,9,0,0,4,5,30,0,0,0,0
14702,1,11,2066.09,9.061798245614035,0.83,49.800000000000004,344.34833333333336,Kitchen,746.47,Toys,United Kingdom,1439,1.8333333333333333,364,3251.79,17,1,1,5,13,30,1,1,1,1
14703,15,1,318.17,14.462272727272728,8.5,19.799999999999997,53.028333333333336,Home Decor,54.879999999999995,Bags,United Kingdom,183,0.16666666666666666,0,318.17,1,0,0,4,1,30,0,0,0,0
14704,11,9,1493.96,3.8014249363867685,0.19,29.9,248.99333333333334,Home Decor,517.71,Garden & Outdoor,United Kingdom,1043,1.5,168,1493.96,9,0,1,4,5,30,1,1,3,1
14708,3,2,707.31,44.206875,5.04,162.72,117.88499999999999,Stationery,354.14,Furniture,United Kingdom,621,0.3333333333333333,365,1126.37,3,0,0,8,4,30,0,0,0,0
14709,15,8,2978.0,26.82882882882883,8.5,62.400000000000006,496.3333333333333,Bags,3109.1,Electronics,United Kingdom,2484,1.3333333333333333,343,4921.04,13,1,1,0,3,30,1,1,-1,1
14710,14,4,599.48,4.4079411764705885,0.42,23.4,99.91333333333334,Other,115.6,Bags,United Kingdom,375,0.6666666666666666,45,599.48,4,0,0,6,1,30,0,0,0,0
14711,10,5,1243.32,8.574620689655172,0.39,165.0,207.22,Home Decor,781.67,Seasonal,United Kingdom,966,0.8333333333333334,252,2839.62,11,1,0,4,9,30,0,0,2,0
14712,29,3,917.07,36.6828,1.95,102.0,152.845,Storage,723.12,Stationery,United Kingdom,315,0.5,82,917.07,3,0,0,9,10,30,0,0,0,0
14713,9,4,1212.56,8.137986577181207,1.25,102.0,202.09333333333333,Home Decor,623.1,Textiles,United Kingdom,1613,0.6666666666666666,355,2662.2,11,1,0,4,12,30,0,0,2,0
14714,24,1,160.19,16.019,1.65,80.64,26.698333333333334,Kitchen,138.74,Home Decor,United Kingdom,229,0.16666666666666666,0,160.19,1,0,0,5,6,30,0,0,0,0
14715,25,2,619.9300000000001,12.651632653061226,1.45,67.5,103.32166666666667,Other,380.02,Stationery,United Kingdom,521,0.3333333333333333,306,867.38,4,0,0,6,10,30,0,0,0,0
14716,43,2,307.51,6.029607843137255,0.19,50.4,51.251666666666665,Other,79.91,Home Decor,United Kingdom,495,0.3333333333333333,105,307.51,2,0,0,6,6,30,0,0,0,0
14719,2,4,1358.38,6.966051282051283,0.65,30.0,226.39666666666668,Kitchen,282.34,Garden & Outdoor,United Kingdom,1025,0.6666666666666666,247,1581.84,5,0,0,5,5,30,0,0,0,0
14720,6,3,663.81,17.94081081081081,7.800000000000001,60.0,110.63499999999999,Kitchen,155.85000000000002,Home Decor,United Kingdom,219,0.5,120,663.81,3,0,0,5,6,30,0,0,0,0
14722,147,1,180.42000000000002,6.443571428571429,1.25,30.0,30.070000000000004,Kitchen,39.65,Storage,United Kingdom,118,0.16666666666666666,0,180.42000000000002,1,0,0,5,11,30,0,0,0,0
14723,10,3,666.71,3.8097714285714286,0.21,35.400000000000006,111.11833333333334,Home Decor,338.76,Garden & Outdoor,United Kingdom,673,0.5,361,1122.3600000000001,6,0,0,4,5,30,0,0,0,0
14725,25,1,655.58,13.948510638297874,0.95,78.0,109.26333333333334,Other,227.9,Stationery,United Kingdom,588,0.16666666666666666,0,655.58,1,0,0,6,10,30,0,0,0,0
14730,1,5,1368.27,3.7589835164835166,0.19,33.9,228.045,Home Decor,377.21,Garden & Outdoor,United Kingdom,1078,0.8333333333333334,275,1897.57,8,0,0,4,5,30,0,0,0,0
14731,47,1,129.0,8.6,2.34,24.900000000000002,21.5,Storage,91.05,Toys,United Kingdom,256,0.16666666666666666,165,380.02,3,0,0,9,13,30,0,0,0,0
14732,8,4,1419.29,21.183432835820895,4.5600000000000005,120.0,236.54833333333332,Other,690.3,Seasonal,United Kingdom,1405,0.6666666666666666,330,2702.4900000000002,8,0,0,6,9,30,0,0,0,0
14733,16,4,1678.3300000000002,39.9602380952381,9.48,81.0,279.7216666666667,Home Decor,3349.39,Furniture,United Kingdom,3764,0.6666666666666666,351,9585.91,12,1,0,4,4,30,1,0,-1,1
14735,4,15,3510.28,33.4312380952381,8.2,107.10000000000001,585.0466666666667,Electronics,1778.94,Furniture,United Kingdom,2264,2.5,354,6065.69,32,1,1,2,4,30,1,1,-1,1
14737,4,2,730.55,81.17222222222222,19.799999999999997,170.0,121.75833333333333,Stationery,680.2,Other,United Kingdom,345,0.3333333333333333,349,1164.55,3,0,0,8,8,30,0,0,0,0
14738,43,3,788.76,27.198620689655172,4.5600000000000005,88.80000000000001,131.46,Home Decor,643.32,Furniture,United Kingdom,601,0.5,273,1314.45,7,0,0,4,4,30,0,0,0,0
14739,4,4,2594.66,72.07388888888889,10.2,180.0,432.4433333333333,Stationery,1623.0,Toys,United Kingdom,3820,0.6666666666666666,363,3902.28,7,0,0,8,13,30,0,0,-1,0
14741,12,4,905.04,22.625999999999998,9.959999999999999,74.25,150.84,Home Decor,437.40000000000003,Seasonal,United Kingdom,841,0.6666666666666666,361,1400.34,6,0,0,4,9,30,0,0,0,0
14744,16,2,171.95,19.105555555555554,1.25,30.0,28.65833333333333,Kitchen,378.68,Seasonal,United Kingdom,627,0.3333333333333333,350,1099.98,7,0,0,5,9,30,0,0,0,0
14745,113,3,638.59,16.805,8.5,39.599999999999994,106.43166666666667,Home Decor,274.36,Storage,United Kingdom,1038,0.5,172,1220.26,5,0,0,4,11,30,0,0,0,0
14748,29,2,644.62,16.963684210526317,4.0,34.8,107.43666666666667,Kitchen,280.22,Textiles,United Kingdom,1223,0.3333333333333333,339,1415.75,5,0,0,5,12,30,0,0,0,0
14752,44,1,389.64,77.928,30.0,208.79999999999998,64.94,Stationery,260.64,Toys,United Kingdom,260,0.16666666666666666,0,389.64,1,0,0,8,13,30,0,0,0,0
14753,87,1,563.15,18.771666666666665,14.850000000000001,35.400000000000006,93.85833333333333,Home Decor,108.35,Crockery,United Kingdom,211,0.16666666666666666,0,563.15,1,0,0,4,2,30,0,0,0,0
14754,45,1,409.78,15.76076923076923,8.4,35.7,68.29666666666667,Home Decor,330.93,Kitchen,United Kingdom,486,0.16666666666666666,250,638.05,2,0,0,4,7,30,0,0,0,0
14755,10,7,3147.77,22.976423357664235,9.899999999999999,59.400000000000006,524.6283333333333,Kitchen,1401.34,Toys,United Kingdom,2219,1.1666666666666667,324,5010.28,11,1,1,5,13,30,1,1,1,1
14756,15,1,738.96,19.446315789473687,5.04,35.400000000000006,123.16000000000001,Stationery,184.31,Other,United Kingdom,416,0.16666666666666666,0,738.96,1,0,0,8,8,30,0,0,0,0
14757,75,1,420.5,22.13157894736842,6.8,40.56,70.08333333333333,Home Decor,187.38,Furniture,United Kingdom,160,0.16666666666666666,0,420.5,1,0,0,4,4,30,0,0,0,0
14758,145,1,277.12,19.794285714285714,15.0,31.6,46.18666666666667,Crockery,418.71999999999997,Textiles,United Kingdom,419,0.16666666666666666,114,1484.06,4,0,0,1,12,30,0,0,0,0
14759,5,2,1053.72,15.727164179104477,7.9,35.400000000000006,175.62,Kitchen,487.15000000000003,Textiles,United Kingdom,569,0.3333333333333333,228,1625.97,3,0,0,5,12,30,0,0,0,0
14761,59,1,158.4,39.6,25.200000000000003,51.0,26.400000000000002,Seasonal,105.9,Home Decor,United Kingdom,118,0.16666666666666666,276,255.9,2,0,0,7,6,30,0,0,0,0
14764,47,1,278.3,46.38333333333333,19.799999999999997,88.80000000000001,46.38333333333333,Home Decor,147.0,Other,United Kingdom,190,0.16666666666666666,0,278.3,1,0,0,4,8,30,0,0,0,0
14765,29,3,254.11,6.515641025641026,0.84,31.6,42.35166666666667,Stationery,81.98,Bags,United Kingdom,135,0.5,147,254.11,3,0,0,8,1,30,0,0,0,0
14766,8,3,1307.16,19.222941176470588,5.04,54.08,217.86,Kitchen,715.5,Toys,United Kingdom,1349,0.5,358,2473.37,6,0,0,5,13,30,0,0,0,0
14768,17,2,192.60000000000002,38.52,15.0,59.400000000000006,32.1,Kitchen,89.10000000000001,Other,United Kingdom,52,0.3333333333333333,109,192.60000000000002,2,0,0,5,8,30,0,0,0,0
14769,3,4,4782.73,10.219508547008546,1.16,69.36,797.1216666666666,Home Decor,3027.55,Garden & Outdoor,United Kingdom,7239,0.6666666666666666,354,10416.98,8,0,0,4,5,30,1,0,-1,1
14772,112,1,139.26,15.473333333333333,10.4,24.96,23.209999999999997,Kitchen,47.55,Stationery,United Kingdom,82,0.16666666666666666,0,139.26,1,0,0,5,10,30,0,0,0,0
14775,58,2,605.3399999999999,15.133499999999998,6.84,30.24,100.88999999999999,Other,387.59999999999997,Accessories,United Kingdom,1174,0.3333333333333333,313,1011.9,3,0,0,6,0,30,0,0,0,0
14776,51,8,1463.7,20.91,10.08,69.6,243.95000000000002,Other,798.66,Textiles,United Kingdom,3134,1.3333333333333333,261,2538.3,11,1,1,6,12,30,1,1,1,1
14778,127,1,396.81,23.341764705882355,8.2,59.400000000000006,66.135,Kitchen,288.2,Bags,United Kingdom,306,0.16666666666666666,181,730.86,2,0,0,5,1,30,0,0,0,0
14780,55,2,447.68,16.58074074074074,8.5,29.849999999999998,74.61333333333333,Kitchen,162.97,Home Decor,United Kingdom,310,0.3333333333333333,24,447.68,2,0,0,5,6,30,0,0,0,0
14784,26,1,175.31,15.937272727272727,4.5600000000000005,39.95,29.218333333333334,Other,134.35000000000002,Seasonal,United Kingdom,237,0.16666666666666666,297,289.99,2,0,0,6,9,30,0,0,0,0
14785,10,2,77.4,25.8,9.48,37.92,12.9,Seasonal,47.400000000000006,Home Decor,United Kingdom,84,0.3333333333333333,4,77.4,2,0,0,7,6,30,0,0,0,0
14788,7,2,679.4399999999999,22.648,5.04,74.25,113.24,Stationery,274.95,Storage,United Kingdom,421,0.3333333333333333,19,679.4399999999999,2,0,0,8,11,30,0,0,0,0
14789,29,1,197.64,32.94,17.4,59.400000000000006,32.94,Kitchen,136.44,Textiles,United Kingdom,116,0.16666666666666666,0,197.64,1,0,0,5,12,30,0,0,0,0
14790,17,3,592.9,16.469444444444445,4.68,85.0,98.81666666666666,Electronics,249.3,Storage,United Kingdom,699,0.5,236,745.06,4,0,0,2,11,30,0,0,0,0
14793,21,1,228.99,16.356428571428573,8.2,22.5,38.165,Storage,94.1,Seasonal,United Kingdom,91,0.16666666666666666,0,228.99,1,0,0,9,9,30,0,0,0,0
14794,3,3,640.37,16.00925,2.2800000000000002,46.0,106.72833333333334,Other,354.46999999999997,Seasonal,United Kingdom,673,0.5,331,1319.91,7,0,0,6,9,30,0,0,0,0
14796,1,8,4504.59,7.138811410459589,0.12,100.80000000000001,750.765,Home Decor,2288.09,Textiles,United Kingdom,5995,1.3333333333333333,365,7975.49,17,1,1,4,12,30,1,1,-1,1
14798,53,2,98.06,16.343333333333334,6.64,29.700000000000003,16.343333333333334,Kitchen,61.540000000000006,Other,United Kingdom,150,0.3333333333333333,257,173.74,3,0,0,5,8,30,0,0,0,0
14799,51,1,157.7,12.13076923076923,0.39,24.75,26.28333333333333,Textiles,66.0,Crockery,United Kingdom,146,0.16666666666666666,0,157.7,1,0,0,10,2,30,0,0,0,0
14800,48,5,945.6800000000001,9.649795918367348,0.38,50.0,157.61333333333334,Other,1045.37,Furniture,United Kingdom,3644,0.8333333333333334,322,4331.79,12,1,0,6,4,30,1,0,2,1
14801,61,1,189.34,3.3217543859649123,0.42,8.5,31.55666666666667,Other,108.08,Bags,United Kingdom,173,0.16666666666666666,0,189.34,1,0,0,6,1,30,0,0,0,0
14803,162,1,114.76,4.5904,0.84,12.75,19.12666666666667,Crockery,466.44,Storage,United Kingdom,370,0.16666666666666666,130,845.55,3,0,0,1,11,30,0,0,0,0
14804,9,1,353.27,29.439166666666665,10.2,63.75,58.87833333333333,Home Decor,219.75,Furniture,United Kingdom,121,0.16666666666666666,0,353.27,1,0,0,4,4,30,0,0,0,0
14805,15,3,437.15,16.19074074074074,3.75,70.8,72.85833333333333,Textiles,220.65,Toys,United Kingdom,114,0.5,298,546.4,4,0,0,10,13,30,0,0,0,0
14806,75,1,193.39000000000001,17.580909090909092,8.95,25.200000000000003,32.23166666666667,Stationery,94.5,Toys,United Kingdom,330,0.16666666666666666,0,193.39000000000001,1,0,0,8,13,30,0,0,0,0
14808,40,8,2718.6,11.768831168831168,0.38,125.0,453.09999999999997,Other,983.9399999999999,Seasonal,United Kingdom,2120,1.3333333333333333,132,2718.6,8,0,1,6,9,30,1,1,3,1
14810,41,3,809.18,9.519764705882352,0.39,35.400000000000006,134.86333333333332,Bags,783.69,Crockery,United Kingdom,1015,0.5,328,2085.33,11,1,0,0,2,30,0,0,-1,0
14815,37,2,778.5,14.68867924528302,6.64,30.0,129.75,Kitchen,220.78,Accessories,United Kingdom,744,0.3333333333333333,31,778.5,2,0,0,5,0,30,0,0,0,0
14818,74,2,539.55,15.415714285714284,1.65,75.0,89.925,Kitchen,266.75,Electronics,United Kingdom,324,0.3333333333333333,179,657.8,3,0,0,5,3,30,0,0,0,0
14819,64,1,187.35,18.735,10.2,51.0,31.224999999999998,Kitchen,115.8,Home Decor,United Kingdom,109,0.16666666666666666,127,272.07,2,0,0,5,6,30,0,0,0,0
14820,21,4,507.29,17.492758620689656,7.4399999999999995,35.400000000000006,84.54833333333333,Home Decor,216.7,Seasonal,United Kingdom,253,0.6666666666666666,152,507.29,4,0,0,4,9,30,0,0,0,0
14824,10,4,1127.71,38.88655172413793,9.959999999999999,166.4,187.95166666666668,Bags,520.0,Textiles,United Kingdom,525,0.6666666666666666,81,1127.71,4,0,0,0,12,30,0,0,0,0
14825,4,7,1201.04,22.241481481481483,10.5,41.6,200.17333333333332,Bags,607.5500000000001,Textiles,United Kingdom,989,1.1666666666666667,364,2221.01,12,1,1,0,12,30,1,1,-1,1
14829,29,1,165.92,20.74,15.0,26.56,27.653333333333332,Kitchen,199.9,Storage,United Kingdom,452,0.16666666666666666,343,697.55,4,0,0,5,11,30,0,0,0,0
14830,53,1,188.88,4.843076923076923,0.38,22.880000000000003,31.48,Other,50.4,Seasonal,United Kingdom,164,0.16666666666666666,0,188.88,1,0,0,6,9,30,0,0,0,0
14834,18,5,1476.61,26.368035714285714,9.959999999999999,128.88,246.10166666666666,Home Decor,536.19,Seasonal,United Kingdom,734,0.8333333333333334,222,1720.3,6,0,0,4,9,30,0,0,0,0
14836,10,3,102.44999999999999,17.075,3.0,23.4,17.075,Other,64.8,Stationery,United Kingdom,45,0.5,20,102.44999999999999,3,0,0,6,10,30,0,0,0,0
14837,90,3,1157.24,14.836410256410257,4.5600000000000005,33.0,192.87333333333333,Home Decor,345.24,Furniture,United Kingdom,1436,0.5,111,1649.5,4,0,0,4,4,30,0,0,0,0
14841,53,3,1513.91,26.55982456140351,9.899999999999999,60.480000000000004,252.31833333333336,Kitchen,1026.71,Seasonal,United Kingdom,1778,0.5,305,3295.76,6,0,0,5,9,30,0,0,0,0
14842,44,2,1136.21,16.958358208955225,8.2,39.599999999999994,189.36833333333334,Kitchen,568.36,Garden & Outdoor,United Kingdom,1166,0.3333333333333333,264,2824.69,4,0,0,5,5,30,0,0,0,0
14844,64,3,2315.26,25.725111111111115,6.72,358.0,385.8766666666667,Kitchen,1406.35,Toys,United Kingdom,1833,0.5,177,3189.81,4,0,0,5,13,30,0,0,0,0
14847,149,1,309.4,23.799999999999997,15.0,53.1,51.56666666666666,Bags,74.6,Kitchen,United Kingdom,120,0.16666666666666666,0,309.4,1,0,0,0,7,30,0,0,0,0
14849,22,15,5517.63,20.435666666666666,5.04,81.12,919.605,Kitchen,2232.7000000000003,Seasonal,United Kingdom,5694,2.5,351,7930.54,25,1,1,5,9,30,1,1,-1,1
14851,23,1,305.22,21.801428571428573,9.36,63.0,50.870000000000005,Stationery,128.4,Seasonal,United Kingdom,325,0.16666666666666666,232,511.35,2,0,0,8,9,30,0,0,0,0
14852,58,5,2346.29,19.71672268907563,7.800000000000001,40.8,391.04833333333335,Home Decor,1116.47,Toys,United Kingdom,1747,0.8333333333333334,193,2836.69,6,0,0,4,13,30,0,0,0,0
14853,24,1,261.3,43.550000000000004,15.0,175.2,43.550000000000004,Kitchen,385.29999999999995,Seasonal,United Kingdom,82,0.16666666666666666,187,475.8,2,0,0,5,9,30,0,0,0,0
14854,78,4,1548.7,20.649333333333335,4.5600000000000005,102.0,258.1166666666667,Stationery,713.2,Toys,United Kingdom,1820,0.6666666666666666,196,2740.03,7,0,0,8,13,30,0,0,0,0
14855,119,2,645.65,32.2825,6.8,82.5,107.60833333333333,Electronics,379.5,Other,United Kingdom,267,0.3333333333333333,15,645.65,2,0,0,2,8,30,0,0,0,0
14856,36,3,1290.53,19.854307692307692,4.68,89.69999999999999,215.08833333333334,Other,353.57,Seasonal,United Kingdom,711,0.5,20,1290.53,3,0,0,6,9,30,0,0,0,0
14857,60,2,1173.12,19.552,8.2,35.400000000000006,195.51999999999998,Home Decor,195.3,Electronics,United Kingdom,464,0.3333333333333333,88,1173.12,2,0,0,4,3,30,0,0,0,0
14859,13,3,1056.88,22.4868085106383,9.36,59.8,176.14666666666668,Bags,457.6,Furniture,United Kingdom,671,0.5,191,1353.74,4,0,0,0,4,30,0,0,0,0
14860,19,1,170.32,15.483636363636363,4.5600000000000005,40.56,28.386666666666667,Other,65.0,Electronics,United Kingdom,232,0.16666666666666666,0,170.32,1,0,0,6,3,30,0,0,0,0
14861,52,1,125.79,20.965,9.120000000000001,39.6,20.965,Storage,74.25,Accessories,United Kingdom,117,0.16666666666666666,0,125.79,1,0,0,9,0,30,0,0,0,0
14862,26,2,841.1999999999999,17.525,4.0,34.8,140.2,Stationery,172.94,Toys,United Kingdom,772,0.3333333333333333,122,841.1999999999999,2,0,0,8,13,30,0,0,0,0
14863,29,1,266.76,24.25090909090909,15.0,64.67999999999999,44.46,Electronics,99.35999999999999,Crockery,United Kingdom,132,0.16666666666666666,0,266.76,1,0,0,2,2,30,0,0,0,0
14868,3,7,2514.26,20.952166666666667,7.4399999999999995,59.400000000000006,419.04333333333335,Storage,485.35,Accessories,United Kingdom,1405,1.1666666666666667,230,2953.59,8,0,1,9,0,30,1,1,3,1
14869,9,2,721.45,10.306428571428572,1.25,25.200000000000003,120.24166666666667,Other,219.43,Garden & Outdoor,United Kingdom,549,0.3333333333333333,94,721.45,2,0,0,6,5,30,0,0,0,0
14871,3,2,272.13,5.23326923076923,1.25,23.700000000000003,45.355,Storage,87.78,Accessories,United Kingdom,179,0.3333333333333333,357,501.28000000000003,4,0,0,9,0,30,0,0,0,0
14875,108,1,1103.32,26.269523809523808,9.959999999999999,139.8,183.88666666666666,Kitchen,600.5,Crockery,United Kingdom,558,0.16666666666666666,155,1465.3200000000002,2,0,0,5,2,30,0,0,0,0
14878,13,4,513.3199999999999,10.694166666666666,1.25,70.8,85.55333333333333,Kitchen,471.97,Electronics,United Kingdom,799,0.6666666666666666,345,1476.09,9,0,0,5,3,30,0,0,0,0
14880,77,1,342.92,16.32952380952381,10.2,25.200000000000003,57.153333333333336,Home Decor,116.24,Bags,United Kingdom,365,0.16666666666666666,211,690.59,3,0,0,4,1,30,0,0,0,0
14881,20,1,255.4,15.023529411764706,4.5600000000000005,30.0,42.56666666666667,Other,69.36,Crockery,United Kingdom,316,0.16666666666666666,0,255.4,1,0,0,6,2,30,0,0,0,0
14882,27,2,589.7,53.60909090909092,22.5,90.0,98.28333333333335,Home Decor,206.9,Other,United Kingdom,158,0.3333333333333333,7,589.7,2,0,0,4,8,30,0,0,0,0
14883,19,5,451.03,13.265588235294118,4.5600000000000005,40.56,75.17166666666667,Home Decor,349.82,Crockery,United Kingdom,790,0.8333333333333334,193,761.59,6,0,0,4,2,30,0,0,0,0
14885,132,1,765.3199999999999,51.02133333333333,13.919999999999998,102.0,127.55333333333333,Stationery,408.6,Home Decor,United Kingdom,724,0.16666666666666666,0,765.3199999999999,1,0,0,8,6,30,0,0,0,0
14887,79,1,1862.0,310.3333333333333,72.0,358.0,310.3333333333333,Bags,1432.0,Kitchen,United Kingdom,1100,0.16666666666666666,0,1862.0,1,0,0,0,7,30,0,0,-1,0
14891,148,1,105.0,17.5,10.5,30.0,17.5,Bags,151.1,Textiles,United Kingdom,505,0.16666666666666666,39,554.38,2,0,0,0,12,30,0,0,0,0
14893,10,2,1237.8500000000001,16.956849315068496,5.04,35.7,206.30833333333337,Bags,269.39,Toys,United Kingdom,799,0.3333333333333333,2,1237.8500000000001,2,0,0,0,13,30,0,0,0,0
14894,85,1,655.75,28.51086956521739,6.64,79.2,109.29166666666667,Storage,200.52,Seasonal,United Kingdom,265,0.16666666666666666,0,655.75,1,0,0,9,9,30,0,0,0,0
14895,8,15,6408.95,22.726773049645388,5.04,158.39999999999998,1068.1583333333333,Kitchen,4094.2,Bags,United Kingdom,4851,2.5,282,11138.710000000001,20,1,1,5,1,30,1,1,-1,1
14897,8,3,1190.88,26.464000000000002,11.399999999999999,83.2,198.48000000000002,Electronics,685.5600000000001,Stationery,United Kingdom,468,0.5,289,1366.38,4,0,0,2,10,30,0,0,0,0
14898,23,2,658.38,7.745647058823529,0.39,100.8,109.73,Home Decor,509.03,Textiles,United Kingdom,1001,0.3333333333333333,347,1269.31,6,0,0,4,12,30,0,0,0,0
14901,11,6,924.24,15.935172413793104,0.65,75.0,154.04,Kitchen,335.8,Seasonal,United Kingdom,661,1.0,361,1421.29,9,0,0,5,9,30,0,0,0,0
14902,26,1,332.66,16.633000000000003,6.959999999999999,30.0,55.443333333333335,Home Decor,63.7,Kitchen,United Kingdom,218,0.16666666666666666,0,332.66,1,0,0,4,7,30,0,0,0,0
14903,21,2,998.4,6.88551724137931,0.42,30.599999999999998,166.4,Home Decor,1044.73,Seasonal,United Kingdom,1531,0.3333333333333333,257,2795.33,5,0,0,4,9,30,0,0,0,0
14904,2,2,1025.44,14.86144927536232,2.88,112.32000000000001,170.90666666666667,Kitchen,245.48,Furniture,United Kingdom,1985,0.3333333333333333,23,1025.44,2,0,0,5,4,30,0,0,0,0
14905,158,1,307.6,38.45,10.2,81.6,51.26666666666667,Electronics,244.79999999999998,Other,United Kingdom,287,0.16666666666666666,76,616.15,2,0,0,2,8,30,0,0,0,0
14907,3,4,2540.41,21.528898305084745,9.959999999999999,95.69999999999999,423.40166666666664,Kitchen,927.47,Garden & Outdoor,United Kingdom,1691,0.6666666666666666,364,3501.1,7,0,0,5,5,30,0,0,0,0
14908,74,1,277.8,30.866666666666667,9.9,79.6,46.300000000000004,Home Decor,249.7,Seasonal,United Kingdom,132,0.16666666666666666,0,277.8,1,0,0,4,9,30,0,0,0,0
14910,3,4,434.35,14.478333333333333,5.1,24.96,72.39166666666667,Home Decor,142.07,Electronics,United Kingdom,238,0.6666666666666666,51,434.35,4,0,0,4,3,30,0,0,0,0
14912,17,1,385.06,29.62,8.4,72.0,64.17666666666666,Other,397.47999999999996,Bags,Italy,971,0.16666666666666666,229,867.85,2,0,0,6,1,16,0,0,0,0
14913,36,1,310.28000000000003,12.411200000000001,6.3,25.200000000000003,51.71333333333334,Other,271.09999999999997,Seasonal,United Kingdom,1743,0.16666666666666666,323,1227.43,4,0,0,6,9,30,0,0,0,0
14915,91,1,165.20000000000002,41.300000000000004,12.5,83.4,27.533333333333335,Home Decor,116.78,Toys,United Kingdom,112,0.16666666666666666,186,307.48,2,0,0,4,13,30,0,0,0,0
14916,71,3,973.93,15.708548387096773,4.5600000000000005,50.400000000000006,162.32166666666666,Kitchen,457.45,Furniture,United Kingdom,1136,0.5,253,1268.98,4,0,0,5,4,30,0,0,0,0
14918,116,2,1610.15,35.781111111111116,6.6000000000000005,81.6,268.35833333333335,Other,469.20000000000005,Stationery,United Kingdom,675,0.3333333333333333,38,1610.15,2,0,0,6,10,30,0,0,0,0
14921,30,1,413.06,16.5224,2.88,49.5,68.84333333333333,Stationery,395.40000000000003,Textiles,United Kingdom,953,0.16666666666666666,171,1316.07,2,0,0,8,12,30,0,0,0,0
14923,51,1,749.1,17.025000000000002,4.68,46.8,124.85000000000001,Home Decor,236.73000000000002,Seasonal,United Kingdom,418,0.16666666666666666,0,749.1,1,0,0,4,9,30,0,0,0,0
14929,32,1,223.88,20.35272727272727,10.2,51.0,37.31333333333333,Electronics,93.18,Textiles,United Kingdom,136,0.16666666666666666,0,223.88,1,0,0,2,12,30,0,0,0,0
14930,109,2,1258.83,19.366615384615383,5.04,51.0,209.80499999999998,Home Decor,845.26,Furniture,Channel Islands,1160,0.3333333333333333,165,2362.96,3,0,0,4,4,4,0,0,0,0
14931,5,3,671.6800000000001,21.66709677419355,4.5600000000000005,99.0,111.94666666666667,Other,463.32,Seasonal,Channel Islands,417,0.5,236,1257.68,5,0,0,6,9,4,0,0,0,0
14934,82,1,1062.1,22.12708333333333,9.959999999999999,81.6,177.01666666666665,Kitchen,454.95,Furniture,Channel Islands,1042,0.16666666666666666,200,1890.94,2,0,0,5,4,4,0,0,0,0
14936,34,7,6560.66,23.182544169611308,6.959999999999999,262.79999999999995,1093.4433333333334,Kitchen,2591.93,Garden & Outdoor,Channel Islands,4085,1.1666666666666667,241,8137.02,8,0,1,5,5,4,1,1,-1,1
14937,57,3,1621.88,47.70235294117647,12.72,212.4,270.31333333333333,Kitchen,521.36,Textiles,Channel Islands,484,0.5,73,1621.88,3,0,0,5,12,4,0,0,-1,0
14944,30,7,4068.2200000000003,39.49728155339806,7.800000000000001,118.80000000000001,678.0366666666667,Home Decor,2504.2200000000003,Seasonal,United Kingdom,2815,1.1666666666666667,266,5900.25,12,1,1,4,9,30,1,1,1,1
14947,72,2,290.82,20.77285714285714,10.2,49.92,48.47,Home Decor,166.02,Other,United Kingdom,179,0.3333333333333333,58,290.82,2,0,0,4,8,30,0,0,0,0
14948,23,5,823.57,16.471400000000003,6.64,39.8,137.26166666666668,Kitchen,717.47,Stationery,United Kingdom,673,0.8333333333333334,196,1101.97,6,0,0,5,10,30,0,0,0,0
14950,19,1,371.2,19.53684210526316,6.959999999999999,49.800000000000004,61.86666666666667,Electronics,146.4,Seasonal,United Kingdom,136,0.16666666666666666,0,371.2,1,0,0,2,9,30,0,0,0,0
14951,79,1,311.69,15.5845,1.92,38.25,51.94833333333333,Stationery,88.8,Furniture,United Kingdom,311,0.16666666666666666,0,311.69,1,0,0,8,4,30,0,0,0,0
14952,60,4,4564.88,89.50745098039216,9.36,350.4,760.8133333333334,Kitchen,2879.32,Bags,United Kingdom,3355,0.6666666666666666,304,8099.49,11,1,0,5,1,30,1,0,-1,1
14953,25,1,285.67,5.2901851851851855,0.39,19.9,47.61166666666667,Home Decor,54.53,Seasonal,United Kingdom,224,0.16666666666666666,0,285.67,1,0,0,4,9,30,0,0,0,0
14954,12,1,294.85,3.8292207792207793,0.39,25.5,49.14166666666667,Kitchen,88.73,Furniture,United Kingdom,117,0.16666666666666666,0,294.85,1,0,0,5,4,30,0,0,0,0
14958,147,1,107.39999999999999,13.424999999999999,3.3,29.9,17.9,Other,301.46,Crockery,United Kingdom,128,0.16666666666666666,98,483.72999999999996,3,0,0,6,2,30,0,0,0,0
14959,64,2,273.04,19.502857142857145,11.7,35.400000000000006,45.50666666666667,Home Decor,329.04,Seasonal,United Kingdom,494,0.3333333333333333,232,695.42,4,0,0,4,9,30,0,0,0,0
14960,8,2,221.27,8.195185185185185,0.39,67.5,36.87833333333334,Other,79.65,Storage,United Kingdom,221,0.3333333333333333,162,221.27,2,0,0,6,11,30,0,0,0,0
14961,11,4,3865.02,22.735411764705884,8.5,99.60000000000001,644.17,Kitchen,2305.01,Accessories,United Kingdom,3708,0.6666666666666666,349,7044.68,9,0,0,5,0,30,1,0,0,1
14963,10,4,1178.14,7.650259740259741,0.12,72.0,196.35666666666668,Other,403.6,Garden & Outdoor,United Kingdom,1159,0.6666666666666666,173,1472.34,5,0,0,6,5,30,0,0,0,0
14965,96,2,596.09,7.359135802469136,0.55,75.0,99.34833333333334,Home Decor,168.87,Electronics,United Kingdom,363,0.3333333333333333,0,596.09,2,0,0,4,3,30,0,0,0,0
14966,15,1,183.02,5.08388888888889,1.1,16.4,30.503333333333334,Other,39.87,Crockery,United Kingdom,179,0.16666666666666666,0,183.02,1,0,0,6,2,30,0,0,0,0
14967,50,1,463.8,77.3,15.0,204.0,77.3,Storage,263.4,Stationery,United Kingdom,140,0.16666666666666666,0,463.8,1,0,0,9,10,30,0,0,0,0
14968,30,1,147.59,3.988918918918919,0.29,14.850000000000001,24.598333333333333,Stationery,32.99,Furniture,United Kingdom,127,0.16666666666666666,0,147.59,1,0,0,8,4,30,0,0,0,0
14970,68,2,809.81,36.80954545454545,0.83,70.8,134.96833333333333,Textiles,994.65,Toys,United Kingdom,250,0.3333333333333333,248,1592.06,4,0,0,10,13,30,0,0,0,0
14971,35,3,1097.98,7.083741935483871,0.21,28.9,182.99666666666667,Home Decor,201.5,Garden & Outdoor,United Kingdom,639,0.5,8,1097.98,3,0,0,4,5,30,0,0,0,0
14972,128,1,114.77,6.376111111111111,1.26,19.9,19.128333333333334,Other,29.59,Furniture,United Kingdom,28,0.16666666666666666,0,114.77,1,0,0,6,4,30,0,0,0,0
14973,107,2,659.85,24.43888888888889,5.04,165.0,109.97500000000001,Home Decor,706.84,Kitchen,United Kingdom,369,0.3333333333333333,118,1314.45,3,0,0,4,7,30,0,0,0,0
14974,37,1,89.94,5.290588235294117,2.08,12.5,14.99,Other,18.58,Home Decor,United Kingdom,37,0.16666666666666666,0,89.94,1,0,0,6,6,30,0,0,0,0
14975,57,1,279.94,25.44909090909091,0.95,53.55,46.656666666666666,Home Decor,135.9,Other,United Kingdom,380,0.16666666666666666,0,279.94,1,0,0,4,8,30,0,0,0,0
14976,57,4,340.6,13.100000000000001,1.0,31.25,56.76666666666667,Home Decor,362.75,Seasonal,United Kingdom,234,0.6666666666666666,269,790.86,7,0,0,4,9,30,0,0,0,0
14978,72,1,394.14,10.372105263157895,1.58,35.400000000000006,65.69,Textiles,496.5,Toys,United Kingdom,523,0.16666666666666666,258,1921.3700000000001,5,0,0,10,13,30,0,0,0,0
14984,19,1,100.14,4.3539130434782605,0.39,8.25,16.69,Home Decor,59.05,Electronics,United Kingdom,58,0.16666666666666666,161,202.37,2,0,0,4,3,30,0,0,0,0
14987,16,1,163.2,81.6,81.6,81.6,27.2,Electronics,326.4,Electronics,United Kingdom,128,0.16666666666666666,349,326.4,2,0,0,2,3,30,0,0,-1,0
14995,39,1,112.67,4.898695652173913,0.39,9.95,18.778333333333332,Home Decor,103.32000000000001,Seasonal,United Kingdom,102,0.16666666666666666,241,231.98000000000002,2,0,0,4,9,30,0,0,0,0
14997,46,3,546.1999999999999,21.007692307692306,4.5600000000000005,46.8,91.03333333333332,Home Decor,221.04,Stationery,United Kingdom,1120,0.5,131,546.1999999999999,3,0,0,4,10,30,0,0,0,0
14998,170,1,231.23,7.2259375,0.55,43.8,38.538333333333334,Kitchen,157.3,Seasonal,United Kingdom,258,0.16666666666666666,71,414.87,2,0,0,5,9,30,0,0,0,0
15000,48,1,490.52,6.37038961038961,0.85,30.599999999999998,81.75333333333333,Home Decor,95.17,Seasonal,United Kingdom,218,0.16666666666666666,0,490.52,1,0,0,4,9,30,0,0,0,0
15002,116,1,494.17,12.35425,3.75,35.400000000000006,82.36166666666666,Home Decor,753.8,Storage,United Kingdom,862,0.16666666666666666,251,1641.76,4,0,0,4,11,30,0,0,0,0
15004,147,1,1220.77,7.927077922077922,0.39,112.5,203.46166666666667,Kitchen,258.08,Accessories,United Kingdom,623,0.16666666666666666,0,1220.77,1,0,0,5,0,30,0,0,0,0
15005,16,15,3354.0,5.599332220367279,0.39,30.24,559.0,Home Decor,1676.3,Furniture,United Kingdom,4230,2.5,350,6295.37,28,1,1,4,4,30,1,1,-1,1
15006,51,1,480.38,3.639242424242424,0.12,37.5,80.06333333333333,Other,126.41,Bags,United Kingdom,286,0.16666666666666666,0,480.38,1,0,0,6,1,30,0,0,0,0
15007,159,1,156.91,13.075833333333334,3.3,29.700000000000003,26.151666666666667,Kitchen,55.050000000000004,Bags,United Kingdom,69,0.16666666666666666,0,156.91,1,0,0,5,1,30,0,0,0,0
15009,12,3,1259.43,6.996833333333334,0.65,45.0,209.905,Home Decor,339.85,Seasonal,United Kingdom,639,0.5,12,1259.43,3,0,0,4,9,30,0,0,0,0
15010,36,1,308.94,15.447,9.959999999999999,30.0,51.49,Home Decor,125.35,Seasonal,United Kingdom,184,0.16666666666666666,0,308.94,1,0,0,4,9,30,0,0,0,0
15012,54,1,216.48,3.0925714285714285,0.39,12.75,36.08,Kitchen,84.7,Textiles,United Kingdom,225,0.16666666666666666,319,405.04,2,0,0,5,12,30,0,0,0,0
15014,43,2,257.67,7.808181818181819,0.85,82.5,42.945,Home Decor,147.04,Bags,United Kingdom,149,0.3333333333333333,133,257.67,2,0,0,4,1,30,0,0,0,0
15016,173,1,170.04,8.501999999999999,0.55,17.0,28.34,Home Decor,46.71,Kitchen,United Kingdom,76,0.16666666666666666,0,170.04,1,0,0,4,7,30,0,0,0,0
15017,34,1,125.58,6.279,1.9,12.48,20.93,Home Decor,55.730000000000004,Crockery,United Kingdom,63,0.16666666666666666,0,125.58,1,0,0,4,2,30,0,0,0,0
15018,39,1,204.87,14.633571428571429,2.5,25.0,34.145,Electronics,126.13,Home Decor,United Kingdom,189,0.16666666666666666,329,496.21000000000004,3,0,0,2,6,30,0,0,0,0
15021,9,6,1207.01,4.389127272727273,0.19,24.900000000000002,201.16833333333332,Home Decor,996.51,Accessories,United Kingdom,819,1.0,357,1871.77,9,0,0,4,0,30,0,0,0,0
15022,12,4,852.39,7.044545454545454,0.42,39.95,142.065,Home Decor,221.83,Bags,United Kingdom,527,0.6666666666666666,35,852.39,4,0,0,4,1,30,0,0,0,0
15023,3,7,3945.03,13.890950704225352,0.55,250.0,657.505,Home Decor,1824.19,Accessories,United Kingdom,2827,1.1666666666666667,366,6720.41,11,1,1,4,0,30,1,1,1,1
15024,10,7,955.84,10.503736263736265,0.42,39.599999999999994,159.30666666666667,Home Decor,530.54,Toys,United Kingdom,902,1.1666666666666667,357,1636.43,10,0,1,4,13,30,0,1,3,0
15025,33,1,361.96,5.402388059701492,0.83,30.0,60.32666666666666,Home Decor,88.55,Textiles,United Kingdom,184,0.16666666666666666,0,361.96,1,0,0,4,12,30,0,0,0,0
15026,80,1,238.22,6.806285714285714,1.65,16.5,39.70333333333333,Home Decor,165.85,Bags,United Kingdom,285,0.16666666666666666,197,469.0,3,0,0,4,1,30,0,0,0,0
15027,31,2,412.03000000000003,19.620476190476193,8.5,51.0,68.67166666666667,Home Decor,362.8,Crockery,United Kingdom,565,0.3333333333333333,207,1066.1499999999999,4,0,0,4,2,30,0,0,0,0
15028,8,3,441.16,12.97529411764706,0.39,58.5,73.52666666666667,Stationery,154.93,Electronics,United Kingdom,459,0.5,360,627.13,4,0,0,8,3,30,0,0,0,0
15030,72,1,365.52000000000004,91.38000000000001,76.32000000000001,99.0,60.92000000000001,Electronics,372.48,Kitchen,United Kingdom,372,0.16666666666666666,196,518.28,2,0,0,2,7,30,0,0,-1,0
15031,4,3,502.36,5.841395348837209,0.39,72.0,83.72666666666667,Home Decor,135.39,Furniture,United Kingdom,400,0.5,277,653.19,4,0,0,4,4,30,0,0,0,0
15033,5,7,1401.56,4.325802469135803,0.39,52.02,233.59333333333333,Other,552.42,Accessories,United Kingdom,1672,1.1666666666666667,324,2557.18,10,0,1,6,0,30,1,1,3,1
15034,16,3,1633.78,7.892657004830918,0.36,72.0,272.2966666666667,Home Decor,1374.0,Accessories,United Kingdom,2413,0.5,338,4274.16,8,0,0,4,0,30,0,0,0,0
15035,90,1,252.73000000000002,9.36037037037037,0.83,35.400000000000006,42.12166666666667,Home Decor,90.24,Storage,United Kingdom,245,0.16666666666666666,0,252.73000000000002,1,0,0,4,11,30,0,0,0,0
15036,72,3,429.56,3.609747899159664,0.19,23.400000000000002,71.59333333333333,Kitchen,77.14,Toys,United Kingdom,316,0.5,107,429.56,3,0,0,5,13,30,0,0,0,0
15038,59,2,188.04,9.402,1.65,49.5,31.34,Home Decor,177.03,Garden & Outdoor,United Kingdom,212,0.3333333333333333,311,685.74,6,0,0,4,5,30,0,0,0,0
15043,31,1,537.0,179.0,179.0,179.0,89.5,Bags,537.0,Bags,United Kingdom,300,0.16666666666666666,0,537.0,1,0,0,0,1,30,0,0,-1,0
15044,19,6,3179.0,14.786046511627907,0.85,53.699999999999996,529.8333333333334,Home Decor,2283.36,Garden & Outdoor,United Kingdom,2785,1.0,342,7634.7300000000005,17,1,0,4,5,30,1,0,-1,1
15045,152,1,346.76,43.345,3.4799999999999995,91.80000000000001,57.79333333333333,Kitchen,243.2,Storage,United Kingdom,114,0.16666666666666666,105,735.66,2,0,0,5,11,30,0,0,0,0
15046,9,7,2813.81,33.90132530120482,0.95,232.0,468.9683333333333,Home Decor,3757.5099999999998,Stationery,United Kingdom,3372,1.1666666666666667,329,5090.42,15,1,1,4,10,30,1,1,-1,1
15048,65,2,126.75,3.6214285714285714,0.39,16.5,21.125,Other,79.35,Seasonal,United Kingdom,192,0.3333333333333333,303,381.0,4,0,0,6,9,30,0,0,0,0
15050,25,3,1737.69,22.86434210526316,0.39,120.0,289.615,Home Decor,787.07,Kitchen,United Kingdom,1216,0.5,46,1737.69,3,0,0,4,7,30,0,0,0,0
15051,23,3,1383.3600000000001,9.741971830985916,0.84,85.80000000000001,230.56000000000003,Electronics,261.32,Furniture,United Kingdom,1010,0.5,127,1383.3600000000001,3,0,0,2,4,30,0,0,0,0
15053,5,2,471.3,9.618367346938776,0.42,50.0,78.55,Other,384.71999999999997,Crockery,United Kingdom,984,0.3333333333333333,277,693.95,3,0,0,6,2,30,0,0,0,0
15058,25,5,1102.13,9.583739130434784,0.65,46.2,183.68833333333336,Toys,460.15000000000003,Furniture,United Kingdom,1054,0.8333333333333334,286,2102.54,11,1,0,11,4,30,0,0,-1,0
15059,41,5,768.7,5.610948905109489,0.39,35.8,128.11666666666667,Home Decor,501.83,Accessories,United Kingdom,604,0.8333333333333334,293,1337.72,9,0,0,4,0,30,0,0,0,0
15062,71,1,173.82,14.485,9.120000000000001,20.8,28.97,Bags,273.1,Electronics,United Kingdom,763,0.16666666666666666,288,987.86,4,0,0,0,3,30,0,0,0,0
15065,38,2,1751.73,21.105180722891568,6.64,59.400000000000006,291.955,Kitchen,1069.76,Seasonal,United Kingdom,1383,0.3333333333333333,253,3158.13,4,0,0,5,9,30,0,0,0,0
15066,53,1,893.59,21.275952380952383,5.04,66.4,148.93166666666667,Kitchen,407.8,Stationery,United Kingdom,317,0.16666666666666666,0,893.59,1,0,0,5,10,30,0,0,0,0
15067,78,2,896.71,19.078936170212767,9.36,66.24,149.45166666666668,Kitchen,528.64,Furniture,United Kingdom,954,0.3333333333333333,204,1744.76,3,0,0,5,4,30,0,0,0,0
15068,46,1,313.4,4.821538461538461,0.84,17.9,52.23333333333333,Other,175.0,Accessories,United Kingdom,364,0.16666666666666666,210,553.36,2,0,0,6,0,30,0,0,0,0
15071,94,1,393.40000000000003,28.1,14.850000000000001,79.80000000000001,65.56666666666668,Home Decor,685.9,Bags,United Kingdom,269,0.16666666666666666,182,982.07,2,0,0,4,1,30,0,0,0,0
15073,10,1,181.45,18.145,10.2,24.75,30.241666666666664,Home Decor,604.0,Stationery,United Kingdom,491,0.16666666666666666,177,1043.41,3,0,0,4,10,30,0,0,0,0
15074,105,1,735.67,17.943170731707315,12.600000000000001,34.68,122.61166666666666,Toys,138.9,Textiles,United Kingdom,431,0.16666666666666666,0,735.67,1,0,0,11,12,30,0,0,0,0
15075,78,1,773.03,28.63074074074074,9.36,102.0,128.83833333333334,Stationery,213.18,Bags,United Kingdom,447,0.16666666666666666,0,773.03,1,0,0,8,1,30,0,0,0,0
15076,173,1,880.85,17.976530612244897,6.959999999999999,50.400000000000006,146.80833333333334,Kitchen,343.96,Bags,United Kingdom,571,0.16666666666666666,0,880.85,1,0,0,5,1,30,0,0,0,0
15078,7,18,5558.95,23.2592050209205,9.36,50.400000000000006,926.4916666666667,Bags,3696.12,Furniture,United Kingdom,5105,3.0,361,9743.11,32,1,1,0,4,30,1,1,-1,1
15081,22,3,256.75,16.046875,9.9,35.400000000000006,42.791666666666664,Electronics,239.41000000000003,Furniture,United Kingdom,190,0.5,345,504.8,5,0,0,2,4,30,0,0,0,0
15088,21,2,1160.07,20.352105263157895,5.04,85.0,193.345,Home Decor,258.84000000000003,Toys,United Kingdom,460,0.3333333333333333,45,1160.07,2,0,0,4,13,30,0,0,0,0
15089,10,6,2420.84,16.69544827586207,5.04,68.0,403.47333333333336,Kitchen,686.79,Accessories,United Kingdom,1359,1.0,118,2420.84,6,0,0,5,0,30,0,0,0,0
15091,68,1,480.71,16.023666666666667,5.04,34.0,80.11833333333333,Electronics,97.45,Accessories,United Kingdom,346,0.16666666666666666,0,480.71,1,0,0,2,0,30,0,0,0,0
15093,18,2,1200.34,46.16692307692308,12.5,162.24,200.05666666666664,Home Decor,2325.54,Furniture,United Kingdom,3760,0.3333333333333333,353,4597.02,6,0,0,4,4,30,0,0,-1,0
15095,104,3,600.1,33.33888888888889,13.52,60.0,100.01666666666667,Other,383.28,Accessories,United Kingdom,1079,0.5,99,1370.6,4,0,0,6,0,30,0,0,0,0
15096,43,1,219.39000000000001,19.944545454545455,6.64,46.8,36.565000000000005,Other,76.8,Home Decor,United Kingdom,120,0.16666666666666666,0,219.39000000000001,1,0,0,6,6,30,0,0,0,0
15097,4,1,248.08,9.923200000000001,0.79,23.8,41.34666666666667,Home Decor,56.59,Storage,United Kingdom,170,0.16666666666666666,0,248.08,1,0,0,4,11,30,0,0,0,0
15099,84,1,410.48,17.84695652173913,6.63,79.67999999999999,68.41333333333334,Home Decor,280.63,Kitchen,United Kingdom,343,0.16666666666666666,0,410.48,1,0,0,4,7,30,0,0,0,0
15101,9,1,215.25,53.8125,17.85,104.39999999999999,35.875,Electronics,166.8,Other,United Kingdom,241,0.16666666666666666,350,317.53,2,0,0,2,8,30,0,0,0,0
15103,31,2,703.36,20.096,6.64,85.0,117.22666666666667,Other,186.28,Storage,United Kingdom,329,0.3333333333333333,55,703.36,2,0,0,6,11,30,0,0,0,0
15105,18,7,2298.93,22.76168316831683,6.64,162.72,383.155,Toys,629.12,Furniture,United Kingdom,1211,1.1666666666666667,116,2298.93,7,0,1,11,4,30,1,1,-1,1
15106,18,3,644.0699999999999,13.703617021276594,6.84,39.599999999999994,107.34499999999998,Home Decor,251.29999999999998,Furniture,United Kingdom,1181,0.5,251,1422.52,5,0,0,4,4,30,0,0,0,0
15108,142,1,676.8,23.337931034482757,12.5,60.0,112.8,Stationery,269.4,Electronics,European Community,499,0.16666666666666666,85,1300.25,4,0,0,8,3,9,0,0,0,0
15110,24,3,826.45,31.786538461538463,10.2,119.85000000000001,137.74166666666667,Electronics,450.4,Toys,United Kingdom,246,0.5,294,996.1,4,0,0,2,13,30,0,0,0,0
15111,29,2,1278.98,18.808529411764706,2.88,39.6,213.16333333333333,Home Decor,485.07,Bags,United Kingdom,710,0.3333333333333333,343,1567.48,3,0,0,4,1,30,0,0,0,0
15113,10,3,3509.43,36.179690721649486,0.39,244.79999999999998,584.905,Electronics,798.5899999999999,Bags,United Kingdom,2344,0.5,44,3509.43,3,0,0,2,1,30,0,0,-1,0
15114,30,6,1733.31,13.756428571428572,4.5600000000000005,51.0,288.885,Other,813.8,Electronics,United Kingdom,3096,1.0,271,2760.56,10,0,0,6,3,30,0,0,0,0
15115,18,1,340.11,16.195714285714285,5.04,34.0,56.685,Home Decor,140.79,Other,United Kingdom,157,0.16666666666666666,0,340.11,1,0,0,4,8,30,0,0,0,0
15116,18,3,873.1,29.103333333333335,7.9,157.92000000000002,145.51666666666668,Kitchen,856.15,Seasonal,United Kingdom,648,0.5,187,1352.75,4,0,0,5,9,30,0,0,0,0
15117,15,4,1239.38,17.45605633802817,1.65,160.0,206.56333333333336,Other,365.91999999999996,Textiles,United Kingdom,1948,0.6666666666666666,200,1551.78,5,0,0,6,12,30,0,0,0,0
15118,134,1,244.8,244.8,244.8,244.8,40.800000000000004,Other,244.8,Other,United Kingdom,1440,0.16666666666666666,0,244.8,1,0,0,6,8,30,0,0,-1,0
15120,134,1,358.82,17.086666666666666,10.2,39.95,59.803333333333335,Other,88.3,Crockery,United Kingdom,296,0.16666666666666666,0,358.82,1,0,0,6,2,30,0,0,0,0
15121,50,1,162.57,16.256999999999998,6.64,25.0,27.095,Kitchen,154.33,Accessories,United Kingdom,199,0.16666666666666666,238,457.72,2,0,0,5,0,30,0,0,0,0
15122,114,1,703.17,19.5325,5.04,41.6,117.195,Kitchen,506.34,Textiles,United Kingdom,800,0.16666666666666666,183,1633.78,3,0,0,5,12,30,0,0,0,0
15123,7,1,1129.84,21.317735849056604,9.36,81.12,188.30666666666664,Home Decor,334.79,Bags,United Kingdom,1195,0.16666666666666666,198,2199.31,2,0,0,4,1,30,0,0,0,0
15124,23,1,93.44,15.573333333333332,7.9,20.4,15.573333333333332,Other,56.75,Toys,United Kingdom,233,0.16666666666666666,169,184.19,2,0,0,6,13,30,0,0,0,0
15125,25,11,4217.76,81.11076923076924,8.5,180.0,702.96,Kitchen,3328.24,Garden & Outdoor,United Kingdom,6193,1.8333333333333333,245,11528.48,15,1,1,5,5,30,1,1,-1,1
15127,66,1,406.53,25.408125,15.0,60.0,67.755,Home Decor,156.0,Crockery,United Kingdom,251,0.16666666666666666,0,406.53,1,0,0,4,2,30,0,0,0,0
15128,60,3,987.3,14.308695652173913,4.8,49.800000000000004,164.54999999999998,Kitchen,359.73,Seasonal,United Kingdom,1343,0.5,159,1471.0,4,0,0,5,9,30,0,0,0,0
15129,50,7,2327.02,52.88681818181818,9.9,408.0,387.83666666666664,Storage,1861.2,Furniture,United Kingdom,1794,1.1666666666666667,241,3447.4,11,1,1,9,4,30,1,1,-1,1
15130,170,1,330.11,15.005,6.959999999999999,35.400000000000006,55.01833333333334,Home Decor,196.31,Crockery,United Kingdom,197,0.16666666666666666,0,330.11,1,0,0,4,2,30,0,0,0,0
15132,18,3,488.06,18.076296296296295,9.959999999999999,35.400000000000006,81.34333333333333,Kitchen,324.62,Toys,United Kingdom,679,0.5,244,977.9300000000001,5,0,0,5,13,30,0,0,0,0
15133,128,1,324.52,27.043333333333333,4.5600000000000005,87.0,54.086666666666666,Other,300.02,Kitchen,United Kingdom,680,0.16666666666666666,174,982.42,3,0,0,6,7,30,0,0,0,0
15134,15,6,1148.54,19.466779661016947,7.08,53.1,191.42333333333332,Electronics,378.65000000000003,Crockery,United Kingdom,887,1.0,225,1387.99,8,0,0,2,2,30,0,0,0,0
15136,3,4,1286.7,18.92205882352941,10.2,52.199999999999996,214.45000000000002,Kitchen,560.8,Crockery,United Kingdom,776,0.6666666666666666,93,1286.7,4,0,0,5,2,30,0,0,0,0
15140,52,4,1226.8,29.921951219512195,7.9,69.6,204.46666666666667,Kitchen,633.82,Seasonal,United Kingdom,1572,0.6666666666666666,211,2354.25,7,0,0,5,9,30,0,0,0,0
15142,46,1,498.74,19.182307692307692,7.9,53.1,83.12333333333333,Stationery,150.36,Seasonal,United Kingdom,365,0.16666666666666666,0,498.74,1,0,0,8,9,30,0,0,0,0
15144,8,12,4885.42,29.60860606060606,6.959999999999999,102.0,814.2366666666667,Bags,1179.1000000000001,Seasonal,United Kingdom,3050,2.0,304,6580.44,17,1,1,0,9,30,1,1,-1,1
15145,4,2,470.7,18.103846153846153,8.2,43.8,78.45,Kitchen,368.05,Seasonal,United Kingdom,756,0.3333333333333333,244,1194.73,4,0,0,5,9,30,0,0,0,0
15146,165,1,492.94,17.605,5.04,81.6,82.15666666666667,Other,473.09999999999997,Accessories,United Kingdom,1473,0.16666666666666666,126,1327.16,2,0,0,6,0,30,0,0,0,0
15148,11,1,301.29,15.0645,2.88,23.4,50.215,Toys,159.0,Other,United Kingdom,187,0.16666666666666666,0,301.29,1,0,0,11,8,30,0,0,0,0
15149,134,1,520.8000000000001,22.643478260869568,12.75,67.5,86.80000000000001,Kitchen,223.0,Home Decor,United Kingdom,128,0.16666666666666666,0,520.8000000000001,1,0,0,5,6,30,0,0,0,0
15150,17,8,3973.26,16.08607287449393,4.68,40.8,662.21,Home Decor,1090.0,Textiles,United Kingdom,3642,1.3333333333333333,251,5291.33,10,0,1,4,12,30,1,1,-1,1
15152,10,12,3989.59,17.498201754385967,3.3600000000000003,41.7,664.9316666666667,Kitchen,1227.15,Accessories,United Kingdom,2704,2.0,177,4745.69,13,1,1,5,0,30,1,1,-1,1
15153,31,1,329.25,14.965909090909092,8.7,28.080000000000002,54.875,Other,101.21000000000001,Electronics,United Kingdom,198,0.16666666666666666,0,329.25,1,0,0,6,3,30,0,0,0,0
15154,75,1,254.28,3.581408450704225,0.19,25.0,42.38,Other,68.37,Garden & Outdoor,United Kingdom,89,0.16666666666666666,0,254.28,1,0,0,6,5,30,0,0,0,0
15156,1,3,961.49,17.481636363636365,5.04,47.8,160.24833333333333,Other,466.09,Kitchen,United Kingdom,597,0.5,32,961.49,3,0,0,6,7,30,0,0,0,0
15157,4,2,850.61,11.980422535211268,2.88,85.0,141.76833333333335,Other,491.75,Stationery,United Kingdom,2392,0.3333333333333333,354,1936.07,3,0,0,6,10,30,0,0,0,0
15158,45,1,401.40000000000003,57.34285714285715,9.36,135.0,66.9,Storage,257.04,Other,United Kingdom,198,0.16666666666666666,0,401.40000000000003,1,0,0,9,8,30,0,0,0,0
15159,2,16,12965.14,24.60178368121442,2.88,195.60000000000002,2160.8566666666666,Home Decor,3636.08,Garden & Outdoor,United Kingdom,11441,2.6666666666666665,359,18641.010000000002,30,1,1,4,5,30,1,1,-1,1
15163,18,1,149.47,7.866842105263157,1.65,29.700000000000003,24.911666666666665,Storage,93.27,Textiles,United Kingdom,186,0.16666666666666666,173,304.47,2,0,0,9,12,30,0,0,0,0
15164,69,1,461.35,10.029347826086957,2.55,29.700000000000003,76.89166666666667,Home Decor,488.08,Bags,United Kingdom,351,0.16666666666666666,270,824.58,3,0,0,4,1,30,0,0,0,0
15168,26,1,106.56,21.312,6.959999999999999,47.7,17.76,Other,65.1,Seasonal,United Kingdom,52,0.16666666666666666,0,106.56,1,0,0,6,9,30,0,0,0,0
15172,9,3,1097.85,15.247916666666665,4.5600000000000005,40.8,182.975,Other,376.81,Textiles,United Kingdom,1611,0.5,227,1624.05,5,0,0,6,12,30,0,0,0,0
15175,72,1,224.14,9.745217391304347,2.88,19.5,37.35666666666666,Other,75.92,Electronics,United Kingdom,454,0.16666666666666666,0,224.14,1,0,0,6,3,30,0,0,0,0
15179,18,2,751.83,15.996382978723405,4.5600000000000005,39.599999999999994,125.305,Stationery,446.86,Electronics,United Kingdom,1938,0.3333333333333333,300,2206.95,5,0,0,8,3,30,0,0,0,0
15181,66,2,389.47999999999996,27.819999999999997,6.959999999999999,104.0,64.91333333333333,Home Decor,325.67999999999995,Kitchen,United Kingdom,544,0.3333333333333333,203,689.4799999999999,3,0,0,4,7,30,0,0,0,0
15182,154,1,252.37,19.413076923076922,13.52,30.599999999999998,42.06166666666667,Home Decor,260.67,Crockery,United Kingdom,253,0.16666666666666666,114,622.85,2,0,0,4,2,30,0,0,0,0
15184,29,1,166.97,3.9754761904761904,0.42,20.4,27.828333333333333,Other,111.75,Kitchen,United Kingdom,199,0.16666666666666666,161,402.2,2,0,0,6,7,30,0,0,0,0
15185,70,1,310.62,14.791428571428572,4.68,79.9,51.77,Other,173.38,Electronics,United Kingdom,666,0.16666666666666666,0,310.62,1,0,0,6,3,30,0,0,0,0
15186,14,2,411.41,21.653157894736843,10.2,35.400000000000006,68.56833333333334,Home Decor,274.61,Crockery,United Kingdom,215,0.3333333333333333,154,411.41,2,0,0,4,2,30,0,0,0,0
15187,2,15,4345.58,52.994878048780485,4.68,306.0,724.2633333333333,Other,1502.66,Crockery,United Kingdom,1887,2.5,210,4777.18,16,1,1,6,2,30,1,1,-1,1
15192,120,1,306.33,27.848181818181818,12.600000000000001,69.6,51.055,Kitchen,332.0,Stationery,United Kingdom,918,0.16666666666666666,245,1044.32,3,0,0,5,10,30,0,0,0,0
15193,61,1,499.32,26.28,13.919999999999998,70.8,83.22,Textiles,141.6,Home Decor,United Kingdom,144,0.16666666666666666,0,499.32,1,0,0,10,6,30,0,0,0,0
15194,3,6,3955.35,27.65979020979021,4.5600000000000005,232.0,659.225,Home Decor,3079.9,Furniture,United Kingdom,5703,1.0,365,7616.53,15,1,0,4,4,30,1,0,-1,1
15197,11,1,306.36,18.021176470588237,4.68,76.5,51.06,Other,492.88000000000005,Bags,United Kingdom,469,0.16666666666666666,347,1079.6100000000001,3,0,0,6,1,30,0,0,0,0
15198,92,2,193.64,19.363999999999997,5.04,35.400000000000006,32.27333333333333,Home Decor,50.400000000000006,Stationery,United Kingdom,120,0.3333333333333333,31,193.64,2,0,0,4,10,30,0,0,0,0
15199,59,2,611.55,87.36428571428571,49.050000000000004,127.49999999999999,101.925,Storage,1183.7,Stationery,United Kingdom,396,0.3333333333333333,249,1268.7,4,0,0,9,10,30,0,0,-1,0
15201,87,3,634.27,20.460322580645162,4.68,120.0,105.71166666666666,Kitchen,407.42,Bags,United Kingdom,1210,0.5,160,1236.54,5,0,0,5,1,30,0,0,0,0
15203,26,4,1134.9,13.196511627906977,3.42,23.4,189.15,Bags,738.6,Furniture,United Kingdom,1753,0.6666666666666666,285,1827.8,6,0,0,0,4,30,0,0,0,0
15205,85,2,653.24,17.655135135135136,5.04,87.6,108.87333333333333,Other,184.41,Electronics,United Kingdom,378,0.3333333333333333,42,653.24,2,0,0,6,3,30,0,0,0,0
15206,10,3,402.59999999999997,50.324999999999996,17.700000000000003,61.199999999999996,67.1,Crockery,420.29999999999995,Crockery,United Kingdom,162,0.5,265,420.29999999999995,4,0,0,1,2,30,0,0,0,0
15208,1,4,804.72,20.633846153846154,6.8,66.0,134.12,Kitchen,320.32,Textiles,United Kingdom,316,0.6666666666666666,352,870.12,5,0,0,5,12,30,0,0,0,0
15211,60,1,511.34000000000003,17.63241379310345,10.2,38.25,85.22333333333334,Home Decor,174.75,Furniture,United Kingdom,240,0.16666666666666666,304,894.4100000000001,2,0,0,4,4,30,0,0,0,0
15214,2,6,1009.8100000000001,15.778281250000001,3.8,30.0,168.30166666666668,Stationery,305.94,Textiles,United Kingdom,1254,1.0,241,1661.44,8,0,0,8,12,30,0,0,0,0
15215,47,3,734.94,20.998285714285714,13.0,62.400000000000006,122.49000000000001,Electronics,186.44,Stationery,United Kingdom,225,0.5,49,734.94,3,0,0,2,10,30,0,0,0,0
15216,88,1,96.6,48.3,33.0,63.6,16.099999999999998,Electronics,63.6,Bags,United Kingdom,28,0.16666666666666666,0,96.6,1,0,0,2,1,30,0,0,0,0
15218,11,8,3999.63,38.09171428571429,0.42,232.0,666.605,Other,1408.44,Stationery,United Kingdom,3329,1.3333333333333333,308,5756.89,11,1,1,6,10,30,1,1,1,1
15220,52,3,920.77,15.094590163934425,2.88,45.0,153.46166666666667,Stationery,299.79,Textiles,United Kingdom,1393,0.5,229,1778.96,6,0,0,8,12,30,0,0,0,0
15227,37,2,342.58,22.838666666666665,10.08,37.5,57.096666666666664,Home Decor,366.09000000000003,Toys,United Kingdom,750,0.3333333333333333,280,1219.4,5,0,0,4,13,30,0,0,0,0
15228,66,3,2481.86,26.686666666666667,9.959999999999999,102.0,413.6433333333334,Kitchen,1278.81,Bags,United Kingdom,2255,0.5,228,3386.71,4,0,0,5,1,30,0,0,0,0
15232,113,2,612.06,19.743870967741934,6.959999999999999,50.0,102.00999999999999,Home Decor,186.56,Kitchen,United Kingdom,686,0.3333333333333333,27,612.06,2,0,0,4,7,30,0,0,0,0
15237,2,2,318.67,13.855217391304349,6.64,29.849999999999998,53.11166666666667,Home Decor,328.85,Seasonal,United Kingdom,1071,0.3333333333333333,225,1412.32,4,0,0,4,9,30,0,0,0,0
15238,29,2,771.85,21.44027777777778,4.5600000000000005,125.0,128.64166666666668,Home Decor,290.59999999999997,Textiles,United Kingdom,692,0.3333333333333333,154,1071.99,3,0,0,4,12,30,0,0,0,0
15239,10,2,780.59,15.930408163265307,5.04,35.400000000000006,130.09833333333333,Home Decor,161.42000000000002,Crockery,United Kingdom,594,0.3333333333333333,68,780.59,2,0,0,4,2,30,0,0,0,0
15240,45,2,661.1899999999999,18.36638888888889,5.25,52.199999999999996,110.19833333333332,Kitchen,661.0500000000001,Accessories,United Kingdom,1369,0.3333333333333333,267,1706.57,5,0,0,5,0,30,0,0,0,0
15241,67,4,691.08,17.277,2.88,85.0,115.18,Kitchen,408.97,Furniture,United Kingdom,1818,0.6666666666666666,216,1756.44,8,0,0,5,4,30,0,0,0,0
15243,74,1,316.68,14.394545454545455,6.8,23.4,52.78,Kitchen,73.2,Crockery,United Kingdom,185,0.16666666666666666,0,316.68,1,0,0,5,2,30,0,0,0,0
15244,65,1,333.63,17.559473684210527,5.04,35.400000000000006,55.605,Electronics,150.40000000000003,Furniture,United Kingdom,405,0.16666666666666666,182,631.57,2,0,0,2,4,30,0,0,0,0
15245,134,1,778.12,32.42166666666667,10.08,139.2,129.68666666666667,Home Decor,1143.06,Crockery,United Kingdom,1784,0.16666666666666666,127,2515.84,3,0,0,4,2,30,0,0,0,0
15247,122,1,356.0,59.333333333333336,10.4,81.6,59.333333333333336,Electronics,239.6,Other,United Kingdom,160,0.16666666666666666,0,356.0,1,0,0,2,8,30,0,0,0,0
15249,32,8,3847.09,18.675194174757284,4.5600000000000005,59.400000000000006,641.1816666666667,Kitchen,1403.22,Accessories,United Kingdom,3577,1.3333333333333333,224,6688.46,13,1,1,5,0,30,1,1,1,1
15251,9,9,6389.27,96.80712121212122,38.160000000000004,348.0,1064.8783333333333,Kitchen,3102.04,Seasonal,United Kingdom,6171,1.5,232,10484.99,11,1,1,5,9,30,1,1,-1,1
15252,36,1,440.23,14.674333333333333,6.6000000000000005,25.200000000000003,73.37166666666667,Home Decor,194.7,Bags,United Kingdom,522,0.16666666666666666,146,740.78,2,0,0,4,1,30,0,0,0,0
15253,16,5,918.1999999999999,17.32452830188679,6.959999999999999,40.8,153.03333333333333,Other,225.72,Stationery,United Kingdom,866,0.8333333333333334,153,918.1999999999999,5,0,0,6,10,30,0,0,0,0
15254,127,1,300.36,16.686666666666667,7.800000000000001,30.24,50.06,Stationery,70.89,Furniture,United Kingdom,275,0.16666666666666666,0,300.36,1,0,0,8,4,30,0,0,0,0
15255,67,1,890.85,18.95425531914894,9.959999999999999,83.4,148.475,Home Decor,303.95,Seasonal,United Kingdom,489,0.16666666666666666,0,890.85,1,0,0,4,9,30,0,0,0,0
15256,149,1,98.45,16.408333333333335,6.8,25.200000000000003,16.408333333333335,Kitchen,48.05,Electronics,United Kingdom,55,0.16666666666666666,0,98.45,1,0,0,5,3,30,0,0,0,0
15258,169,1,307.5,17.083333333333332,12.75,24.900000000000002,51.25,Kitchen,363.95,Other,United Kingdom,142,0.16666666666666666,48,623.16,2,0,0,5,8,30,0,0,0,0
15260,100,2,540.29,23.49086956521739,9.899999999999999,53.1,90.04833333333333,Home Decor,565.59,Toys,United Kingdom,885,0.3333333333333333,272,1810.77,7,0,0,4,13,30,0,0,0,0
15261,135,1,254.82,13.41157894736842,4.5600000000000005,29.700000000000003,42.47,Kitchen,140.7,Storage,United Kingdom,270,0.16666666666666666,0,254.82,1,0,0,5,11,30,0,0,0,0
15263,107,1,156.51,13.042499999999999,5.04,17.4,26.084999999999997,Electronics,48.92,Bags,United Kingdom,89,0.16666666666666666,0,156.51,1,0,0,2,1,30,0,0,0,0
15264,64,1,393.74,17.11913043478261,4.68,29.700000000000003,65.62333333333333,Home Decor,167.36,Crockery,United Kingdom,265,0.16666666666666666,0,393.74,1,0,0,4,2,30,0,0,0,0
15265,151,1,793.88,19.847,9.959999999999999,63.75,132.31333333333333,Kitchen,307.6,Bags,United Kingdom,612,0.16666666666666666,84,1506.1200000000001,2,0,0,5,1,30,0,0,0,0
15267,22,4,681.6,113.60000000000001,60.0,252.0,113.60000000000001,Seasonal,457.6,Storage,United Kingdom,944,0.6666666666666666,160,1717.36,5,0,0,7,11,30,0,0,-1,0
15269,24,1,408.8,204.4,118.80000000000001,290.0,68.13333333333334,Other,290.0,Electronics,United Kingdom,26,0.16666666666666666,0,408.8,1,0,0,6,3,30,0,0,-1,0
15270,16,3,1065.74,81.98,17.0,163.2,177.62333333333333,Other,1157.0,Bags,United Kingdom,1521,0.5,294,2379.49,7,0,0,6,1,30,0,0,0,0
15271,7,10,1757.73,8.658768472906404,0.39,43.35,292.955,Home Decor,537.02,Toys,United Kingdom,1251,1.6666666666666667,358,2493.34,15,1,1,4,13,30,1,1,1,1
15272,57,2,721.94,11.45936507936508,0.78,39.8,120.32333333333334,Kitchen,167.83,Garden & Outdoor,United Kingdom,310,0.3333333333333333,28,721.94,2,0,0,5,5,30,0,0,0,0
15274,4,2,716.57,15.246170212765959,4.5600000000000005,35.400000000000006,119.42833333333334,Other,194.45,Electronics,United Kingdom,619,0.3333333333333333,14,716.57,2,0,0,6,3,30,0,0,0,0
15275,38,1,615.14,15.003414634146342,4.5600000000000005,24.900000000000002,102.52333333333333,Kitchen,200.59,Textiles,United Kingdom,498,0.16666666666666666,0,615.14,1,0,0,5,12,30,0,0,0,0
15277,47,1,255.89999999999998,21.325,5.04,45.0,42.65,Other,151.79999999999998,Home Decor,United Kingdom,205,0.16666666666666666,0,255.89999999999998,1,0,0,6,6,30,0,0,0,0
15280,172,1,113.12,7.07,0.39,25.5,18.853333333333335,Kitchen,39.72,Storage,United Kingdom,154,0.16666666666666666,0,113.12,1,0,0,5,11,30,0,0,0,0
15281,59,3,404.74,16.1896,9.0,29.700000000000003,67.45666666666666,Kitchen,782.6500000000001,Seasonal,United Kingdom,1211,0.5,274,2332.15,9,0,0,5,9,30,0,0,0,0
15286,50,1,240.55,80.18333333333334,59.400000000000006,114.75,40.09166666666667,Storage,174.15,Crockery,United Kingdom,55,0.16666666666666666,0,240.55,1,0,0,9,2,30,0,0,0,0
15287,22,2,486.69,24.3345,5.04,90.0,81.115,Storage,211.5,Bags,United Kingdom,433,0.3333333333333333,48,486.69,2,0,0,9,1,30,0,0,0,0
15288,43,2,682.52,35.922105263157896,13.6,99.60000000000001,113.75333333333333,Kitchen,849.0500000000001,Seasonal,United Kingdom,775,0.3333333333333333,322,2306.52,5,0,0,5,9,30,0,0,0,0
15289,29,2,564.33,14.47,5.04,99.84,94.055,Kitchen,284.76,Other,United Kingdom,1008,0.3333333333333333,220,939.78,3,0,0,5,8,30,0,0,0,0
15290,5,10,5910.65,46.54055118110236,10.2,149.76,985.1083333333332,Kitchen,1669.98,Textiles,United Kingdom,4501,1.6666666666666667,354,7943.22,18,1,1,5,12,30,1,1,-1,1
15291,26,5,1687.29,62.49222222222222,12.600000000000001,204.0,281.215,Other,1566.23,Stationery,United Kingdom,2103,0.8333333333333334,348,4668.3,15,1,0,6,10,30,1,0,2,1
15296,51,3,1595.27,19.22012048192771,4.95,175.2,265.87833333333333,Kitchen,906.25,Furniture,United Kingdom,1766,0.5,275,3672.86,6,0,0,5,4,30,0,0,0,0
15297,10,3,641.94,16.46,9.899999999999999,27.04,106.99000000000001,Kitchen,188.16,Electronics,United Kingdom,292,0.5,53,641.94,3,0,0,5,3,30,0,0,0,0
15298,2,7,3022.7,29.634313725490195,4.68,990.0,503.7833333333333,Electronics,2156.56,Seasonal,United Kingdom,3116,1.1666666666666667,364,4799.9,12,1,1,2,9,30,1,0,-1,1
15300,64,1,496.44,17.73,9.9,34.8,82.74,Kitchen,221.15,Storage,United Kingdom,292,0.16666666666666666,0,496.44,1,0,0,5,11,30,0,0,0,0
15301,51,6,2274.04,19.436239316239316,5.04,106.2,379.00666666666666,Kitchen,1712.09,Furniture,United Kingdom,2751,1.0,317,5049.95,12,1,0,5,4,30,1,0,2,1
15304,61,3,312.8,28.436363636363637,13.0,76.5,52.13333333333333,Kitchen,511.2,Other,United Kingdom,104,0.5,307,694.4000000000001,8,0,0,5,8,30,0,0,0,0
15306,64,3,1174.35,20.247413793103448,5.04,102.0,195.725,Other,372.42,Electronics,United Kingdom,810,0.5,83,1174.35,3,0,0,6,3,30,0,0,0,0
15307,96,1,205.3,17.108333333333334,12.5,22.5,34.21666666666667,Storage,117.30000000000001,Other,United Kingdom,37,0.16666666666666666,0,205.3,1,0,0,9,8,30,0,0,0,0
15312,75,2,316.95,17.608333333333334,9.959999999999999,35.400000000000006,52.824999999999996,Home Decor,277.0,Furniture,United Kingdom,516,0.3333333333333333,279,924.85,4,0,0,4,4,30,0,0,0,0
15315,64,2,570.5,15.41891891891892,4.68,34.8,95.08333333333333,Home Decor,290.04,Stationery,United Kingdom,862,0.3333333333333333,51,570.5,2,0,0,4,10,30,0,0,0,0
15318,4,1,312.62,9.473333333333333,3.4799999999999995,47.400000000000006,52.10333333333333,Stationery,71.64,Seasonal,United Kingdom,642,0.16666666666666666,0,312.62,1,0,0,8,9,30,0,0,0,0
15320,44,1,267.13,7.420277777777778,1.17,69.6,44.52166666666667,Home Decor,80.58999999999999,Textiles,United Kingdom,326,0.16666666666666666,0,267.13,1,0,0,4,12,30,0,0,0,0
15321,71,2,1588.8400000000001,27.874385964912282,10.08,83.4,264.8066666666667,Home Decor,661.94,Stationery,United Kingdom,1181,0.3333333333333333,220,2748.31,3,0,0,4,10,30,0,0,0,0
15322,86,1,679.68,16.18285714285714,8.5,40.56,113.27999999999999,Home Decor,201.74,Bags,United Kingdom,416,0.16666666666666666,0,679.68,1,0,0,4,1,30,0,0,0,0
15325,104,1,161.74,3.3695833333333334,0.39,20.4,26.956666666666667,Home Decor,38.79,Kitchen,United Kingdom,231,0.16666666666666666,0,161.74,1,0,0,4,7,30,0,0,0,0
15327,53,1,208.75,20.875,10.2,38.25,34.791666666666664,Kitchen,101.05,Storage,United Kingdom,116,0.16666666666666666,0,208.75,1,0,0,5,11,30,0,0,0,0
15329,39,3,1049.7,18.41578947368421,5.04,76.5,174.95000000000002,Kitchen,295.75,Seasonal,United Kingdom,486,0.5,132,1049.7,3,0,0,5,9,30,0,0,0,0
15330,32,2,714.96,54.99692307692308,2.88,254.4,119.16000000000001,Storage,254.4,Electronics,United Kingdom,1312,0.3333333333333333,28,714.96,2,0,0,9,3,30,0,0,0,0
15334,157,3,350.82,3.579795918367347,0.29,20.650000000000002,58.47,Home Decor,112.51,Garden & Outdoor,United Kingdom,273,0.5,16,350.82,3,0,0,4,5,30,0,0,0,0
15335,54,1,170.22,4.863428571428571,0.29,15.0,28.37,Home Decor,63.92,Crockery,United Kingdom,79,0.16666666666666666,0,170.22,1,0,0,4,2,30,0,0,0,0
15339,66,1,316.17,7.026000000000001,0.39,23.6,52.695,Home Decor,194.06,Accessories,United Kingdom,416,0.16666666666666666,251,574.07,2,0,0,4,0,30,0,0,0,0
15341,81,1,2020.52,118.85411764705883,69.36,180.0,336.75333333333333,Bags,358.0,Crockery,United Kingdom,812,0.16666666666666666,0,2020.52,1,0,0,0,2,30,0,0,-1,0
15342,130,1,406.09,16.920416666666664,9.36,30.599999999999998,67.68166666666666,Home Decor,106.26,Stationery,United Kingdom,283,0.16666666666666666,0,406.09,1,0,0,4,10,30,0,0,0,0
15343,87,1,364.5,17.357142857142858,5.8,31.8,60.75,Other,83.9,Crockery,United Kingdom,84,0.16666666666666666,0,364.5,1,0,0,6,2,30,0,0,0,0
15344,1,3,563.94,21.69,6.959999999999999,51.0,93.99000000000001,Home Decor,219.65,Textiles,United Kingdom,116,0.5,73,563.94,3,0,0,4,12,30,0,0,0,0
15345,46,1,393.54,19.677,11.5,30.0,65.59,Other,140.1,Toys,United Kingdom,81,0.16666666666666666,0,393.54,1,0,0,6,13,30,0,0,0,0
15348,72,1,158.04,17.56,5.04,30.0,26.34,Toys,102.6,Stationery,United Kingdom,84,0.16666666666666666,0,158.04,1,0,0,11,10,30,0,0,0,0
15349,158,1,107.7,8.975,0.95,38.25,17.95,Home Decor,176.86,Crockery,United Kingdom,321,0.16666666666666666,29,463.90999999999997,2,0,0,4,2,30,0,0,0,0
15351,12,6,1659.99,9.880892857142857,0.42,50.400000000000006,276.665,Storage,480.58,Seasonal,United Kingdom,742,1.0,357,1934.66,7,0,0,9,9,30,0,0,0,0
15355,29,2,277.05,19.789285714285715,4.95,47.7,46.175000000000004,Other,136.85,Storage,United Kingdom,45,0.3333333333333333,23,277.05,2,0,0,6,11,30,0,0,0,0
15356,31,5,1556.37,6.566962025316455,0.29,20.28,259.395,Home Decor,1194.26,Accessories,United Kingdom,1643,0.8333333333333334,336,2718.03,10,0,0,4,0,30,0,0,0,0
15358,5,11,3984.13,14.756037037037038,4.68,55.67999999999999,664.0216666666666,Kitchen,1960.04,Electronics,United Kingdom,7050,1.8333333333333333,360,8347.2,22,1,1,5,3,30,1,1,-1,1
15360,40,1,427.93,32.917692307692306,10.08,50.400000000000006,71.32166666666667,Electronics,93.6,Bags,United Kingdom,223,0.16666666666666666,0,427.93,1,0,0,2,1,30,0,0,0,0
15364,96,1,581.39,22.361153846153847,9.36,81.36,96.89833333333333,Home Decor,321.32000000000005,Furniture,United Kingdom,493,0.16666666666666666,158,913.19,2,0,0,4,4,30,0,0,0,0
15365,26,6,2105.71,20.64421568627451,7.4399999999999995,99.60000000000001,350.95166666666665,Kitchen,618.22,Textiles,United Kingdom,1084,1.0,289,2314.32,7,0,0,5,12,30,0,0,0,0
15366,75,1,496.97,13.804722222222223,5.04,30.0,82.82833333333333,Stationery,159.24,Home Decor,United Kingdom,621,0.16666666666666666,282,602.51,2,0,0,8,6,30,0,0,0,0
15367,57,2,461.40999999999997,15.380333333333333,8.5,27.0,76.90166666666666,Kitchen,492.93,Furniture,United Kingdom,1057,0.3333333333333333,218,1877.59,4,0,0,5,4,30,0,0,0,0
15368,21,1,446.94000000000005,111.73500000000001,16.5,279.24,74.49000000000001,Home Decor,295.74,Crockery,United Kingdom,230,0.16666666666666666,0,446.94000000000005,1,0,0,4,2,30,0,0,0,0
15370,41,4,1258.11,29.258372093023254,6.8,262.79999999999995,209.68499999999997,Crockery,522.88,Seasonal,United Kingdom,830,0.6666666666666666,291,2386.05,7,0,0,1,9,30,0,0,0,0
15372,137,1,2007.3999999999999,74.34814814814814,30.24,179.0,334.56666666666666,Kitchen,707.6800000000001,Crockery,United Kingdom,2924,0.16666666666666666,0,2007.3999999999999,1,0,0,5,2,30,0,0,-1,0
15373,8,6,1224.16,21.476491228070177,9.899999999999999,59.400000000000006,204.02666666666667,Kitchen,1310.95,Other,United Kingdom,500,1.0,363,2415.91,12,1,0,5,8,30,1,0,2,1
15374,129,1,168.0,56.0,25.200000000000003,91.8,28.0,Crockery,91.8,Home Decor,United Kingdom,126,0.16666666666666666,0,168.0,1,0,0,1,6,30,0,0,0,0
15376,40,2,579.19,9.986034482758622,2.4899999999999998,29.700000000000003,96.53166666666668,Crockery,266.14,Textiles,United Kingdom,615,0.3333333333333333,182,1221.56,3,0,0,1,12,30,0,0,0,0
15379,169,1,130.8,16.35,11.5,20.8,21.8,Home Decor,903.0500000000001,Textiles,United Kingdom,2305,0.16666666666666666,189,3703.29,7,0,0,4,12,30,0,0,0,0
15380,9,4,1460.16,41.718857142857146,15.0,183.60000000000002,243.36,Electronics,1441.44,Crockery,United Kingdom,376,0.6666666666666666,356,1690.2600000000002,5,0,0,2,2,30,0,0,0,0
15382,15,2,3828.59,22.259244186046512,8.2,71.4,638.0983333333334,Other,984.56,Textiles,United Kingdom,4012,0.3333333333333333,280,5955.71,6,0,0,6,12,30,0,0,0,0
15384,170,1,338.84,16.135238095238094,5.04,39.0,56.47333333333333,Kitchen,153.45000000000002,Other,United Kingdom,596,0.16666666666666666,189,642.41,2,0,0,5,8,30,0,0,0,0
15385,40,1,316.88,26.406666666666666,10.2,157.92000000000002,52.81333333333333,Electronics,203.52,Seasonal,United Kingdom,161,0.16666666666666666,0,316.88,1,0,0,2,9,30,0,0,0,0
15392,5,3,1196.55,18.408461538461538,2.88,83.4,199.42499999999998,Stationery,248.41,Accessories,United Kingdom,1277,0.5,355,1535.53,4,0,0,8,0,30,0,0,0,0
15393,16,1,107.76,26.94,16.8,40.56,17.96,Electronics,164.60000000000002,Seasonal,United Kingdom,150,0.16666666666666666,264,231.86,2,0,0,2,9,30,0,0,0,0
15394,10,2,747.1,24.1,13.0,50.0,124.51666666666667,Kitchen,628.56,Textiles,United Kingdom,910,0.3333333333333333,348,2183.54,4,0,0,5,12,30,0,0,0,0
15396,113,1,288.18,20.584285714285716,5.04,68.0,48.03,Stationery,97.88,Electronics,United Kingdom,122,0.16666666666666666,0,288.18,1,0,0,8,3,30,0,0,0,0
15398,16,2,1345.53,18.43191780821918,8.4,35.7,224.255,Kitchen,297.15000000000003,Furniture,United Kingdom,769,0.3333333333333333,62,1345.53,2,0,0,5,4,30,0,0,0,0
15399,1,3,815.77,16.3154,4.68,49.92,135.96166666666667,Stationery,225.0,Accessories,United Kingdom,611,0.5,77,815.77,3,0,0,8,0,30,0,0,0,0
15400,92,3,257.4,51.48,10.2,105.0,42.9,Other,329.8,Crockery,United Kingdom,390,0.5,186,716.2,5,0,0,6,2,30,0,0,0,0
15402,149,1,185.78,13.27,0.42,45.36,30.963333333333335,Other,188.82999999999998,Furniture,United Kingdom,694,0.16666666666666666,47,626.77,2,0,0,6,4,30,0,0,0,0
15406,31,1,258.42,25.842000000000002,9.120000000000001,47.7,43.07,Home Decor,168.23,Furniture,United Kingdom,254,0.16666666666666666,269,510.71000000000004,2,0,0,4,4,30,0,0,0,0
15407,34,1,306.01,3.558255813953488,0.39,41.25,51.001666666666665,Other,379.94,Garden & Outdoor,United Kingdom,552,0.16666666666666666,271,1046.74,4,0,0,6,5,30,0,0,0,0
15410,84,4,1649.95,27.499166666666667,7.800000000000001,118.80000000000001,274.9916666666667,Crockery,890.2,Textiles,United Kingdom,1200,0.6666666666666666,177,3450.84,8,0,0,1,12,30,0,0,0,0
15411,26,3,1192.53,13.551477272727272,2.08,51.0,198.755,Home Decor,307.08,Toys,United Kingdom,529,0.5,156,1348.93,4,0,0,4,13,30,0,0,0,0
15412,171,1,190.53,19.053,1.45,102.0,31.755,Kitchen,111.9,Electronics,United Kingdom,108,0.16666666666666666,0,190.53,1,0,0,5,3,30,0,0,0,0
15414,10,2,738.7,21.726470588235294,2.88,59.400000000000006,123.11666666666667,Toys,137.40000000000003,Textiles,United Kingdom,443,0.3333333333333333,232,774.9000000000001,3,0,0,11,12,30,0,0,0,0
15416,65,2,1709.89,20.116352941176473,5.04,54.08,284.9816666666667,Home Decor,1096.08,Seasonal,United Kingdom,2090,0.3333333333333333,218,3984.32,4,0,0,4,9,30,0,0,0,0
15417,85,1,508.8,18.17142857142857,13.200000000000001,20.8,84.8,Bags,290.5,Electronics,United Kingdom,284,0.16666666666666666,0,508.8,1,0,0,0,3,30,0,0,0,0
15419,25,1,135.86,16.9825,9.36,36.0,22.643333333333334,Other,61.2,Home Decor,United Kingdom,230,0.16666666666666666,0,135.86,1,0,0,6,6,30,0,0,0,0
15421,59,1,211.0,17.583333333333332,10.4,22.5,35.166666666666664,Bags,204.1,Other,United Kingdom,500,0.16666666666666666,251,950.36,4,0,0,0,8,30,0,0,0,0
15426,19,3,769.94,4.66630303030303,0.29,45.0,128.32333333333335,Home Decor,626.66,Seasonal,United Kingdom,656,0.5,350,1404.07,5,0,0,4,9,30,0,0,0,0
15427,33,3,1430.54,4.899109589041096,0.19,34.68,238.42333333333332,Home Decor,352.07,Textiles,United Kingdom,967,0.5,13,1430.54,3,0,0,4,12,30,0,0,0,0
15428,15,1,93.78,15.63,6.959999999999999,22.5,15.63,Home Decor,35.879999999999995,Other,United Kingdom,102,0.16666666666666666,0,93.78,1,0,0,4,8,30,0,0,0,0
15429,27,2,397.35,4.845731707317073,0.39,35.400000000000006,66.22500000000001,Other,118.82000000000001,Bags,United Kingdom,380,0.3333333333333333,48,397.35,2,0,0,6,1,30,0,0,0,0
15432,23,1,171.19,17.119,10.14,30.599999999999998,28.531666666666666,Home Decor,91.2,Seasonal,United Kingdom,65,0.16666666666666666,0,171.19,1,0,0,4,9,30,0,0,0,0
15434,8,4,734.5200000000001,17.081860465116282,10.5,25.200000000000003,122.42000000000002,Storage,407.95000000000005,Crockery,United Kingdom,647,0.6666666666666666,191,1041.48,5,0,0,9,2,30,0,0,0,0
15435,22,1,149.29,5.147931034482759,1.58,12.5,24.881666666666664,Kitchen,100.2,Other,United Kingdom,54,0.16666666666666666,0,149.29,1,0,0,5,8,30,0,0,0,0
15436,12,2,583.65,3.5159638554216865,0.19,19.799999999999997,97.27499999999999,Kitchen,220.22,Accessories,United Kingdom,574,0.3333333333333333,221,1067.75,3,0,0,5,0,30,0,0,0,0
15438,131,1,156.57999999999998,6.263199999999999,1.58,17.4,26.096666666666664,Home Decor,58.63,Electronics,United Kingdom,59,0.16666666666666666,0,156.57999999999998,1,0,0,4,3,30,0,0,0,0
15440,55,2,257.88,6.14,0.79,42.5,42.98,Other,91.89,Toys,United Kingdom,197,0.3333333333333333,154,383.68,3,0,0,6,13,30,0,0,0,0
15443,2,6,2775.88,8.64760124610592,0.39,50.150000000000006,462.6466666666667,Home Decor,637.54,Garden & Outdoor,United Kingdom,1639,1.0,318,3213.59,7,0,0,4,5,30,0,0,0,0
15444,9,2,1411.21,6.594439252336449,0.65,27.04,235.20166666666668,Home Decor,320.77,Bags,United Kingdom,759,0.3333333333333333,31,1411.21,2,0,0,4,1,30,0,0,0,0
15449,26,1,326.82,16.341,6.959999999999999,25.200000000000003,54.47,Kitchen,319.2,Crockery,United Kingdom,812,0.16666666666666666,235,974.52,3,0,0,5,2,30,0,0,0,0
15450,30,1,429.84,14.328,5.8,27.0,71.64,Home Decor,117.2,Toys,United Kingdom,376,0.16666666666666666,0,429.84,1,0,0,4,13,30,0,0,0,0
15452,30,2,291.48,19.432000000000002,12.48,25.200000000000003,48.580000000000005,Home Decor,183.60000000000002,Bags,United Kingdom,280,0.3333333333333333,234,528.48,3,0,0,4,1,30,0,0,0,0
15453,2,6,1177.43,4.905958333333333,0.29,30.0,196.23833333333334,Home Decor,748.7,Stationery,United Kingdom,837,1.0,185,1371.77,7,0,0,4,10,30,0,0,0,0
15458,25,1,161.64,23.09142857142857,15.0,39.599999999999994,26.939999999999998,Kitchen,58.31999999999999,Other,United Kingdom,156,0.16666666666666666,0,161.64,1,0,0,5,8,30,0,0,0,0
15462,94,2,129.6,21.599999999999998,15.0,45.0,21.599999999999998,Kitchen,120.0,Home Decor,United Kingdom,172,0.3333333333333333,92,234.6,3,0,0,5,6,30,0,0,0,0
15463,29,1,126.14,18.02,6.84,30.599999999999998,21.023333333333333,Home Decor,58.5,Electronics,United Kingdom,106,0.16666666666666666,0,126.14,1,0,0,4,3,30,0,0,0,0
15465,20,5,2002.11,60.669999999999995,7.5,306.0,333.685,Kitchen,4732.75,Crockery,United Kingdom,1257,0.8333333333333334,349,7354.62,18,1,0,5,2,30,1,0,-1,1
15466,85,1,334.53,5.868947368421052,0.42,19.8,55.754999999999995,Other,83.86,Seasonal,United Kingdom,246,0.16666666666666666,0,334.53,1,0,0,6,9,30,0,0,0,0
15467,9,3,524.88,10.093846153846155,1.25,46.8,87.48,Home Decor,197.63,Stationery,United Kingdom,310,0.5,142,524.88,3,0,0,4,10,30,0,0,0,0
15468,51,2,467.51,19.479583333333334,13.28,25.200000000000003,77.91833333333334,Home Decor,158.36,Garden & Outdoor,United Kingdom,155,0.3333333333333333,0,467.51,2,0,0,4,5,30,0,0,0,0
15469,50,2,538.55,22.43958333333333,9.959999999999999,83.2,89.75833333333333,Home Decor,140.1,Kitchen,United Kingdom,153,0.3333333333333333,69,538.55,2,0,0,4,7,30,0,0,0,0
15471,2,1,454.48,6.225753424657534,0.55,81.6,75.74666666666667,Other,124.97,Textiles,United Kingdom,256,0.16666666666666666,0,454.48,1,0,0,6,12,30,0,0,0,0
15472,113,1,371.56,4.888947368421053,0.6,16.6,61.92666666666667,Home Decor,238.47,Storage,United Kingdom,251,0.16666666666666666,0,371.56,1,0,0,4,11,30,0,0,0,0
15473,14,7,1771.2,161.01818181818183,102.0,306.0,295.2,Stationery,1428.0,Home Decor,United Kingdom,672,1.1666666666666667,46,1771.2,7,0,1,8,6,30,1,0,-1,1
15475,77,1,454.10999999999996,15.658965517241377,9.959999999999999,47.8,75.68499999999999,Home Decor,116.46,Crockery,United Kingdom,319,0.16666666666666666,0,454.10999999999996,1,0,0,4,2,30,0,0,0,0
15478,40,2,1399.92,31.816363636363636,1.25,118.8,233.32000000000002,Home Decor,435.49,Garden & Outdoor,United Kingdom,575,0.3333333333333333,16,1399.92,2,0,0,4,5,30,0,0,0,0
15480,116,1,905.5,20.122222222222224,2.2800000000000002,89.25,150.91666666666666,Kitchen,374.5,Other,Malta,303,0.16666666666666666,0,905.5,1,0,0,5,8,18,0,0,0,0
15482,16,9,9617.52,114.49428571428572,27.56,716.4,1602.92,Kitchen,2567.9399999999996,Furniture,United Kingdom,5004,1.5,343,10879.76,12,1,1,5,4,30,1,1,-1,1
15483,161,3,114.31,3.5721875,0.19,17.4,19.051666666666666,Kitchen,53.92,Furniture,United Kingdom,291,0.5,105,225.26,4,0,0,5,4,30,0,0,0,0
15484,1,4,3590.41,19.200053475935828,1.25,118.80000000000001,598.4016666666666,Stationery,720.14,Toys,United Kingdom,3150,0.6666666666666666,77,3590.41,4,0,0,8,13,30,0,0,0,0
15485,30,1,1296.37,30.14813953488372,5.04,102.0,216.06166666666664,Stationery,864.14,Storage,United Kingdom,1281,0.16666666666666666,343,2564.5,3,0,0,8,11,30,0,0,0,0
15488,93,1,91.32000000000001,45.660000000000004,15.0,76.32000000000001,15.22,Electronics,76.32000000000001,Other,United Kingdom,73,0.16666666666666666,0,91.32000000000001,1,0,0,2,8,30,0,0,0,0
15489,23,2,786.02,29.111851851851853,10.2,60.839999999999996,131.00333333333333,Crockery,403.8,Bags,United Kingdom,608,0.3333333333333333,188,1134.28,3,0,0,1,1,30,0,0,0,0
15491,95,3,1455.17,22.73703125,3.38,88.80000000000001,242.52833333333334,Home Decor,1060.76,Accessories,United Kingdom,1646,0.5,140,3100.09,6,0,0,4,0,30,0,0,0,0
15492,28,2,659.4599999999999,18.841714285714282,5.04,50.0,109.90999999999998,Stationery,127.8,Home Decor,United Kingdom,483,0.3333333333333333,46,659.4599999999999,2,0,0,8,6,30,0,0,0,0
15493,33,3,1033.96,6.893066666666667,1.45,38.25,172.32666666666668,Kitchen,575.06,Toys,United Kingdom,551,0.5,238,1953.41,5,0,0,5,13,30,0,0,0,0
15494,21,2,1280.58,10.49655737704918,0.42,59.400000000000006,213.42999999999998,Other,341.46999999999997,Furniture,United Kingdom,1139,0.3333333333333333,99,1280.58,2,0,0,6,4,30,0,0,0,0
15497,18,1,291.6,58.32000000000001,30.0,97.80000000000001,48.6,Home Decor,548.8,Crockery,United Kingdom,624,0.16666666666666666,302,1262.2,2,0,0,4,2,30,0,0,0,0
15498,3,14,6173.55,28.98380281690141,3.3600000000000003,141.6,1028.925,Kitchen,2902.1,Seasonal,United Kingdom,6105,2.3333333333333335,364,13316.4,27,1,1,5,9,30,1,1,-1,1
15500,8,4,1131.56,16.640588235294118,5.04,35.400000000000006,188.59333333333333,Other,289.6,Seasonal,United Kingdom,572,0.6666666666666666,73,1131.56,4,0,0,6,9,30,0,0,0,0
15502,16,8,7744.469999999999,59.57284615384615,5.25,3155.95,1290.745,Other,5222.37,Bags,United Kingdom,4236,1.3333333333333333,353,10384.93,12,1,1,6,1,30,1,1,-1,1
15505,53,5,3610.96,37.22639175257732,2.88,177.0,601.8266666666667,Kitchen,851.58,Stationery,United Kingdom,2390,0.8333333333333334,102,3610.96,5,0,0,5,10,30,0,0,0,0
15506,23,3,972.08,6.03776397515528,0.29,60.0,162.01333333333335,Home Decor,213.26,Crockery,United Kingdom,842,0.5,116,972.08,3,0,0,4,2,30,0,0,0,0
15507,172,1,475.86,10.574666666666667,1.65,29.849999999999998,79.31,Home Decor,161.44,Bags,United Kingdom,160,0.16666666666666666,0,475.86,1,0,0,4,1,30,0,0,0,0
15511,12,5,900.53,5.699556962025317,0.29,38.25,150.08833333333334,Kitchen,272.48,Toys,United Kingdom,269,0.8333333333333334,73,900.53,5,0,0,5,13,30,0,0,0,0
15513,33,7,8688.76,52.02850299401198,5.04,267.6,1448.1266666666668,Home Decor,2946.79,Seasonal,United Kingdom,5709,1.1666666666666667,340,14758.220000000001,19,1,1,4,9,30,1,1,-1,1
15514,12,5,1521.78,22.71313432835821,0.63,343.68,253.63,Electronics,1473.6100000000001,Furniture,United Kingdom,2098,0.8333333333333334,352,4023.7200000000003,11,1,0,2,4,30,1,0,2,1
15518,64,4,947.38,9.109423076923077,0.84,37.5,157.89666666666668,Kitchen,485.6,Furniture,United Kingdom,1263,0.6666666666666666,268,1921.55,8,0,0,5,4,30,0,0,0,0
15520,2,1,343.5,19.083333333333332,9.48,34.68,57.25,Home Decor,195.78,Crockery,United Kingdom,314,0.16666666666666666,0,343.5,1,0,0,4,2,30,0,0,0,0
15521,40,4,1332.42,21.490645161290324,6.8,171.84,222.07000000000002,Stationery,869.38,Crockery,United Kingdom,1836,0.6666666666666666,214,3000.2,8,0,0,8,2,30,0,0,0,0
15522,33,2,397.99,7.106964285714286,0.12,39.839999999999996,66.33166666666666,Home Decor,154.65,Toys,United Kingdom,572,0.3333333333333333,54,397.99,2,0,0,4,13,30,0,0,0,0
15523,84,1,412.01000000000005,41.20100000000001,2.08,232.50000000000003,68.66833333333334,Crockery,242.40000000000003,Bags,United Kingdom,132,0.16666666666666666,0,412.01000000000005,1,0,0,1,1,30,0,0,0,0
15526,33,2,148.44,37.11,2.5,119.39999999999999,24.74,Other,119.39999999999999,Storage,United Kingdom,24,0.3333333333333333,0,148.44,2,0,0,6,11,30,0,0,0,0
15527,19,4,1281.24,14.07956043956044,0.42,76.5,213.54,Kitchen,630.39,Seasonal,United Kingdom,991,0.6666666666666666,335,2428.53,8,0,0,5,9,30,0,0,0,0
15529,23,4,2032.04,5.536893732970027,0.39,34.5,338.67333333333335,Other,865.84,Textiles,United Kingdom,3455,0.6666666666666666,343,3962.6,11,1,0,6,12,30,1,0,2,1
15530,22,3,949.22,17.57814814814815,1.65,49.5,158.20333333333335,Other,356.13,Accessories,United Kingdom,938,0.5,225,1497.31,4,0,0,6,0,30,0,0,0,0
15531,8,2,1972.39,9.00634703196347,0.39,54.75,328.7316666666667,Kitchen,552.51,Accessories,United Kingdom,1085,0.3333333333333333,22,1972.39,2,0,0,5,0,30,0,0,0,0
15532,25,3,1210.93,5.99470297029703,0.75,35.400000000000006,201.8216666666667,Other,388.44,Garden & Outdoor,United Kingdom,515,0.5,332,1564.73,4,0,0,6,5,30,0,0,0,0
15533,19,3,807.57,9.729759036144578,0.5700000000000001,79.19999999999999,134.595,Kitchen,327.3,Toys,United Kingdom,289,0.5,69,807.57,3,0,0,5,13,30,0,0,0,0
15535,173,1,125.01,5.0004,2.08,12.75,20.835,Home Decor,178.84,Stationery,United Kingdom,135,0.16666666666666666,154,502.9,4,0,0,4,10,30,0,0,0,0
15537,163,1,110.92,4.621666666666667,0.75,19.8,18.486666666666668,Other,24.42,Bags,United Kingdom,29,0.16666666666666666,0,110.92,1,0,0,6,1,30,0,0,0,0
15539,7,1,538.46,13.133170731707319,1.26,61.199999999999996,89.74333333333334,Stationery,178.68,Bags,United Kingdom,410,0.16666666666666666,0,538.46,1,0,0,8,1,30,0,0,0,0
15540,11,1,213.3,14.22,2.52,30.0,35.550000000000004,Other,63.35,Seasonal,United Kingdom,200,0.16666666666666666,0,213.3,1,0,0,6,9,30,0,0,0,0
15544,9,5,1787.24,13.238814814814814,5.04,33.2,297.87333333333333,Kitchen,592.33,Seasonal,United Kingdom,3109,0.8333333333333334,363,3546.71,9,0,0,5,9,30,0,0,0,0
15545,54,1,153.64000000000001,3.135510204081633,0.65,8.5,25.60666666666667,Other,68.51,Seasonal,United Kingdom,162,0.16666666666666666,316,288.96999999999997,2,0,0,6,9,30,0,0,0,0
15547,7,7,2527.47,6.1796332518337405,0.39,201.6,421.24499999999995,Home Decor,1474.11,Furniture,United Kingdom,3999,1.1666666666666667,354,4910.6,14,1,1,4,4,30,1,1,1,1
15549,77,2,751.16,13.91037037037037,0.78,124.80000000000001,125.19333333333333,Other,352.54,Toys,United Kingdom,694,0.3333333333333333,239,1681.46,3,0,0,6,13,30,0,0,0,0
15550,4,3,437.73,8.933265306122449,0.78,39.6,72.955,Kitchen,161.6,Furniture,United Kingdom,295,0.5,297,575.63,4,0,0,5,4,30,0,0,0,0
15551,37,1,436.06,15.036551724137931,2.73,40.56,72.67666666666666,Home Decor,319.51,Seasonal,United Kingdom,218,0.16666666666666666,0,436.06,1,0,0,4,9,30,0,0,0,0
15553,60,1,428.93,7.798727272727273,0.42,26.55,71.48833333333333,Stationery,187.9,Toys,United Kingdom,449,0.16666666666666666,0,428.93,1,0,0,8,13,30,0,0,0,0
15555,12,10,3020.42,4.992429752066116,0.3,76.5,503.40333333333336,Home Decor,1171.28,Furniture,United Kingdom,4427,1.6666666666666667,357,4794.86,16,1,1,4,4,30,1,1,1,1
15556,24,1,279.77,9.024838709677418,0.78,50.0,46.62833333333333,Other,110.19999999999999,Kitchen,United Kingdom,236,0.16666666666666666,0,279.77,1,0,0,6,7,30,0,0,0,0
15557,29,1,468.91,24.679473684210528,2.08,90.0,78.15166666666667,Home Decor,129.36,Kitchen,United Kingdom,213,0.16666666666666666,0,468.91,1,0,0,4,7,30,0,0,0,0
15561,12,3,534.84,26.742,5.1,118.80000000000001,89.14,Other,504.24,Bags,United Kingdom,267,0.5,203,800.59,4,0,0,6,1,30,0,0,0,0
15563,22,2,664.8199999999999,13.035686274509803,3.12,59.400000000000006,110.80333333333333,Other,400.39,Bags,United Kingdom,1501,0.3333333333333333,336,1400.44,4,0,0,6,1,30,0,0,0,0
15565,50,2,173.16,21.645,16.5,30.599999999999998,28.86,Home Decor,98.7,Kitchen,United Kingdom,60,0.3333333333333333,20,173.16,2,0,0,4,7,30,0,0,0,0
15567,19,1,186.01,26.572857142857142,5.76,99.84,31.001666666666665,Storage,99.84,Crockery,United Kingdom,223,0.16666666666666666,0,186.01,1,0,0,9,2,30,0,0,0,0
15568,3,3,758.29,14.307358490566036,0.85,99.60000000000001,126.38166666666666,Storage,266.85,Kitchen,United Kingdom,461,0.5,70,758.29,3,0,0,9,7,30,0,0,0,0
15569,104,4,1087.21,45.30041666666667,0.5700000000000001,244.79999999999998,181.20166666666668,Kitchen,707.25,Crockery,United Kingdom,666,0.6666666666666666,228,1375.71,5,0,0,5,2,30,0,0,0,0
15570,7,4,1640.1,16.566666666666666,2.88,39.599999999999994,273.34999999999997,Home Decor,1012.25,Garden & Outdoor,United Kingdom,2063,0.6666666666666666,362,4148.82,12,1,0,4,5,30,1,0,2,1
15571,12,4,650.4300000000001,11.411052631578949,0.39,89.25,108.40500000000002,Other,364.94,Accessories,United Kingdom,264,0.6666666666666666,66,650.4300000000001,4,0,0,6,0,30,0,0,0,0
15572,5,4,1659.8799999999999,13.718016528925618,0.58,54.08,276.64666666666665,Home Decor,1013.4399999999999,Seasonal,United Kingdom,1213,0.6666666666666666,273,2533.42,7,0,0,4,9,30,0,0,0,0
15573,32,2,591.1899999999999,6.094742268041236,0.21,38.25,98.53166666666665,Kitchen,148.36,Accessories,United Kingdom,355,0.3333333333333333,53,591.1899999999999,2,0,0,5,0,30,0,0,0,0
15576,38,1,921.37,21.427209302325583,5.9,239.04000000000002,153.56166666666667,Electronics,368.1,Furniture,United Kingdom,394,0.16666666666666666,0,921.37,1,0,0,2,4,30,0,0,0,0
15577,151,2,229.23,6.549428571428571,0.39,24.900000000000002,38.205,Toys,95.45,Furniture,United Kingdom,89,0.3333333333333333,154,258.88,3,0,0,11,4,30,0,0,0,0
15578,162,1,127.1,9.776923076923076,0.55,39.6,21.183333333333334,Storage,64.0,Stationery,United Kingdom,52,0.16666666666666666,0,127.1,1,0,0,9,10,30,0,0,0,0
15579,69,1,132.25,5.75,0.85,25.0,22.041666666666668,Kitchen,101.38,Stationery,United Kingdom,117,0.16666666666666666,245,327.6,2,0,0,5,10,30,0,0,0,0
15581,121,5,3045.01,89.55911764705883,0.39,2500.0,507.5016666666667,Other,3119.88,Furniture,United Kingdom,283,0.8333333333333334,245,3675.77,13,1,0,6,4,30,1,1,-1,1
15582,25,2,379.3,17.240909090909092,10.2,35.400000000000006,63.21666666666667,Toys,138.3,Electronics,United Kingdom,453,0.3333333333333333,195,682.9100000000001,3,0,0,11,3,30,0,0,0,0
15584,24,4,720.86,5.908688524590164,0.85,45.0,120.14333333333333,Home Decor,155.28,Textiles,United Kingdom,313,0.6666666666666666,138,720.86,4,0,0,4,12,30,0,0,0,0
15587,50,3,568.8000000000001,94.80000000000001,30.599999999999998,244.08,94.80000000000001,Home Decor,913.6800000000001,Home Decor,United Kingdom,312,0.5,301,913.6800000000001,4,0,0,4,6,30,0,0,0,0
15592,47,1,388.58,16.190833333333334,6.64,60.0,64.76333333333334,Other,159.88,Textiles,United Kingdom,354,0.16666666666666666,0,388.58,1,0,0,6,12,30,0,0,0,0
15593,71,1,199.8,39.96,10.2,83.4,33.300000000000004,Kitchen,83.4,Home Decor,United Kingdom,60,0.16666666666666666,0,199.8,1,0,0,5,6,30,0,0,0,0
15594,16,4,1503.87,17.08943181818182,5.88,39.599999999999994,250.64499999999998,Other,495.64,Furniture,United Kingdom,983,0.6666666666666666,218,1771.78,5,0,0,6,4,30,0,0,0,0
15597,35,1,324.57,14.753181818181817,4.5600000000000005,30.599999999999998,54.095,Home Decor,215.16,Seasonal,United Kingdom,279,0.16666666666666666,0,324.57,1,0,0,4,9,30,0,0,0,0
15598,53,1,240.68,17.19142857142857,6.959999999999999,24.96,40.11333333333334,Home Decor,84.42,Seasonal,United Kingdom,160,0.16666666666666666,0,240.68,1,0,0,4,9,30,0,0,0,0
15599,27,1,312.90999999999997,13.60478260869565,5.04,30.0,52.151666666666664,Kitchen,202.35000000000002,Electronics,United Kingdom,718,0.16666666666666666,177,761.74,2,0,0,5,3,30,0,0,0,0
15601,11,5,2027.97,16.22376,4.5600000000000005,60.0,337.995,Other,1259.59,Bags,United Kingdom,4983,0.8333333333333334,361,6776.56,14,1,0,6,1,30,1,0,2,1
15602,8,4,754.92,26.031724137931032,9.48,93.6,125.82,Electronics,761.15,Stationery,United Kingdom,1137,0.6666666666666666,359,1297.8700000000001,9,0,0,2,10,30,0,0,0,0
15604,52,1,216.39,12.728823529411764,6.64,29.880000000000003,36.065,Electronics,91.97999999999999,Crockery,United Kingdom,159,0.16666666666666666,0,216.39,1,0,0,2,2,30,0,0,0,0
15605,36,2,508.05,18.14464285714286,12.5,25.200000000000003,84.675,Kitchen,330.3,Stationery,United Kingdom,441,0.3333333333333333,337,1198.23,5,0,0,5,10,30,0,0,0,0
15606,61,3,1093.81,42.06961538461538,14.850000000000001,90.0,182.30166666666665,Electronics,1137.34,Furniture,United Kingdom,892,0.5,263,2920.16,9,0,0,2,4,30,0,0,0,0
15608,28,4,1093.68,18.228,9.95,107.28,182.28,Other,319.19,Toys,United Kingdom,714,0.6666666666666666,92,1093.68,4,0,0,6,13,30,0,0,0,0
15610,52,1,112.46000000000001,18.743333333333336,13.52,25.0,18.743333333333336,Kitchen,45.8,Home Decor,United Kingdom,66,0.16666666666666666,0,112.46000000000001,1,0,0,5,6,30,0,0,0,0
15611,10,9,1159.3500000000001,35.13181818181818,6.0,214.8,193.22500000000002,Electronics,625.5600000000001,Toys,United Kingdom,504,1.5,325,1591.45,13,1,1,2,13,30,1,1,1,1
15612,36,2,195.15,32.525,15.0,89.25,32.525,Storage,107.1,Other,United Kingdom,52,0.3333333333333333,25,195.15,2,0,0,9,8,30,0,0,0,0
15615,10,11,5177.78,23.535363636363634,6.64,104.0,862.9633333333333,Bags,2392.85,Seasonal,United Kingdom,5508,1.8333333333333333,348,10399.74,23,1,1,0,9,30,1,1,-1,1
15618,33,4,776.851,17.263355555555556,0.001,30.0,129.47516666666667,Home Decor,312.12,Textiles,United Kingdom,454,0.6666666666666666,103,776.851,4,0,0,4,12,30,0,0,0,0
15619,11,1,336.40000000000003,112.13333333333334,91.80000000000001,145.0,56.06666666666667,Bags,145.0,Electronics,United Kingdom,136,0.16666666666666666,0,336.40000000000003,1,0,0,0,3,30,0,0,-1,0
15620,57,1,678.17,16.95425,8.5,31.6,113.02833333333332,Other,389.26,Bags,United Kingdom,915,0.16666666666666666,301,1553.18,3,0,0,6,1,30,0,0,0,0
15621,4,4,1293.03,80.814375,1.95,236.88,215.505,Electronics,1231.18,Other,United Kingdom,501,0.6666666666666666,17,1293.03,4,0,0,2,8,30,0,0,-1,0
15622,43,4,1107.56,23.565106382978723,9.959999999999999,45.0,184.59333333333333,Home Decor,874.03,Textiles,United Kingdom,1674,0.6666666666666666,239,3709.56,9,0,0,4,12,30,0,0,0,0
15623,141,1,301.03,15.843684210526314,9.899999999999999,19.9,50.17166666666666,Other,90.67999999999999,Storage,United Kingdom,125,0.16666666666666666,0,301.03,1,0,0,6,11,30,0,0,0,0
15624,117,2,276.73,17.295625,6.24,35.400000000000006,46.12166666666667,Home Decor,342.14,Crockery,United Kingdom,357,0.3333333333333333,139,588.13,4,0,0,4,2,30,0,0,0,0
15625,104,3,838.93,29.961785714285714,10.2,69.6,139.82166666666666,Kitchen,426.3,Electronics,United Kingdom,1188,0.5,131,1534.26,4,0,0,5,3,30,0,0,0,0
15626,75,1,393.92,13.58344827586207,5.76,23.400000000000002,65.65333333333334,Other,192.1,Bags,United Kingdom,766,0.16666666666666666,254,675.8,2,0,0,6,1,30,0,0,0,0
15628,5,6,1865.1200000000001,19.228041237113402,6.959999999999999,66.0,310.85333333333335,Home Decor,861.26,Furniture,United Kingdom,1894,1.0,362,2870.2400000000002,9,0,0,4,4,30,0,0,0,0
15630,45,1,789.49,20.243333333333332,6.959999999999999,59.8,131.58166666666668,Other,270.21999999999997,Toys,United Kingdom,800,0.16666666666666666,159,1186.35,2,0,0,6,13,30,0,0,0,0
15632,16,4,1728.6499999999999,18.389893617021276,2.88,79.19999999999999,288.1083333333333,Storage,619.6999999999999,Seasonal,United Kingdom,2109,0.6666666666666666,259,3285.31,8,0,0,9,9,30,0,0,0,0
15634,17,1,243.55,16.236666666666668,10.2,29.700000000000003,40.59166666666667,Home Decor,157.6,Other,United Kingdom,99,0.16666666666666666,0,243.55,1,0,0,4,8,30,0,0,0,0
15636,90,1,418.06,24.591764705882355,11.5,53.1,69.67666666666666,Home Decor,330.90000000000003,Textiles,United Kingdom,284,0.16666666666666666,192,724.76,2,0,0,4,12,30,0,0,0,0
15637,53,1,223.36,14.890666666666668,6.64,30.0,37.22666666666667,Kitchen,87.04,Seasonal,United Kingdom,128,0.16666666666666666,0,223.36,1,0,0,5,9,30,0,0,0,0
15639,134,1,425.32,17.0128,5.04,39.8,70.88666666666667,Electronics,241.6,Home Decor,United Kingdom,323,0.16666666666666666,0,425.32,1,0,0,2,6,30,0,0,0,0
15640,4,7,5708.54,24.605775862068967,1.45,238.79999999999998,951.4233333333333,Kitchen,2729.65,Accessories,United Kingdom,6572,1.1666666666666667,367,12416.11,15,1,1,5,0,30,1,1,-1,1
15641,105,1,581.82,15.724864864864866,4.5600000000000005,41.6,96.97000000000001,Kitchen,546.69,Seasonal,United Kingdom,1562,0.16666666666666666,253,1887.2,4,0,0,5,9,30,0,0,0,0
15644,166,1,380.35,3.1695833333333336,0.42,22.950000000000003,63.39166666666667,Kitchen,170.59,Garden & Outdoor,United Kingdom,550,0.16666666666666666,94,803.54,4,0,0,5,5,30,0,0,0,0
15645,19,1,612.01,11.769423076923077,0.39,81.6,102.00166666666667,Electronics,228.3,Furniture,United Kingdom,256,0.16666666666666666,0,612.01,1,0,0,2,4,30,0,0,0,0
15646,158,1,107.60000000000001,15.371428571428572,9.95,19.9,17.933333333333334,Stationery,116.94000000000001,Other,United Kingdom,394,0.16666666666666666,214,447.64000000000004,3,0,0,8,8,30,0,0,0,0
15651,37,2,418.98,26.18625,5.04,85.92,69.83,Other,202.24,Home Decor,United Kingdom,479,0.3333333333333333,223,646.3,3,0,0,6,6,30,0,0,0,0
15652,91,1,337.74,16.082857142857144,7.0200000000000005,49.800000000000004,56.29,Home Decor,117.05000000000001,Crockery,United Kingdom,208,0.16666666666666666,0,337.74,1,0,0,4,2,30,0,0,0,0
15653,93,2,877.4399999999999,146.23999999999998,10.2,414.71999999999997,146.23999999999998,Kitchen,435.11999999999995,Seasonal,United Kingdom,1200,0.3333333333333333,23,877.4399999999999,2,0,0,5,9,30,0,0,0,0
15654,9,2,922.53,43.93,14.850000000000001,111.30000000000001,153.755,Other,513.15,Storage,United Kingdom,475,0.3333333333333333,16,922.53,2,0,0,6,11,30,0,0,0,0
15656,45,2,441.64,15.772857142857143,6.959999999999999,30.0,73.60666666666667,Home Decor,270.9,Electronics,United Kingdom,343,0.3333333333333333,238,748.5,4,0,0,4,3,30,0,0,0,0
15659,44,1,306.45,27.85909090909091,15.0,49.5,51.074999999999996,Textiles,132.0,Toys,United Kingdom,111,0.16666666666666666,0,306.45,1,0,0,10,13,30,0,0,0,0
15660,25,5,861.84,17.58857142857143,4.5600000000000005,47.2,143.64000000000001,Home Decor,352.6,Seasonal,United Kingdom,1050,0.8333333333333334,340,1600.86,9,0,0,4,9,30,0,0,0,0
15663,106,1,138.14,15.348888888888887,11.9,23.4,23.02333333333333,Home Decor,60.3,Storage,United Kingdom,106,0.16666666666666666,0,138.14,1,0,0,4,11,30,0,0,0,0
15664,51,1,386.43,22.731176470588235,9.959999999999999,40.56,64.405,Home Decor,257.91,Electronics,United Kingdom,157,0.16666666666666666,0,386.43,1,0,0,4,3,30,0,0,0,0
15665,168,1,765.79,19.635641025641025,5.1,35.7,127.63166666666666,Home Decor,1057.83,Furniture,United Kingdom,1654,0.16666666666666666,74,2222.21,2,0,0,4,4,30,0,0,0,0
15667,40,1,301.32,23.178461538461537,9.36,41.400000000000006,50.22,Kitchen,133.56,Electronics,United Kingdom,240,0.16666666666666666,0,301.32,1,0,0,5,3,30,0,0,0,0
15669,40,3,485.54,22.07,2.88,85.92,80.92333333333333,Electronics,252.32,Stationery,United Kingdom,342,0.5,223,684.34,4,0,0,2,10,30,0,0,0,0
15671,19,4,1624.0,58.0,6.959999999999999,306.0,270.6666666666667,Home Decor,928.98,Electronics,United Kingdom,1699,0.6666666666666666,252,2657.13,7,0,0,4,3,30,0,0,0,0
15673,88,2,1030.19,19.811346153846156,2.8499999999999996,69.36,171.69833333333335,Stationery,674.95,Furniture,United Kingdom,1451,0.3333333333333333,238,2726.23,4,0,0,8,4,30,0,0,0,0
15674,73,1,1066.94,19.75814814814815,6.64,45.0,177.82333333333335,Other,568.95,Toys,United Kingdom,1275,0.16666666666666666,181,2446.6,5,0,0,6,13,30,0,0,0,0
15675,81,2,278.69,15.482777777777777,4.0,27.36,46.44833333333333,Home Decor,108.86,Toys,United Kingdom,527,0.3333333333333333,198,323.69,3,0,0,4,13,30,0,0,0,0
15676,19,2,2537.96,17.999716312056737,6.84,63.6,422.99333333333334,Home Decor,851.9499999999999,Textiles,United Kingdom,2252,0.3333333333333333,265,3435.76,3,0,0,4,12,30,0,0,0,0
15677,49,1,657.23,19.916060606060608,9.959999999999999,44.550000000000004,109.53833333333334,Stationery,183.19,Other,United Kingdom,319,0.16666666666666666,0,657.23,1,0,0,8,8,30,0,0,0,0
15678,53,1,352.7,29.391666666666666,10.2,62.400000000000006,58.78333333333333,Bags,166.4,Storage,United Kingdom,184,0.16666666666666666,0,352.7,1,0,0,0,11,30,0,0,0,0
15679,24,3,603.06,6.217113402061855,0.48,33.0,100.50999999999999,Stationery,183.74,Garden & Outdoor,United Kingdom,1170,0.5,158,781.28,4,0,0,8,5,30,0,0,0,0
15680,9,2,854.79,17.808125,4.68,62.400000000000006,142.465,Home Decor,479.3,Seasonal,United Kingdom,952,0.3333333333333333,356,1333.68,3,0,0,4,9,30,0,0,0,0
15681,25,2,722.94,34.425714285714285,19.919999999999998,66.5,120.49000000000001,Electronics,389.47999999999996,Seasonal,United Kingdom,816,0.3333333333333333,255,1426.16,5,0,0,2,9,30,0,0,0,0
15683,117,1,193.75,19.375,10.2,40.8,32.291666666666664,Kitchen,59.849999999999994,Home Decor,United Kingdom,131,0.16666666666666666,0,193.75,1,0,0,5,6,30,0,0,0,0
15687,9,4,1313.65,19.03840579710145,10.0,51.0,218.9416666666667,Kitchen,1096.8600000000001,Seasonal,United Kingdom,1310,0.6666666666666666,321,2993.1,9,0,0,5,9,30,0,0,0,0
15689,120,1,150.6,50.199999999999996,30.0,81.0,25.099999999999998,Furniture,126.9,Other,United Kingdom,84,0.16666666666666666,241,254.1,2,0,0,3,8,30,0,0,0,0
15690,4,2,239.76,12.618947368421052,4.5600000000000005,46.8,39.96,Home Decor,133.08,Electronics,United Kingdom,408,0.3333333333333333,96,239.76,2,0,0,4,3,30,0,0,0,0
15692,28,1,191.04,15.92,6.959999999999999,24.900000000000002,31.84,Home Decor,99.0,Seasonal,United Kingdom,138,0.16666666666666666,0,191.04,1,0,0,4,9,30,0,0,0,0
15696,33,2,1081.16,16.63323076923077,1.65,39.6,180.19333333333336,Home Decor,600.2,Garden & Outdoor,United Kingdom,1015,0.3333333333333333,293,2711.11,8,0,0,4,5,30,0,0,0,0
15699,18,1,309.65,17.202777777777776,10.08,29.95,51.60833333333333,Other,98.95,Stationery,United Kingdom,113,0.16666666666666666,0,309.65,1,0,0,6,10,30,0,0,0,0
15700,172,2,696.68,8.10093023255814,1.26,40.8,116.11333333333333,Home Decor,198.63,Garden & Outdoor,United Kingdom,357,0.3333333333333333,1,696.68,2,0,0,4,5,30,0,0,0,0
15701,2,4,1529.0,6.647826086956521,0.19,29.95,254.83333333333334,Home Decor,330.35,Accessories,United Kingdom,912,0.6666666666666666,108,1529.0,4,0,0,4,0,30,0,0,0,0
15704,140,2,786.3000000000001,18.28604651162791,0.42,89.10000000000001,131.05,Home Decor,585.58,Garden & Outdoor,United Kingdom,1028,0.3333333333333333,75,2293.62,4,0,0,4,5,30,0,0,0,0
15706,64,4,1060.56,19.28290909090909,9.95,102.0,176.76,Home Decor,319.85,Bags,United Kingdom,321,0.6666666666666666,52,1060.56,4,0,0,4,1,30,0,0,0,0
15707,35,4,916.98,4.473073170731707,0.29,45.0,152.83,Stationery,174.79,Seasonal,United Kingdom,594,0.6666666666666666,51,916.98,4,0,0,8,9,30,0,0,0,0
15708,41,2,1278.04,13.312916666666666,0.39,59.0,213.00666666666666,Home Decor,1483.75,Seasonal,United Kingdom,1217,0.3333333333333333,328,3235.25,7,0,0,4,9,30,0,0,0,0
15712,9,3,613.71,23.60423076923077,9.95,101.76,102.28500000000001,Home Decor,254.0,Bags,United Kingdom,486,0.5,278,1072.3600000000001,5,0,0,4,1,30,0,0,0,0
15713,143,1,185.55,18.555,6.959999999999999,53.1,30.925,Electronics,105.84,Home Decor,United Kingdom,150,0.16666666666666666,222,356.7,2,0,0,2,6,30,0,0,0,0
15714,12,2,330.03000000000003,9.706764705882353,0.85,41.6,55.005,Home Decor,105.38,Other,United Kingdom,186,0.3333333333333333,66,330.03000000000003,2,0,0,4,8,30,0,0,0,0
15716,146,1,216.37,8.6548,0.55,29.5,36.06166666666667,Home Decor,412.9,Bags,United Kingdom,738,0.16666666666666666,223,1101.1100000000001,4,0,0,4,1,30,0,0,0,0
15719,33,6,2601.2,5.453249475890985,0.55,30.0,433.5333333333333,Bags,1257.2,Accessories,United Kingdom,2718,1.0,304,5030.07,13,1,0,0,0,30,1,0,-1,1
15720,24,1,598.73,4.677578125,0.39,62.400000000000006,99.78833333333334,Other,145.66,Toys,United Kingdom,281,0.16666666666666666,0,598.73,1,0,0,6,13,30,0,0,0,0
15721,12,1,471.40000000000003,5.611904761904762,0.65,70.80000000000001,78.56666666666668,Home Decor,163.42000000000002,Textiles,United Kingdom,388,0.16666666666666666,0,471.40000000000003,1,0,0,4,12,30,0,0,0,0
15722,36,3,1451.91,41.48314285714286,3.8,231.0,241.985,Home Decor,1103.0500000000002,Storage,United Kingdom,1023,0.5,254,2211.21,5,0,0,4,11,30,0,0,0,0
15725,15,1,415.25,12.9765625,4.68,33.0,69.20833333333333,Electronics,108.96000000000001,Garden & Outdoor,United Kingdom,221,0.16666666666666666,0,415.25,1,0,0,2,5,30,0,0,0,0
15727,17,3,1928.09,13.483146853146852,0.55,45.0,321.3483333333333,Kitchen,1430.1,Seasonal,United Kingdom,3063,0.5,342,5159.06,7,0,0,5,9,30,0,0,0,0
15730,66,2,653.45,15.937804878048782,6.24,33.0,108.90833333333335,Other,199.6,Textiles,United Kingdom,689,0.3333333333333333,140,1120.88,3,0,0,6,12,30,0,0,0,0
15734,115,1,760.8000000000001,50.720000000000006,9.959999999999999,207.50000000000003,126.80000000000001,Storage,448.00000000000006,Other,United Kingdom,346,0.16666666666666666,85,1339.45,2,0,0,9,8,30,0,0,0,0
15737,15,4,475.39,16.978214285714284,6.2,41.6,79.23166666666667,Kitchen,218.7,Textiles,United Kingdom,597,0.6666666666666666,228,1188.1200000000001,8,0,0,5,12,30,0,0,0,0
15738,19,6,1883.3600000000001,28.53575757575758,7.800000000000001,98.10000000000001,313.8933333333334,Kitchen,2309.56,Stationery,United Kingdom,2982,1.0,353,4812.42,16,1,0,5,10,30,1,0,2,1
15739,66,1,449.12,56.14,23.8,107.28,74.85333333333334,Home Decor,157.44,Crockery,United Kingdom,472,0.16666666666666666,0,449.12,1,0,0,4,2,30,0,0,0,0
15740,49,1,154.88,17.20888888888889,6.959999999999999,28.080000000000002,25.813333333333333,Home Decor,100.10000000000001,Other,United Kingdom,152,0.16666666666666666,0,154.88,1,0,0,4,8,30,0,0,0,0
15743,16,3,453.41,6.667794117647059,0.42,20.85,75.56833333333334,Home Decor,261.7,Stationery,United Kingdom,214,0.5,168,775.96,4,0,0,4,10,30,0,0,0,0
15745,19,3,791.74,17.99409090909091,4.68,59.400000000000006,131.95666666666668,Home Decor,244.83,Stationery,United Kingdom,421,0.5,217,1094.59,4,0,0,4,10,30,0,0,0,0
15746,134,1,196.88,7.031428571428571,1.25,18.75,32.81333333333333,Other,56.98,Seasonal,United Kingdom,178,0.16666666666666666,0,196.88,1,0,0,6,9,30,0,0,0,0
15747,13,3,946.64,10.518222222222223,1.65,69.6,157.77333333333334,Home Decor,386.64,Crockery,United Kingdom,466,0.5,160,946.64,3,0,0,4,2,30,0,0,0,0
15748,40,1,144.36,7.218000000000001,1.25,19.5,24.060000000000002,Home Decor,82.1,Stationery,United Kingdom,50,0.16666666666666666,0,144.36,1,0,0,4,10,30,0,0,0,0
15750,3,5,1852.13,8.23168888888889,0.78,30.0,308.68833333333333,Home Decor,627.08,Garden & Outdoor,United Kingdom,1783,0.8333333333333334,364,2463.05,8,0,0,4,5,30,0,0,0,0
15752,40,4,1583.92,6.386774193548387,0.38,25.0,263.9866666666667,Bags,735.05,Furniture,United Kingdom,1960,0.6666666666666666,333,2626.6,7,0,0,0,4,30,0,0,0,0
15754,51,2,366.77,16.671363636363637,12.48,25.200000000000003,61.12833333333333,Other,125.28,Kitchen,United Kingdom,199,0.3333333333333333,195,458.57,3,0,0,6,7,30,0,0,0,0
15755,10,4,1743.52,16.764615384615386,1.45,35.400000000000006,290.58666666666664,Kitchen,532.39,Accessories,United Kingdom,1427,0.6666666666666666,284,2364.25,6,0,0,5,0,30,0,0,0,0
15757,66,1,453.06,15.622758620689655,8.5,25.0,75.51,Home Decor,202.26,Seasonal,United Kingdom,491,0.16666666666666666,152,714.42,2,0,0,4,9,30,0,0,0,0
15758,25,1,205.25,22.805555555555557,15.0,34.0,34.208333333333336,Storage,141.55,Kitchen,United Kingdom,47,0.16666666666666666,0,205.25,1,0,0,9,7,30,0,0,0,0
15762,65,2,583.75,15.777027027027026,6.64,25.5,97.29166666666667,Kitchen,396.91,Furniture,United Kingdom,251,0.3333333333333333,12,583.75,2,0,0,5,4,30,0,0,0,0
15763,32,2,1086.92,17.818360655737706,9.95,79.9,181.15333333333334,Other,242.3,Bags,United Kingdom,271,0.3333333333333333,45,1086.92,2,0,0,6,1,30,0,0,0,0
15764,88,3,1585.45,18.016477272727272,1.25,99.84,264.2416666666667,Kitchen,778.2,Seasonal,United Kingdom,2050,0.5,188,3279.97,6,0,0,5,9,30,0,0,0,0
15766,64,1,315.06,28.64181818181818,10.08,61.199999999999996,52.51,Crockery,183.6,Other,United Kingdom,170,0.16666666666666666,0,315.06,1,0,0,1,8,30,0,0,0,0
15768,116,1,142.68,15.853333333333333,10.08,24.900000000000002,23.78,Stationery,285.4,Furniture,United Kingdom,244,0.16666666666666666,110,621.8299999999999,3,0,0,8,4,30,0,0,0,0
15773,6,1,635.6800000000001,63.568000000000005,7.08,488.16,105.94666666666667,Stationery,519.06,Seasonal,United Kingdom,311,0.16666666666666666,0,635.6800000000001,1,0,0,8,9,30,0,0,0,0
15774,69,1,270.8,10.832,1.65,25.5,45.13333333333333,Other,95.95,Kitchen,United Kingdom,87,0.16666666666666666,0,270.8,1,0,0,6,7,30,0,0,0,0
15776,133,1,241.62,13.423333333333334,6.84,25.5,40.27,Other,69.89999999999999,Home Decor,United Kingdom,138,0.16666666666666666,0,241.62,1,0,0,6,6,30,0,0,0,0
15781,25,2,262.11,17.474,9.36,35.400000000000006,43.685,Home Decor,172.92,Stationery,United Kingdom,180,0.3333333333333333,280,345.46,3,0,0,4,10,30,0,0,0,0
15782,10,3,2614.7400000000002,60.80790697674419,17.34,149.76,435.79,Home Decor,1081.92,Bags,United Kingdom,864,0.5,79,2614.7400000000002,3,0,0,4,1,30,0,0,0,0
15783,11,1,246.3,17.592857142857145,10.2,30.240000000000002,41.050000000000004,Home Decor,92.0,Seasonal,United Kingdom,212,0.16666666666666666,0,246.3,1,0,0,4,9,30,0,0,0,0
15785,33,3,998.5699999999999,26.27815789473684,6.64,83.4,166.4283333333333,Kitchen,1136.22,Stationery,United Kingdom,1612,0.5,262,2328.9700000000003,5,0,0,5,10,30,0,0,0,0
15786,46,3,4919.0,18.492481203007518,5.04,59.400000000000006,819.8333333333334,Home Decor,1294.57,Bags,United Kingdom,3340,0.5,68,4919.0,3,0,0,4,1,30,0,0,-1,0
15787,26,3,933.26,4.6663,0.39,25.0,155.54333333333332,Kitchen,195.1,Toys,United Kingdom,534,0.5,35,933.26,3,0,0,5,13,30,0,0,0,0
15790,10,1,218.75,6.4338235294117645,0.39,24.75,36.458333333333336,Home Decor,35.4,Seasonal,United Kingdom,113,0.16666666666666666,0,218.75,1,0,0,4,9,30,0,0,0,0
15791,44,1,389.45000000000005,18.545238095238098,10.2,34.68,64.90833333333335,Home Decor,399.42,Toys,United Kingdom,731,0.16666666666666666,160,1612.69,2,0,0,4,13,30,0,0,0,0
15793,15,2,658.97,73.2188888888889,16.65,214.8,109.82833333333333,Electronics,578.88,Kitchen,United Kingdom,553,0.3333333333333333,253,965.61,3,0,0,2,7,30,0,0,0,0
15795,150,1,610.01,14.524047619047618,5.04,23.4,101.66833333333334,Bags,145.6,Storage,United Kingdom,581,0.16666666666666666,0,610.01,1,0,0,0,11,30,0,0,0,0
15796,1,4,1461.64,22.838125,8.5,54.0,243.60666666666668,Home Decor,750.12,Textiles,United Kingdom,860,0.6666666666666666,301,2708.61,8,0,0,4,12,30,0,0,0,0
15797,113,1,367.2,367.2,367.2,367.2,61.199999999999996,Kitchen,674.4000000000001,Other,United Kingdom,873,0.16666666666666666,206,2207.4,4,0,0,5,8,30,0,0,-1,0
15799,76,1,402.90000000000003,6.604918032786886,0.55,51.0,67.15,Home Decor,281.43,Seasonal,United Kingdom,955,0.16666666666666666,258,884.14,3,0,0,4,9,30,0,0,0,0
15800,107,1,452.39,4.392135922330097,0.29,15.9,75.39833333333333,Home Decor,127.66,Accessories,United Kingdom,332,0.16666666666666666,139,696.89,2,0,0,4,0,30,0,0,0,0
15801,46,3,1063.95,16.62421875,6.959999999999999,39.6,177.32500000000002,Kitchen,295.92,Seasonal,United Kingdom,570,0.5,63,1063.95,3,0,0,5,9,30,0,0,0,0
15803,51,1,415.82000000000005,51.977500000000006,17.0,94.64,69.30333333333334,Electronics,155.28000000000003,Kitchen,United Kingdom,290,0.16666666666666666,0,415.82000000000005,1,0,0,2,7,30,0,0,0,0
15804,1,12,3681.03,16.14486842105263,3.3600000000000003,250.0,613.505,Electronics,835.24,Textiles,United Kingdom,2565,2.0,198,4206.39,13,1,1,2,12,30,1,1,-1,1
15805,23,10,2783.76,18.076363636363638,6.959999999999999,102.0,463.96000000000004,Home Decor,1204.02,Accessories,United Kingdom,3367,1.6666666666666667,341,5488.18,17,1,1,4,0,30,1,1,1,1
15806,46,2,484.22,32.281333333333336,10.08,118.80000000000001,80.70333333333333,Kitchen,348.20000000000005,Storage,United Kingdom,602,0.3333333333333333,230,784.58,3,0,0,5,11,30,0,0,0,0
15807,50,3,903.9,18.83125,6.8,49.5,150.65,Home Decor,234.42000000000002,Other,United Kingdom,430,0.5,26,903.9,3,0,0,4,8,30,0,0,0,0
15809,36,1,116.56,14.57,6.64,17.4,19.426666666666666,Kitchen,136.99,Storage,United Kingdom,301,0.16666666666666666,266,515.77,5,0,0,5,11,30,0,0,0,0
15810,79,2,537.86,17.350322580645162,2.99,33.0,89.64333333333333,Kitchen,313.14,Stationery,United Kingdom,861,0.3333333333333333,218,1391.98,4,0,0,5,10,30,0,0,0,0
15811,22,2,923.78,15.65728813559322,5.04,35.400000000000006,153.96333333333334,Kitchen,483.56,Accessories,United Kingdom,1071,0.3333333333333333,343,2218.62,6,0,0,5,0,30,0,0,0,0
15812,107,2,746.9200000000001,82.99111111111112,10.2,207.50000000000003,124.48666666666668,Other,787.83,Crockery,United Kingdom,922,0.3333333333333333,210,1801.14,5,0,0,6,2,30,0,0,0,0
15814,17,4,1945.33,27.018472222222222,4.68,156.6,324.22166666666664,Home Decor,338.52,Toys,United Kingdom,1271,0.6666666666666666,33,1945.33,4,0,0,4,13,30,0,0,0,0
15815,64,2,706.52,23.550666666666665,5.04,50.400000000000006,117.75333333333333,Other,763.66,Bags,United Kingdom,1856,0.3333333333333333,196,2100.6,5,0,0,6,1,30,0,0,0,0
15819,49,2,728.3100000000001,15.832826086956523,5.88,24.900000000000002,121.385,Bags,356.2,Seasonal,United Kingdom,1357,0.3333333333333333,227,1905.45,4,0,0,0,9,30,0,0,0,0
15821,44,2,570.96,9.209032258064516,1.25,29.849999999999998,95.16000000000001,Kitchen,150.9,Toys,United Kingdom,202,0.3333333333333333,17,570.96,2,0,0,5,13,30,0,0,0,0
15822,3,1,445.27,26.19235294117647,9.9,70.8,74.21166666666666,Home Decor,328.6,Crockery,United Kingdom,375,0.16666666666666666,356,885.47,2,0,0,4,2,30,0,0,0,0
15825,172,1,532.94,26.647000000000002,2.2800000000000002,250.0,88.82333333333334,Stationery,264.64,Electronics,United Kingdom,220,0.16666666666666666,0,532.94,1,0,0,8,3,30,0,0,0,0
15826,56,2,934.3100000000001,23.357750000000003,10.2,104.04,155.71833333333333,Kitchen,429.94,Textiles,United Kingdom,963,0.3333333333333333,154,1654.31,3,0,0,5,12,30,0,0,0,0
15827,73,4,720.42,16.009333333333334,6.64,30.0,120.07,Kitchen,1297.08,Storage,United Kingdom,882,0.6666666666666666,299,1836.0900000000001,14,1,0,5,11,30,0,0,2,0
15829,99,2,636.14,12.473333333333333,2.88,34.8,106.02333333333333,Home Decor,118.02,Electronics,United Kingdom,996,0.3333333333333333,41,636.14,2,0,0,4,3,30,0,0,0,0
15830,38,1,576.0,14.76923076923077,5.04,33.0,96.0,Stationery,153.24,Furniture,United Kingdom,415,0.16666666666666666,0,576.0,1,0,0,8,4,30,0,0,0,0
15831,58,2,484.7,9.891836734693877,0.39,64.35,80.78333333333333,Home Decor,247.37,Bags,United Kingdom,1092,0.3333333333333333,265,794.64,3,0,0,4,1,30,0,0,0,0
15834,70,2,952.38,8.900747663551401,0.78,51.0,158.73,Other,381.75,Seasonal,United Kingdom,961,0.3333333333333333,206,2225.15,4,0,0,6,9,30,0,0,0,0
15835,44,2,465.78,19.4075,6.64,44.849999999999994,77.63,Bags,274.4,Other,United Kingdom,439,0.3333333333333333,286,954.09,4,0,0,0,8,30,0,0,0,0
15836,50,1,137.37,13.737,9.9,25.0,22.895,Kitchen,54.55,Other,United Kingdom,26,0.16666666666666666,0,137.37,1,0,0,5,8,30,0,0,0,0
15837,65,1,391.98,16.3325,6.8,30.0,65.33,Stationery,72.53999999999999,Toys,United Kingdom,189,0.16666666666666666,0,391.98,1,0,0,8,13,30,0,0,0,0
15839,33,3,1048.49,16.911129032258064,2.88,44.550000000000004,174.74833333333333,Kitchen,242.35000000000002,Crockery,United Kingdom,675,0.5,114,1048.49,3,0,0,5,2,30,0,0,0,0
15840,59,2,355.56,13.168888888888889,5.04,23.4,59.26,Home Decor,88.38,Seasonal,United Kingdom,396,0.3333333333333333,113,355.56,2,0,0,4,9,30,0,0,0,0
15841,73,2,610.8000000000001,26.55652173913044,10.2,81.12,101.80000000000001,Home Decor,521.2,Stationery,United Kingdom,942,0.3333333333333333,266,1224.06,4,0,0,4,10,30,0,0,0,0
15844,46,1,130.73999999999998,11.885454545454543,6.959999999999999,21.9,21.789999999999996,Kitchen,42.3,Other,United Kingdom,134,0.16666666666666666,0,130.73999999999998,1,0,0,5,8,30,0,0,0,0
15845,18,5,2174.61,24.99551724137931,6.6000000000000005,81.12,362.435,Kitchen,982.3000000000001,Furniture,United Kingdom,1926,0.8333333333333334,319,3711.77,8,0,0,5,4,30,0,0,0,0
15847,38,1,208.59,16.045384615384616,10.2,27.04,34.765,Home Decor,127.04,Bags,United Kingdom,449,0.16666666666666666,249,389.27,2,0,0,4,1,30,0,0,0,0
15853,52,1,110.8,3.6933333333333334,0.55,10.5,18.466666666666665,Stationery,45.71,Crockery,United Kingdom,135,0.16666666666666666,0,110.8,1,0,0,8,2,30,0,0,0,0
15854,4,6,1384.73,27.15156862745098,0.39,214.20000000000002,230.78833333333333,Other,2127.92,Textiles,United Kingdom,926,1.0,357,2969.12,12,1,0,6,12,30,1,0,2,1
15855,137,1,237.55,11.311904761904762,1.9,39.6,39.59166666666667,Storage,153.45,Crockery,United Kingdom,470,0.16666666666666666,126,712.24,5,0,0,9,2,30,0,0,0,0
15856,4,18,8593.0,20.557416267942585,0.29,408.0,1432.1666666666667,Home Decor,5740.76,Textiles,United Kingdom,10866,3.0,361,16143.64,27,1,1,4,12,30,1,1,-1,1
15857,19,1,297.0,21.214285714285715,13.200000000000001,81.6,49.5,Kitchen,180.3,Stationery,United Kingdom,308,0.16666666666666666,0,297.0,1,0,0,5,10,30,0,0,0,0
15858,16,3,611.35,7.1087209302325585,0.1,102.0,101.89166666666667,Stationery,411.62,Furniture,United Kingdom,1163,0.5,351,1427.57,5,0,0,8,4,30,0,0,0,0
15860,41,5,544.9,6.336046511627907,0.84,33.0,90.81666666666666,Other,224.32,Seasonal,United Kingdom,437,0.8333333333333334,327,965.16,8,0,0,6,9,30,0,0,0,0
15861,12,6,2430.68,5.6924590163934425,0.42,165.0,405.1133333333333,Home Decor,946.8,Furniture,United Kingdom,2528,1.0,254,3146.92,8,0,0,4,4,30,0,0,0,0
15862,8,2,341.87,5.6978333333333335,0.42,40.56,56.97833333333333,Home Decor,212.79,Accessories,United Kingdom,585,0.3333333333333333,365,832.88,4,0,0,4,0,30,0,0,0,0
15864,22,5,1693.9,120.99285714285715,15.0,225.0,282.31666666666666,Crockery,1215.24,Toys,United Kingdom,1192,0.8333333333333334,293,1936.3200000000002,6,0,0,1,13,30,0,0,-1,0
15865,41,2,581.2,24.21666666666667,10.08,83.2,96.86666666666667,Electronics,208.68,Storage,United Kingdom,368,0.3333333333333333,173,895.13,3,0,0,2,11,30,0,0,0,0
15866,101,1,211.89,4.927674418604651,1.25,16.95,35.315,Other,40.95,Bags,United Kingdom,124,0.16666666666666666,0,211.89,1,0,0,6,1,30,0,0,0,0
15867,5,5,1754.8700000000001,8.730696517412936,0.42,51.0,292.47833333333335,Textiles,831.35,Accessories,United Kingdom,2052,0.8333333333333334,363,3810.14,15,1,0,10,0,30,1,0,-1,1
15870,33,1,351.44,4.749189189189189,0.55,24.96,58.57333333333333,Stationery,156.1,Electronics,United Kingdom,333,0.16666666666666666,0,351.44,1,0,0,8,3,30,0,0,0,0
15874,64,2,2243.08,62.30777777777777,1.25,178.20000000000002,373.84666666666664,Stationery,1591.94,Bags,United Kingdom,2534,0.3333333333333333,220,4405.88,7,0,0,8,1,30,0,0,-1,0
15877,2,2,490.33,3.8915079365079364,0.21,42.0,81.72166666666666,Stationery,122.92,Textiles,United Kingdom,368,0.3333333333333333,16,490.33,2,0,0,8,12,30,0,0,0,0
15883,2,2,396.48,8.091428571428573,0.95,30.599999999999998,66.08,Kitchen,127.47,Electronics,United Kingdom,223,0.3333333333333333,31,396.48,2,0,0,5,3,30,0,0,0,0
15885,93,2,364.35,21.43235294117647,15.0,51.0,60.725,Crockery,174.1,Other,United Kingdom,111,0.3333333333333333,216,379.35,3,0,0,1,8,30,0,0,0,0
15886,60,1,181.09,15.090833333333334,0.95,58.0,30.18166666666667,Other,72.7,Stationery,United Kingdom,147,0.16666666666666666,0,181.09,1,0,0,6,10,30,0,0,0,0
15888,81,1,168.31,14.025833333333333,0.55,76.5,28.051666666666666,Kitchen,109.1,Home Decor,United Kingdom,76,0.16666666666666666,0,168.31,1,0,0,5,6,30,0,0,0,0
15889,157,1,148.0,5.6923076923076925,0.42,19.9,24.666666666666668,Other,147.27,Seasonal,United Kingdom,206,0.16666666666666666,212,420.07,2,0,0,6,9,30,0,0,0,0
15895,150,1,179.17,16.288181818181815,0.42,137.16,29.861666666666665,Electronics,137.16,Toys,United Kingdom,94,0.16666666666666666,0,179.17,1,0,0,2,13,30,0,0,0,0
15898,1,1,385.89,32.1575,8.25,172.25,64.315,Crockery,562.35,Seasonal,United Kingdom,567,0.16666666666666666,367,1383.83,5,0,0,1,9,30,0,0,0,0
15900,24,1,337.28,7.176170212765957,0.39,22.5,56.21333333333333,Crockery,110.3,Textiles,United Kingdom,216,0.16666666666666666,0,337.28,1,0,0,1,12,30,0,0,0,0
15901,17,3,351.73,3.168738738738739,0.21,16.95,58.62166666666667,Other,85.61999999999999,Accessories,United Kingdom,379,0.5,138,351.73,3,0,0,6,0,30,0,0,0,0
15903,10,5,4485.12,93.44,5.04,204.0,747.52,Storage,2050.8,Other,United Kingdom,2410,0.8333333333333334,285,5126.76,7,0,0,9,8,30,1,0,-1,1
15904,8,1,164.68,5.489333333333334,0.55,28.75,27.44666666666667,Electronics,52.81,Storage,United Kingdom,84,0.16666666666666666,0,164.68,1,0,0,2,11,30,0,0,0,0
15906,20,4,884.53,10.285232558139535,0.65,45.0,147.42166666666665,Kitchen,427.18,Storage,United Kingdom,544,0.6666666666666666,235,1567.69,7,0,0,5,11,30,0,0,0,0
15907,4,2,659.65,3.769428571428571,0.12,33.2,109.94166666666666,Other,179.72,Garden & Outdoor,United Kingdom,478,0.3333333333333333,206,882.72,3,0,0,6,5,30,0,0,0,0
15909,174,1,191.94,27.419999999999998,5.04,61.199999999999996,31.99,Crockery,181.79999999999998,Stationery,United Kingdom,98,0.16666666666666666,0,191.94,1,0,0,1,10,30,0,0,0,0
15910,1,4,678.27,5.17763358778626,0.39,19.8,113.045,Home Decor,267.81,Bags,United Kingdom,1013,0.6666666666666666,315,1228.88,8,0,0,4,1,30,0,0,0,0
15916,16,3,655.91,7.9989024390243895,0.78,42.96,109.31833333333333,Other,380.27,Bags,United Kingdom,752,0.5,350,1502.8600000000001,8,0,0,6,1,30,0,0,0,0
15919,20,1,311.61,3.7543373493975905,0.39,17.85,51.935,Stationery,100.08,Accessories,United Kingdom,385,0.16666666666666666,349,525.69,2,0,0,8,0,30,0,0,0,0
15921,173,1,323.03000000000003,13.459583333333335,1.25,81.12,53.83833333333334,Stationery,95.97,Kitchen,United Kingdom,162,0.16666666666666666,0,323.03000000000003,1,0,0,8,7,30,0,0,0,0
15930,67,1,426.63,20.315714285714286,14.850000000000001,35.400000000000006,71.105,Other,98.4,Crockery,United Kingdom,139,0.16666666666666666,0,426.63,1,0,0,6,2,30,0,0,0,0
15932,4,4,1222.62,19.1034375,4.5600000000000005,81.6,203.76999999999998,Home Decor,795.76,Toys,United Kingdom,2325,0.6666666666666666,285,2495.87,8,0,0,4,13,30,0,0,0,0
15933,21,3,1107.46,14.965675675675676,4.5600000000000005,45.0,184.57666666666668,Kitchen,512.0,Furniture,United Kingdom,885,0.5,65,1107.46,3,0,0,5,4,30,0,0,0,0
15937,64,1,145.35,20.764285714285712,14.850000000000001,33.6,24.224999999999998,Crockery,53.4,Home Decor,United Kingdom,73,0.16666666666666666,0,145.35,1,0,0,1,6,30,0,0,0,0
15938,112,1,69.28,13.856,9.959999999999999,15.8,11.546666666666667,Electronics,217.56,Other,United Kingdom,240,0.16666666666666666,211,404.58,5,0,0,2,8,30,0,0,0,0
15939,90,6,1482.66,67.39363636363636,10.2,297.0,247.11,Home Decor,2001.83,Storage,United Kingdom,4728,1.0,241,6115.01,15,1,0,4,11,30,1,0,-1,1
15942,134,1,337.44,24.102857142857143,10.08,45.0,56.24,Crockery,106.19999999999999,Bags,United Kingdom,232,0.16666666666666666,0,337.44,1,0,0,1,1,30,0,0,0,0
15947,83,1,1708.24,58.9048275862069,13.28,179.0,284.70666666666665,Kitchen,824.94,Electronics,United Kingdom,898,0.16666666666666666,0,1708.24,1,0,0,5,3,30,0,0,0,0
15948,8,2,955.24,15.920666666666667,10.2,23.400000000000002,159.20666666666668,Toys,259.6,Home Decor,United Kingdom,567,0.3333333333333333,35,955.24,2,0,0,11,6,30,0,0,0,0
15949,17,2,364.72,19.19578947368421,9.36,35.400000000000006,60.78666666666667,Home Decor,186.4,Stationery,United Kingdom,284,0.3333333333333333,54,364.72,2,0,0,4,10,30,0,0,0,0
15950,32,3,1315.89,19.351323529411765,3.3,47.84,219.31500000000003,Kitchen,476.6,Accessories,United Kingdom,719,0.5,327,1744.71,4,0,0,5,0,30,0,0,0,0
15951,9,1,333.05,17.528947368421054,9.959999999999999,31.6,55.50833333333333,Home Decor,250.08,Crockery,United Kingdom,313,0.16666666666666666,276,708.22,2,0,0,4,2,30,0,0,0,0
15952,34,3,549.26,7.846571428571428,0.65,24.900000000000002,91.54333333333334,Home Decor,357.95,Toys,United Kingdom,391,0.5,191,781.91,4,0,0,4,13,30,0,0,0,0
15953,15,4,833.24,14.12271186440678,0.42,81.6,138.87333333333333,Electronics,711.0,Storage,United Kingdom,891,0.6666666666666666,354,1657.28,8,0,0,2,11,30,0,0,0,0
15955,24,11,2970.64,22.676641221374044,6.64,179.0,495.1066666666666,Home Decor,1006.53,Seasonal,United Kingdom,2135,1.8333333333333333,348,4416.26,14,1,1,4,9,30,1,1,1,1
15957,32,1,428.89,10.211666666666666,0.84,50.400000000000006,71.48166666666667,Home Decor,120.96,Accessories,United Kingdom,211,0.16666666666666666,0,428.89,1,0,0,4,0,30,0,0,0,0
15958,74,1,104.35,14.907142857142857,1.7,43.45,17.391666666666666,Other,43.45,Kitchen,United Kingdom,33,0.16666666666666666,0,104.35,1,0,0,6,7,30,0,0,0,0
15963,20,2,470.76,16.812857142857144,7.800000000000001,39.599999999999994,78.46,Other,93.66,Stationery,United Kingdom,298,0.3333333333333333,25,470.76,2,0,0,6,10,30,0,0,0,0
15965,17,3,652.6800000000001,6.870315789473685,0.55,59.0,108.78000000000002,Storage,172.96,Accessories,United Kingdom,434,0.5,350,808.87,4,0,0,9,0,30,0,0,0,0
15967,23,1,235.78,5.016595744680851,0.65,24.75,39.29666666666667,Home Decor,122.94,Seasonal,United Kingdom,205,0.16666666666666666,295,397.68,2,0,0,4,9,30,0,0,0,0
15969,3,2,357.4,35.739999999999995,10.2,83.2,59.56666666666666,Electronics,185.2,Kitchen,United Kingdom,124,0.3333333333333333,182,666.1,3,0,0,2,7,30,0,0,0,0
15971,18,8,3113.7,129.73749999999998,10.5,708.0,518.9499999999999,Kitchen,2651.6,Stationery,United Kingdom,1717,1.3333333333333333,293,4199.85,12,1,1,5,10,30,1,0,-1,1
15974,39,3,1387.3,19.53943661971831,4.5600000000000005,81.0,231.21666666666667,Home Decor,1197.49,Furniture,United Kingdom,2262,0.5,249,3442.15,7,0,0,4,4,30,0,0,0,0
15975,84,1,371.01,15.45875,9.36,23.4,61.835,Kitchen,155.65,Furniture,United Kingdom,243,0.16666666666666666,0,371.01,1,0,0,5,4,30,0,0,0,0
15976,165,1,217.65,4.731521739130435,0.84,12.5,36.275,Home Decor,95.54,Storage,United Kingdom,275,0.16666666666666666,54,427.64,2,0,0,4,11,30,0,0,0,0
15977,17,2,1054.73,16.226615384615386,1.9,56.160000000000004,175.78833333333333,Home Decor,540.0,Stationery,United Kingdom,1016,0.3333333333333333,21,1054.73,2,0,0,4,10,30,0,0,0,0
15978,77,1,1098.78,22.42408163265306,9.36,70.80000000000001,183.13,Kitchen,375.98,Electronics,United Kingdom,888,0.16666666666666666,0,1098.78,1,0,0,5,3,30,0,0,0,0
15980,89,2,1638.68,71.24695652173914,19.919999999999998,199.20000000000002,273.11333333333334,Home Decor,1094.92,Crockery,United Kingdom,1560,0.3333333333333333,165,2398.86,3,0,0,4,2,30,0,0,0,0
15981,25,4,1786.28,28.353650793650793,12.600000000000001,83.2,297.7133333333333,Bags,865.4000000000001,Storage,United Kingdom,1866,0.6666666666666666,286,3408.48,8,0,0,0,11,30,0,0,0,0
15983,22,1,326.75,10.2109375,0.84,52.0,54.458333333333336,Home Decor,635.37,Bags,United Kingdom,886,0.16666666666666666,351,1465.12,4,0,0,4,1,30,0,0,0,0
15984,3,5,2005.3,10.723529411764705,0.42,183.06,334.21666666666664,Home Decor,1131.68,Garden & Outdoor,United Kingdom,1815,0.8333333333333334,365,2780.63,10,0,0,4,5,30,0,0,0,0
15985,123,1,242.84,24.284,12.7,60.839999999999996,40.473333333333336,Other,308.20000000000005,Accessories,United Kingdom,1086,0.16666666666666666,113,1142.42,2,0,0,6,0,30,0,0,0,0
15986,30,1,168.12,12.008571428571429,6.24,19.799999999999997,28.02,Home Decor,96.67999999999999,Kitchen,United Kingdom,268,0.16666666666666666,0,168.12,1,0,0,4,7,30,0,0,0,0
15987,12,3,916.69,7.971217391304348,0.21,183.60000000000002,152.78166666666667,Crockery,568.89,Bags,United Kingdom,1533,0.5,356,1432.77,7,0,0,1,1,30,0,0,0,0
15988,19,1,156.78,6.03,1.25,22.5,26.13,Electronics,47.7,Home Decor,United Kingdom,180,0.16666666666666666,0,156.78,1,0,0,2,6,30,0,0,0,0
15990,44,1,390.74,13.473793103448276,2.9,51.0,65.12333333333333,Other,219.3,Stationery,United Kingdom,443,0.16666666666666666,243,792.11,2,0,0,6,10,30,0,0,0,0
15993,9,7,2777.67,5.115414364640884,0.29,30.0,462.945,Home Decor,843.66,Accessories,United Kingdom,2037,1.1666666666666667,35,2777.67,7,0,1,4,0,30,1,1,3,1
15994,55,1,414.27,12.9459375,2.25,49.92,69.045,Home Decor,179.87,Garden & Outdoor,United Kingdom,173,0.16666666666666666,0,414.27,1,0,0,4,5,30,0,0,0,0
15996,88,3,405.41,8.1082,2.5,24.900000000000002,67.56833333333334,Home Decor,283.81,Bags,United Kingdom,380,0.5,277,1032.58,6,0,0,4,1,30,0,0,0,0
15998,37,3,1304.8,5.624137931034483,1.26,25.5,217.46666666666667,Home Decor,719.18,Garden & Outdoor,United Kingdom,2032,0.5,325,3080.22,5,0,0,4,5,30,0,0,0,0
16003,30,4,1554.3700000000001,18.727349397590363,2.55,102.0,259.06166666666667,Stationery,885.65,Storage,United Kingdom,1185,0.6666666666666666,329,2735.37,5,0,0,8,11,30,0,0,0,0
16007,48,2,966.14,4.351981981981982,0.65,19.8,161.02333333333334,Other,339.21999999999997,Seasonal,United Kingdom,1388,0.3333333333333333,167,1693.81,4,0,0,6,9,30,0,0,0,0
16008,24,2,339.63,12.578888888888889,0.85,31.5,56.605,Bags,144.9,Stationery,United Kingdom,323,0.3333333333333333,180,478.78,3,0,0,0,10,30,0,0,0,0
16009,22,4,972.11,11.855,0.85,59.0,162.01833333333335,Kitchen,267.7,Toys,United Kingdom,366,0.6666666666666666,137,972.11,4,0,0,5,13,30,0,0,0,0
16011,8,9,2134.2999999999997,19.40272727272727,7.800000000000001,70.80000000000001,355.71666666666664,Other,954.75,Toys,United Kingdom,2035,1.5,357,3352.96,16,1,1,6,13,30,1,1,1,1
16012,35,3,1415.29,15.05627659574468,1.45,127.5,235.88166666666666,Kitchen,520.89,Garden & Outdoor,United Kingdom,799,0.5,119,1415.29,3,0,0,5,5,30,0,0,0,0
16014,38,2,393.20000000000005,4.915000000000001,0.55,22.5,65.53333333333335,Home Decor,136.63,Furniture,United Kingdom,258,0.3333333333333333,253,646.83,3,0,0,4,4,30,0,0,0,0
16015,4,3,704.55,3.892541436464088,0.29,85.32000000000001,117.425,Home Decor,257.82,Furniture,United Kingdom,907,0.5,45,704.55,3,0,0,4,4,30,0,0,0,0
16016,3,4,674.44,6.5479611650485445,0.85,33.9,112.40666666666668,Home Decor,399.32,Seasonal,United Kingdom,602,0.6666666666666666,363,1465.51,8,0,0,4,9,30,0,0,0,0
16017,47,1,211.88,6.62125,1.25,19.95,35.31333333333333,Home Decor,85.8,Storage,United Kingdom,102,0.16666666666666666,0,211.88,1,0,0,4,11,30,0,0,0,0
16018,39,2,408.90000000000003,14.60357142857143,1.25,49.92,68.15,Home Decor,170.47,Kitchen,United Kingdom,190,0.3333333333333333,141,408.90000000000003,2,0,0,4,7,30,0,0,0,0
16019,47,3,1296.74,16.009135802469135,6.959999999999999,51.0,216.12333333333333,Kitchen,1015.89,Accessories,United Kingdom,1733,0.5,317,3786.2400000000002,9,0,0,5,0,30,0,0,0,0
16020,17,3,851.01,18.500217391304346,8.2,102.0,141.835,Kitchen,301.45,Toys,United Kingdom,487,0.5,48,851.01,3,0,0,5,13,30,0,0,0,0
16023,46,1,219.12,6.086666666666667,0.42,20.25,36.52,Kitchen,238.10999999999999,Textiles,United Kingdom,358,0.16666666666666666,220,719.81,3,0,0,5,12,30,0,0,0,0
16024,12,1,251.03,3.9846031746031745,0.21,15.120000000000001,41.83833333333333,Stationery,53.01,Electronics,United Kingdom,397,0.16666666666666666,0,251.03,1,0,0,8,3,30,0,0,0,0
16025,30,1,439.65999999999997,15.702142857142857,9.36,23.4,73.27666666666666,Stationery,92.8,Seasonal,United Kingdom,338,0.16666666666666666,0,439.65999999999997,1,0,0,8,9,30,0,0,0,0
16026,43,1,236.09,7.3778125,1.25,15.600000000000001,39.348333333333336,Other,85.46000000000001,Kitchen,United Kingdom,243,0.16666666666666666,0,236.09,1,0,0,6,7,30,0,0,0,0
16027,92,3,417.95000000000005,46.4388888888889,14.75,158.4,69.65833333333335,Electronics,554.4000000000001,Kitchen,United Kingdom,1147,0.5,210,934.62,6,0,0,2,7,30,0,0,0,0
16031,92,1,242.27,4.1062711864406785,0.19,11.9,40.37833333333334,Other,139.95000000000002,Furniture,United Kingdom,421,0.16666666666666666,154,547.9,2,0,0,6,4,30,0,0,0,0
16033,6,9,5513.45,7.400604026845637,0.55,81.0,918.9083333333333,Kitchen,1818.95,Accessories,United Kingdom,3529,1.5,364,8778.82,20,1,1,5,0,30,1,1,-1,1
16036,87,1,570.19,12.958863636363638,1.65,30.24,95.03166666666668,Other,237.32,Crockery,United Kingdom,716,0.16666666666666666,176,758.92,2,0,0,6,2,30,0,0,0,0
16038,8,2,154.83,22.118571428571432,9.0,35.7,25.805000000000003,Kitchen,149.64999999999998,Home Decor,United Kingdom,244,0.3333333333333333,194,471.78000000000003,3,0,0,5,6,30,0,0,0,0
16040,65,2,891.12,20.72372093023256,7.56,48.900000000000006,148.52,Home Decor,367.62,Crockery,United Kingdom,684,0.3333333333333333,203,1313.55,3,0,0,4,2,30,0,0,0,0
16042,22,4,1152.52,16.948823529411765,8.4,34.68,192.08666666666667,Other,272.98,Seasonal,United Kingdom,743,0.6666666666666666,310,1177.47,5,0,0,6,9,30,0,0,0,0
16043,38,1,97.5,12.1875,10.5,15.0,16.25,Electronics,207.3,Bags,United Kingdom,503,0.16666666666666666,280,773.99,4,0,0,2,1,30,0,0,0,0
16045,120,2,479.45,16.532758620689656,10.2,45.0,79.90833333333333,Kitchen,686.5600000000001,Accessories,United Kingdom,897,0.3333333333333333,170,1340.7,4,0,0,5,0,30,0,0,0,0
16049,40,3,1074.81,3.5946822742474915,0.21,30.0,179.135,Home Decor,283.95,Garden & Outdoor,United Kingdom,763,0.5,34,1074.81,3,0,0,4,5,30,0,0,0,0
16050,174,1,137.9,13.790000000000001,2.88,24.900000000000002,22.983333333333334,Kitchen,62.1,Crockery,United Kingdom,278,0.16666666666666666,0,137.9,1,0,0,5,2,30,0,0,0,0
16052,54,1,362.06,10.648823529411764,0.65,40.56,60.343333333333334,Other,105.3,Garden & Outdoor,United Kingdom,282,0.16666666666666666,0,362.06,1,0,0,6,5,30,0,0,0,0
16053,33,2,1511.95,17.999404761904763,6.8,57.6,251.99166666666667,Kitchen,725.84,Toys,United Kingdom,1793,0.3333333333333333,89,1511.95,2,0,0,5,13,30,0,0,0,0
16054,145,1,783.9,11.198571428571428,1.7399999999999998,31.9,130.65,Kitchen,227.35,Home Decor,United Kingdom,380,0.16666666666666666,0,783.9,1,0,0,5,6,30,0,0,0,0
16056,45,1,650.75,9.859848484848484,1.25,40.8,108.45833333333333,Other,242.6,Seasonal,United Kingdom,345,0.16666666666666666,0,650.75,1,0,0,6,9,30,0,0,0,0
16057,16,4,1203.58,19.730819672131148,10.2,39.599999999999994,200.59666666666666,Kitchen,902.24,Toys,United Kingdom,863,0.6666666666666666,268,2263.12,7,0,0,5,13,30,0,0,0,0
16059,66,3,812.16,9.785060240963855,2.2,30.0,135.35999999999999,Home Decor,564.06,Accessories,United Kingdom,641,0.5,301,1453.16,6,0,0,4,0,30,0,0,0,0
16062,10,2,575.44,15.143157894736843,5.04,102.0,95.90666666666668,Stationery,432.36,Crockery,United Kingdom,800,0.3333333333333333,355,1153.62,4,0,0,8,2,30,0,0,0,0
16066,17,5,1521.04,15.059801980198019,0.39,103.67999999999999,253.50666666666666,Home Decor,268.84999999999997,Furniture,United Kingdom,935,0.8333333333333334,107,1521.04,5,0,0,4,4,30,0,0,0,0
16070,22,2,852.15,25.82272727272727,2.88,102.0,142.025,Kitchen,446.17,Electronics,United Kingdom,457,0.3333333333333333,9,852.15,2,0,0,5,3,30,0,0,0,0
16071,45,1,326.24,15.535238095238096,5.04,23.4,54.373333333333335,Home Decor,97.0,Stationery,United Kingdom,180,0.16666666666666666,0,326.24,1,0,0,4,10,30,0,0,0,0
16076,3,9,1929.28,17.073274336283184,1.1,59.400000000000006,321.5466666666667,Kitchen,693.3900000000001,Electronics,United Kingdom,1435,1.5,205,2234.73,10,0,1,5,3,30,1,1,3,1
16079,17,3,1352.0,64.38095238095238,5.04,408.0,225.33333333333334,Stationery,834.12,Crockery,United Kingdom,864,0.5,23,1352.0,3,0,0,8,2,30,0,0,0,0
16080,82,1,86.9,17.380000000000003,8.5,41.6,14.483333333333334,Kitchen,88.7,Home Decor,United Kingdom,128,0.16666666666666666,192,217.16,2,0,0,5,6,30,0,0,0,0
16081,56,2,1807.05,11.294062499999999,0.39,81.6,301.175,Home Decor,1665.86,Accessories,United Kingdom,1473,0.3333333333333333,310,2799.42,5,0,0,4,0,30,0,0,0,0
16083,101,1,979.64,69.97428571428571,25.200000000000003,158.39999999999998,163.27333333333334,Kitchen,356.15999999999997,Crockery,United Kingdom,908,0.16666666666666666,259,1317.62,2,0,0,5,2,30,0,0,0,0
16085,23,3,656.47,5.9679090909090915,0.42,17.9,109.41166666666668,Home Decor,287.27,Accessories,United Kingdom,636,0.5,297,981.51,5,0,0,4,0,30,0,0,0,0
16086,59,2,534.33,33.395625,12.600000000000001,99.60000000000001,89.055,Kitchen,247.20000000000002,Stationery,United Kingdom,511,0.3333333333333333,307,1121.39,5,0,0,5,10,30,0,0,0,0
16091,155,1,157.81,19.72625,14.850000000000001,24.96,26.301666666666666,Bags,116.2,Other,United Kingdom,154,0.16666666666666666,43,315.06,2,0,0,0,8,30,0,0,0,0
16092,115,1,224.13,16.009285714285713,12.600000000000001,30.0,37.355,Kitchen,454.40000000000003,Stationery,United Kingdom,628,0.16666666666666666,139,817.86,3,0,0,5,10,30,0,0,0,0
16094,12,3,826.13,17.57723404255319,9.36,51.0,137.68833333333333,Kitchen,311.40000000000003,Textiles,United Kingdom,647,0.5,207,1078.23,4,0,0,5,12,30,0,0,0,0
16098,88,3,783.41,23.73969696969697,3.75,150.0,130.56833333333333,Other,685.45,Furniture,United Kingdom,613,0.5,286,2005.63,7,0,0,6,4,30,0,0,0,0
16099,50,2,413.6,20.68,8.4,41.6,68.93333333333334,Bags,312.0,Stationery,United Kingdom,434,0.3333333333333333,175,731.9,3,0,0,0,10,30,0,0,0,0
16101,71,1,1290.7,16.982894736842105,6.64,30.0,215.11666666666667,Bags,361.5,Seasonal,United Kingdom,757,0.16666666666666666,0,1290.7,1,0,0,0,9,30,0,0,0,0
16102,42,3,1842.14,32.31824561403509,2.52,129.0,307.02333333333337,Storage,739.2,Accessories,United Kingdom,942,0.5,86,1842.14,3,0,0,9,0,30,0,0,0,0
16103,7,3,624.38,32.86210526315789,12.5,149.0,104.06333333333333,Electronics,791.9,Kitchen,United Kingdom,558,0.5,226,1429.64,6,0,0,2,7,30,0,0,0,0
16104,62,1,298.21,10.650357142857143,1.65,50.849999999999994,49.70166666666666,Other,160.65,Seasonal,United Kingdom,122,0.16666666666666666,0,298.21,1,0,0,6,9,30,0,0,0,0
16106,66,1,108.38,18.063333333333333,13.28,23.4,18.063333333333333,Other,43.199999999999996,Home Decor,United Kingdom,74,0.16666666666666666,0,108.38,1,0,0,6,6,30,0,0,0,0
16107,18,6,2671.26,127.20285714285716,17.700000000000003,237.60000000000002,445.21000000000004,Electronics,1416.16,Other,United Kingdom,1176,1.0,165,3204.1600000000003,7,0,0,2,8,30,0,0,-1,0
16108,85,1,842.5,17.552083333333332,7.4399999999999995,34.68,140.41666666666666,Kitchen,228.86,Seasonal,United Kingdom,615,0.16666666666666666,0,842.5,1,0,0,5,9,30,0,0,0,0
16110,45,1,642.77,4.201111111111111,0.39,17.0,107.12833333333333,Kitchen,374.69,Accessories,United Kingdom,720,0.16666666666666666,266,1320.95,3,0,0,5,0,30,0,0,0,0
16112,143,2,59.599999999999994,9.933333333333332,6.64,13.28,9.933333333333332,Kitchen,129.06,Home Decor,United Kingdom,574,0.3333333333333333,195,195.73999999999998,4,0,0,5,6,30,0,0,0,0
16114,171,1,135.75000000000003,16.968750000000004,12.600000000000001,19.8,22.625000000000004,Crockery,53.10000000000001,Other,United Kingdom,43,0.16666666666666666,0,135.75000000000003,1,0,0,1,8,30,0,0,0,0
16115,10,5,1154.58,6.309180327868852,0.65,29.700000000000003,192.42999999999998,Kitchen,662.99,Furniture,United Kingdom,994,0.8333333333333334,282,1660.8799999999999,8,0,0,5,4,30,0,0,0,0
16119,8,2,423.36,26.46,10.08,59.4,70.56,Other,120.78000000000002,Textiles,United Kingdom,240,0.3333333333333333,64,423.36,2,0,0,6,12,30,0,0,0,0
16120,59,4,1309.14,43.638000000000005,1.65,151.20000000000002,218.19000000000003,Home Decor,331.13,Storage,United Kingdom,878,0.6666666666666666,0,1309.14,4,0,0,4,11,30,0,0,0,0
16121,57,1,568.72,4.27609022556391,0.39,29.880000000000003,94.78666666666668,Home Decor,197.71,Garden & Outdoor,United Kingdom,576,0.16666666666666666,158,854.66,2,0,0,4,5,30,0,0,0,0
16122,73,2,434.58000000000004,22.87263157894737,6.3,124.80000000000001,72.43,Toys,267.9,Furniture,United Kingdom,1128,0.3333333333333333,293,684.4200000000001,4,0,0,11,4,30,0,0,0,0
16123,52,1,307.78,19.23625,10.08,39.6,51.29666666666666,Stationery,80.28,Garden & Outdoor,United Kingdom,170,0.16666666666666666,0,307.78,1,0,0,8,5,30,0,0,0,0
16126,29,2,4443.77,59.250266666666676,15.299999999999999,170.0,740.6283333333334,Toys,1807.8,Crockery,United Kingdom,2125,0.3333333333333333,267,6287.77,4,0,0,11,2,30,0,0,-1,0
16127,39,1,656.25,16.40625,7.9,46.8,109.375,Other,283.14,Seasonal,United Kingdom,323,0.16666666666666666,0,656.25,1,0,0,6,9,30,0,0,0,0
16128,18,4,1491.92,21.622028985507246,5.04,79.80000000000001,248.65333333333334,Kitchen,587.5,Seasonal,United Kingdom,988,0.6666666666666666,264,1880.22,5,0,0,5,9,30,0,0,0,0
16131,52,4,1842.02,42.83767441860465,6.959999999999999,135.0,307.00333333333333,Home Decor,915.8000000000001,Crockery,United Kingdom,1802,0.6666666666666666,188,3506.54,6,0,0,4,2,30,0,0,0,0
16134,22,1,334.56,17.60842105263158,8.2,30.599999999999998,55.76,Kitchen,251.14000000000001,Seasonal,United Kingdom,371,0.16666666666666666,337,618.09,2,0,0,5,9,30,0,0,0,0
16136,60,2,550.08,18.968275862068968,7.800000000000001,47.7,91.68,Home Decor,274.08,Storage,United Kingdom,440,0.3333333333333333,217,709.38,3,0,0,4,11,30,0,0,0,0
16139,19,2,495.61,19.8244,9.959999999999999,49.5,82.60166666666667,Toys,184.20000000000002,Storage,United Kingdom,330,0.3333333333333333,187,635.41,3,0,0,11,11,30,0,0,0,0
16140,66,1,601.04,21.465714285714284,5.04,103.67999999999999,100.17333333333333,Electronics,199.88,Kitchen,United Kingdom,730,0.16666666666666666,305,725.18,2,0,0,2,7,30,0,0,0,0
16141,88,1,620.4,20.68,10.08,41.6,103.39999999999999,Electronics,159.05,Toys,United Kingdom,238,0.16666666666666666,0,620.4,1,0,0,2,13,30,0,0,0,0
16143,3,2,850.77,18.906,6.8,49.92,141.795,Kitchen,793.6500000000001,Electronics,United Kingdom,919,0.3333333333333333,365,2424.94,6,0,0,5,3,30,0,0,0,0
16145,9,7,2483.21,16.665838926174498,2.88,70.2,413.86833333333334,Kitchen,896.2800000000001,Furniture,United Kingdom,3123,1.1666666666666667,351,3799.4900000000002,11,1,1,5,4,30,1,1,1,1
16146,157,1,75.0,75.0,75.0,75.0,12.5,Home Decor,255.65999999999997,Crockery,United Kingdom,427,0.16666666666666666,74,734.13,3,0,0,4,2,30,0,0,-1,0
16147,134,1,375.0,17.045454545454547,5.04,30.0,62.5,Kitchen,113.1,Bags,United Kingdom,246,0.16666666666666666,0,375.0,1,0,0,5,1,30,0,0,0,0
16149,5,2,280.52,15.584444444444443,9.120000000000001,25.200000000000003,46.75333333333333,Home Decor,117.32000000000001,Electronics,United Kingdom,308,0.3333333333333333,137,280.52,2,0,0,4,3,30,0,0,0,0
16150,43,3,1088.54,17.557096774193546,8.5,39.6,181.42333333333332,Home Decor,769.63,Seasonal,United Kingdom,1047,0.5,329,2053.02,5,0,0,4,9,30,0,0,0,0
16153,50,2,1124.13,22.041764705882354,6.64,76.32000000000001,187.35500000000002,Kitchen,816.85,Textiles,United Kingdom,1073,0.3333333333333333,305,1824.23,5,0,0,5,12,30,0,0,0,0
16156,9,6,2061.4700000000003,25.45024691358025,4.68,118.80000000000001,343.5783333333334,Kitchen,792.36,Furniture,United Kingdom,1273,1.0,302,3092.04,9,0,0,5,4,30,0,0,0,0
16157,16,3,656.69,36.482777777777784,13.52,118.8,109.44833333333334,Crockery,248.7,Storage,United Kingdom,347,0.5,56,656.69,3,0,0,1,11,30,0,0,0,0
16160,65,2,1025.44,51.272000000000006,18.72,232.0,170.90666666666667,Home Decor,391.48,Toys,United Kingdom,1162,0.3333333333333333,20,1025.44,2,0,0,4,13,30,0,0,0,0
16161,2,9,3272.61,13.635875,0.85,49.5,545.4350000000001,Bags,1449.57,Textiles,United Kingdom,2583,1.5,367,5533.67,19,1,1,0,12,30,1,1,-1,1
16164,17,3,822.48,24.19058823529412,9.36,104.04,137.08,Stationery,279.40000000000003,Crockery,United Kingdom,433,0.5,25,822.48,3,0,0,8,2,30,0,0,0,0
16168,11,17,2392.29,39.21786885245901,10.08,257.76,398.715,Electronics,1043.76,Bags,United Kingdom,1892,2.8333333333333335,359,3787.6,27,1,1,2,1,30,1,1,-1,1
16169,8,4,1822.97,21.44670588235294,2.88,70.80000000000001,303.8283333333333,Stationery,513.76,Crockery,United Kingdom,1325,0.6666666666666666,67,1822.97,4,0,0,8,2,30,0,0,0,0
16170,51,3,940.18,14.245151515151514,2.88,40.8,156.69666666666666,Crockery,580.4599999999999,Furniture,United Kingdom,1770,0.5,197,1885.05,6,0,0,1,4,30,0,0,0,0
16171,59,1,73.2,24.400000000000002,23.4,24.900000000000002,12.200000000000001,Storage,49.800000000000004,Other,United Kingdom,24,0.16666666666666666,0,73.2,1,0,0,9,8,30,0,0,0,0
16172,95,4,940.83,17.751509433962266,5.04,59.400000000000006,156.805,Storage,307.20000000000005,Toys,United Kingdom,787,0.6666666666666666,146,1140.21,5,0,0,9,13,30,0,0,0,0
16173,16,6,1418.32,16.884761904761906,6.72,44.550000000000004,236.38666666666666,Kitchen,374.15000000000003,Electronics,United Kingdom,575,1.0,82,1418.32,6,0,0,5,3,30,0,0,0,0
16174,126,3,1009.5500000000001,43.89347826086957,12.75,249.60000000000002,168.25833333333335,Other,542.6,Crockery,United Kingdom,651,0.5,25,1009.5500000000001,3,0,0,6,2,30,0,0,0,0
16175,94,2,570.61,19.020333333333333,9.899999999999999,35.400000000000006,95.10166666666667,Home Decor,539.9,Furniture,United Kingdom,533,0.3333333333333333,145,1037.59,4,0,0,4,4,30,0,0,0,0
16177,50,1,331.95,22.13,14.850000000000001,41.6,55.324999999999996,Home Decor,141.05,Kitchen,United Kingdom,95,0.16666666666666666,0,331.95,1,0,0,4,7,30,0,0,0,0
16178,138,1,197.9,24.7375,14.75,47.8,32.983333333333334,Stationery,65.19999999999999,Other,United Kingdom,94,0.16666666666666666,0,197.9,1,0,0,8,8,30,0,0,0,0
16179,61,1,215.83,19.62090909090909,5.04,41.7,35.97166666666667,Other,115.08000000000001,Stationery,United Kingdom,99,0.16666666666666666,0,215.83,1,0,0,6,10,30,0,0,0,0
16180,100,4,7508.75,89.38988095238095,7.800000000000001,179.0,1251.4583333333333,Bags,6249.75,Toys,United Kingdom,5867,0.6666666666666666,152,10254.18,8,0,0,0,13,30,1,0,-1,1
16181,73,1,305.54,27.776363636363637,8.5,141.60000000000002,50.92333333333334,Other,195.18,Electronics,United Kingdom,152,0.16666666666666666,0,305.54,1,0,0,6,3,30,0,0,0,0
16182,72,2,4100.65,227.81388888888887,10.2,537.0,683.4416666666666,Bags,4707.0,Electronics,United Kingdom,3791,0.3333333333333333,222,6617.65,4,0,0,0,3,30,1,0,-1,1
16183,67,1,338.71000000000004,22.58066666666667,14.850000000000001,83.4,56.451666666666675,Storage,87.15,Crockery,United Kingdom,113,0.16666666666666666,0,338.71000000000004,1,0,0,9,2,30,0,0,0,0
16184,64,4,710.9,27.342307692307692,10.2,54.08,118.48333333333333,Electronics,489.05,Kitchen,United Kingdom,561,0.6666666666666666,147,1158.79,6,0,0,2,7,30,0,0,0,0
16185,17,1,194.41,16.200833333333332,8.2,24.75,32.401666666666664,Kitchen,207.95000000000002,Textiles,United Kingdom,260,0.16666666666666666,215,529.41,2,0,0,5,12,30,0,0,0,0
16186,23,7,2659.59,19.272391304347828,5.04,70.80000000000001,443.26500000000004,Home Decor,910.9200000000001,Toys,United Kingdom,3020,1.1666666666666667,349,4006.94,12,1,1,4,13,30,1,1,1,1
16187,32,8,4346.8,23.753005464480875,5.04,83.2,724.4666666666667,Home Decor,1527.25,Textiles,United Kingdom,5048,1.3333333333333333,252,6911.4400000000005,15,1,1,4,12,30,1,1,1,1
16188,45,2,416.09,14.860357142857142,4.5600000000000005,39.599999999999994,69.34833333333333,Home Decor,266.86,Bags,United Kingdom,782,0.3333333333333333,198,981.86,4,0,0,4,1,30,0,0,0,0
16189,16,2,215.48,19.58909090909091,8.7,60.0,35.913333333333334,Other,153.29999999999998,Crockery,United Kingdom,134,0.3333333333333333,69,215.48,2,0,0,6,2,30,0,0,0,0
16190,40,1,215.08,35.84666666666667,14.850000000000001,89.85,35.84666666666667,Other,89.85,Kitchen,United Kingdom,88,0.16666666666666666,0,215.08,1,0,0,6,7,30,0,0,0,0
16191,3,5,2564.84,29.480919540229888,5.04,177.60000000000002,427.47333333333336,Electronics,1576.6,Furniture,United Kingdom,3351,0.8333333333333334,357,5180.52,13,1,0,2,4,30,1,0,2,1
16198,75,1,400.68100000000004,26.71206666666667,0.001,41.6,66.78016666666667,Stationery,106.20000000000002,Crockery,United Kingdom,129,0.16666666666666666,0,400.68100000000004,1,0,0,8,2,30,0,0,0,0
16200,4,2,1068.8700000000001,6.21436046511628,0.29,33.9,178.145,Home Decor,336.12,Seasonal,United Kingdom,516,0.3333333333333333,159,1068.8700000000001,2,0,0,4,9,30,0,0,0,0
16201,3,4,1863.47,16.78801801801802,3.4799999999999995,54.08,310.5783333333333,Bags,819.9,Accessories,United Kingdom,1286,0.6666666666666666,106,1863.47,4,0,0,0,0,30,0,0,0,0
16203,59,2,274.6,18.30666666666667,15.0,25.5,45.76666666666667,Electronics,158.4,Furniture,United Kingdom,262,0.3333333333333333,313,592.9,4,0,0,2,4,30,0,0,0,0
16204,23,1,384.18,7.6836,0.29,30.0,64.03,Other,95.5,Textiles,United Kingdom,218,0.16666666666666666,0,384.18,1,0,0,6,12,30,0,0,0,0
16205,31,4,757.63,7.810618556701031,0.38,90.0,126.27166666666666,Other,252.66,Stationery,United Kingdom,516,0.6666666666666666,148,757.63,4,0,0,6,10,30,0,0,0,0
16206,55,2,248.31,11.286818181818182,0.42,29.5,41.385,Home Decor,287.6,Crockery,United Kingdom,272,0.3333333333333333,272,537.0600000000001,4,0,0,4,2,30,0,0,0,0
16207,25,1,394.38,20.756842105263157,1.9,50.0,65.73,Electronics,152.3,Storage,United Kingdom,140,0.16666666666666666,0,394.38,1,0,0,2,11,30,0,0,0,0
16208,45,1,166.67,6.410384615384615,0.42,21.8,27.778333333333332,Home Decor,357.23,Storage,United Kingdom,333,0.16666666666666666,244,664.26,2,0,0,4,11,30,0,0,0,0
16209,89,3,1694.5600000000002,89.18736842105264,9.48,1220.4,282.4266666666667,Home Decor,1529.5800000000002,Storage,United Kingdom,1179,0.5,157,2262.62,5,0,0,4,11,30,0,0,-1,0
16211,89,1,547.02,23.783478260869565,6.64,175.2,91.17,Kitchen,367.27,Home Decor,United Kingdom,154,0.16666666666666666,0,547.02,1,0,0,5,6,30,0,0,0,0
16212,19,1,192.19,17.471818181818183,13.200000000000001,24.75,32.031666666666666,Kitchen,163.95,Seasonal,United Kingdom,244,0.16666666666666666,264,690.34,2,0,0,5,9,30,0,0,0,0
16213,79,1,159.0,26.5,9.899999999999999,76.5,26.5,Home Decor,94.2,Other,United Kingdom,48,0.16666666666666666,0,159.0,1,0,0,4,8,30,0,0,0,0
16214,171,1,313.08000000000004,34.78666666666667,19.799999999999997,97.80000000000001,52.18000000000001,Kitchen,529.35,Bags,United Kingdom,420,0.16666666666666666,98,1062.75,3,0,0,5,1,30,0,0,0,0
16215,81,1,242.35,17.310714285714287,9.95,25.200000000000003,40.391666666666666,Storage,108.6,Crockery,United Kingdom,104,0.16666666666666666,0,242.35,1,0,0,9,2,30,0,0,0,0
16218,30,3,1355.92,45.19733333333333,15.6,116.0,225.98666666666668,Home Decor,1081.52,Crockery,United Kingdom,2088,0.5,343,3084.68,7,0,0,4,2,30,0,0,0,0
16221,37,1,545.49,8.65857142857143,1.45,30.0,90.915,Other,210.05,Crockery,United Kingdom,714,0.16666666666666666,330,860.86,3,0,0,6,2,30,0,0,0,0
16224,57,2,752.09,14.463269230769232,5.04,40.8,125.34833333333334,Home Decor,321.97,Seasonal,United Kingdom,1116,0.3333333333333333,192,1295.3,4,0,0,4,9,30,0,0,0,0
16225,45,3,679.71,9.573380281690142,0.29,44.550000000000004,113.28500000000001,Kitchen,334.6,Accessories,United Kingdom,493,0.5,232,1096.32,5,0,0,5,0,30,0,0,0,0
16229,87,1,652.4,18.64,6.300000000000001,75.0,108.73333333333333,Storage,188.0,Toys,United Kingdom,318,0.16666666666666666,125,1010.6,2,0,0,9,13,30,0,0,0,0
16232,44,2,624.41,34.68944444444444,4.5600000000000005,75.0,104.06833333333333,Home Decor,309.74,Electronics,United Kingdom,550,0.3333333333333333,171,990.88,4,0,0,4,3,30,0,0,0,0
16233,71,1,210.18,16.16769230769231,10.2,22.5,35.03,Other,181.08,Accessories,United Kingdom,174,0.16666666666666666,295,536.6800000000001,3,0,0,6,0,30,0,0,0,0
16235,41,2,202.01999999999998,20.201999999999998,10.0,39.9,33.669999999999995,Other,226.25,Electronics,United Kingdom,330,0.3333333333333333,291,867.31,5,0,0,6,3,30,0,0,0,0
16236,78,1,432.2,21.61,9.959999999999999,49.800000000000004,72.03333333333333,Storage,169.06,Stationery,United Kingdom,184,0.16666666666666666,0,432.2,1,0,0,9,10,30,0,0,0,0
16239,57,1,66.3,16.575,15.0,19.799999999999997,11.049999999999999,Home Decor,255.3,Bags,United Kingdom,228,0.16666666666666666,132,414.2,2,0,0,4,1,30,0,0,0,0
16240,24,2,3718.8,27.546666666666667,6.64,290.0,619.8000000000001,Kitchen,1352.32,Textiles,United Kingdom,1641,0.3333333333333333,53,3718.8,2,0,0,5,12,30,0,0,-1,0
16241,10,9,1761.75,3.7167721518987342,0.29,34.0,293.625,Home Decor,660.38,Garden & Outdoor,United Kingdom,1443,1.5,360,2590.31,13,1,1,4,5,30,1,1,1,1
16242,8,5,3186.96,12.850645161290323,0.39,47.2,531.16,Bags,1240.74,Crockery,United Kingdom,1969,0.8333333333333334,268,3579.86,7,0,0,0,2,30,0,0,0,0
16243,34,2,409.1,8.02156862745098,0.95,85.0,68.18333333333334,Home Decor,95.64,Accessories,United Kingdom,110,0.3333333333333333,21,409.1,2,0,0,4,0,30,0,0,0,0
16245,24,2,959.6800000000001,15.994666666666667,4.68,35.95,159.9466666666667,Home Decor,462.95,Textiles,United Kingdom,1014,0.3333333333333333,233,1413.66,3,0,0,4,12,30,0,0,0,0
16247,170,1,114.56,7.16,0.42,19.9,19.093333333333334,Home Decor,43.24,Bags,United Kingdom,182,0.16666666666666666,0,114.56,1,0,0,4,1,30,0,0,0,0
16248,62,1,152.94,21.84857142857143,9.959999999999999,25.200000000000003,25.49,Other,59.88,Electronics,United Kingdom,78,0.16666666666666666,0,152.94,1,0,0,6,3,30,0,0,0,0
16249,53,3,779.54,18.56047619047619,9.899999999999999,39.599999999999994,129.92333333333332,Home Decor,689.05,Bags,United Kingdom,950,0.5,186,1800.07,5,0,0,4,1,30,0,0,0,0
16253,67,1,1983.46,28.33514285714286,6.3,106.2,330.57666666666665,Other,1249.12,Accessories,United Kingdom,3233,0.16666666666666666,188,3683.86,2,0,0,6,0,30,0,0,0,0
16255,17,4,1558.24,9.739,0.19,40.32,259.70666666666665,Kitchen,917.5600000000001,Bags,United Kingdom,1767,0.6666666666666666,348,2619.91,8,0,0,5,1,30,0,0,0,0
16258,45,4,4171.05,41.7105,9.959999999999999,403.2,695.1750000000001,Kitchen,1416.41,Seasonal,United Kingdom,2994,0.6666666666666666,173,5203.51,5,0,0,5,9,30,1,0,-1,1
16260,51,1,1035.45,57.525000000000006,15.0,204.0,172.57500000000002,Home Decor,275.4,Accessories,United Kingdom,311,0.16666666666666666,0,1035.45,1,0,0,4,0,30,0,0,0,0
16261,17,3,476.02,7.323384615384615,0.55,25.0,79.33666666666666,Home Decor,196.34,Seasonal,United Kingdom,301,0.5,228,728.54,4,0,0,4,9,30,0,0,0,0
16265,9,4,2571.86,21.79542372881356,2.2800000000000002,104.0,428.6433333333334,Other,1120.3899999999999,Accessories,United Kingdom,2646,0.6666666666666666,355,5447.0,9,0,0,6,0,30,0,0,0,0
16266,74,4,490.05,15.3140625,0.42,50.0,81.675,Home Decor,396.71999999999997,Kitchen,United Kingdom,398,0.6666666666666666,132,861.89,7,0,0,4,7,30,0,0,0,0
16268,71,2,667.65,14.836666666666666,4.5600000000000005,50.0,111.27499999999999,Other,193.55,Home Decor,United Kingdom,533,0.3333333333333333,0,667.65,2,0,0,6,6,30,0,0,0,0
16271,3,4,1271.42,11.15280701754386,0.42,62.400000000000006,211.90333333333334,Kitchen,365.31,Textiles,United Kingdom,1024,0.6666666666666666,355,1404.64,5,0,0,5,12,30,0,0,0,0
16272,117,1,411.7,16.468,0.55,25.0,68.61666666666666,Bags,295.40000000000003,Other,United Kingdom,224,0.16666666666666666,0,411.7,1,0,0,0,8,30,0,0,0,0
16278,100,1,566.38,24.625217391304346,6.64,220.0,94.39666666666666,Other,220.0,Home Decor,United Kingdom,114,0.16666666666666666,0,566.38,1,0,0,6,6,30,0,0,0,0
16279,21,3,1502.78,14.177169811320754,0.95,45.0,250.46333333333334,Home Decor,266.85,Furniture,United Kingdom,1046,0.5,155,1502.78,3,0,0,4,4,30,0,0,0,0
16281,72,1,2062.06,121.29764705882353,16.5,270.0,343.6766666666667,Toys,907.2,Seasonal,United Kingdom,934,0.16666666666666666,0,2062.06,1,0,0,11,9,30,0,0,-1,0
16283,6,4,1293.0,9.946153846153846,1.17,45.0,215.5,Other,362.57,Textiles,United Kingdom,1236,0.6666666666666666,202,1570.81,5,0,0,6,12,30,0,0,0,0
16284,31,2,812.68,7.89009708737864,0.42,39.6,135.44666666666666,Electronics,196.82,Toys,United Kingdom,535,0.3333333333333333,19,812.68,2,0,0,2,13,30,0,0,0,0
16287,170,1,142.5,17.8125,6.72,25.200000000000003,23.75,Bags,50.400000000000006,Kitchen,United Kingdom,298,0.16666666666666666,0,142.5,1,0,0,0,7,30,0,0,0,0
16292,122,1,302.25,17.779411764705884,6.64,30.0,50.375,Kitchen,111.17999999999999,Seasonal,United Kingdom,191,0.16666666666666666,0,302.25,1,0,0,5,9,30,0,0,0,0
16293,22,6,1119.25,19.635964912280702,5.04,50.400000000000006,186.54166666666666,Home Decor,779.96,Seasonal,United Kingdom,982,1.0,345,2248.9900000000002,10,0,0,4,9,30,0,0,0,0
16295,10,4,1328.55,16.817088607594936,4.68,39.8,221.42499999999998,Kitchen,275.62,Furniture,United Kingdom,841,0.6666666666666666,54,1328.55,4,0,0,5,4,30,0,0,0,0
16298,23,2,483.90000000000003,24.195,12.600000000000001,95.4,80.65,Other,175.5,Storage,United Kingdom,198,0.3333333333333333,164,598.2,3,0,0,6,11,30,0,0,0,0
16302,127,1,233.22,21.201818181818183,10.0,51.0,38.87,Electronics,93.72,Stationery,United Kingdom,158,0.16666666666666666,0,233.22,1,0,0,2,10,30,0,0,0,0
16303,26,2,4533.45,35.69645669291339,10.2,123.75,755.5749999999999,Bags,983.45,Furniture,United Kingdom,2659,0.3333333333333333,307,5360.63,3,0,0,0,4,30,0,0,-1,0
16305,139,1,361.21999999999997,16.419090909090908,6.959999999999999,20.8,60.203333333333326,Home Decor,127.2,Other,United Kingdom,256,0.16666666666666666,0,361.21999999999997,1,0,0,4,8,30,0,0,0,0
16309,106,1,372.37,17.73190476190476,5.04,89.25,62.06166666666667,Other,210.06,Kitchen,United Kingdom,467,0.16666666666666666,134,706.57,2,0,0,6,7,30,0,0,0,0
16311,18,2,616.26,16.655675675675674,4.68,33.2,102.71,Home Decor,151.82,Textiles,United Kingdom,394,0.3333333333333333,31,616.26,2,0,0,4,12,30,0,0,0,0
16313,3,2,274.15000000000003,17.134375000000002,11.7,23.400000000000002,45.69166666666667,Toys,53.10000000000001,Storage,United Kingdom,165,0.3333333333333333,46,274.15000000000003,2,0,0,11,11,30,0,0,0,0
16316,64,3,1109.8,18.496666666666666,5.04,68.0,184.96666666666667,Stationery,766.71,Furniture,United Kingdom,1484,0.5,293,2938.91,8,0,0,8,4,30,0,0,0,0
16317,120,2,770.89,19.766410256410257,8.5,69.12,128.48166666666665,Kitchen,507.32,Furniture,United Kingdom,890,0.3333333333333333,177,1341.65,3,0,0,5,4,30,0,0,0,0
16318,35,1,328.15,17.271052631578947,10.2,39.599999999999994,54.69166666666666,Toys,115.7,Home Decor,United Kingdom,199,0.16666666666666666,0,328.15,1,0,0,11,6,30,0,0,0,0
16320,172,1,185.78,20.642222222222223,9.959999999999999,25.0,30.963333333333335,Other,207.78,Textiles,Unspecified,732,0.16666666666666666,40,1038.46,2,0,0,6,12,31,0,0,0,0
16321,72,2,150.0,37.5,35.400000000000006,39.599999999999994,25.0,Stationery,123.9,Electronics,Australia,135,0.3333333333333333,251,373.65000000000003,5,0,0,8,3,0,0,0,-1,0
16322,1,2,326.75,8.83108108108108,1.7,24.96,54.458333333333336,Home Decor,149.32,Seasonal,United Kingdom,231,0.3333333333333333,35,326.75,2,0,0,4,9,30,0,0,0,0
16324,128,3,408.59000000000003,3.6809909909909915,0.39,17.5,68.09833333333334,Other,118.4,Toys,United Kingdom,270,0.5,48,408.59000000000003,3,0,0,6,13,30,0,0,0,0
16325,47,2,403.42,31.032307692307693,13.52,71.4,67.23666666666666,Storage,174.0,Home Decor,United Kingdom,194,0.3333333333333333,198,594.24,3,0,0,9,6,30,0,0,0,0
16326,6,11,2512.94,10.21520325203252,0.42,70.8,418.8233333333333,Textiles,1253.4,Garden & Outdoor,United Kingdom,682,1.8333333333333333,328,3039.2200000000003,14,1,1,10,5,30,1,1,-1,1
16327,14,2,1350.63,12.622710280373832,0.85,67.6,225.10500000000002,Home Decor,1216.07,Seasonal,United Kingdom,2560,0.3333333333333333,355,3820.27,6,0,0,4,9,30,0,0,0,0
16330,18,3,251.91,6.4592307692307696,0.24,112.5,41.985,Home Decor,126.12,Garden & Outdoor,United Kingdom,147,0.5,94,251.91,3,0,0,4,5,30,0,0,0,0
16332,28,6,1460.5,10.432142857142857,0.12,55.6,243.41666666666666,Other,514.41,Accessories,United Kingdom,797,1.0,277,1582.8,7,0,0,6,0,30,0,0,0,0
16337,37,1,151.05,15.105,10.2,20.0,25.175,Toys,45.8,Bags,United Kingdom,87,0.16666666666666666,0,151.05,1,0,0,11,1,30,0,0,0,0
16338,157,1,214.79999999999998,19.527272727272727,7.5,49.5,35.8,Storage,49.5,Crockery,United Kingdom,94,0.16666666666666666,0,214.79999999999998,1,0,0,9,2,30,0,0,0,0
16340,107,1,534.31,3.789432624113475,0.29,30.0,89.05166666666666,Other,174.66,Furniture,United Kingdom,486,0.16666666666666666,0,534.31,1,0,0,6,4,30,0,0,0,0
16341,25,3,1174.22,24.46291666666667,5.04,83.2,195.70333333333335,Bags,590.3,Seasonal,United Kingdom,1398,0.5,176,1971.87,4,0,0,0,9,30,0,0,0,0
16342,75,4,322.41,21.494000000000003,9.959999999999999,41.6,53.73500000000001,Electronics,106.6,Crockery,United Kingdom,157,0.6666666666666666,104,322.41,4,0,0,2,2,30,0,0,0,0
16343,16,2,328.58,7.641395348837209,1.25,26.0,54.76333333333333,Kitchen,92.22999999999999,Toys,United Kingdom,175,0.3333333333333333,0,328.58,2,0,0,5,13,30,0,0,0,0
16345,44,1,565.46,15.282702702702704,1.69,100.0,94.24333333333334,Home Decor,210.31,Seasonal,United Kingdom,288,0.16666666666666666,0,565.46,1,0,0,4,9,30,0,0,0,0
16347,11,2,847.45,9.97,0.29,69.3,141.24166666666667,Storage,239.55,Seasonal,United Kingdom,341,0.3333333333333333,25,847.45,2,0,0,9,9,30,0,0,0,0
16348,32,4,856.58,7.321196581196581,0.39,50.0,142.76333333333335,Other,459.2,Accessories,United Kingdom,805,0.6666666666666666,207,1415.65,7,0,0,6,0,30,0,0,0,0
16350,21,3,739.77,21.136285714285712,13.919999999999998,39.599999999999994,123.295,Home Decor,650.55,Storage,United Kingdom,545,0.5,312,1116.47,4,0,0,4,11,30,0,0,0,0
16352,18,2,494.44,17.658571428571427,6.72,30.599999999999998,82.40666666666667,Home Decor,178.2,Stationery,United Kingdom,300,0.3333333333333333,20,494.44,2,0,0,4,10,30,0,0,0,0
16353,4,12,4520.43,82.18963636363637,7.5,475.20000000000005,753.4050000000001,Electronics,4637.9400000000005,Textiles,United Kingdom,2006,2.0,366,6675.71,23,1,1,2,12,30,1,1,-1,1
16354,63,2,395.8,10.148717948717948,2.4899999999999998,35.400000000000006,65.96666666666667,Storage,84.7,Accessories,United Kingdom,150,0.3333333333333333,9,395.8,2,0,0,9,0,30,0,0,0,0
16357,33,2,520.98,19.295555555555556,9.899999999999999,39.6,86.83,Home Decor,150.0,Stationery,United Kingdom,246,0.3333333333333333,180,658.88,3,0,0,4,10,30,0,0,0,0
16358,1,3,1565.3500000000001,17.992528735632185,5.04,70.80000000000001,260.8916666666667,Home Decor,660.8000000000001,Accessories,United Kingdom,1302,0.5,183,2027.5,4,0,0,4,0,30,0,0,0,0
16359,7,4,734.66,31.94173913043478,2.2800000000000002,228.96,122.44333333333333,Home Decor,878.1,Crockery,United Kingdom,1183,0.6666666666666666,324,1750.92,9,0,0,4,2,30,0,0,0,0
16360,5,6,3450.41,5.425172955974842,0.39,35.7,575.0683333333333,Other,690.3,Accessories,United Kingdom,2110,1.0,83,3450.41,6,0,0,6,0,30,0,0,0,0
16361,10,4,891.21,8.569326923076924,0.65,33.9,148.535,Stationery,238.98,Seasonal,United Kingdom,418,0.6666666666666666,61,891.21,4,0,0,8,9,30,0,0,0,0
16362,32,5,709.99,9.220649350649351,0.83,49.92,118.33166666666666,Home Decor,266.07,Accessories,United Kingdom,340,0.8333333333333334,58,709.99,5,0,0,4,0,30,0,0,0,0
16363,53,1,109.36000000000001,21.872000000000003,9.959999999999999,35.400000000000006,18.22666666666667,Home Decor,69.4,Crockery,United Kingdom,52,0.16666666666666666,0,109.36000000000001,1,0,0,4,2,30,0,0,0,0
16364,12,2,705.79,13.572884615384615,1.25,39.8,117.63166666666666,Other,207.3,Seasonal,United Kingdom,279,0.3333333333333333,125,705.79,2,0,0,6,9,30,0,0,0,0
16365,18,6,1051.06,25.63560975609756,0.85,393.7,175.17666666666665,Storage,825.0999999999999,Textiles,United Kingdom,504,1.0,349,1540.42,9,0,0,9,12,30,0,0,-1,0
16366,19,1,327.3,18.183333333333334,10.5,35.400000000000006,54.550000000000004,Crockery,122.30000000000001,Home Decor,United Kingdom,256,0.16666666666666666,0,327.3,1,0,0,1,6,30,0,0,0,0
16367,37,1,633.58,6.8126881720430115,0.39,20.8,105.59666666666668,Home Decor,259.55,Toys,United Kingdom,643,0.16666666666666666,325,800.67,2,0,0,4,13,30,0,0,0,0
16368,2,2,479.91,6.955217391304348,0.39,50.400000000000006,79.985,Home Decor,219.81,Crockery,United Kingdom,251,0.3333333333333333,25,479.91,2,0,0,4,2,30,0,0,0,0
16369,18,2,1190.96,11.676078431372549,0.38,52.199999999999996,198.49333333333334,Kitchen,621.46,Seasonal,United Kingdom,1030,0.3333333333333333,178,1545.41,3,0,0,5,9,30,0,0,0,0
16370,82,2,758.7,6.655263157894737,0.55,33.9,126.45,Kitchen,391.67,Accessories,United Kingdom,640,0.3333333333333333,142,1301.91,4,0,0,5,0,30,0,0,0,0
16372,33,2,355.73,3.866630434782609,0.42,19.9,59.288333333333334,Other,65.25,Crockery,United Kingdom,158,0.3333333333333333,0,355.73,2,0,0,6,2,30,0,0,0,0
16374,66,1,312.53000000000003,3.7654216867469885,0.55,19.9,52.08833333333334,Kitchen,123.91,Toys,United Kingdom,237,0.16666666666666666,196,466.73,2,0,0,5,13,30,0,0,0,0
16376,9,2,974.96,7.991475409836066,0.39,107.1,162.49333333333334,Home Decor,322.09,Textiles,United Kingdom,691,0.3333333333333333,8,974.96,2,0,0,4,12,30,0,0,0,0
16379,4,4,2157.4,19.975925925925928,7.800000000000001,62.400000000000006,359.56666666666666,Home Decor,608.26,Crockery,United Kingdom,1410,0.6666666666666666,74,2157.4,4,0,0,4,2,30,0,0,0,0
16380,61,1,1743.1499999999999,56.23064516129032,1.25,750.0,290.525,Electronics,766.45,Textiles,United Kingdom,1428,0.16666666666666666,0,1743.1499999999999,1,0,0,2,12,30,0,0,-1,0
16383,75,1,334.3,7.428888888888889,1.25,23.400000000000002,55.71666666666667,Other,114.06,Garden & Outdoor,United Kingdom,467,0.16666666666666666,193,643.76,2,0,0,6,5,30,0,0,0,0
16384,90,1,175.4,19.48888888888889,17.4,25.5,29.233333333333334,Crockery,159.2,Toys,United Kingdom,260,0.16666666666666666,174,584.5,2,0,0,1,13,30,0,0,0,0
16385,60,2,407.66,10.727894736842106,0.83,42.5,67.94333333333334,Other,158.4,Accessories,United Kingdom,258,0.3333333333333333,306,554.86,3,0,0,6,0,30,0,0,0,0
16386,29,1,241.47,3.135974025974026,0.12,15.299999999999999,40.245,Electronics,61.33,Seasonal,United Kingdom,205,0.16666666666666666,225,302.57,2,0,0,2,9,30,0,0,0,0
16389,53,2,711.9,39.55,9.959999999999999,175.2,118.64999999999999,Crockery,442.09999999999997,Toys,United Kingdom,1242,0.3333333333333333,229,1382.07,4,0,0,1,13,30,0,0,0,0
16393,2,7,2071.42,9.9111004784689,0.85,74.7,345.2366666666667,Bags,1078.13,Seasonal,United Kingdom,1573,1.1666666666666667,366,3040.96,13,1,1,0,9,30,1,1,-1,1
16394,57,3,936.04,28.364848484848483,4.68,100.8,156.00666666666666,Stationery,665.52,Crockery,United Kingdom,2604,0.5,232,1555.34,5,0,0,8,2,30,0,0,0,0
16395,61,3,1031.5,7.065068493150685,0.39,40.8,171.91666666666666,Other,386.52,Garden & Outdoor,United Kingdom,1472,0.5,270,1482.06,5,0,0,6,5,30,0,0,0,0
16398,154,1,535.85,28.20263157894737,10.5,72.0,89.30833333333334,Home Decor,476.85,Storage,United Kingdom,758,0.16666666666666666,99,1705.8,2,0,0,4,11,30,0,0,0,0
16399,19,1,229.61,5.600243902439025,0.55,25.0,38.26833333333334,Electronics,107.3,Accessories,United Kingdom,263,0.16666666666666666,216,408.02,2,0,0,2,0,30,0,0,0,0
16400,95,1,303.93,10.480344827586206,1.45,34.68,50.655,Home Decor,80.65,Accessories,United Kingdom,172,0.16666666666666666,0,303.93,1,0,0,4,0,30,0,0,0,0
16401,1,7,2436.43,19.970737704918033,1.65,144.0,406.07166666666666,Home Decor,1338.9,Crockery,United Kingdom,3882,1.1666666666666667,326,4098.32,12,1,1,4,2,30,1,1,1,1
16404,70,1,443.05,19.26304347826087,12.5,39.8,73.84166666666667,Kitchen,119.94999999999999,Crockery,United Kingdom,157,0.16666666666666666,0,443.05,1,0,0,5,2,30,0,0,0,0
16407,13,5,1289.8899999999999,12.055046728971961,0.55,75.0,214.98166666666665,Other,703.8199999999999,Seasonal,United Kingdom,1093,0.8333333333333334,299,2079.68,10,0,0,6,9,30,0,0,0,0
16409,36,3,1219.42,10.79132743362832,0.85,35.400000000000006,203.23666666666668,Home Decor,467.58,Furniture,United Kingdom,1304,0.5,281,2022.98,5,0,0,4,4,30,0,0,0,0
16411,19,1,83.15,3.4645833333333336,0.83,7.95,13.858333333333334,Home Decor,59.75,Electronics,United Kingdom,131,0.16666666666666666,349,211.7,2,0,0,4,3,30,0,0,0,0
16412,54,1,135.99,4.533,0.95,16.6,22.665000000000003,Home Decor,75.36,Kitchen,United Kingdom,63,0.16666666666666666,0,135.99,1,0,0,4,7,30,0,0,0,0
16413,57,1,262.2,8.458064516129031,0.85,33.2,43.699999999999996,Home Decor,167.15,Stationery,United Kingdom,148,0.16666666666666666,0,262.2,1,0,0,4,10,30,0,0,0,0
16414,22,1,75.45,18.8625,9.95,33.0,12.575000000000001,Kitchen,61.65,Crockery,United Kingdom,27,0.16666666666666666,258,126.25,2,0,0,5,2,30,0,0,0,0
16415,44,1,200.27,4.2610638297872345,0.39,30.0,33.37833333333334,Kitchen,69.64,Stationery,United Kingdom,178,0.16666666666666666,0,200.27,1,0,0,5,10,30,0,0,0,0
16416,27,3,1051.4,14.808450704225354,0.78,119.39999999999999,175.23333333333335,Home Decor,375.23,Storage,United Kingdom,672,0.5,29,1051.4,3,0,0,4,11,30,0,0,0,0
16418,45,2,485.21,6.301428571428572,0.83,29.95,80.86833333333333,Home Decor,193.01000000000002,Seasonal,United Kingdom,280,0.3333333333333333,181,631.12,3,0,0,4,9,30,0,0,0,0
16419,113,4,441.78,16.99153846153846,0.83,60.0,73.63,Home Decor,332.18,Stationery,United Kingdom,428,0.6666666666666666,199,958.71,6,0,0,4,10,30,0,0,0,0
16423,25,1,346.12,19.22888888888889,5.04,60.839999999999996,57.68666666666667,Other,93.84,Crockery,United Kingdom,230,0.16666666666666666,0,346.12,1,0,0,6,2,30,0,0,0,0
16426,2,9,1535.39,4.489444444444445,0.39,25.0,255.89833333333334,Home Decor,572.52,Textiles,United Kingdom,1215,1.5,273,1863.76,10,0,1,4,12,30,1,1,3,1
16430,57,1,300.85,50.14166666666667,20.85,100.80000000000001,50.14166666666667,Storage,114.60000000000001,Other,United Kingdom,103,0.16666666666666666,0,300.85,1,0,0,9,8,30,0,0,0,0
16432,64,1,287.4,35.925,15.0,144.0,47.9,Home Decor,235.07999999999998,Other,United Kingdom,276,0.16666666666666666,0,287.4,1,0,0,4,8,30,0,0,0,0
16433,28,1,184.26,10.838823529411764,0.95,63.6,30.709999999999997,Kitchen,63.6,Toys,United Kingdom,106,0.16666666666666666,0,184.26,1,0,0,5,13,30,0,0,0,0
16434,29,4,795.08,11.866865671641792,1.25,39.599999999999994,132.51333333333335,Home Decor,351.77,Toys,United Kingdom,760,0.6666666666666666,270,1511.8,7,0,0,4,13,30,0,0,0,0
16438,6,5,798.35,6.04810606060606,0.38,26.099999999999998,133.05833333333334,Electronics,300.6,Other,United Kingdom,463,0.8333333333333334,76,798.35,5,0,0,2,8,30,0,0,0,0
16440,8,4,3368.21,13.636477732793523,1.18,102.0,561.3683333333333,Storage,790.1,Toys,United Kingdom,2018,0.6666666666666666,206,3640.67,5,0,0,9,13,30,0,0,-1,0
16441,67,1,170.2,15.47272727272727,3.75,30.599999999999998,28.366666666666664,Home Decor,111.14999999999999,Textiles,United Kingdom,173,0.16666666666666666,224,381.2,2,0,0,4,12,30,0,0,0,0
16444,46,2,414.59,10.63051282051282,0.42,41.300000000000004,69.09833333333333,Home Decor,185.57999999999998,Crockery,United Kingdom,407,0.3333333333333333,218,654.67,4,0,0,4,2,30,0,0,0,0
16445,34,1,230.51,3.658888888888889,0.55,12.5,38.41833333333333,Home Decor,72.0,Garden & Outdoor,United Kingdom,111,0.16666666666666666,0,230.51,1,0,0,4,5,30,0,0,0,0
16447,136,1,255.91,7.526764705882353,1.45,31.200000000000003,42.651666666666664,Other,122.65,Bags,United Kingdom,221,0.16666666666666666,0,255.91,1,0,0,6,1,30,0,0,0,0
16450,150,1,311.92,28.35636363636364,8.5,70.80000000000001,51.98666666666667,Home Decor,125.56,Other,United Kingdom,200,0.16666666666666666,0,311.92,1,0,0,4,8,30,0,0,0,0
16451,88,1,266.97,19.069285714285716,6.72,49.800000000000004,44.495000000000005,Storage,99.60000000000001,Crockery,United Kingdom,120,0.16666666666666666,0,266.97,1,0,0,9,2,30,0,0,0,0
16455,64,2,707.4,17.685,9.899999999999999,34.68,117.89999999999999,Other,522.7,Furniture,United Kingdom,988,0.3333333333333333,307,1841.18,7,0,0,6,4,30,0,0,0,0
16456,99,2,581.76,22.375384615384615,1.7,62.400000000000006,96.96,Bags,1219.78,Storage,United Kingdom,1147,0.3333333333333333,273,2158.18,5,0,0,0,11,30,0,0,0,0
16458,3,11,2177.04,18.142,0.78,41.6,362.84,Bags,1929.65,Other,United Kingdom,2154,1.8333333333333333,357,3482.7400000000002,18,1,1,0,8,30,1,1,-1,1
16460,28,3,811.23,6.145681818181818,0.39,47.7,135.205,Kitchen,242.14000000000001,Garden & Outdoor,United Kingdom,876,0.5,53,811.23,3,0,0,5,5,30,0,0,0,0
16463,21,3,1103.03,17.508412698412698,4.5600000000000005,45.0,183.83833333333334,Kitchen,346.04,Textiles,United Kingdom,1163,0.5,182,1422.4,4,0,0,5,12,30,0,0,0,0
16464,20,3,1298.66,5.646347826086957,0.39,27.839999999999996,216.44333333333336,Other,276.0,Garden & Outdoor,United Kingdom,952,0.5,122,1298.66,3,0,0,6,5,30,0,0,0,0
16466,34,4,1075.67,10.865353535353536,1.1,86.10000000000001,179.27833333333334,Home Decor,411.96,Bags,United Kingdom,785,0.6666666666666666,258,1595.96,7,0,0,4,1,30,0,0,0,0
16468,74,1,74.9,37.45,12.5,62.400000000000006,12.483333333333334,Bags,62.400000000000006,Furniture,United Kingdom,31,0.16666666666666666,0,74.9,1,0,0,0,4,30,0,0,0,0
16469,24,2,357.12,3.4011428571428572,0.14,12.75,59.52,Other,194.16,Accessories,United Kingdom,260,0.3333333333333333,222,625.42,4,0,0,6,0,30,0,0,0,0
16470,52,2,407.11,3.8772380952380954,0.38,29.700000000000003,67.85166666666667,Bags,136.99,Seasonal,United Kingdom,522,0.3333333333333333,307,752.77,4,0,0,0,9,30,0,0,0,0
16473,165,1,98.3,19.66,15.0,23.6,16.383333333333333,Home Decor,102.9,Stationery,United Kingdom,196,0.16666666666666666,171,316.11,3,0,0,4,10,30,0,0,0,0
16474,7,7,1810.65,5.372848664688427,0.16,50.400000000000006,301.77500000000003,Home Decor,620.82,Accessories,United Kingdom,909,1.1666666666666667,137,1810.65,7,0,1,4,0,30,0,1,3,0
16475,88,3,234.3,29.2875,10.2,85.0,39.050000000000004,Electronics,220.0,Kitchen,United Kingdom,319,0.5,185,544.3,4,0,0,2,7,30,0,0,0,0
16477,64,2,941.95,19.223469387755102,6.959999999999999,35.400000000000006,156.99166666666667,Home Decor,570.68,Crockery,United Kingdom,1415,0.3333333333333333,307,2494.46,7,0,0,4,2,30,0,0,0,0
16478,25,3,331.0,19.470588235294116,10.08,39.6,55.166666666666664,Home Decor,103.52,Bags,United Kingdom,224,0.5,40,331.0,3,0,0,4,1,30,0,0,0,0
16479,10,2,300.83,8.595142857142857,0.95,24.900000000000002,50.13833333333333,Kitchen,70.30000000000001,Home Decor,United Kingdom,102,0.3333333333333333,0,300.83,2,0,0,5,6,30,0,0,0,0
16480,76,1,769.29,14.514905660377357,0.39,79.19999999999999,128.215,Home Decor,173.60999999999999,Bags,United Kingdom,455,0.16666666666666666,0,769.29,1,0,0,4,1,30,0,0,0,0
16482,16,1,220.62,12.256666666666668,4.5600000000000005,18.72,36.77,Other,78.18,Stationery,United Kingdom,346,0.16666666666666666,0,220.62,1,0,0,6,10,30,0,0,0,0
16484,174,1,118.60000000000001,16.942857142857143,12.600000000000001,22.5,19.76666666666667,Kitchen,114.30000000000001,Toys,United Kingdom,200,0.16666666666666666,17,404.3,2,0,0,5,13,30,0,0,0,0
16485,77,1,363.65,8.658333333333333,0.55,35.7,60.60833333333333,Home Decor,109.02,Stationery,United Kingdom,235,0.16666666666666666,0,363.65,1,0,0,4,10,30,0,0,0,0
16488,33,3,498.8,17.2,2.88,60.0,83.13333333333334,Other,264.65999999999997,Crockery,United Kingdom,728,0.5,115,498.8,3,0,0,6,2,30,0,0,0,0
16491,47,1,731.5,18.756410256410255,8.4,59.400000000000006,121.91666666666667,Stationery,258.01,Electronics,United Kingdom,478,0.16666666666666666,0,731.5,1,0,0,8,3,30,0,0,0,0
16493,80,2,983.83,23.424523809523812,4.68,49.800000000000004,163.97166666666666,Stationery,460.8,Storage,United Kingdom,1164,0.3333333333333333,250,1351.63,4,0,0,8,11,30,0,0,0,0
16495,3,1,401.75,7.304545454545455,0.39,31.9,66.95833333333333,Other,234.24,Seasonal,United Kingdom,328,0.16666666666666666,272,648.26,3,0,0,6,9,30,0,0,0,0
16496,9,1,414.48,17.27,5.04,25.200000000000003,69.08,Other,414.01,Electronics,United Kingdom,1111,0.16666666666666666,308,1599.52,3,0,0,6,3,30,0,0,0,0
16497,50,1,1414.99,28.87734693877551,9.36,99.0,235.83166666666668,Home Decor,898.86,Textiles,United Kingdom,1396,0.16666666666666666,283,2965.69,6,0,0,4,12,30,0,0,0,0
16498,161,2,100.97,6.731333333333334,0.95,29.700000000000003,16.828333333333333,Kitchen,73.35,Other,United Kingdom,45,0.3333333333333333,0,100.97,2,0,0,5,8,30,0,0,0,0
16500,5,5,235.86,23.586000000000002,10.2,35.400000000000006,39.31,Home Decor,195.12,Electronics,United Kingdom,123,0.8333333333333334,326,400.86,6,0,0,4,3,30,0,0,0,0
16503,107,1,338.54,19.914117647058823,8.95,33.9,56.42333333333334,Other,385.93,Seasonal,United Kingdom,569,0.16666666666666666,253,1431.93,4,0,0,6,9,30,0,0,0,0
16504,25,1,465.88,5.613012048192771,0.38,33.0,77.64666666666666,Home Decor,148.1,Garden & Outdoor,United Kingdom,510,0.16666666666666666,0,465.88,1,0,0,4,5,30,0,0,0,0
16505,32,1,777.6,194.4,119.52,358.56000000000006,129.6,Stationery,627.84,Kitchen,United Kingdom,576,0.16666666666666666,0,777.6,1,0,0,8,7,30,0,0,-1,0
16506,20,2,90.30000000000001,30.100000000000005,19.799999999999997,35.400000000000006,15.050000000000002,Home Decor,55.2,Other,United Kingdom,42,0.3333333333333333,20,90.30000000000001,2,0,0,4,8,30,0,0,0,0
16511,22,2,587.98,5.821584158415842,0.85,46.800000000000004,97.99666666666667,Stationery,144.70000000000002,Furniture,United Kingdom,405,0.3333333333333333,244,918.33,3,0,0,8,4,30,0,0,0,0
16513,5,4,874.59,24.988285714285716,5.04,90.0,145.76500000000001,Other,292.08,Stationery,United Kingdom,407,0.6666666666666666,38,874.59,4,0,0,6,10,30,0,0,0,0
16515,52,3,1004.8,16.746666666666666,1.25,86.39999999999999,167.46666666666667,Home Decor,407.84000000000003,Textiles,United Kingdom,826,0.5,259,1624.14,5,0,0,4,12,30,0,0,0,0
16516,30,1,101.69999999999999,16.95,15.0,19.8,16.95,Kitchen,85.19999999999999,Home Decor,United Kingdom,58,0.16666666666666666,0,101.69999999999999,1,0,0,5,6,30,0,0,0,0
16518,61,1,293.62,10.124827586206896,2.5,23.85,48.93666666666667,Storage,155.75,Electronics,United Kingdom,327,0.16666666666666666,222,484.32,2,0,0,9,3,30,0,0,0,0
16519,25,1,111.38,13.9225,2.08,26.099999999999998,18.563333333333333,Home Decor,76.1,Bags,United Kingdom,54,0.16666666666666666,340,215.07999999999998,2,0,0,4,1,30,0,0,0,0
16523,2,13,6582.87,35.776467391304344,4.5600000000000005,198.0,1097.145,Bags,3617.7000000000003,Furniture,United Kingdom,4265,2.1666666666666665,313,9418.470000000001,21,1,1,0,4,30,1,1,-1,1
16525,2,10,4840.34,68.17380281690141,10.08,162.72,806.7233333333334,Home Decor,5715.4800000000005,Bags,United Kingdom,7397,1.6666666666666667,364,13027.45,26,1,1,4,1,30,1,1,-1,1
16526,172,1,290.36,19.357333333333333,6.8,71.4,48.39333333333334,Other,86.35000000000001,Kitchen,United Kingdom,106,0.16666666666666666,0,290.36,1,0,0,6,7,30,0,0,0,0
16527,81,1,228.06,16.29,1.65,35.400000000000006,38.01,Home Decor,107.10000000000001,Crockery,United Kingdom,106,0.16666666666666666,0,228.06,1,0,0,4,2,30,0,0,0,0
16528,4,1,244.41,14.377058823529412,7.800000000000001,25.5,40.735,Kitchen,98.44,Storage,United Kingdom,171,0.16666666666666666,0,244.41,1,0,0,5,11,30,0,0,0,0
16531,22,4,759.76,16.516521739130436,4.8,33.9,126.62666666666667,Other,351.82,Accessories,United Kingdom,915,0.6666666666666666,338,1244.59,7,0,0,6,0,30,0,0,0,0
16533,19,3,1082.81,6.1523295454545455,0.39,45.0,180.46833333333333,Home Decor,258.48,Seasonal,United Kingdom,611,0.5,48,1082.81,3,0,0,4,9,30,0,0,0,0
16535,5,1,593.75,19.153225806451612,5.04,63.75,98.95833333333333,Kitchen,175.03,Seasonal,United Kingdom,356,0.16666666666666666,0,593.75,1,0,0,5,9,30,0,0,0,0
16536,110,1,548.12,10.15037037037037,0.85,39.8,91.35333333333334,Home Decor,212.16,Textiles,United Kingdom,250,0.16666666666666666,0,548.12,1,0,0,4,12,30,0,0,0,0
16542,54,1,119.62,23.924,11.5,53.1,19.936666666666667,Home Decor,92.82,Other,United Kingdom,46,0.16666666666666666,0,119.62,1,0,0,4,8,30,0,0,0,0
16545,165,1,339.3,113.10000000000001,25.200000000000003,237.60000000000002,56.550000000000004,Electronics,237.60000000000002,Home Decor,United Kingdom,78,0.16666666666666666,0,339.3,1,0,0,2,6,30,0,0,0,0
16549,10,9,3915.41,4.389473094170404,0.39,61.199999999999996,652.5683333333333,Home Decor,1446.63,Accessories,United Kingdom,2294,1.5,324,4034.9,10,0,1,4,0,30,1,1,3,1
16550,109,2,872.64,9.383225806451613,2.2,29.700000000000003,145.44,Kitchen,854.66,Bags,United Kingdom,1540,0.3333333333333333,259,2298.97,5,0,0,5,1,30,0,0,0,0
16551,96,2,611.05,29.097619047619045,4.68,92.16,101.84166666666665,Kitchen,637.61,Furniture,United Kingdom,970,0.3333333333333333,240,922.12,3,0,0,5,4,30,0,0,0,0
16553,163,3,988.64,141.2342857142857,69.12,222.0,164.77333333333334,Kitchen,1630.94,Toys,United Kingdom,4600,0.5,197,5719.82,12,1,0,5,13,30,1,0,-1,1
16554,42,1,522.99,16.870645161290323,6.959999999999999,39.599999999999994,87.165,Home Decor,321.73,Furniture,United Kingdom,402,0.16666666666666666,289,837.1,3,0,0,4,4,30,0,0,0,0
16555,35,2,285.89,16.81705882352941,10.08,25.200000000000003,47.64833333333333,Kitchen,50.58,Bags,United Kingdom,175,0.3333333333333333,74,285.89,2,0,0,5,1,30,0,0,0,0
16556,67,3,1674.97,16.10548076923077,5.04,59.400000000000006,279.1616666666667,Kitchen,720.08,Seasonal,United Kingdom,1890,0.5,293,3313.79,7,0,0,5,9,30,0,0,0,0
16557,24,2,281.85,25.622727272727275,12.5,46.8,46.975,Electronics,121.8,Other,United Kingdom,111,0.3333333333333333,113,281.85,2,0,0,2,8,30,0,0,0,0
16558,1,10,4887.91,19.396468253968255,4.68,252.0,814.6516666666666,Kitchen,1758.78,Toys,United Kingdom,5377,1.6666666666666667,365,8338.49,20,1,1,5,13,30,1,1,-1,1
16560,27,1,509.23,14.145277777777778,5.04,39.6,84.87166666666667,Kitchen,392.82,Bags,United Kingdom,500,0.16666666666666666,331,841.41,2,0,0,5,1,30,0,0,0,0
16561,6,2,511.12,16.48774193548387,9.959999999999999,24.75,85.18666666666667,Stationery,169.79000000000002,Electronics,United Kingdom,244,0.3333333333333333,54,511.12,2,0,0,8,3,30,0,0,0,0
16563,54,1,1077.74,56.72315789473684,5.04,232.0,179.62333333333333,Home Decor,588.04,Furniture,United Kingdom,486,0.16666666666666666,0,1077.74,1,0,0,4,4,30,0,0,0,0
16566,15,3,334.54,27.878333333333334,9.899999999999999,108.16,55.75666666666667,Electronics,215.82,Stationery,United Kingdom,362,0.5,277,614.66,5,0,0,2,10,30,0,0,0,0
16569,3,1,124.2,24.84,10.5,47.7,20.7,Electronics,47.7,Stationery,United Kingdom,93,0.16666666666666666,0,124.2,1,0,0,2,10,30,0,0,0,0
16570,15,7,2265.17,31.460694444444446,4.68,100.80000000000001,377.52833333333336,Electronics,1020.11,Toys,United Kingdom,2112,1.1666666666666667,296,3738.4,10,0,1,2,13,30,1,1,-1,1
16571,27,2,985.01,16.982931034482757,2.88,40.8,164.16833333333332,Other,451.99,Accessories,United Kingdom,1239,0.3333333333333333,255,1421.69,3,0,0,6,0,30,0,0,0,0
16572,127,2,667.02,18.528333333333332,8.5,35.95,111.17,Kitchen,491.75,Seasonal,United Kingdom,532,0.3333333333333333,148,1009.6,3,0,0,5,9,30,0,0,0,0
16573,85,1,370.98,14.268461538461539,5.04,34.8,61.830000000000005,Kitchen,196.73000000000002,Textiles,United Kingdom,360,0.16666666666666666,205,663.61,2,0,0,5,12,30,0,0,0,0
16574,71,1,451.44,16.122857142857143,9.959999999999999,26.400000000000002,75.24,Home Decor,210.84,Storage,United Kingdom,416,0.16666666666666666,0,451.44,1,0,0,4,11,30,0,0,0,0
16582,113,1,313.62,52.27,10.5,162.72,52.27,Home Decor,263.52,Stationery,United Kingdom,164,0.16666666666666666,0,313.62,1,0,0,4,10,30,0,0,0,0
16584,80,1,324.14,23.15285714285714,15.0,69.6,54.02333333333333,Home Decor,559.5,Other,United Kingdom,646,0.16666666666666666,174,936.08,2,0,0,4,8,30,0,0,0,0
16589,71,3,459.24,13.916363636363636,6.959999999999999,19.919999999999998,76.54,Home Decor,167.44,Seasonal,United Kingdom,368,0.5,90,459.24,3,0,0,4,9,30,0,0,0,0
16591,69,1,213.5,21.35,3.4,106.2,35.583333333333336,Textiles,106.2,Stationery,United Kingdom,41,0.16666666666666666,0,213.5,1,0,0,10,10,30,0,0,0,0
16592,4,8,2592.7,19.493984962406014,9.36,91.80000000000001,432.1166666666666,Kitchen,1279.3700000000001,Bags,United Kingdom,2927,1.3333333333333333,283,4113.68,16,1,1,5,1,30,1,1,1,1
16593,51,1,74.53,12.421666666666667,2.9,29.849999999999998,12.421666666666667,Kitchen,115.25,Other,United Kingdom,116,0.16666666666666666,277,330.03,3,0,0,5,8,30,0,0,0,0
16594,75,1,181.09,3.416792452830189,0.39,12.75,30.18166666666667,Home Decor,43.550000000000004,Bags,United Kingdom,64,0.16666666666666666,0,181.09,1,0,0,4,1,30,0,0,0,0
16595,61,1,360.16,4.237176470588236,0.39,30.0,60.02666666666667,Kitchen,66.48,Crockery,United Kingdom,335,0.16666666666666666,0,360.16,1,0,0,5,2,30,0,0,0,0
16596,16,1,129.5,21.583333333333332,15.0,39.599999999999994,21.583333333333332,Home Decor,202.6,Storage,United Kingdom,97,0.16666666666666666,350,250.15,2,0,0,4,11,30,0,0,0,0
16597,4,1,90.04,12.862857142857143,4.68,25.28,15.006666666666668,Storage,25.28,Home Decor,United Kingdom,184,0.16666666666666666,0,90.04,1,0,0,9,6,30,0,0,0,0
16600,4,4,576.06,13.092272727272727,4.5600000000000005,30.0,96.00999999999999,Home Decor,321.36,Seasonal,United Kingdom,1145,0.6666666666666666,334,813.52,6,0,0,4,9,30,0,0,0,0
16601,41,1,242.7,8.09,1.17,35.8,40.449999999999996,Textiles,63.4,Crockery,United Kingdom,133,0.16666666666666666,0,242.7,1,0,0,10,2,30,0,0,0,0
16602,36,1,528.08,18.209655172413793,10.2,78.96000000000001,88.01333333333334,Electronics,228.86,Furniture,United Kingdom,336,0.16666666666666666,0,528.08,1,0,0,2,4,30,0,0,0,0
16603,75,2,482.47,14.19029411764706,2.88,25.200000000000003,80.41166666666668,Other,109.24,Textiles,United Kingdom,480,0.3333333333333333,16,482.47,2,0,0,6,12,30,0,0,0,0
16607,18,7,1630.65,16.3065,4.0,68.0,271.77500000000003,Stationery,1087.18,Toys,United Kingdom,2859,1.1666666666666667,341,3347.71,14,1,1,8,13,30,1,1,1,1
16609,15,4,3505.84,21.119518072289157,4.5600000000000005,62.400000000000006,584.3066666666667,Bags,1115.68,Accessories,United Kingdom,2420,0.6666666666666666,237,5493.46,7,0,0,0,0,30,0,0,0,0
16612,33,2,478.76,19.948333333333334,9.959999999999999,51.0,79.79333333333334,Bags,241.8,Textiles,United Kingdom,506,0.3333333333333333,278,1187.66,4,0,0,0,12,30,0,0,0,0
16613,70,1,618.59,20.619666666666667,10.2,35.400000000000006,103.09833333333334,Home Decor,157.84,Bags,United Kingdom,293,0.16666666666666666,0,618.59,1,0,0,4,1,30,0,0,0,0
16616,15,2,500.42,15.164242424242424,5.04,79.9,83.40333333333334,Other,149.67000000000002,Toys,United Kingdom,370,0.3333333333333333,142,500.42,2,0,0,6,13,30,0,0,0,0
16618,31,1,1206.3,28.72142857142857,12.48,120.0,201.04999999999998,Other,831.63,Seasonal,United Kingdom,1363,0.16666666666666666,291,2647.59,5,0,0,6,9,30,0,0,0,0
16620,4,1,83.2,20.8,20.8,20.8,13.866666666666667,Bags,83.2,Home Decor,United Kingdom,88,0.16666666666666666,257,178.96,2,0,0,0,6,30,0,0,0,0
16621,52,2,322.78,26.89833333333333,9.959999999999999,76.32000000000001,53.79666666666666,Kitchen,455.3,Storage,United Kingdom,302,0.3333333333333333,226,813.48,4,0,0,5,11,30,0,0,0,0
16624,81,1,384.14,14.227407407407407,0.55,64.22,64.02333333333333,Electronics,218.25,Furniture,United Kingdom,488,0.16666666666666666,116,810.5699999999999,2,0,0,2,4,30,0,0,0,0
16626,1,15,3021.22,28.502075471698113,1.65,158.4,503.53666666666663,Kitchen,939.3000000000001,Toys,United Kingdom,2690,2.5,265,4413.1,17,1,1,5,13,30,1,1,-1,1
16627,79,1,322.8,16.14,6.64,30.0,53.800000000000004,Kitchen,175.48,Crockery,United Kingdom,162,0.16666666666666666,0,322.8,1,0,0,5,2,30,0,0,0,0
16628,30,3,1475.14,18.672658227848103,8.5,102.0,245.85666666666668,Kitchen,692.65,Seasonal,United Kingdom,1205,0.5,205,2188.05,5,0,0,5,9,30,0,0,0,0
16629,74,2,408.63,6.8105,0.55,35.7,68.105,Other,157.37,Bags,United Kingdom,489,0.3333333333333333,22,408.63,2,0,0,6,1,30,0,0,0,0
16633,17,4,2179.78,19.63765765765766,5.04,60.0,363.2966666666667,Home Decor,705.62,Furniture,United Kingdom,1138,0.6666666666666666,216,2883.1,6,0,0,4,4,30,0,0,0,0
16637,32,3,850.85,16.05377358490566,6.64,45.9,141.80833333333334,Home Decor,286.53,Storage,United Kingdom,927,0.5,193,1154.47,4,0,0,4,11,30,0,0,0,0
16638,23,4,469.28000000000003,14.22060606060606,3.5100000000000002,37.2,78.21333333333334,Home Decor,383.97,Seasonal,United Kingdom,1255,0.6666666666666666,346,1680.72,10,0,0,4,9,30,0,0,0,0
16639,31,1,786.36,26.212,9.959999999999999,102.0,131.06,Home Decor,454.70000000000005,Garden & Outdoor,United Kingdom,510,0.16666666666666666,204,1257.51,3,0,0,4,5,30,0,0,0,0
16641,106,1,231.10000000000002,19.258333333333336,9.959999999999999,30.240000000000002,38.51666666666667,Home Decor,118.38000000000001,Storage,United Kingdom,256,0.16666666666666666,0,231.10000000000002,1,0,0,4,11,30,0,0,0,0
16642,5,1,380.6,20.031578947368423,6.84,47.7,63.43333333333334,Other,231.4,Bags,United Kingdom,479,0.16666666666666666,202,688.33,2,0,0,6,1,30,0,0,0,0
16647,170,1,86.31,17.262,4.68,39.839999999999996,14.385,Storage,64.8,Other,United Kingdom,146,0.16666666666666666,35,214.06,2,0,0,9,8,30,0,0,0,0
16648,43,1,290.65999999999997,15.297894736842103,5.04,23.400000000000002,48.44333333333333,Storage,79.19999999999999,Electronics,United Kingdom,281,0.16666666666666666,0,290.65999999999997,1,0,0,9,3,30,0,0,0,0
16650,72,1,518.42,21.60083333333333,5.04,70.8,86.40333333333332,Other,140.28,Crockery,United Kingdom,372,0.16666666666666666,0,518.42,1,0,0,6,2,30,0,0,0,0
16652,59,4,3719.35,51.65763888888889,4.32,149.76,619.8916666666667,Home Decor,2031.42,Textiles,United Kingdom,3283,0.6666666666666666,214,6773.97,7,0,0,4,12,30,1,0,-1,1
16653,16,2,1212.66,17.574782608695653,9.95,59.400000000000006,202.11,Kitchen,428.55,Furniture,United Kingdom,733,0.3333333333333333,55,1212.66,2,0,0,5,4,30,0,0,0,0
16654,141,1,64.02,12.803999999999998,4.5600000000000005,19.8,10.67,Kitchen,180.45,Storage,United Kingdom,282,0.16666666666666666,227,601.27,4,0,0,5,11,30,0,0,0,0
16655,18,4,2558.82,12.7941,0.29,204.0,426.47,Home Decor,1045.84,Accessories,United Kingdom,2363,0.6666666666666666,314,3789.52,6,0,0,4,0,30,0,0,0,0
16656,22,9,5068.32,120.6742857142857,17.0,504.0,844.7199999999999,Home Decor,3256.8,Other,United Kingdom,8894,1.5,342,8625.8,15,1,1,4,8,30,1,1,-1,1
16657,10,3,659.0,5.23015873015873,0.42,40.8,109.83333333333333,Other,288.88,Seasonal,United Kingdom,1130,0.5,244,874.43,4,0,0,6,9,30,0,0,0,0
16660,16,2,883.29,80.2990909090909,17.0,457.2,147.215,Home Decor,457.2,Bags,United Kingdom,571,0.3333333333333333,303,1267.6499999999999,4,0,0,4,1,30,0,0,-1,0
16666,19,1,118.98,3.718125,0.39,10.5,19.830000000000002,Stationery,42.0,Electronics,United Kingdom,233,0.16666666666666666,0,118.98,1,0,0,8,3,30,0,0,0,0
16667,68,1,366.78,11.461875,1.9500000000000002,33.9,61.129999999999995,Other,202.53,Stationery,United Kingdom,236,0.16666666666666666,216,567.1800000000001,2,0,0,6,10,30,0,0,0,0
16668,15,3,109.97999999999999,12.219999999999999,9.959999999999999,19.919999999999998,18.33,Other,140.51999999999998,Toys,United Kingdom,318,0.5,269,306.71999999999997,6,0,0,6,13,30,0,0,0,0
16669,24,3,1348.88,8.646666666666667,0.39,38.25,224.81333333333336,Kitchen,395.19,Furniture,United Kingdom,881,0.5,54,1348.88,3,0,0,5,4,30,0,0,0,0
16670,17,6,2147.68,16.91086614173228,3.3600000000000003,43.8,357.94666666666666,Kitchen,1172.03,Garden & Outdoor,United Kingdom,2556,1.0,341,4095.9,11,1,0,5,5,30,1,0,2,1
16671,28,3,1692.27,282.045,75.0,816.0,282.045,Stationery,816.0,Toys,United Kingdom,875,0.5,136,1692.27,3,0,0,8,13,30,0,0,-1,0
16672,2,10,3980.6,82.92916666666666,9.899999999999999,226.8,663.4333333333333,Electronics,2872.5,Stationery,United Kingdom,2832,1.6666666666666667,264,8134.9400000000005,20,1,1,2,10,30,1,1,-1,1
16674,55,2,304.24,3.2713978494623657,0.39,15.0,50.70666666666667,Other,71.23,Seasonal,United Kingdom,181,0.3333333333333333,43,304.24,2,0,0,6,9,30,0,0,0,0
16676,34,1,493.62,19.7448,12.75,39.8,82.27,Kitchen,535.3,Seasonal,United Kingdom,636,0.16666666666666666,303,1592.1200000000001,4,0,0,5,9,30,0,0,0,0
16678,3,7,1843.34,19.61,4.5600000000000005,89.10000000000001,307.2233333333333,Kitchen,525.3399999999999,Furniture,United Kingdom,2397,1.1666666666666667,280,3109.99,12,1,1,5,4,30,1,1,1,1
16680,43,1,183.7,18.369999999999997,15.0,23.4,30.616666666666664,Storage,76.8,Bags,United Kingdom,94,0.16666666666666666,0,183.7,1,0,0,9,1,30,0,0,0,0
16681,73,3,894.5,47.078947368421055,10.5,117.0,149.08333333333334,Crockery,968.1,Textiles,United Kingdom,1407,0.5,180,1770.34,6,0,0,1,12,30,0,0,0,0
16682,5,4,502.5,26.44736842105263,9.36,68.0,83.75,Other,282.68,Bags,United Kingdom,1040,0.6666666666666666,183,1028.0,5,0,0,6,1,30,0,0,0,0
16685,61,2,324.24,5.2296774193548385,0.39,24.75,54.04,Textiles,66.0,Accessories,United Kingdom,396,0.3333333333333333,0,324.24,2,0,0,10,0,30,0,0,0,0
16686,47,3,1764.25,6.147212543554007,0.63,39.95,294.0416666666667,Other,837.3199999999999,Accessories,United Kingdom,1977,0.5,307,2959.88,7,0,0,6,0,30,0,0,0,0
16688,1,4,1260.86,20.336451612903225,5.04,51.0,210.14333333333332,Other,414.04,Seasonal,United Kingdom,804,0.6666666666666666,59,1260.86,4,0,0,6,9,30,0,0,0,0
16689,76,2,422.59999999999997,32.5076923076923,9.120000000000001,76.19999999999999,70.43333333333332,Home Decor,160.26000000000002,Toys,United Kingdom,330,0.3333333333333333,6,422.59999999999997,2,0,0,4,13,30,0,0,0,0
16690,72,1,139.07999999999998,19.868571428571425,5.04,52.199999999999996,23.179999999999996,Crockery,143.8,Home Decor,United Kingdom,138,0.16666666666666666,129,225.57999999999998,2,0,0,1,6,30,0,0,0,0
16693,69,1,324.45,8.538157894736841,0.39,25.0,54.074999999999996,Home Decor,114.33,Furniture,United Kingdom,203,0.16666666666666666,203,477.86,2,0,0,4,4,30,0,0,0,0
16696,135,1,99.0,99.0,99.0,99.0,16.5,Crockery,244.5,Kitchen,United Kingdom,146,0.16666666666666666,112,657.9000000000001,4,0,0,1,7,30,0,0,-1,0
16700,9,6,2128.32,17.303414634146343,6.3,44.550000000000004,354.72,Kitchen,1160.3,Garden & Outdoor,United Kingdom,4024,1.0,357,5076.55,13,1,0,5,5,30,1,0,2,1
16701,9,7,3200.0099999999998,35.55566666666667,0.48,163.2,533.3349999999999,Kitchen,1832.9099999999999,Toys,United Kingdom,6393,1.1666666666666667,352,5398.3,13,1,1,5,13,30,1,1,-1,1
16705,1,12,7426.5,45.28353658536585,9.3,244.79999999999998,1237.75,Kitchen,3246.48,Bags,United Kingdom,5476,2.0,358,14034.99,20,1,1,5,1,30,1,1,-1,1
16706,37,3,531.35,4.319918699186992,0.24,29.75,88.55833333333334,Other,225.29,Electronics,United Kingdom,249,0.5,76,531.35,3,0,0,6,3,30,0,0,0,0
16708,46,1,656.63,24.31962962962963,10.2,90.0,109.43833333333333,Furniture,119.88,Accessories,United Kingdom,285,0.16666666666666666,0,656.63,1,0,0,3,0,30,0,0,0,0
16709,85,1,1045.28,36.044137931034484,15.0,70.80000000000001,174.21333333333334,Kitchen,785.15,Seasonal,United Kingdom,851,0.16666666666666666,197,3029.87,5,0,0,5,9,30,0,0,0,0
16710,19,4,839.16,6.262388059701492,1.26,51.0,139.85999999999999,Kitchen,461.52,Textiles,United Kingdom,1823,0.6666666666666666,349,2467.99,10,0,0,5,12,30,0,0,0,0
16711,3,3,1052.23,55.380526315789474,15.12,124.2,175.37166666666667,Other,971.19,Furniture,United Kingdom,833,0.5,354,1651.03,5,0,0,6,4,30,0,0,0,0
16712,9,7,2413.09,9.353062015503877,0.39,249.60000000000002,402.1816666666667,Kitchen,513.67,Accessories,United Kingdom,1730,1.1666666666666667,266,3611.31,11,1,1,5,0,30,1,1,1,1
16713,19,7,4299.15,10.829093198992442,0.55,105.60000000000001,716.525,Home Decor,1606.8600000000001,Accessories,United Kingdom,4271,1.1666666666666667,347,6910.78,15,1,1,4,0,30,1,1,1,1
16715,78,1,301.71999999999997,15.879999999999999,3.8,81.6,50.28666666666666,Other,123.83999999999999,Stationery,United Kingdom,642,0.16666666666666666,0,301.71999999999997,1,0,0,6,10,30,0,0,0,0
16717,24,5,3535.83,19.321475409836065,5.04,83.4,589.305,Home Decor,991.3100000000001,Accessories,United Kingdom,1860,0.8333333333333334,342,3843.08,6,0,0,4,0,30,0,0,0,0
16719,15,3,794.54,8.828222222222221,0.95,35.8,132.42333333333332,Electronics,762.15,Furniture,United Kingdom,1175,0.5,353,1770.22,7,0,0,2,4,30,0,0,0,0
16720,26,1,152.95,6.117999999999999,0.21,16.4,25.491666666666664,Bags,34.879999999999995,Storage,United Kingdom,180,0.16666666666666666,0,152.95,1,0,0,0,11,30,0,0,0,0
16722,17,7,2477.35,20.47396694214876,4.5600000000000005,162.72,412.89166666666665,Bags,1225.42,Crockery,United Kingdom,5001,1.1666666666666667,351,4730.81,13,1,1,0,2,30,1,1,-1,1
16723,91,2,576.4,13.723809523809523,0.78,165.0,96.06666666666666,Home Decor,254.82999999999998,Storage,United Kingdom,398,0.3333333333333333,16,576.4,2,0,0,4,11,30,0,0,0,0
16726,26,1,581.58,7.180000000000001,0.55,41.25,96.93,Other,264.46999999999997,Seasonal,United Kingdom,945,0.16666666666666666,335,1358.74,5,0,0,6,9,30,0,0,0,0
16728,46,2,721.35,4.268343195266272,0.39,53.699999999999996,120.22500000000001,Other,360.24,Bags,United Kingdom,671,0.3333333333333333,218,1048.28,4,0,0,6,1,30,0,0,0,0
16729,38,10,3837.1,10.044764397905759,0.38,45.5,639.5166666666667,Home Decor,1525.1499999999999,Textiles,United Kingdom,5722,1.6666666666666667,203,7205.33,21,1,1,4,12,30,1,1,-1,1
16730,52,1,262.17,5.8260000000000005,0.29,30.599999999999998,43.695,Home Decor,223.1,Seasonal,United Kingdom,994,0.16666666666666666,267,743.11,3,0,0,4,9,30,0,0,0,0
16732,32,1,603.75,21.5625,5.04,64.19999999999999,100.625,Other,179.73,Home Decor,United Kingdom,317,0.16666666666666666,0,603.75,1,0,0,6,6,30,0,0,0,0
16734,52,3,646.76,12.437692307692307,0.85,50.0,107.79333333333334,Other,307.29,Seasonal,United Kingdom,345,0.5,61,646.76,3,0,0,6,9,30,0,0,0,0
16735,79,3,1202.64,21.098947368421054,5.04,60.0,200.44000000000003,Home Decor,756.59,Toys,United Kingdom,1532,0.5,255,2247.41,5,0,0,4,13,30,0,0,0,0
16743,29,4,1151.38,10.862075471698114,1.25,49.92,191.89666666666668,Home Decor,675.63,Bags,United Kingdom,2035,0.6666666666666666,329,2213.13,7,0,0,4,1,30,0,0,0,0
16744,11,7,1291.91,5.4741949152542375,0.39,49.75,215.31833333333336,Home Decor,256.79,Garden & Outdoor,United Kingdom,798,1.1666666666666667,161,1291.91,7,0,1,4,5,30,0,1,3,0
16745,87,7,3071.26,27.66900900900901,0.85,136.0,511.8766666666667,Kitchen,3460.11,Toys,United Kingdom,6719,1.1666666666666667,225,7180.7,17,1,1,5,13,30,1,1,-1,1
16746,5,10,3808.48,16.069535864978903,2.5,103.67999999999999,634.7466666666667,Bags,1304.44,Furniture,United Kingdom,4660,1.6666666666666667,354,6680.11,18,1,1,0,4,30,1,1,1,1
16747,38,2,836.06,19.906190476190474,9.95,54.08,139.34333333333333,Home Decor,336.18,Toys,United Kingdom,583,0.3333333333333333,30,836.06,2,0,0,4,13,30,0,0,0,0
16748,18,2,605.7,17.305714285714288,8.5,30.0,100.95,Bags,877.8,Stationery,United Kingdom,880,0.3333333333333333,316,1515.9,5,0,0,0,10,30,0,0,0,0
16750,45,4,505.23,5.943882352941177,0.42,62.5,84.205,Electronics,175.45,Stationery,United Kingdom,214,0.6666666666666666,187,623.93,5,0,0,2,10,30,0,0,0,0
16751,31,1,1764.72,70.5888,5.04,918.0,294.12,Kitchen,990.0,Electronics,United Kingdom,1031,0.16666666666666666,0,1764.72,1,0,0,5,3,30,0,0,-1,0
16753,58,1,223.92000000000002,6.5858823529411765,0.55,41.6,37.32,Bags,92.54,Home Decor,United Kingdom,189,0.16666666666666666,0,223.92000000000002,1,0,0,0,6,30,0,0,0,0
16755,114,1,566.96,6.9141463414634154,0.76,29.700000000000003,94.49333333333334,Home Decor,269.52,Garden & Outdoor,United Kingdom,1058,0.16666666666666666,201,1475.43,3,0,0,4,5,30,0,0,0,0
16758,65,1,369.34000000000003,16.78818181818182,2.55,69.3,61.55666666666667,Kitchen,168.8,Seasonal,United Kingdom,203,0.16666666666666666,0,369.34000000000003,1,0,0,5,9,30,0,0,0,0
16759,8,3,789.79,18.804523809523808,8.2,49.800000000000004,131.63166666666666,Other,248.53,Crockery,United Kingdom,609,0.5,23,789.79,3,0,0,6,2,30,0,0,0,0
16761,97,1,316.62,24.355384615384615,10.2,60.0,52.77,Other,124.12,Kitchen,United Kingdom,341,0.16666666666666666,0,316.62,1,0,0,6,7,30,0,0,0,0
16762,20,3,1207.24,19.162539682539684,8.25,79.9,201.20666666666668,Kitchen,312.05,Seasonal,United Kingdom,480,0.5,124,1207.24,3,0,0,5,9,30,0,0,0,0
16764,4,13,2790.9500000000003,3.987071428571429,0.29,33.15,465.15833333333336,Home Decor,661.15,Accessories,United Kingdom,1253,2.1666666666666665,139,2790.9500000000003,13,1,1,4,0,30,1,1,-1,1
16767,31,7,2532.36,22.410265486725663,6.959999999999999,119.52000000000001,422.06,Kitchen,1235.24,Seasonal,United Kingdom,4423,1.1666666666666667,285,5575.56,11,1,1,5,9,30,1,1,1,1
16768,48,2,294.84000000000003,9.510967741935485,0.65,60.0,49.14000000000001,Other,117.7,Accessories,United Kingdom,196,0.3333333333333333,224,478.09000000000003,3,0,0,6,0,30,0,0,0,0
16771,33,2,590.86,7.4792405063291145,0.79,27.650000000000002,98.47666666666667,Home Decor,855.58,Toys,United Kingdom,1487,0.3333333333333333,304,2242.61,5,0,0,4,13,30,0,0,0,0
16773,57,1,171.59,6.599615384615385,1.25,23.400000000000002,28.598333333333333,Other,83.9,Garden & Outdoor,United Kingdom,171,0.16666666666666666,0,171.59,1,0,0,6,5,30,0,0,0,0
16774,68,4,661.52,13.781666666666666,0.42,69.3,110.25333333333333,Kitchen,223.87,Furniture,United Kingdom,322,0.6666666666666666,110,661.52,4,0,0,5,4,30,0,0,0,0
16775,10,7,999.71,9.52104761904762,0.38,54.45,166.61833333333334,Home Decor,466.86,Toys,United Kingdom,439,1.1666666666666667,357,1691.51,11,1,1,4,13,30,1,1,1,1
16776,60,1,371.54,5.232957746478873,0.19,45.0,61.92333333333334,Home Decor,123.28,Furniture,United Kingdom,254,0.16666666666666666,0,371.54,1,0,0,4,4,30,0,0,0,0
16777,80,1,49.1,4.463636363636364,1.65,12.5,8.183333333333334,Home Decor,50.25,Accessories,United Kingdom,62,0.16666666666666666,176,222.62,2,0,0,4,0,30,0,0,0,0
16778,74,1,152.76,13.887272727272727,7.4399999999999995,25.200000000000003,25.459999999999997,Kitchen,116.2,Other,United Kingdom,194,0.16666666666666666,199,245.94,2,0,0,5,8,30,0,0,0,0
16779,2,11,6368.0,38.131736526946106,5.04,234.0,1061.3333333333333,Kitchen,3133.94,Toys,United Kingdom,5301,1.8333333333333333,364,10611.720000000001,22,1,1,5,13,30,1,1,-1,1
16780,100,1,260.35,5.917045454545455,0.78,19.5,43.39166666666667,Home Decor,170.89,Textiles,United Kingdom,270,0.16666666666666666,158,422.24,2,0,0,4,12,30,0,0,0,0
16782,10,6,931.6,19.408333333333335,10.5,53.1,155.26666666666668,Kitchen,577.85,Seasonal,United Kingdom,705,1.0,355,2267.9500000000003,13,1,0,5,9,30,0,0,2,0
16784,20,1,107.6,35.86666666666667,30.0,47.6,17.933333333333334,Home Decor,60.0,Other,United Kingdom,24,0.16666666666666666,0,107.6,1,0,0,4,8,30,0,0,0,0
16788,123,1,299.92,3.4874418604651165,0.29,14.75,49.98666666666667,Kitchen,131.49,Stationery,United Kingdom,304,0.16666666666666666,131,594.39,2,0,0,5,10,30,0,0,0,0
16789,8,1,80.8,16.16,11.7,19.799999999999997,13.466666666666667,Home Decor,49.300000000000004,Electronics,United Kingdom,32,0.16666666666666666,0,80.8,1,0,0,4,3,30,0,0,0,0
16790,4,6,1545.6200000000001,16.61956989247312,2.95,35.400000000000006,257.60333333333335,Bags,283.0,Furniture,United Kingdom,898,1.0,34,1545.6200000000001,6,0,0,0,4,30,0,0,0,0
16791,29,3,1138.03,5.551365853658536,0.55,38.25,189.67166666666665,Kitchen,429.43,Accessories,United Kingdom,757,0.5,303,1705.78,7,0,0,5,0,30,0,0,0,0
16793,57,1,243.84,15.24,6.64,25.5,40.64,Other,88.2,Toys,United Kingdom,146,0.16666666666666666,0,243.84,1,0,0,6,13,30,0,0,0,0
16794,1,10,1196.5,4.303956834532374,0.29,21.0,199.41666666666666,Home Decor,414.78999999999996,Textiles,United Kingdom,923,1.6666666666666667,179,1196.5,10,0,1,4,12,30,1,1,3,1
16796,89,1,305.62,16.97888888888889,6.64,49.5,50.93666666666667,Home Decor,129.66,Electronics,United Kingdom,186,0.16666666666666666,0,305.62,1,0,0,4,3,30,0,0,0,0
16800,11,1,1162.65,7.452884615384616,0.39,31.8,193.775,Home Decor,423.61,Textiles,United Kingdom,524,0.16666666666666666,0,1162.65,1,0,0,4,12,30,0,0,0,0
16801,163,1,140.85,35.2125,15.0,74.85,23.474999999999998,Home Decor,404.1,Furniture,United Kingdom,493,0.16666666666666666,110,1594.23,4,0,0,4,4,30,0,0,0,0
16803,65,1,332.3,13.845833333333333,6.64,23.4,55.38333333333333,Kitchen,117.82,Seasonal,United Kingdom,245,0.16666666666666666,0,332.3,1,0,0,5,9,30,0,0,0,0
16804,23,2,418.94,10.218048780487806,0.65,50.0,69.82333333333334,Kitchen,146.8,Seasonal,United Kingdom,246,0.3333333333333333,247,536.99,3,0,0,5,9,30,0,0,0,0
16805,174,1,245.82,5.716744186046512,1.25,29.700000000000003,40.97,Other,186.32,Seasonal,United Kingdom,539,0.16666666666666666,186,460.59,2,0,0,6,9,30,0,0,0,0
16806,103,2,365.53,6.0921666666666665,0.39,31.6,60.92166666666666,Home Decor,261.01,Storage,United Kingdom,356,0.3333333333333333,135,762.16,4,0,0,4,11,30,0,0,0,0
16807,143,1,469.76,15.658666666666667,8.5,33.0,78.29333333333334,Bags,296.3,Stationery,United Kingdom,778,0.16666666666666666,128,1121.59,3,0,0,0,10,30,0,0,0,0
16808,99,1,121.92,30.48,13.6,61.199999999999996,20.32,Storage,89.05,Stationery,United Kingdom,196,0.16666666666666666,175,288.42,2,0,0,9,10,30,0,0,0,0
16809,23,3,571.61,6.804880952380953,0.84,20.8,95.26833333333333,Bags,455.07,Crockery,United Kingdom,652,0.5,239,914.69,5,0,0,0,2,30,0,0,0,0
16811,5,2,547.07,19.538214285714286,6.959999999999999,35.400000000000006,91.17833333333334,Home Decor,167.85999999999999,Seasonal,United Kingdom,477,0.3333333333333333,12,547.07,2,0,0,4,9,30,0,0,0,0
16813,8,8,1350.52,4.4425,0.38,60.48,225.08666666666667,Home Decor,378.52,Seasonal,United Kingdom,1501,1.3333333333333333,196,1652.18,10,0,1,4,9,30,1,1,3,1
16814,14,9,2318.84,22.08419047619048,1.1,98.10000000000001,386.47333333333336,Home Decor,2147.57,Garden & Outdoor,United Kingdom,2697,1.5,355,6416.7,21,1,1,4,5,30,1,1,1,1
16816,103,2,91.61,11.45125,4.5600000000000005,19.8,15.268333333333333,Home Decor,95.60000000000001,Textiles,United Kingdom,274,0.3333333333333333,254,417.06,4,0,0,4,12,30,0,0,0,0
16817,3,2,425.32,16.358461538461537,4.68,35.400000000000006,70.88666666666667,Other,468.06,Toys,United Kingdom,822,0.3333333333333333,365,1604.75,9,0,0,6,13,30,0,0,0,0
16818,11,7,2156.4,18.589655172413792,2.5,50.400000000000006,359.40000000000003,Home Decor,1603.79,Bags,United Kingdom,2164,1.1666666666666667,194,3349.57,11,1,1,4,1,30,1,1,1,1
16820,96,1,497.61,19.138846153846153,5.04,35.400000000000006,82.935,Other,147.79,Accessories,United Kingdom,307,0.16666666666666666,0,497.61,1,0,0,6,0,30,0,0,0,0
16824,16,2,460.64,17.716923076923077,9.959999999999999,45.0,76.77333333333333,Kitchen,147.98,Textiles,United Kingdom,236,0.3333333333333333,148,460.64,2,0,0,5,12,30,0,0,0,0
16825,39,1,456.48,26.851764705882353,10.08,70.8,76.08,Home Decor,316.0,Toys,United Kingdom,566,0.16666666666666666,147,775.1800000000001,2,0,0,4,13,30,0,0,0,0
16826,51,1,341.7,15.531818181818181,8.2,24.900000000000002,56.949999999999996,Storage,102.3,Bags,United Kingdom,158,0.16666666666666666,0,341.7,1,0,0,9,1,30,0,0,0,0
16828,93,2,128.5,16.0625,12.600000000000001,25.200000000000003,21.416666666666668,Home Decor,60.0,Storage,United Kingdom,59,0.3333333333333333,19,128.5,2,0,0,4,11,30,0,0,0,0
16829,157,1,197.22,17.92909090909091,7.800000000000001,30.599999999999998,32.87,Kitchen,140.7,Crockery,United Kingdom,99,0.16666666666666666,0,197.22,1,0,0,5,2,30,0,0,0,0
16830,39,1,325.91,14.170000000000002,9.899999999999999,22.5,54.318333333333335,Electronics,90.6,Bags,United Kingdom,264,0.16666666666666666,0,325.91,1,0,0,2,1,30,0,0,0,0
16833,1,1,435.24,29.016000000000002,15.0,81.36,72.54,Home Decor,316.92,Furniture,United Kingdom,440,0.16666666666666666,333,1106.53,4,0,0,4,4,30,0,0,0,0
16835,128,1,99.1,19.82,15.9,20.8,16.516666666666666,Bags,62.400000000000006,Toys,United Kingdom,61,0.16666666666666666,244,180.85,2,0,0,0,13,30,0,0,0,0
16836,40,2,251.87,22.89727272727273,13.28,76.32000000000001,41.97833333333333,Crockery,76.32000000000001,Furniture,United Kingdom,165,0.3333333333333333,76,251.87,2,0,0,1,4,30,0,0,0,0
16837,31,3,1356.24,17.16759493670886,4.5600000000000005,76.5,226.04,Kitchen,817.95,Bags,United Kingdom,1563,0.5,214,3170.98,11,1,0,5,1,30,0,0,2,0
16841,37,3,926.64,15.443999999999999,2.88,95.2,154.44,Other,727.56,Electronics,United Kingdom,2250,0.5,250,1869.82,6,0,0,6,3,30,0,0,0,0
16842,101,2,743.62,22.533939393939395,8.5,66.0,123.93666666666667,Electronics,363.8,Seasonal,United Kingdom,693,0.3333333333333333,201,1264.19,3,0,0,2,9,30,0,0,0,0
16843,43,10,6354.67,23.277179487179488,2.88,117.0,1059.1116666666667,Kitchen,2149.64,Seasonal,United Kingdom,10159,1.6666666666666667,284,10196.57,16,1,1,5,9,30,1,1,-1,1
16846,50,1,214.32,19.483636363636364,10.5,30.0,35.72,Home Decor,66.42,Stationery,United Kingdom,135,0.16666666666666666,0,214.32,1,0,0,4,10,30,0,0,0,0
16847,43,1,193.44,16.12,10.2,25.5,32.24,Seasonal,46.1,Home Decor,United Kingdom,78,0.16666666666666666,0,193.44,1,0,0,7,6,30,0,0,0,0
16848,53,1,281.42,20.101428571428574,10.2,46.8,46.903333333333336,Stationery,93.0,Storage,United Kingdom,182,0.16666666666666666,0,281.42,1,0,0,8,11,30,0,0,0,0
16851,4,3,342.45,17.1225,6.959999999999999,39.599999999999994,57.074999999999996,Home Decor,113.22,Seasonal,United Kingdom,271,0.5,47,342.45,3,0,0,4,9,30,0,0,0,0
16852,10,2,144.91000000000003,16.101111111111113,4.5600000000000005,39.95,24.15166666666667,Other,54.800000000000004,Kitchen,United Kingdom,56,0.3333333333333333,165,144.91000000000003,2,0,0,6,7,30,0,0,0,0
16855,24,2,328.4,17.28421052631579,9.95,30.0,54.73333333333333,Crockery,142.1,Stationery,United Kingdom,164,0.3333333333333333,19,328.4,2,0,0,1,10,30,0,0,0,0
16859,145,1,487.96999999999997,14.352058823529411,6.3,49.95,81.32833333333333,Electronics,267.44,Storage,United Kingdom,827,0.16666666666666666,116,747.81,2,0,0,2,11,30,0,0,0,0
16861,60,2,173.76,28.959999999999997,20.16,40.8,28.959999999999997,Other,60.959999999999994,Kitchen,United Kingdom,140,0.3333333333333333,98,173.76,2,0,0,6,7,30,0,0,0,0
16863,31,1,338.55,19.91470588235294,7.4399999999999995,50.0,56.425000000000004,Home Decor,179.53,Storage,United Kingdom,409,0.16666666666666666,335,502.8,2,0,0,4,11,30,0,0,0,0
16866,141,3,207.73999999999998,18.885454545454543,0.85,45.0,34.62333333333333,Electronics,99.49999999999999,Kitchen,United Kingdom,60,0.5,20,207.73999999999998,3,0,0,2,7,30,0,0,0,0
16869,23,4,817.12,6.434015748031496,0.42,40.8,136.18666666666667,Home Decor,175.79,Toys,United Kingdom,583,0.6666666666666666,152,817.12,4,0,0,4,13,30,0,0,0,0
16871,22,2,774.52,24.984516129032258,10.2,70.80000000000001,129.08666666666667,Home Decor,689.0,Furniture,United Kingdom,1253,0.3333333333333333,248,2812.34,6,0,0,4,4,30,0,0,0,0
16872,77,2,291.66,72.915,12.75,152.64000000000001,48.61000000000001,Crockery,398.56000000000006,Home Decor,United Kingdom,600,0.3333333333333333,107,680.02,3,0,0,1,6,30,0,0,0,0
16873,5,3,3890.17,24.77815286624204,5.04,104.39999999999999,648.3616666666667,Kitchen,2211.02,Seasonal,United Kingdom,3840,0.5,359,7123.62,6,0,0,5,9,30,1,0,-1,1
16875,67,2,1290.44,19.552121212121214,8.4,39.8,215.07333333333335,Home Decor,574.65,Seasonal,United Kingdom,1069,0.3333333333333333,272,2095.53,5,0,0,4,9,30,0,0,0,0
16877,12,5,768.87,5.914384615384615,0.39,25.0,128.145,Other,318.54,Textiles,United Kingdom,458,0.8333333333333334,195,846.62,6,0,0,6,12,30,0,0,0,0
16880,31,6,1221.55,8.366780821917807,0.65,57.75,203.59166666666667,Home Decor,331.15999999999997,Garden & Outdoor,United Kingdom,746,1.0,158,1491.43,7,0,0,4,5,30,0,0,0,0
16882,67,1,489.41999999999996,20.3925,6.959999999999999,119.39999999999999,81.57,Home Decor,342.82,Stationery,United Kingdom,424,0.16666666666666666,250,705.12,3,0,0,4,10,30,0,0,0,0
16884,38,2,429.84000000000003,16.532307692307693,0.95,30.0,71.64,Other,154.85,Crockery,United Kingdom,320,0.3333333333333333,0,429.84000000000003,2,0,0,6,2,30,0,0,0,0
16885,15,2,272.46,4.006764705882353,0.29,23.8,45.41,Other,162.57,Seasonal,United Kingdom,178,0.3333333333333333,341,450.41,3,0,0,6,9,30,0,0,0,0
16887,35,1,192.32999999999998,5.342499999999999,0.21,25.5,32.055,Home Decor,109.51,Bags,United Kingdom,156,0.16666666666666666,0,192.32999999999998,1,0,0,4,1,30,0,0,0,0
16892,1,4,415.21,5.392337662337662,0.21,25.0,69.20166666666667,Home Decor,121.0,Furniture,United Kingdom,236,0.6666666666666666,182,518.19,5,0,0,4,4,30,0,0,0,0
16895,65,1,202.27,3.26241935483871,0.42,15.0,33.711666666666666,Home Decor,51.78,Accessories,United Kingdom,91,0.16666666666666666,0,202.27,1,0,0,4,0,30,0,0,0,0
16899,8,4,923.51,11.262317073170731,0.55,49.5,153.91833333333332,Home Decor,305.95,Toys,United Kingdom,520,0.6666666666666666,352,1271.06,6,0,0,4,13,30,0,0,0,0
16900,17,3,887.11,11.229240506329115,3.75,46.8,147.85166666666666,Other,221.43,Garden & Outdoor,United Kingdom,833,0.5,46,887.11,3,0,0,6,5,30,0,0,0,0
16902,116,1,1706.88,38.79272727272728,2.34,224.25,284.48,Kitchen,628.63,Textiles,United Kingdom,629,0.16666666666666666,0,1706.88,1,0,0,5,12,30,0,0,0,0
16903,29,1,363.2,6.485714285714286,0.38,20.8,60.53333333333333,Home Decor,116.63,Furniture,United Kingdom,247,0.16666666666666666,0,363.2,1,0,0,4,4,30,0,0,0,0
16904,4,10,2418.6,5.3627494456762745,0.39,39.75,403.09999999999997,Other,662.38,Seasonal,United Kingdom,1984,1.6666666666666667,362,3653.75,16,1,1,6,9,30,1,1,1,1
16905,5,4,2215.42,15.492447552447553,0.79,99.0,369.2366666666667,Home Decor,1027.63,Textiles,United Kingdom,1381,0.6666666666666666,366,3037.6,7,0,0,4,12,30,0,0,0,0
16906,82,1,166.6,3.7022222222222223,0.39,19.8,27.766666666666666,Electronics,150.96,Toys,United Kingdom,263,0.16666666666666666,166,559.59,4,0,0,2,13,30,0,0,0,0
16907,29,2,397.65,7.797058823529412,0.79,78.96000000000001,66.27499999999999,Home Decor,303.2,Stationery,United Kingdom,286,0.3333333333333333,336,928.76,5,0,0,4,10,30,0,0,0,0
16909,72,1,379.14,21.063333333333333,9.36,77.75999999999999,63.19,Stationery,113.69999999999999,Other,United Kingdom,436,0.16666666666666666,0,379.14,1,0,0,8,8,30,0,0,0,0
16912,29,6,1409.72,27.11,13.200000000000001,76.5,234.95333333333335,Home Decor,599.59,Furniture,United Kingdom,1025,1.0,294,2555.58,11,1,0,4,4,30,0,0,2,0
16914,36,1,183.76,6.125333333333333,0.39,50.0,30.626666666666665,Kitchen,100.53,Garden & Outdoor,United Kingdom,112,0.16666666666666666,0,183.76,1,0,0,5,5,30,0,0,0,0
16915,9,4,454.89000000000004,14.673870967741937,0.95,149.85000000000002,75.81500000000001,Furniture,149.85000000000002,Stationery,United Kingdom,132,0.6666666666666666,274,621.6800000000001,6,0,0,3,10,30,0,0,0,0
16916,24,1,365.98,4.206666666666667,0.39,19.799999999999997,60.99666666666667,Home Decor,151.35999999999999,Accessories,United Kingdom,431,0.16666666666666666,348,562.41,2,0,0,4,0,30,0,0,0,0
16918,50,5,793.04,8.175670103092783,0.78,37.5,132.17333333333332,Bags,243.46,Storage,United Kingdom,721,0.8333333333333334,267,1068.82,6,0,0,0,11,30,0,0,0,0
16919,156,2,536.9,6.972727272727273,1.17,67.5,89.48333333333333,Textiles,722.5500000000001,Seasonal,United Kingdom,1403,0.3333333333333333,212,2592.25,11,1,0,10,9,30,0,0,-1,0
16923,12,8,3384.34,10.255575757575759,0.12,90.0,564.0566666666667,Home Decor,2217.32,Garden & Outdoor,United Kingdom,3344,1.3333333333333333,350,7069.08,19,1,1,4,5,30,1,1,1,1
16924,21,3,829.89,10.245555555555555,0.65,49.5,138.315,Storage,284.99,Furniture,United Kingdom,467,0.5,62,829.89,3,0,0,9,4,30,0,0,0,0
16927,116,1,201.6,201.6,201.6,201.6,33.6,Other,403.2,Bags,United Kingdom,993,0.16666666666666666,245,543.05,3,0,0,6,1,30,0,0,-1,0
16928,80,10,1712.6399999999999,14.038032786885244,0.84,75.0,285.44,Other,2205.24,Toys,United Kingdom,2092,1.6666666666666667,292,2814.7,17,1,1,6,13,30,1,1,-1,1
16929,4,7,1295.39,16.823246753246753,6.72,39.599999999999994,215.89833333333334,Kitchen,369.05,Electronics,United Kingdom,929,1.1666666666666667,151,1295.39,7,0,1,5,3,30,0,1,3,0
16930,26,3,378.89,7.148867924528302,0.78,51.0,63.14833333333333,Home Decor,213.6,Crockery,United Kingdom,339,0.5,42,378.89,3,0,0,4,2,30,0,0,0,0
16931,5,12,2651.76,5.536033402922756,0.12,26.55,441.96000000000004,Home Decor,856.48,Furniture,United Kingdom,3134,2.0,364,4554.87,21,1,1,4,4,30,1,1,1,1
16932,53,1,150.23000000000002,3.129791666666667,0.42,11.399999999999999,25.038333333333338,Other,35.209999999999994,Furniture,United Kingdom,82,0.16666666666666666,0,150.23000000000002,1,0,0,6,4,30,0,0,0,0
16933,1,1,338.5,14.104166666666666,2.37,56.25,56.416666666666664,Home Decor,143.93,Bags,United Kingdom,288,0.16666666666666666,237,563.23,2,0,0,4,1,30,0,0,0,0
16934,55,2,931.03,15.262786885245902,3.75,35.400000000000006,155.17166666666665,Home Decor,385.07,Crockery,United Kingdom,397,0.3333333333333333,0,931.03,2,0,0,4,2,30,0,0,0,0
16936,26,1,261.9,4.676785714285714,0.42,20.8,43.65,Electronics,46.349999999999994,Seasonal,United Kingdom,171,0.16666666666666666,0,261.9,1,0,0,2,9,30,0,0,0,0
16938,9,3,2444.0800000000004,11.059185520361993,1.1,833.2500000000001,407.34666666666675,Other,1182.0800000000002,Garden & Outdoor,United Kingdom,2533,0.5,300,2711.6800000000003,4,0,0,6,5,30,0,0,-1,0
16940,52,2,2292.2,10.325225225225225,0.65,49.5,382.0333333333333,Home Decor,831.93,Garden & Outdoor,United Kingdom,2169,0.3333333333333333,237,3049.88,3,0,0,4,5,30,0,0,0,0
16942,13,5,1006.45,6.3298742138364785,0.29,47.7,167.74166666666667,Home Decor,581.55,Garden & Outdoor,United Kingdom,805,0.8333333333333334,215,1904.99,9,0,0,4,5,30,0,0,0,0
16945,22,11,2571.82,18.636376811594204,4.5600000000000005,62.400000000000006,428.6366666666667,Bags,2279.07,Textiles,United Kingdom,2725,1.8333333333333333,336,4345.5,19,1,1,0,12,30,1,1,-1,1
16948,139,1,194.48,21.608888888888888,6.8,50.4,32.413333333333334,Kitchen,102.2,Stationery,United Kingdom,1614,0.16666666666666666,187,435.02,3,0,0,5,10,30,0,0,0,0
16949,4,2,392.52,14.018571428571429,2.88,47.400000000000006,65.42,Stationery,679.76,Seasonal,United Kingdom,791,0.3333333333333333,312,1286.27,6,0,0,8,9,30,0,0,0,0
16950,57,2,1006.56,25.80923076923077,0.83,163.2,167.76,Home Decor,427.14,Storage,United Kingdom,644,0.3333333333333333,310,1178.56,3,0,0,4,11,30,0,0,0,0
16951,135,2,223.96,13.9975,6.3,23.4,37.32666666666667,Other,533.03,Toys,United Kingdom,1318,0.3333333333333333,169,1277.75,3,0,0,6,13,30,0,0,0,0
16952,109,2,167.61,10.475625,1.25,37.44,27.935000000000002,Crockery,55.839999999999996,Electronics,United Kingdom,92,0.3333333333333333,0,167.61,2,0,0,1,3,30,0,0,0,0
16954,1,6,1143.6,51.98181818181818,10.08,141.60000000000002,190.6,Kitchen,1820.72,Home Decor,United Kingdom,1054,1.0,358,2085.08,9,0,0,5,6,30,0,0,0,0
16956,18,1,308.74,19.29625,5.04,59.8,51.45666666666667,Kitchen,77.25,Seasonal,United Kingdom,114,0.16666666666666666,0,308.74,1,0,0,5,9,30,0,0,0,0
16959,87,1,117.35000000000001,16.764285714285716,8.5,30.0,19.558333333333334,Storage,44.550000000000004,Other,United Kingdom,49,0.16666666666666666,0,117.35000000000001,1,0,0,9,8,30,0,0,0,0
16960,39,2,305.52,5.4557142857142855,0.84,31.200000000000003,50.919999999999995,Electronics,89.33,Accessories,United Kingdom,304,0.3333333333333333,213,507.05,3,0,0,2,0,30,0,0,0,0
16961,116,1,234.17,16.72642857142857,10.2,23.12,39.02833333333333,Electronics,73.75,Toys,United Kingdom,125,0.16666666666666666,0,234.17,1,0,0,2,13,30,0,0,0,0
16966,8,4,1000.5699999999999,125.07124999999999,3.25,312.0,166.76166666666666,Other,749.64,Crockery,United Kingdom,1981,0.6666666666666666,231,2154.97,7,0,0,6,2,30,0,0,-1,0
16968,4,2,439.43,14.175161290322581,4.5600000000000005,24.75,73.23833333333333,Kitchen,117.78,Other,United Kingdom,326,0.3333333333333333,103,439.43,2,0,0,5,8,30,0,0,0,0
16969,39,2,253.05,16.87,10.08,47.7,42.175000000000004,Kitchen,241.55,Electronics,United Kingdom,816,0.3333333333333333,152,650.41,3,0,0,5,3,30,0,0,0,0
16971,38,1,357.21,8.712439024390243,0.58,125.0,59.535,Stationery,150.54,Crockery,United Kingdom,72,0.16666666666666666,0,357.21,1,0,0,8,2,30,0,0,0,0
16978,78,1,344.33,8.828974358974358,1.56,17.0,57.38833333333333,Kitchen,116.55,Bags,United Kingdom,166,0.16666666666666666,0,344.33,1,0,0,5,1,30,0,0,0,0
16979,4,5,1504.85,19.29294871794872,0.58,82.5,250.8083333333333,Storage,508.85,Bags,United Kingdom,865,0.8333333333333334,294,1852.0,6,0,0,9,1,30,0,0,0,0
16982,61,1,384.06,17.457272727272727,6.64,25.200000000000003,64.01,Stationery,112.02,Furniture,United Kingdom,182,0.16666666666666666,0,384.06,1,0,0,8,4,30,0,0,0,0
16983,13,4,1283.53,12.583627450980392,0.36,53.699999999999996,213.92166666666665,Toys,521.2,Furniture,United Kingdom,1335,0.6666666666666666,356,1905.87,7,0,0,11,4,30,0,0,0,0
16984,88,2,4459.52,11.148800000000001,0.42,111.0,743.2533333333334,Home Decor,1567.14,Toys,United Kingdom,2380,0.3333333333333333,41,4459.52,2,0,0,4,13,30,0,0,-1,0
16985,17,4,2548.7599999999998,47.19925925925926,10.5,163.2,424.7933333333333,Textiles,1659.6,Crockery,United Kingdom,1832,0.6666666666666666,341,5464.12,10,0,0,10,2,30,0,0,-1,0
16987,3,6,1403.75,13.242924528301886,1.25,187.0,233.95833333333334,Textiles,461.51,Bags,United Kingdom,401,1.0,202,1616.8,7,0,0,10,1,30,0,0,0,0
16988,5,1,126.12,18.017142857142858,10.2,33.0,21.02,Storage,33.0,Home Decor,United Kingdom,43,0.16666666666666666,0,126.12,1,0,0,9,6,30,0,0,0,0
16989,7,6,1133.25,94.4375,33.0,178.20000000000002,188.875,Other,808.2,Stationery,United Kingdom,1233,1.0,143,1133.25,6,0,0,6,10,30,0,0,-1,0
16992,11,3,943.1600000000001,18.13769230769231,6.64,39.6,157.19333333333336,Kitchen,619.84,Textiles,United Kingdom,860,0.5,274,1614.31,5,0,0,5,12,30,0,0,0,0
16996,30,2,756.08,42.004444444444445,15.0,74.25,126.01333333333334,Home Decor,740.5600000000001,Crockery,United Kingdom,544,0.3333333333333333,323,1456.96,6,0,0,4,2,30,0,0,0,0
16999,23,2,484.82,21.07913043478261,5.04,179.0,80.80333333333333,Bags,239.58,Other,United Kingdom,294,0.3333333333333333,50,484.82,2,0,0,0,8,30,0,0,0,0
17001,1,6,2187.63,24.039890109890113,8.4,41.6,364.605,Bags,952.36,Furniture,United Kingdom,2164,1.0,358,3989.57,11,1,0,0,4,30,1,0,2,1
17002,86,1,500.21,26.326842105263157,7.95,60.0,83.36833333333333,Other,573.3100000000001,Seasonal,United Kingdom,679,0.16666666666666666,205,1493.73,3,0,0,6,9,30,0,0,0,0
17004,46,2,1312.1399999999999,30.51488372093023,0.39,268.2,218.68999999999997,Bags,339.46000000000004,Seasonal,United Kingdom,771,0.3333333333333333,46,1312.1399999999999,2,0,0,0,9,30,0,0,0,0
17006,5,4,781.78,17.76772727272727,2.5,68.0,130.29666666666665,Home Decor,185.79000000000002,Stationery,United Kingdom,272,0.6666666666666666,70,781.78,4,0,0,4,10,30,0,0,0,0
17007,51,2,427.2,16.43076923076923,5.04,74.25,71.2,Kitchen,203.07,Stationery,United Kingdom,597,0.3333333333333333,306,889.9300000000001,6,0,0,5,10,30,0,0,0,0
17010,18,1,195.36,17.76,10.08,39.6,32.56,Stationery,106.5,Electronics,United Kingdom,118,0.16666666666666666,0,195.36,1,0,0,8,3,30,0,0,0,0
17011,30,1,270.9,18.06,10.2,30.0,45.15,Kitchen,74.4,Toys,United Kingdom,186,0.16666666666666666,0,270.9,1,0,0,5,13,30,0,0,0,0
17014,8,3,583.4300000000001,8.103194444444446,0.42,59.0,97.23833333333334,Other,205.18,Furniture,United Kingdom,243,0.5,58,583.4300000000001,3,0,0,6,4,30,0,0,0,0
17015,29,2,1318.06,13.729791666666666,4.68,30.0,219.67666666666665,Stationery,553.7,Electronics,United Kingdom,1978,0.3333333333333333,156,1838.6100000000001,3,0,0,8,3,30,0,0,0,0
17018,41,1,515.1,51.510000000000005,9.9,75.0,85.85000000000001,Textiles,408.3,Electronics,United Kingdom,176,0.16666666666666666,285,920.1,2,0,0,10,3,30,0,0,0,0
17019,11,1,262.15,3.7449999999999997,0.39,17.5,43.69166666666666,Other,277.5,Textiles,United Kingdom,820,0.16666666666666666,357,1258.08,4,0,0,6,12,30,0,0,0,0
17022,31,1,71.0,10.142857142857142,6.64,20.8,11.833333333333334,Kitchen,27.44,Electronics,United Kingdom,108,0.16666666666666666,0,71.0,1,0,0,5,3,30,0,0,0,0
17024,45,3,95.85,31.95,25.0,39.599999999999994,15.975,Home Decor,95.85,Home Decor,United Kingdom,69,0.5,112,95.85,3,0,0,4,6,30,0,0,0,0
17025,61,1,196.8,49.2,30.0,90.0,32.800000000000004,Electronics,249.92000000000002,Home Decor,United Kingdom,235,0.16666666666666666,312,357.77,3,0,0,2,6,30,0,0,0,0
17027,79,3,444.33,6.835846153846154,0.85,39.480000000000004,74.05499999999999,Other,291.52,Crockery,United Kingdom,416,0.5,238,877.5600000000001,6,0,0,6,2,30,0,0,0,0
17029,111,1,358.0,358.0,358.0,358.0,59.666666666666664,Kitchen,716.0,Kitchen,United Kingdom,400,0.16666666666666666,126,716.0,2,0,0,5,7,30,0,0,-1,0
17030,64,1,146.87,13.351818181818182,2.9,30.0,24.478333333333335,Kitchen,37.45,Other,United Kingdom,146,0.16666666666666666,0,146.87,1,0,0,5,8,30,0,0,0,0
17031,12,2,380.35,17.288636363636364,8.5,62.400000000000006,63.39166666666667,Bags,257.3,Home Decor,United Kingdom,235,0.3333333333333333,143,380.35,2,0,0,0,6,30,0,0,0,0
17033,86,1,422.04,30.145714285714288,5.04,254.4,70.34,Other,355.26,Stationery,United Kingdom,750,0.16666666666666666,273,1030.14,3,0,0,6,10,30,0,0,0,0
17034,16,2,603.72,25.155,5.04,75.0,100.62,Home Decor,331.65,Textiles,United Kingdom,410,0.3333333333333333,271,745.52,3,0,0,4,12,30,0,0,0,0
17037,88,1,1267.32,16.8976,6.64,30.599999999999998,211.22,Kitchen,458.98,Seasonal,United Kingdom,656,0.16666666666666666,0,1267.32,1,0,0,5,9,30,0,0,0,0
17038,30,1,112.4,5.109090909090909,2.1,11.9,18.733333333333334,Home Decor,41.55,Accessories,United Kingdom,28,0.16666666666666666,0,112.4,1,0,0,4,0,30,0,0,0,0
17040,138,1,449.73,29.982000000000003,9.899999999999999,175.2,74.955,Kitchen,332.2,Furniture,United Kingdom,181,0.16666666666666666,0,449.73,1,0,0,5,4,30,0,0,0,0
17041,27,2,766.99,14.749807692307693,3.78,33.199999999999996,127.83166666666666,Kitchen,407.93,Textiles,United Kingdom,927,0.3333333333333333,333,1071.49,3,0,0,5,12,30,0,0,0,0
17042,3,3,548.99,13.071190476190477,4.5600000000000005,39.6,91.49833333333333,Other,382.92,Seasonal,United Kingdom,990,0.5,244,1036.58,5,0,0,6,9,30,0,0,0,0
17043,32,3,1560.58,17.339777777777776,0.65,175.2,260.09666666666664,Crockery,415.64,Textiles,United Kingdom,998,0.5,234,1735.18,4,0,0,1,12,30,0,0,0,0
17044,25,1,948.48,158.08,76.32000000000001,208.79999999999998,158.08,Electronics,386.88,Home Decor,United Kingdom,504,0.16666666666666666,0,948.48,1,0,0,2,6,30,0,0,-1,0
17045,113,2,299.49,14.261428571428572,0.55,51.0,49.915,Other,90.5,Bags,United Kingdom,106,0.3333333333333333,134,339.44,3,0,0,6,1,30,0,0,0,0
17046,157,1,642.02,29.182727272727274,8.5,101.76,107.00333333333333,Kitchen,368.56,Storage,United Kingdom,510,0.16666666666666666,0,642.02,1,0,0,5,11,30,0,0,0,0
17047,85,1,351.47,15.975909090909092,7.800000000000001,24.96,58.57833333333334,Kitchen,297.34000000000003,Stationery,United Kingdom,533,0.16666666666666666,119,1100.9,3,0,0,5,10,30,0,0,0,0
17048,118,1,164.95000000000002,32.99,20.8,62.400000000000006,27.49166666666667,Kitchen,230.57,Accessories,United Kingdom,485,0.16666666666666666,213,925.35,3,0,0,5,0,30,0,0,0,0
17049,3,6,4073.23,16.693565573770492,3.4799999999999995,102.0,678.8716666666667,Home Decor,1233.58,Toys,United Kingdom,2673,1.0,273,5655.03,9,0,0,4,13,30,1,0,0,1
17050,96,1,568.25,18.941666666666666,4.25,49.5,94.70833333333333,Kitchen,1350.29,Furniture,United Kingdom,1595,0.16666666666666666,203,3185.64,6,0,0,5,4,30,0,0,0,0
17052,28,1,399.09,4.808313253012048,0.29,45.0,66.515,Home Decor,84.36,Crockery,United Kingdom,251,0.16666666666666666,0,399.09,1,0,0,4,2,30,0,0,0,0
17053,131,1,498.48,38.34461538461539,12.600000000000001,65.69999999999999,83.08,Kitchen,361.68,Electronics,United Kingdom,122,0.16666666666666666,0,498.48,1,0,0,5,3,30,0,0,0,0
17054,28,2,437.51,15.08655172413793,6.72,37.5,72.91833333333334,Home Decor,417.48,Seasonal,United Kingdom,804,0.3333333333333333,216,1356.33,5,0,0,4,9,30,0,0,0,0
17058,82,1,360.23,27.71,15.0,41.6,60.038333333333334,Home Decor,525.92,Textiles,United Kingdom,592,0.16666666666666666,158,1179.89,3,0,0,4,12,30,0,0,0,0
17059,30,2,1582.72,5.776350364963504,0.42,45.36,263.7866666666667,Other,597.75,Accessories,United Kingdom,1850,0.3333333333333333,339,3080.39,5,0,0,6,0,30,0,0,0,0
17061,74,4,1982.0,41.291666666666664,7.5,207.50000000000003,330.3333333333333,Storage,1925.7,Toys,United Kingdom,1526,0.6666666666666666,158,5232.2300000000005,11,1,0,9,13,30,1,0,-1,1
17063,21,5,1141.77,19.685689655172414,10.0,45.0,190.295,Bags,344.0,Other,United Kingdom,770,0.8333333333333334,268,1461.14,7,0,0,0,8,30,0,0,0,0
17064,59,1,398.05,20.95,11.7,76.5,66.34166666666667,Kitchen,285.85,Textiles,United Kingdom,316,0.16666666666666666,268,855.45,3,0,0,5,12,30,0,0,0,0
17068,12,10,1903.29,13.994779411764705,2.08,29.700000000000003,317.215,Bags,1972.1200000000001,Seasonal,United Kingdom,2164,1.6666666666666667,355,4552.14,21,1,1,0,9,30,1,1,-1,1
17069,28,5,1636.63,18.59806818181818,6.64,63.75,272.7716666666667,Kitchen,577.49,Furniture,United Kingdom,1506,0.8333333333333334,345,2709.7000000000003,9,0,0,5,4,30,0,0,0,0
17070,114,1,304.24,4.9070967741935485,0.85,23.8,50.70666666666667,Other,108.37,Textiles,United Kingdom,131,0.16666666666666666,0,304.24,1,0,0,6,12,30,0,0,0,0
17071,28,5,1385.01,19.785857142857143,5.04,58.0,230.835,Home Decor,777.12,Toys,United Kingdom,1197,0.8333333333333334,281,2429.03,9,0,0,4,13,30,0,0,0,0
17073,18,4,1446.09,8.310862068965516,0.42,34.65,241.015,Storage,309.4,Seasonal,United Kingdom,759,0.6666666666666666,91,1446.09,4,0,0,9,9,30,0,0,0,0
17075,18,1,138.05,9.203333333333335,0.42,24.75,23.008333333333336,Crockery,176.5,Garden & Outdoor,United Kingdom,292,0.16666666666666666,299,834.12,4,0,0,1,5,30,0,0,0,0
17076,36,1,506.88,46.08,13.52,76.32000000000001,84.48,Kitchen,314.82,Seasonal,United Kingdom,295,0.16666666666666666,328,841.0799999999999,3,0,0,5,9,30,0,0,0,0
17078,36,2,378.2,13.507142857142856,0.5700000000000001,61.199999999999996,63.03333333333333,Kitchen,227.34,Electronics,United Kingdom,788,0.3333333333333333,0,378.2,2,0,0,5,3,30,0,0,0,0
17079,78,1,118.80000000000001,59.400000000000006,59.400000000000006,59.400000000000006,19.8,Kitchen,59.400000000000006,Kitchen,United Kingdom,24,0.16666666666666666,0,118.80000000000001,1,0,0,5,7,30,0,0,0,0
17080,22,1,211.29999999999998,30.185714285714283,15.0,66.0,35.21666666666666,Home Decor,146.39999999999998,Textiles,United Kingdom,166,0.16666666666666666,247,287.62,2,0,0,4,12,30,0,0,0,0
17081,25,2,288.91,4.585873015873016,0.42,17.0,48.15166666666667,Storage,80.05,Toys,United Kingdom,77,0.3333333333333333,20,288.91,2,0,0,9,13,30,0,0,0,0
17082,33,1,1366.91,23.980877192982458,2.89,66.4,227.81833333333336,Stationery,457.34,Seasonal,United Kingdom,1049,0.16666666666666666,285,2003.85,2,0,0,8,9,30,0,0,0,0
17083,109,1,409.76,22.764444444444443,6.8,53.1,68.29333333333334,Kitchen,519.3000000000001,Home Decor,United Kingdom,772,0.16666666666666666,194,1405.78,3,0,0,5,6,30,0,0,0,0
17084,35,2,2747.9900000000002,18.44288590604027,1.25,87.0,457.9983333333334,Kitchen,824.14,Garden & Outdoor,United Kingdom,1702,0.3333333333333333,0,2747.9900000000002,2,0,0,5,5,30,0,0,0,0
17085,123,1,347.75,7.727777777777778,1.17,25.5,57.958333333333336,Home Decor,571.3100000000001,Accessories,United Kingdom,785,0.16666666666666666,239,1562.4,5,0,0,4,0,30,0,0,0,0
17086,7,6,2050.08,21.355,4.68,208.79999999999998,341.68,Kitchen,504.06,Seasonal,United Kingdom,1859,1.0,56,2050.08,6,0,0,5,9,30,0,0,0,0
17088,28,2,591.9,15.576315789473684,6.8,34.0,98.64999999999999,Kitchen,554.5,Seasonal,United Kingdom,868,0.3333333333333333,225,1991.01,4,0,0,5,9,30,0,0,0,0
17090,4,4,1325.6000000000001,30.12727272727273,1.1400000000000001,162.72,220.93333333333337,Crockery,617.7,Textiles,United Kingdom,903,0.6666666666666666,349,1974.65,7,0,0,1,12,30,0,0,0,0
17091,3,4,1833.3500000000001,21.82559523809524,7.4399999999999995,69.6,305.55833333333334,Bags,1003.75,Electronics,United Kingdom,1746,0.6666666666666666,365,3827.76,9,0,0,0,3,30,0,0,0,0
17092,50,3,1639.13,14.378333333333334,0.39,50.0,273.18833333333333,Home Decor,318.66,Textiles,United Kingdom,1130,0.5,227,1774.03,4,0,0,4,12,30,0,0,0,0
17095,23,1,780.1999999999999,19.505,7.5,70.8,130.03333333333333,Kitchen,293.9,Toys,United Kingdom,618,0.16666666666666666,312,1324.16,3,0,0,5,13,30,0,0,0,0
17096,15,3,888.64,22.785641025641024,10.2,59.699999999999996,148.10666666666665,Home Decor,392.06,Bags,United Kingdom,339,0.5,246,1022.13,4,0,0,4,1,30,0,0,0,0
17097,2,6,666.78,4.5052702702702705,0.21,39.8,111.13,Home Decor,226.1,Seasonal,Spain,459,1.0,363,954.42,8,0,0,4,9,25,0,0,0,0
17100,18,2,971.74,14.949846153846154,5.04,25.200000000000003,161.95666666666668,Other,240.04,Seasonal,United Kingdom,800,0.3333333333333333,0,971.74,2,0,0,6,9,30,0,0,0,0
17101,10,4,1621.73,38.61261904761905,5.04,179.0,270.28833333333336,Storage,399.90000000000003,Crockery,United Kingdom,815,0.6666666666666666,167,1621.73,4,0,0,9,2,30,0,0,0,0
17105,159,1,346.38,6.661153846153846,1.0,15.8,57.73,Home Decor,346.88,Garden & Outdoor,United Kingdom,693,0.16666666666666666,147,665.78,2,0,0,4,5,30,0,0,0,0
17107,33,4,6680.12,26.93596774193548,0.42,222.0,1113.3533333333332,Textiles,3059.0,Accessories,United Kingdom,4826,0.6666666666666666,244,10797.48,6,0,0,10,0,30,1,0,-1,1
17109,29,4,416.7,6.614285714285714,0.39,30.0,69.45,Home Decor,279.39,Furniture,United Kingdom,588,0.6666666666666666,203,881.29,6,0,0,4,4,30,0,0,0,0
17110,165,1,163.29999999999998,13.608333333333333,3.3,25.5,27.216666666666665,Kitchen,117.44999999999999,Home Decor,United Kingdom,50,0.16666666666666666,0,163.29999999999998,1,0,0,5,6,30,0,0,0,0
17111,47,1,231.61,7.986551724137931,0.83,18.72,38.60166666666667,Bags,74.6,Toys,United Kingdom,282,0.16666666666666666,0,231.61,1,0,0,0,13,30,0,0,0,0
17114,6,4,356.68,6.605185185185185,0.39,25.0,59.446666666666665,Home Decor,377.07,Electronics,United Kingdom,215,0.6666666666666666,329,801.12,8,0,0,4,3,30,0,0,0,0
17115,8,1,224.68,32.097142857142856,13.68,97.80000000000001,37.446666666666665,Bags,195.1,Textiles,United Kingdom,372,0.16666666666666666,224,837.5,3,0,0,0,12,30,0,0,0,0
17119,3,2,606.91,17.340285714285713,8.5,30.599999999999998,101.15166666666666,Home Decor,232.48,Crockery,United Kingdom,334,0.3333333333333333,56,606.91,2,0,0,4,2,30,0,0,0,0
17122,119,1,138.32,19.759999999999998,13.52,30.0,23.05333333333333,Home Decor,138.32,Home Decor,United Kingdom,80,0.16666666666666666,0,138.32,1,0,0,4,6,30,0,0,0,0
17123,162,1,345.29999999999995,38.36666666666666,25.200000000000003,81.6,57.54999999999999,Home Decor,210.6,Electronics,United Kingdom,246,0.16666666666666666,0,345.29999999999995,1,0,0,4,3,30,0,0,0,0
17125,50,1,230.5,6.585714285714285,0.55,35.400000000000006,38.416666666666664,Crockery,51.3,Toys,United Kingdom,281,0.16666666666666666,0,230.5,1,0,0,1,13,30,0,0,0,0
17126,152,3,487.78,3.640149253731343,0.39,27.04,81.29666666666667,Home Decor,230.69,Garden & Outdoor,United Kingdom,780,0.5,210,989.45,5,0,0,4,5,30,0,0,0,0
17131,5,5,2463.17,18.38186567164179,0.39,81.6,410.52833333333336,Home Decor,993.0500000000001,Toys,United Kingdom,983,0.8333333333333334,70,2463.17,5,0,0,4,13,30,0,0,0,0
17133,16,4,2413.4500000000003,185.65000000000003,8.25,399.6,402.24166666666673,Electronics,2161.2000000000003,Kitchen,United Kingdom,2730,0.6666666666666666,250,4892.240000000001,7,0,0,2,7,30,1,0,-1,1
17134,107,1,94.5,23.625,19.9,25.5,15.75,Home Decor,168.8,Textiles,United Kingdom,98,0.16666666666666666,157,413.2,2,0,0,4,12,30,0,0,0,0
17135,16,5,639.18,20.618709677419353,4.5600000000000005,85.0,106.52999999999999,Home Decor,274.84,Toys,United Kingdom,1224,0.8333333333333334,355,1139.73,7,0,0,4,13,30,0,0,0,0
17139,16,8,5944.87,22.018037037037036,6.8,76.5,990.8116666666666,Home Decor,2570.2,Accessories,United Kingdom,5176,1.3333333333333333,273,10650.77,12,1,1,4,0,30,1,1,-1,1
17144,1,2,984.57,20.511875,5.04,99.0,164.095,Kitchen,243.20000000000002,Bags,United Kingdom,483,0.3333333333333333,83,984.57,2,0,0,5,1,30,0,0,0,0
17146,106,1,185.9,92.95,15.9,170.0,30.983333333333334,Other,260.15,Seasonal,United Kingdom,212,0.16666666666666666,253,749.78,3,0,0,6,9,30,0,0,0,0
17147,23,2,741.48,21.185142857142857,5.04,76.5,123.58,Kitchen,603.8,Electronics,United Kingdom,882,0.3333333333333333,289,1714.59,4,0,0,5,3,30,0,0,0,0
17148,52,1,124.88,13.875555555555556,8.5,19.799999999999997,20.813333333333333,Home Decor,57.28,Kitchen,United Kingdom,82,0.16666666666666666,0,124.88,1,0,0,4,7,30,0,0,0,0
17153,24,1,213.78,15.27,8.5,20.8,35.63,Kitchen,61.55,Stationery,United Kingdom,104,0.16666666666666666,0,213.78,1,0,0,5,10,30,0,0,0,0
17154,75,1,329.34,14.319130434782608,4.5600000000000005,25.5,54.88999999999999,Home Decor,272.22,Kitchen,United Kingdom,490,0.16666666666666666,0,329.34,1,0,0,4,7,30,0,0,0,0
17155,18,2,251.70000000000002,12.585,1.26,69.6,41.95,Home Decor,157.25,Accessories,United Kingdom,242,0.3333333333333333,160,251.70000000000002,2,0,0,4,0,30,0,0,0,0
17157,8,2,319.0,24.53846153846154,6.959999999999999,81.36,53.166666666666664,Home Decor,136.44,Crockery,United Kingdom,172,0.3333333333333333,168,319.0,2,0,0,4,2,30,0,0,0,0
17158,32,1,568.42,20.300714285714285,10.5,45.0,94.73666666666666,Other,342.17,Storage,United Kingdom,778,0.16666666666666666,328,1266.97,3,0,0,6,11,30,0,0,0,0
17159,22,3,1538.88,15.236435643564358,2.88,41.6,256.48,Kitchen,329.74,Toys,United Kingdom,1111,0.5,150,1538.88,3,0,0,5,13,30,0,0,0,0
17160,31,4,2312.96,15.523221476510068,6.72,33.0,385.49333333333334,Bags,1219.8,Accessories,United Kingdom,2856,0.6666666666666666,210,3518.03,6,0,0,0,0,30,0,0,0,0
17162,29,2,550.1800000000001,17.193125000000002,5.04,30.599999999999998,91.69666666666667,Home Decor,663.33,Electronics,United Kingdom,1001,0.3333333333333333,276,1715.46,10,0,0,4,3,30,0,0,0,0
17163,22,2,293.1,58.620000000000005,29.700000000000003,102.0,48.85,Storage,131.7,Kitchen,United Kingdom,66,0.3333333333333333,56,293.1,2,0,0,9,7,30,0,0,0,0
17164,33,5,1524.13,17.51873563218391,5.04,35.7,254.02166666666668,Kitchen,876.49,Storage,United Kingdom,1501,0.8333333333333334,240,2467.35,7,0,0,5,11,30,0,0,0,0
17166,39,1,78.75,39.375,22.5,56.25,13.125,Electronics,123.75,Crockery,United Kingdom,78,0.16666666666666666,165,206.34,2,0,0,2,2,30,0,0,0,0
17169,58,1,527.1,14.641666666666667,5.04,30.0,87.85000000000001,Home Decor,264.62,Furniture,United Kingdom,526,0.16666666666666666,125,835.78,2,0,0,4,4,30,0,0,0,0
17172,79,1,317.76,21.184,9.36,46.8,52.96,Home Decor,154.44,Electronics,United Kingdom,480,0.16666666666666666,0,317.76,1,0,0,4,3,30,0,0,0,0
17173,5,8,3766.6,43.79767441860465,12.600000000000001,142.8,627.7666666666667,Kitchen,1588.44,Textiles,United Kingdom,1122,1.3333333333333333,125,3766.6,8,0,1,5,12,30,1,1,-1,1
17175,44,2,621.99,27.04304347826087,10.08,95.2,103.665,Home Decor,725.35,Crockery,United Kingdom,866,0.3333333333333333,252,1443.69,4,0,0,4,2,30,0,0,0,0
17180,56,1,231.17,7.457096774193548,0.78,30.0,38.52833333333333,Kitchen,372.01,Electronics,United Kingdom,670,0.16666666666666666,259,783.97,4,0,0,5,3,30,0,0,0,0
17181,57,1,84.39999999999999,4.019047619047619,1.25,19.9,14.066666666666665,Electronics,79.2,Bags,United Kingdom,241,0.16666666666666666,316,239.92000000000002,2,0,0,2,1,30,0,0,0,0
17183,8,6,3347.31,45.85356164383562,5.04,180.0,557.885,Storage,1489.26,Seasonal,United Kingdom,1296,1.0,97,3347.31,6,0,0,9,9,30,0,0,0,0
17186,47,2,144.0,72.0,72.0,72.0,24.0,Home Decor,144.0,Home Decor,United Kingdom,200,0.3333333333333333,13,144.0,2,0,0,4,6,30,0,0,0,0
17188,11,4,1049.79,21.870625,5.04,83.4,174.965,Kitchen,725.73,Other,United Kingdom,1328,0.6666666666666666,351,2474.23,7,0,0,5,8,30,0,0,0,0
17189,106,1,157.18,6.833913043478261,0.42,31.8,26.19666666666667,Kitchen,169.14000000000001,Toys,United Kingdom,226,0.16666666666666666,253,383.75,2,0,0,5,13,30,0,0,0,0
17190,59,1,249.74,13.874444444444444,0.85,56.050000000000004,41.623333333333335,Other,195.85,Crockery,United Kingdom,161,0.16666666666666666,148,444.74,2,0,0,6,2,30,0,0,0,0
17191,28,2,917.98,10.087692307692308,1.25,60.0,152.99666666666667,Other,429.06,Accessories,United Kingdom,1166,0.3333333333333333,340,2093.68,7,0,0,6,0,30,0,0,0,0
17193,36,7,1699.3000000000002,53.103125000000006,6.64,140.4,283.2166666666667,Storage,801.96,Toys,United Kingdom,1254,1.1666666666666667,141,1699.3000000000002,7,0,1,9,13,30,0,1,-1,0
17197,30,1,1013.01,34.93137931034483,13.9,119.39999999999999,168.835,Kitchen,343.6,Electronics,United Kingdom,191,0.16666666666666666,0,1013.01,1,0,0,5,3,30,0,0,0,0
17198,24,1,170.56,8.976842105263158,0.65,41.6,28.426666666666666,Other,201.84,Accessories,United Kingdom,357,0.16666666666666666,347,692.22,3,0,0,6,0,30,0,0,0,0
17201,54,1,289.78,7.62578947368421,0.39,52.199999999999996,48.29666666666666,Home Decor,95.25999999999999,Bags,United Kingdom,231,0.16666666666666666,0,289.78,1,0,0,4,1,30,0,0,0,0
17203,36,6,3560.08,24.054594594594594,0.42,214.56,593.3466666666667,Home Decor,797.88,Seasonal,United Kingdom,2846,1.0,24,3560.08,6,0,0,4,9,30,0,0,0,0
17205,54,1,384.08,29.544615384615383,10.0,72.0,64.01333333333334,Stationery,287.88,Home Decor,United Kingdom,884,0.16666666666666666,0,384.08,1,0,0,8,6,30,0,0,0,0
17206,53,1,204.24,29.177142857142858,15.0,45.0,34.04,Other,189.24,Textiles,United Kingdom,76,0.16666666666666666,0,204.24,1,0,0,6,12,30,0,0,0,0
17211,27,3,1063.28,12.221609195402298,1.25,50.0,177.21333333333334,Home Decor,485.87,Toys,United Kingdom,1323,0.5,342,2317.2200000000003,8,0,0,4,13,30,0,0,0,0
17213,40,4,1844.28,17.076666666666668,6.6000000000000005,39.95,307.38,Home Decor,685.1500000000001,Accessories,United Kingdom,1176,0.6666666666666666,326,2781.23,7,0,0,4,0,30,0,0,0,0
17214,60,2,447.15000000000003,13.151470588235295,1.65,85.0,74.525,Home Decor,404.45,Seasonal,United Kingdom,272,0.3333333333333333,298,1059.1200000000001,6,0,0,4,9,30,0,0,0,0
17218,4,5,1008.39,7.469555555555555,0.42,30.599999999999998,168.065,Electronics,510.27,Furniture,United Kingdom,955,0.8333333333333334,363,1951.97,10,0,0,2,4,30,0,0,0,0
17219,32,1,114.23,4.5692,0.85,15.0,19.038333333333334,Electronics,41.55,Bags,United Kingdom,89,0.16666666666666666,0,114.23,1,0,0,2,1,30,0,0,0,0
17220,24,9,1724.72,6.159714285714286,0.55,33.9,287.4533333333333,Kitchen,777.02,Furniture,United Kingdom,1897,1.5,339,3187.55,14,1,1,5,4,30,1,1,1,1
17221,7,2,334.48,5.39483870967742,0.21,76.32000000000001,55.74666666666667,Crockery,83.0,Seasonal,United Kingdom,287,0.3333333333333333,28,334.48,2,0,0,1,9,30,0,0,0,0
17222,65,1,328.65,12.17222222222222,2.08,55.65,54.775,Home Decor,158.52,Stationery,United Kingdom,122,0.16666666666666666,0,328.65,1,0,0,4,10,30,0,0,0,0
17227,19,4,573.1700000000001,18.48935483870968,0.39,201.60000000000002,95.52833333333335,Kitchen,703.6,Seasonal,United Kingdom,741,0.6666666666666666,349,939.32,6,0,0,5,9,30,0,0,0,0
17228,16,4,1218.51,9.670714285714286,1.6500000000000001,49.92,203.085,Other,526.41,Seasonal,United Kingdom,1532,0.6666666666666666,356,1906.09,8,0,0,6,9,30,0,0,0,0
17229,96,2,318.76,6.782127659574468,1.1,23.700000000000003,53.126666666666665,Bags,163.32,Garden & Outdoor,United Kingdom,185,0.3333333333333333,46,318.76,2,0,0,0,5,30,0,0,0,0
17231,12,4,1419.97,5.941297071129707,0.29,30.0,236.66166666666666,Other,1022.5,Garden & Outdoor,United Kingdom,1724,0.6666666666666666,349,3124.72,10,0,0,6,5,30,0,0,0,0
17232,3,2,417.77,11.936285714285713,2.08,35.7,69.62833333333333,Storage,90.85000000000001,Bags,United Kingdom,202,0.3333333333333333,11,417.77,2,0,0,9,1,30,0,0,0,0
17233,35,1,190.88,7.6352,1.25,26.56,31.813333333333333,Home Decor,71.82,Stationery,United Kingdom,131,0.16666666666666666,0,190.88,1,0,0,4,10,30,0,0,0,0
17235,25,1,208.16,10.955789473684211,0.78,69.36,34.693333333333335,Other,131.29999999999998,Textiles,United Kingdom,224,0.16666666666666666,347,550.06,2,0,0,6,12,30,0,0,0,0
17236,13,2,352.31,6.775192307692308,1.25,23.8,58.718333333333334,Home Decor,392.82,Garden & Outdoor,United Kingdom,474,0.3333333333333333,350,916.13,6,0,0,4,5,30,0,0,0,0
17237,11,2,314.69,16.562631578947368,1.45,90.0,52.44833333333333,Home Decor,102.45,Toys,United Kingdom,105,0.3333333333333333,11,314.69,2,0,0,4,13,30,0,0,0,0
17238,3,8,2187.26,7.2186798679868,0.39,41.25,364.54333333333335,Other,521.22,Furniture,United Kingdom,1807,1.3333333333333333,368,3719.1,17,1,1,6,4,30,1,1,1,1
17242,108,2,1135.04,28.375999999999998,5.04,60.0,189.17333333333332,Toys,398.40000000000003,Home Decor,United Kingdom,611,0.3333333333333333,72,1135.04,2,0,0,11,6,30,0,0,0,0
17243,1,15,5763.55,23.33421052631579,0.85,408.0,960.5916666666667,Home Decor,2603.13,Toys,United Kingdom,3320,2.5,368,8540.05,26,1,1,4,13,30,1,1,-1,1
17244,53,1,954.9,30.80322580645161,1.9,157.92000000000002,159.15,Home Decor,306.9,Bags,United Kingdom,616,0.16666666666666666,0,954.9,1,0,0,4,1,30,0,0,0,0
17247,15,1,280.09000000000003,5.186851851851852,0.39,25.0,46.68166666666667,Other,64.21,Toys,United Kingdom,105,0.16666666666666666,0,280.09000000000003,1,0,0,6,13,30,0,0,0,0
17248,120,1,318.65,4.618115942028985,0.29,44.550000000000004,53.10833333333333,Other,121.77000000000001,Storage,United Kingdom,213,0.16666666666666666,0,318.65,1,0,0,6,11,30,0,0,0,0
17250,4,1,219.32,6.646060606060606,0.39,45.0,36.553333333333335,Home Decor,74.64,Textiles,United Kingdom,167,0.16666666666666666,257,381.97,2,0,0,4,12,30,0,0,0,0
17253,18,1,178.26,9.903333333333332,0.95,17.85,29.709999999999997,Home Decor,51.66,Bags,United Kingdom,43,0.16666666666666666,0,178.26,1,0,0,4,1,30,0,0,0,0
17255,41,1,183.22,4.951891891891892,0.42,25.44,30.536666666666665,Home Decor,93.64999999999999,Bags,United Kingdom,227,0.16666666666666666,258,291.48,2,0,0,4,1,30,0,0,0,0
17256,107,1,112.10000000000001,28.025000000000002,5.95,89.7,18.683333333333334,Other,191.9,Kitchen,United Kingdom,141,0.16666666666666666,204,240.0,2,0,0,6,7,30,0,0,0,0
17259,148,1,213.28,6.272941176470589,0.42,31.6,35.54666666666667,Electronics,106.33,Accessories,United Kingdom,388,0.16666666666666666,220,581.23,2,0,0,2,0,30,0,0,0,0
17262,52,1,298.0,149.0,149.0,149.0,49.666666666666664,Storage,607.45,Kitchen,United Kingdom,367,0.16666666666666666,313,1253.3600000000001,5,0,0,9,7,30,0,0,-1,0
17265,139,1,172.17,3.5868749999999996,0.38,17.85,28.694999999999997,Kitchen,119.82000000000001,Furniture,United Kingdom,389,0.16666666666666666,41,550.01,2,0,0,5,4,30,0,0,0,0
17266,2,3,296.58,4.062739726027397,0.29,19.9,49.43,Home Decor,96.42999999999999,Crockery,United Kingdom,153,0.5,145,296.58,3,0,0,4,2,30,0,0,0,0
17267,127,2,317.2,8.572972972972973,0.42,67.5,52.86666666666667,Electronics,95.25,Stationery,United Kingdom,158,0.3333333333333333,0,317.2,2,0,0,2,10,30,0,0,0,0
17268,108,2,487.15999999999997,121.78999999999999,15.0,299.52,81.19333333333333,Electronics,596.0,Crockery,United Kingdom,844,0.3333333333333333,137,763.64,4,0,0,2,2,30,0,0,-1,0
17272,42,2,739.1899999999999,21.119714285714284,5.04,141.6,123.19833333333332,Stationery,639.91,Crockery,United Kingdom,1778,0.3333333333333333,220,2148.63,4,0,0,8,2,30,0,0,0,0
17274,35,1,107.82,4.312799999999999,0.42,26.56,17.97,Home Decor,36.44,Other,United Kingdom,77,0.16666666666666666,0,107.82,1,0,0,4,8,30,0,0,0,0
17279,58,1,187.82999999999998,20.869999999999997,1.65,76.5,31.304999999999996,Home Decor,84.05,Storage,United Kingdom,48,0.16666666666666666,0,187.82999999999998,1,0,0,4,11,30,0,0,0,0
17282,130,2,961.56,96.15599999999999,13.2,381.6,160.26,Other,583.8299999999999,Accessories,United Kingdom,1866,0.3333333333333333,169,1685.46,3,0,0,6,0,30,0,0,0,0
17284,60,4,724.13,6.136694915254237,0.63,48.75,120.68833333333333,Other,455.12,Toys,United Kingdom,1362,0.6666666666666666,276,1647.48,6,0,0,6,13,30,0,0,0,0
17286,22,1,151.37,3.440227272727273,0.21,17.0,25.228333333333335,Stationery,29.89,Garden & Outdoor,United Kingdom,117,0.16666666666666666,0,151.37,1,0,0,8,5,30,0,0,0,0
17287,26,3,548.72,7.220000000000001,0.39,37.18,91.45333333333333,Home Decor,316.45,Toys,United Kingdom,556,0.5,346,1049.06,7,0,0,4,13,30,0,0,0,0
17288,9,2,753.93,6.613421052631579,0.19,60.0,125.65499999999999,Other,342.21999999999997,Bags,United Kingdom,1201,0.3333333333333333,349,1417.63,7,0,0,6,1,30,0,0,0,0
17289,32,3,931.02,8.952115384615384,0.42,90.0,155.17,Home Decor,353.41,Toys,United Kingdom,513,0.5,148,931.02,3,0,0,4,13,30,0,0,0,0
17290,4,2,513.01,5.343854166666667,0.39,30.0,85.50166666666667,Other,139.5,Garden & Outdoor,United Kingdom,397,0.3333333333333333,12,513.01,2,0,0,6,5,30,0,0,0,0
17293,8,7,1384.71,12.941214953271029,0.62,75.0,230.785,Home Decor,604.65,Stationery,United Kingdom,1135,1.1666666666666667,352,1854.06,9,0,1,4,10,30,1,1,3,1
17295,29,3,547.0,8.044117647058824,1.45,30.0,91.16666666666667,Stationery,122.52000000000001,Bags,United Kingdom,293,0.5,35,547.0,3,0,0,8,1,30,0,0,0,0
17298,101,2,498.42,16.614,0.84,83.2,83.07000000000001,Bags,194.51999999999998,Textiles,United Kingdom,387,0.3333333333333333,23,498.42,2,0,0,0,12,30,0,0,0,0
17299,12,4,656.61,11.938363636363636,0.85,67.6,109.435,Stationery,172.65,Crockery,United Kingdom,668,0.6666666666666666,161,656.61,4,0,0,8,2,30,0,0,0,0
17302,15,3,832.51,18.92068181818182,0.85,90.0,138.75166666666667,Home Decor,472.1,Storage,United Kingdom,575,0.5,290,1135.63,5,0,0,4,11,30,0,0,0,0
17306,11,11,5435.650000000001,129.42023809523812,19.92,305.28000000000003,905.9416666666667,Crockery,4560.96,Stationery,United Kingdom,11491,1.8333333333333333,342,8631.31,19,1,1,1,10,30,1,1,-1,1
17309,95,1,82.75,6.895833333333333,1.3,12.600000000000001,13.791666666666666,Other,28.900000000000002,Storage,United Kingdom,41,0.16666666666666666,0,82.75,1,0,0,6,11,30,0,0,0,0
17311,78,1,828.39,26.72225806451613,5.04,144.0,138.065,Other,603.37,Bags,United Kingdom,1005,0.16666666666666666,238,1384.85,2,0,0,6,1,30,0,0,0,0
17312,139,3,644.3,46.021428571428565,0.85,244.79999999999998,107.38333333333333,Kitchen,542.7,Seasonal,United Kingdom,372,0.5,20,644.3,3,0,0,5,9,30,0,0,0,0
17313,31,1,2328.84,97.03500000000001,10.5,224.64000000000001,388.14000000000004,Furniture,598.6800000000001,Other,United Kingdom,1402,0.16666666666666666,0,2328.84,1,0,0,3,8,30,0,0,0,0
17314,25,5,1740.92,17.76448979591837,5.04,60.0,290.15333333333336,Other,774.39,Toys,United Kingdom,1896,0.8333333333333334,287,2527.92,8,0,0,6,13,30,0,0,0,0
17317,46,3,2600.34,288.9266666666667,38.160000000000004,622.5,433.39000000000004,Stationery,928.5,Crockery,United Kingdom,1146,0.5,43,2600.34,3,0,0,8,2,30,0,0,-1,0
17320,100,1,290.52,11.6208,1.68,35.8,48.419999999999995,Home Decor,522.92,Stationery,United Kingdom,634,0.16666666666666666,267,1200.6200000000001,3,0,0,4,10,30,0,0,0,0
17321,8,2,657.16,6.637979797979797,0.85,41.25,109.52666666666666,Other,275.27,Garden & Outdoor,United Kingdom,364,0.3333333333333333,59,657.16,2,0,0,6,5,30,0,0,0,0
17323,15,5,615.45,4.846062992125985,0.55,20.8,102.575,Bags,228.68,Crockery,United Kingdom,760,0.8333333333333334,277,906.52,7,0,0,0,2,30,0,0,0,0
17324,18,2,284.25,8.8828125,1.69,27.04,47.375,Crockery,558.13,Toys,United Kingdom,843,0.3333333333333333,348,986.48,4,0,0,1,13,30,0,0,0,0
17329,14,1,279.75,16.455882352941178,1.25,45.0,46.625,Electronics,137.16,Crockery,United Kingdom,142,0.16666666666666666,300,523.11,2,0,0,2,2,30,0,0,0,0
17330,23,2,363.9,60.65,44.7,99.0,60.65,Storage,158.4,Other,United Kingdom,120,0.3333333333333333,44,363.9,2,0,0,9,8,30,0,0,0,0
17333,86,1,494.25,17.651785714285715,5.04,39.599999999999994,82.375,Storage,184.5,Crockery,United Kingdom,375,0.16666666666666666,0,494.25,1,0,0,9,2,30,0,0,0,0
17338,17,3,2872.69,8.02427374301676,0.21,51.0,478.7816666666667,Home Decor,1667.19,Furniture,United Kingdom,3059,0.5,344,6493.54,8,0,0,4,4,30,0,0,0,0
17339,94,1,183.36,36.672000000000004,13.919999999999998,82.80000000000001,30.560000000000002,Kitchen,124.20000000000002,Toys,United Kingdom,152,0.16666666666666666,270,243.36,2,0,0,5,13,30,0,0,0,0
17340,30,7,6550.4800000000005,30.186543778801845,5.04,104.39999999999999,1091.7466666666667,Home Decor,3237.7200000000003,Garden & Outdoor,United Kingdom,5967,1.1666666666666667,336,12353.29,11,1,1,4,5,30,1,1,-1,1
17341,157,2,265.68,12.651428571428571,1.25,51.0,44.28,Other,167.48,Furniture,United Kingdom,443,0.3333333333333333,209,682.29,3,0,0,6,4,30,0,0,0,0
17344,46,1,157.62,5.0845161290322585,0.42,25.0,26.27,Electronics,58.97,Seasonal,United Kingdom,65,0.16666666666666666,0,157.62,1,0,0,2,9,30,0,0,0,0
17345,15,2,394.31,6.35983870967742,0.83,40.8,65.71833333333333,Electronics,170.28,Toys,United Kingdom,341,0.3333333333333333,181,519.6899999999999,4,0,0,2,13,30,0,0,0,0
17347,86,1,228.96,228.96,228.96,228.96,38.160000000000004,Crockery,228.96,Crockery,United Kingdom,216,0.16666666666666666,0,228.96,1,0,0,1,2,30,0,0,-1,0
17348,15,4,996.45,5.629661016949153,0.21,39.599999999999994,166.07500000000002,Stationery,243.8,Seasonal,United Kingdom,1398,0.6666666666666666,283,1156.6,5,0,0,8,9,30,0,0,0,0
17350,8,4,1281.32,18.30457142857143,1.25,122.04,213.5533333333333,Stationery,455.35,Textiles,United Kingdom,770,0.6666666666666666,42,1281.32,4,0,0,8,12,30,0,0,0,0
17351,36,2,388.55,16.189583333333335,0.95,67.5,64.75833333333334,Textiles,462.6,Crockery,United Kingdom,113,0.3333333333333333,237,587.15,3,0,0,10,2,30,0,0,0,0
17353,129,2,1740.0,217.5,217.5,217.5,290.0,Home Decor,1305.0,Bags,United Kingdom,1200,0.3333333333333333,25,1740.0,2,0,0,4,1,30,0,0,-1,0
17354,51,1,1393.06,87.06625,6.64,222.0,232.17666666666665,Electronics,360.71999999999997,Bags,United Kingdom,1006,0.16666666666666666,0,1393.06,1,0,0,2,1,30,0,0,0,0
17357,24,2,384.39,8.736136363636364,0.39,75.46,64.065,Stationery,163.65,Seasonal,United Kingdom,152,0.3333333333333333,0,384.39,2,0,0,8,9,30,0,0,0,0
17359,11,1,127.86,8.524,0.42,25.5,21.31,Textiles,32.43000000000001,Electronics,United Kingdom,161,0.16666666666666666,0,127.86,1,0,0,10,3,30,0,0,0,0
17360,17,2,247.34,3.6373529411764705,0.39,15.9,41.223333333333336,Other,109.09,Textiles,United Kingdom,328,0.3333333333333333,166,568.24,3,0,0,6,12,30,0,0,0,0
17361,49,1,224.28,18.69,3.75,45.0,37.38,Electronics,139.01,Furniture,United Kingdom,157,0.16666666666666666,242,488.2,3,0,0,2,4,30,0,0,0,0
17364,1,6,2377.23,11.056883720930232,0.21,59.400000000000006,396.205,Other,1122.29,Textiles,United Kingdom,2692,1.0,330,4462.68,11,1,0,6,12,30,1,0,2,1
17365,13,4,2874.37,11.2280078125,0.39,71.4,479.06166666666667,Stationery,1133.16,Garden & Outdoor,United Kingdom,4749,0.6666666666666666,320,4767.36,8,0,0,8,5,30,0,0,0,0
17368,23,5,989.95,15.23,0.78,297.0,164.99166666666667,Other,1158.1200000000001,Furniture,United Kingdom,1377,0.8333333333333334,314,1878.87,8,0,0,6,4,30,0,0,0,0
17370,73,4,446.18,13.520606060606061,2.88,24.96,74.36333333333333,Other,171.96,Home Decor,United Kingdom,540,0.6666666666666666,96,446.18,4,0,0,6,6,30,0,0,0,0
17371,17,2,326.26,4.129873417721519,0.39,47.7,54.376666666666665,Electronics,90.45,Garden & Outdoor,United Kingdom,151,0.3333333333333333,343,418.4,3,0,0,2,5,30,0,0,0,0
17372,41,3,467.37,5.135934065934066,0.84,16.6,77.895,Home Decor,298.97,Bags,United Kingdom,747,0.5,321,1337.18,8,0,0,4,1,30,0,0,0,0
17373,40,3,501.67,12.54175,0.95,39.0,83.61166666666666,Kitchen,215.72,Storage,United Kingdom,408,0.5,272,646.92,4,0,0,5,11,30,0,0,0,0
17376,71,1,97.35,8.85,1.25,15.0,16.224999999999998,Other,51.75,Textiles,United Kingdom,86,0.16666666666666666,240,203.2,2,0,0,6,12,30,0,0,0,0
17377,24,13,2460.7,8.285185185185185,0.55,91.8,410.1166666666666,Stationery,872.46,Seasonal,United Kingdom,2038,2.1666666666666665,349,4058.32,20,1,1,8,9,30,1,1,-1,1
17379,11,1,389.71999999999997,4.996410256410256,0.42,23.1,64.95333333333333,Home Decor,166.39000000000001,Seasonal,United Kingdom,623,0.16666666666666666,0,389.71999999999997,1,0,0,4,9,30,0,0,0,0
17382,65,1,65.4,32.7,15.0,50.400000000000006,10.9,Kitchen,50.400000000000006,Other,United Kingdom,25,0.16666666666666666,0,65.4,1,0,0,5,8,30,0,0,0,0
17383,4,1,193.39000000000001,3.946734693877551,0.42,21.8,32.23166666666667,Stationery,62.65,Home Decor,United Kingdom,148,0.16666666666666666,0,193.39000000000001,1,0,0,8,6,30,0,0,0,0
17384,19,1,108.75,9.0625,4.16,15.0,18.125,Other,241.00000000000003,Kitchen,United Kingdom,88,0.16666666666666666,199,336.4,2,0,0,6,7,30,0,0,0,0
17385,15,1,256.11,5.691333333333334,0.83,25.0,42.685,Other,64.98,Textiles,United Kingdom,197,0.16666666666666666,0,256.11,1,0,0,6,12,30,0,0,0,0
17386,8,6,2686.42,95.94357142857143,1.9,851.76,447.7366666666667,Electronics,1476.8400000000001,Bags,United Kingdom,1902,1.0,157,2686.42,6,0,0,2,1,30,1,0,-1,1
17387,20,2,746.81,9.826447368421052,1.26,50.0,124.46833333333332,Bags,190.35,Crockery,United Kingdom,522,0.3333333333333333,13,746.81,2,0,0,0,2,30,0,0,0,0
17388,78,2,496.36,38.181538461538466,1.25,305.28000000000003,82.72666666666667,Crockery,1083.7800000000002,Kitchen,United Kingdom,1068,0.3333333333333333,209,1259.56,4,0,0,1,7,30,0,0,0,0
17391,164,2,508.8,169.6,101.76,203.52,84.8,Electronics,508.8,Electronics,United Kingdom,480,0.3333333333333333,0,508.8,2,0,0,2,3,30,0,0,-1,0
17396,39,7,6933.3,288.8875,18.0,1226.3999999999999,1155.55,Electronics,3028.2,Other,United Kingdom,2005,1.1666666666666667,332,7330.8,8,0,1,2,8,30,1,0,-1,1
17397,22,2,681.41,7.65629213483146,0.42,49.5,113.56833333333333,Home Decor,156.95000000000002,Seasonal,United Kingdom,250,0.3333333333333333,0,681.41,2,0,0,4,9,30,0,0,0,0
17398,115,1,124.92999999999999,17.847142857142856,6.64,43.8,20.821666666666665,Kitchen,563.98,Electronics,United Kingdom,310,0.16666666666666666,140,653.38,3,0,0,5,3,30,0,0,0,0
17400,126,1,791.22,8.073673469387755,0.39,39.6,131.87,Other,410.81,Garden & Outdoor,United Kingdom,1088,0.16666666666666666,226,2097.84,5,0,0,6,5,30,0,0,0,0
17402,5,8,1623.2,70.57391304347826,10.2,271.2,270.53333333333336,Other,1695.35,Storage,United Kingdom,701,1.3333333333333333,364,2633.85,13,1,1,6,11,30,1,1,-1,1
17403,36,1,263.92,8.2475,0.79,35.400000000000006,43.98666666666667,Kitchen,91.60000000000001,Furniture,United Kingdom,111,0.16666666666666666,0,263.92,1,0,0,5,4,30,0,0,0,0
17405,1,3,1031.41,12.578170731707319,2.34,53.1,171.90166666666667,Kitchen,177.4,Accessories,United Kingdom,726,0.5,149,1031.41,3,0,0,5,0,30,0,0,0,0
17410,16,4,912.3199999999999,18.61877551020408,4.5600000000000005,72.0,152.0533333333333,Other,309.0,Bags,United Kingdom,616,0.6666666666666666,199,1214.72,5,0,0,6,1,30,0,0,0,0
17411,12,2,493.36,19.7344,9.899999999999999,50.0,82.22666666666667,Electronics,433.94,Furniture,United Kingdom,306,0.3333333333333333,249,778.94,3,0,0,2,4,30,0,0,0,0
17414,44,1,180.0,180.0,180.0,180.0,30.0,Other,418.0,Bags,United Kingdom,2100,0.16666666666666666,141,778.0,2,0,0,6,1,30,0,0,-1,0
17415,80,1,507.84,36.27428571428571,6.64,170.0,84.64,Other,356.95,Home Decor,United Kingdom,114,0.16666666666666666,0,507.84,1,0,0,6,6,30,0,0,0,0
17416,30,4,3445.41,24.263450704225352,4.68,171.84,574.235,Other,1334.69,Accessories,United Kingdom,4302,0.6666666666666666,251,6893.42,7,0,0,6,0,30,1,0,0,1
17418,42,1,296.07,16.448333333333334,4.5600000000000005,33.0,49.345,Kitchen,126.82000000000001,Bags,United Kingdom,289,0.16666666666666666,281,463.46000000000004,2,0,0,5,1,30,0,0,0,0
17419,11,5,2180.77,20.96894230769231,4.68,85.0,363.46166666666664,Home Decor,1222.06,Furniture,United Kingdom,1876,0.8333333333333334,355,4226.57,12,1,0,4,4,30,1,0,2,1
17420,50,2,467.98,20.34695652173913,12.48,39.599999999999994,77.99666666666667,Home Decor,210.68,Storage,United Kingdom,265,0.3333333333333333,323,598.83,3,0,0,4,11,30,0,0,0,0
17422,16,4,1351.3,16.280722891566263,2.32,60.0,225.21666666666667,Home Decor,567.27,Kitchen,United Kingdom,2253,0.6666666666666666,279,1979.37,6,0,0,4,7,30,0,0,0,0
17423,46,1,248.99,16.599333333333334,10.2,33.2,41.498333333333335,Kitchen,294.6,Seasonal,United Kingdom,459,0.16666666666666666,171,698.41,2,0,0,5,9,30,0,0,0,0
17425,19,2,759.17,17.655116279069766,7.9,70.2,126.52833333333332,Kitchen,133.0,Crockery,United Kingdom,407,0.3333333333333333,41,759.17,2,0,0,5,2,30,0,0,0,0
17426,8,5,3843.38,18.74819512195122,5.04,239.70000000000002,640.5633333333334,Kitchen,1147.02,Accessories,United Kingdom,3094,0.8333333333333334,274,5037.26,6,0,0,5,0,30,1,0,0,1
17427,72,1,100.8,50.4,30.0,70.8,16.8,Textiles,70.8,Stationery,United Kingdom,34,0.16666666666666666,0,100.8,1,0,0,10,10,30,0,0,0,0
17428,1,15,9968.03,62.69201257861636,2.88,302.40000000000003,1661.3383333333334,Home Decor,3566.23,Seasonal,United Kingdom,9474,2.5,368,17256.85,28,1,1,4,9,30,1,1,-1,1
17429,128,1,148.78,13.525454545454545,4.68,35.400000000000006,24.796666666666667,Kitchen,168.54000000000002,Crockery,United Kingdom,624,0.16666666666666666,90,524.9200000000001,3,0,0,5,2,30,0,0,0,0
17430,33,1,153.16,17.017777777777777,4.5600000000000005,25.200000000000003,25.526666666666667,Other,62.8,Seasonal,United Kingdom,190,0.16666666666666666,332,265.76,2,0,0,6,9,30,0,0,0,0
17432,18,2,365.76,7.62,1.25,31.6,60.96,Electronics,134.62,Crockery,United Kingdom,207,0.3333333333333333,19,365.76,2,0,0,2,2,30,0,0,0,0
17433,88,1,303.15999999999997,5.6140740740740736,0.65,15.0,50.526666666666664,Home Decor,75.55,Garden & Outdoor,United Kingdom,185,0.16666666666666666,0,303.15999999999997,1,0,0,4,5,30,0,0,0,0
17434,2,7,2373.82,17.715074626865672,4.15,83.4,395.6366666666667,Home Decor,675.71,Toys,United Kingdom,1693,1.1666666666666667,82,2373.82,7,0,1,4,13,30,1,1,3,1
17436,2,1,93.89999999999999,18.779999999999998,15.299999999999999,30.599999999999998,15.649999999999999,Crockery,198.89999999999998,Kitchen,United Kingdom,90,0.16666666666666666,225,216.29999999999998,2,0,0,1,7,30,0,0,0,0
17440,157,1,61.8,30.9,30.599999999999998,31.200000000000003,10.299999999999999,Electronics,186.42000000000002,Electronics,United Kingdom,246,0.16666666666666666,90,186.42000000000002,3,0,0,2,3,30,0,0,0,0
17442,37,4,1433.73,16.86741176470588,9.36,49.800000000000004,238.955,Home Decor,394.4,Accessories,United Kingdom,1496,0.6666666666666666,253,2248.56,6,0,0,4,0,30,0,0,0,0
17444,148,3,2940.04,21.778074074074073,2.5,550.94,490.00666666666666,Stationery,699.3000000000001,Seasonal,Canada,2119,0.5,25,2940.04,3,0,0,8,9,3,0,0,-1,0
17447,40,2,541.53,15.042499999999999,5.04,40.56,90.255,Other,135.54,Storage,United Kingdom,443,0.3333333333333333,31,541.53,2,0,0,6,11,30,0,0,0,0
17449,2,4,1196.52,11.182429906542056,0.29,30.0,199.42,Home Decor,1041.76,Seasonal,United Kingdom,1121,0.6666666666666666,357,2519.21,7,0,0,4,9,30,0,0,0,0
17451,1,7,1721.4,17.214000000000002,2.5,45.0,286.90000000000003,Home Decor,534.11,Accessories,United Kingdom,1203,1.1666666666666667,104,1721.4,7,0,1,4,0,30,0,1,3,0
17453,18,2,486.71999999999997,25.616842105263157,8.7,61.199999999999996,81.11999999999999,Crockery,302.4,Textiles,United Kingdom,219,0.3333333333333333,46,486.71999999999997,2,0,0,1,12,30,0,0,0,0
17457,127,1,340.06,42.5075,6.72,130.04999999999998,56.67666666666667,Electronics,1050.0,Storage,United Kingdom,826,0.16666666666666666,212,1737.7,5,0,0,2,11,30,0,0,0,0
17458,15,1,316.5,5.861111111111111,1.25,17.700000000000003,52.75,Home Decor,123.78,Bags,United Kingdom,170,0.16666666666666666,0,316.5,1,0,0,4,1,30,0,0,0,0
17459,43,2,657.3,5.921621621621621,0.39,30.24,109.55,Other,216.41,Accessories,United Kingdom,537,0.3333333333333333,16,657.3,2,0,0,6,0,30,0,0,0,0
17460,94,1,159.85000000000002,22.83571428571429,12.75,35.400000000000006,26.64166666666667,Home Decor,227.45000000000002,Stationery,United Kingdom,236,0.16666666666666666,278,622.4300000000001,6,0,0,4,10,30,0,0,0,0
17461,23,3,735.82,6.941698113207548,0.42,29.700000000000003,122.63666666666667,Other,234.73,Seasonal,United Kingdom,770,0.5,6,735.82,3,0,0,6,9,30,0,0,0,0
17462,60,1,212.28,16.32923076923077,9.48,19.8,35.38,Kitchen,197.85,Toys,United Kingdom,227,0.16666666666666666,223,675.69,2,0,0,5,13,30,0,0,0,0
17463,16,3,950.15,9.049047619047618,1.25,25.5,158.35833333333332,Home Decor,526.01,Garden & Outdoor,United Kingdom,1086,0.5,296,1875.86,5,0,0,4,5,30,0,0,0,0
17464,158,1,289.96000000000004,32.21777777777778,2.8499999999999996,71.4,48.326666666666675,Other,183.9,Stationery,United Kingdom,220,0.16666666666666666,0,289.96000000000004,1,0,0,6,10,30,0,0,0,0
17466,10,2,763.28,18.61658536585366,5.04,38.25,127.21333333333332,Other,170.59,Toys,United Kingdom,306,0.3333333333333333,68,763.28,2,0,0,6,13,30,0,0,0,0
17468,10,2,137.0,27.4,17.0,30.0,22.833333333333332,Home Decor,77.0,Crockery,United Kingdom,116,0.3333333333333333,4,137.0,2,0,0,4,2,30,0,0,0,0
17469,16,4,1565.6100000000001,21.156891891891895,9.9,49.5,260.935,Bags,662.4,Crockery,United Kingdom,787,0.6666666666666666,188,1870.97,5,0,0,0,2,30,0,0,0,0
17470,45,2,501.96000000000004,13.943333333333335,6.6000000000000005,47.7,83.66000000000001,Crockery,240.76,Seasonal,United Kingdom,1675,0.3333333333333333,323,1125.07,5,0,0,1,9,30,0,0,0,0
17475,79,1,194.37,13.883571428571429,5.04,26.099999999999998,32.395,Other,58.019999999999996,Seasonal,United Kingdom,178,0.16666666666666666,0,194.37,1,0,0,6,9,30,0,0,0,0
17480,78,1,511.82,17.64896551724138,9.959999999999999,39.599999999999994,85.30333333333333,Stationery,188.76000000000002,Seasonal,United Kingdom,338,0.16666666666666666,0,511.82,1,0,0,8,9,30,0,0,0,0
17481,4,4,1255.59,15.312073170731706,4.68,46.8,209.265,Kitchen,396.49,Bags,United Kingdom,1061,0.6666666666666666,90,1255.59,4,0,0,5,1,30,0,0,0,0
17483,65,2,258.94,18.495714285714286,10.2,39.6,43.156666666666666,Home Decor,117.10000000000001,Stationery,United Kingdom,191,0.3333333333333333,117,414.04,3,0,0,4,10,30,0,0,0,0
17489,59,1,168.07999999999998,12.929230769230768,5.04,24.96,28.013333333333332,Other,180.35999999999999,Bags,United Kingdom,428,0.16666666666666666,153,376.64,2,0,0,6,1,30,0,0,0,0
17490,1,7,2092.32,27.530526315789476,1.65,131.39999999999998,348.72,Crockery,662.5,Home Decor,United Kingdom,1134,1.1666666666666667,175,2092.32,7,0,1,1,6,30,1,1,3,1
17491,1,6,2234.01,31.46492957746479,6.8,152.64000000000001,372.33500000000004,Home Decor,793.99,Textiles,United Kingdom,2013,1.0,366,3558.87,10,0,0,4,12,30,0,0,0,0
17495,8,2,497.56,18.42814814814815,9.959999999999999,35.400000000000006,82.92666666666666,Stationery,160.2,Bags,United Kingdom,229,0.3333333333333333,31,497.56,2,0,0,8,1,30,0,0,0,0
17498,76,1,272.22,16.01294117647059,6.959999999999999,29.700000000000003,45.370000000000005,Home Decor,186.0,Other,United Kingdom,394,0.16666666666666666,0,272.22,1,0,0,4,8,30,0,0,0,0
17502,9,4,689.1,24.610714285714288,10.2,40.56,114.85000000000001,Home Decor,308.94,Toys,United Kingdom,376,0.6666666666666666,19,689.1,4,0,0,4,13,30,0,0,0,0
17503,3,2,558.96,14.709473684210527,4.5600000000000005,53.1,93.16000000000001,Electronics,139.68,Seasonal,United Kingdom,486,0.3333333333333333,35,558.96,2,0,0,2,9,30,0,0,0,0
17505,162,1,658.85,25.340384615384615,5.04,68.0,109.80833333333334,Home Decor,363.6,Accessories,United Kingdom,556,0.16666666666666666,44,1145.84,2,0,0,4,0,30,0,0,0,0
17506,76,1,302.2,21.585714285714285,10.5,31.6,50.36666666666667,Home Decor,146.28,Stationery,United Kingdom,139,0.16666666666666666,0,302.2,1,0,0,4,10,30,0,0,0,0
17509,58,8,6083.64,16.713296703296706,6.64,30.0,1013.94,Other,1772.8,Accessories,United Kingdom,3512,1.3333333333333333,5,6083.64,8,0,1,6,0,30,1,1,-1,1
17510,25,1,308.48,15.424000000000001,5.04,25.5,51.413333333333334,Stationery,65.4,Bags,United Kingdom,214,0.16666666666666666,0,308.48,1,0,0,8,1,30,0,0,0,0
17512,29,4,1622.57,27.975344827586206,7.800000000000001,138.24,270.42833333333334,Electronics,1195.56,Furniture,United Kingdom,2753,0.6666666666666666,272,2924.9900000000002,10,0,0,2,4,30,0,0,0,0
17513,72,1,513.2,85.53333333333335,30.0,199.20000000000002,85.53333333333335,Storage,238.8,Garden & Outdoor,United Kingdom,254,0.16666666666666666,0,513.2,1,0,0,9,5,30,0,0,0,0
17514,128,1,208.65,5.2162500000000005,1.26,16.6,34.775,Home Decor,46.43,Seasonal,United Kingdom,135,0.16666666666666666,0,208.65,1,0,0,4,9,30,0,0,0,0
17515,31,1,67.65,6.765000000000001,3.38,13.16,11.275,Home Decor,343.88,Electronics,United Kingdom,243,0.16666666666666666,286,639.02,4,0,0,4,3,30,0,0,0,0
17516,15,2,312.87,6.656808510638298,0.58,19.95,52.145,Kitchen,191.46,Furniture,United Kingdom,414,0.3333333333333333,270,764.88,5,0,0,5,4,30,0,0,0,0
17519,17,3,888.4200000000001,24.678333333333335,7.4399999999999995,89.10000000000001,148.07000000000002,Kitchen,1041.78,Furniture,United Kingdom,1236,0.5,351,1844.02,6,0,0,5,4,30,0,0,0,0
17520,54,1,546.81,18.226999999999997,4.5600000000000005,34.0,91.13499999999999,Home Decor,194.76,Storage,United Kingdom,365,0.16666666666666666,0,546.81,1,0,0,4,11,30,0,0,0,0
17521,30,2,563.65,15.233783783783784,5.04,30.0,93.94166666666666,Home Decor,363.96,Bags,United Kingdom,519,0.3333333333333333,169,723.2099999999999,3,0,0,4,1,30,0,0,0,0
17522,2,2,283.16999999999996,20.226428571428567,1.25,93.6,47.19499999999999,Electronics,415.89,Stationery,United Kingdom,1034,0.3333333333333333,216,1070.71,5,0,0,2,10,30,0,0,0,0
17523,11,4,652.74,19.78,1.25,217.5,108.79,Crockery,236.4,Furniture,United Kingdom,872,0.6666666666666666,7,652.74,4,0,0,1,4,30,0,0,0,0
17526,5,1,323.1,35.900000000000006,10.5,100.80000000000001,53.85,Kitchen,917.0999999999999,Stationery,United Kingdom,310,0.16666666666666666,360,1195.8999999999999,4,0,0,5,10,30,0,0,0,0
17527,54,3,647.26,16.1815,6.2,35.400000000000006,107.87666666666667,Home Decor,304.46,Accessories,United Kingdom,488,0.5,164,939.37,4,0,0,4,0,30,0,0,0,0
17528,1,8,3628.5,14.34189723320158,0.39,101.69999999999999,604.75,Other,748.49,Furniture,United Kingdom,2138,1.3333333333333333,70,3628.5,8,0,1,6,4,30,1,1,3,1
17530,1,4,1001.86,7.589848484848485,0.63,39.8,166.97666666666666,Other,475.95,Garden & Outdoor,United Kingdom,1514,0.6666666666666666,363,2367.12,10,0,0,6,5,30,0,0,0,0
17534,54,1,223.36,24.817777777777778,10.5,39.6,37.22666666666667,Crockery,83.8,Stationery,United Kingdom,103,0.16666666666666666,0,223.36,1,0,0,1,10,30,0,0,0,0
17537,30,1,266.92,19.065714285714286,6.84,34.68,44.48666666666667,Other,260.49,Seasonal,United Kingdom,699,0.16666666666666666,273,887.67,2,0,0,6,9,30,0,0,0,0
17538,26,1,98.42,10.935555555555556,5.76,16.6,16.403333333333332,Home Decor,42.76,Electronics,United Kingdom,134,0.16666666666666666,0,98.42,1,0,0,4,3,30,0,0,0,0
17540,25,1,310.1,18.241176470588236,12.600000000000001,34.0,51.68333333333334,Storage,238.20000000000002,Crockery,United Kingdom,194,0.16666666666666666,291,578.9,2,0,0,9,2,30,0,0,0,0
17545,43,3,642.32,4.555460992907801,0.3,102.0,107.05333333333334,Kitchen,199.57,Garden & Outdoor,United Kingdom,337,0.5,0,642.32,3,0,0,5,5,30,0,0,0,0
17549,24,2,148.86,24.810000000000002,6.959999999999999,47.7,24.810000000000002,Home Decor,53.76,Seasonal,United Kingdom,210,0.3333333333333333,27,148.86,2,0,0,4,9,30,0,0,0,0
17552,60,2,631.89,17.5525,9.36,45.0,105.315,Storage,203.2,Crockery,United Kingdom,719,0.3333333333333333,311,930.41,4,0,0,9,2,30,0,0,0,0
17554,1,5,1952.45,22.18693181818182,0.39,76.32000000000001,325.40833333333336,Electronics,654.72,Toys,United Kingdom,1763,0.8333333333333334,146,1952.45,5,0,0,2,13,30,0,0,0,0
17555,20,1,284.86,5.086785714285715,1.25,17.34,47.47666666666667,Kitchen,98.69,Textiles,United Kingdom,348,0.16666666666666666,314,480.31,2,0,0,5,12,30,0,0,0,0
17557,14,3,541.46,15.92529411764706,1.65,59.400000000000006,90.24333333333334,Storage,208.95000000000002,Stationery,United Kingdom,306,0.5,66,541.46,3,0,0,9,10,30,0,0,0,0
17560,95,2,368.90000000000003,40.988888888888894,10.2,82.5,61.48333333333334,Kitchen,310.7,Stationery,United Kingdom,635,0.3333333333333333,215,854.95,4,0,0,5,10,30,0,0,0,0
17561,19,1,165.12,3.6693333333333333,0.19,15.12,27.52,Home Decor,45.03,Toys,United Kingdom,144,0.16666666666666666,0,165.12,1,0,0,4,13,30,0,0,0,0
17562,14,7,1122.38,17.81555555555556,3.3600000000000003,49.800000000000004,187.06333333333336,Bags,340.88,Electronics,United Kingdom,817,1.1666666666666667,159,1122.38,7,0,1,0,3,30,0,1,3,0
17564,24,3,454.01,9.265510204081632,2.9,25.5,75.66833333333334,Home Decor,171.01,Garden & Outdoor,United Kingdom,146,0.5,55,454.01,3,0,0,4,5,30,0,0,0,0
17566,8,2,869.77,6.125140845070423,0.65,39.599999999999994,144.96166666666667,Home Decor,250.06,Garden & Outdoor,United Kingdom,497,0.3333333333333333,17,869.77,2,0,0,4,5,30,0,0,0,0
17567,7,4,2457.5099999999998,37.80784615384615,6.959999999999999,232.0,409.585,Kitchen,1397.57,Seasonal,United Kingdom,2632,0.6666666666666666,365,4331.48,8,0,0,5,9,30,0,0,0,0
17571,50,2,1067.37,4.72287610619469,0.12,33.15,177.89499999999998,Other,420.78,Accessories,United Kingdom,876,0.3333333333333333,248,1425.67,4,0,0,6,0,30,0,0,0,0
17572,71,2,74.55,18.6375,13.049999999999999,26.099999999999998,12.424999999999999,Kitchen,108.4,Crockery,United Kingdom,95,0.3333333333333333,302,226.75000000000003,4,0,0,5,2,30,0,0,0,0
17573,29,3,380.6,15.224,6.959999999999999,30.240000000000002,63.43333333333334,Home Decor,141.88,Seasonal,United Kingdom,308,0.5,64,380.6,3,0,0,4,9,30,0,0,0,0
17576,8,9,1867.39,8.336562500000001,0.42,51.0,311.2316666666667,Home Decor,967.62,Garden & Outdoor,United Kingdom,1967,1.5,357,3564.83,19,1,1,4,5,30,1,1,1,1
17579,5,3,448.90000000000003,8.978000000000002,0.95,30.0,74.81666666666668,Crockery,150.11,Seasonal,United Kingdom,258,0.5,174,448.90000000000003,3,0,0,1,9,30,0,0,0,0
17584,7,2,1242.3,35.494285714285716,6.25,120.0,207.04999999999998,Home Decor,553.2,Toys,United Kingdom,458,0.3333333333333333,120,1242.3,2,0,0,4,13,30,0,0,0,0
17585,109,2,595.15,4.31268115942029,0.29,41.5,99.19166666666666,Other,299.89,Seasonal,United Kingdom,1650,0.3333333333333333,228,1116.68,4,0,0,6,9,30,0,0,0,0
17588,100,2,843.0,64.84615384615384,9.120000000000001,264.0,140.5,Electronics,593.64,Seasonal,United Kingdom,676,0.3333333333333333,132,1240.2,3,0,0,2,9,30,0,0,0,0
17589,60,2,1192.75,9.391732283464567,0.39,74.25,198.79166666666666,Other,644.84,Textiles,United Kingdom,1631,0.3333333333333333,180,2404.17,4,0,0,6,12,30,0,0,0,0
17590,2,3,1468.02,7.489897959183673,0.38,49.5,244.67,Home Decor,459.21000000000004,Toys,United Kingdom,822,0.5,37,1468.02,3,0,0,4,13,30,0,0,0,0
17591,73,2,576.4,38.42666666666666,20.28,68.0,96.06666666666666,Home Decor,954.7500000000001,Bags,United Kingdom,1000,0.3333333333333333,293,2203.67,7,0,0,4,1,30,0,0,0,0
17593,4,4,3260.96,17.532043010752687,0.55,79.80000000000001,543.4933333333333,Home Decor,1103.7,Toys,United Kingdom,3089,0.6666666666666666,349,3923.86,5,0,0,4,13,30,0,0,0,0
17594,85,1,678.18,18.83833333333333,9.899999999999999,39.6,113.02999999999999,Bags,385.6,Stationery,United Kingdom,550,0.16666666666666666,169,993.18,2,0,0,0,10,30,0,0,0,0
17595,12,2,386.69,4.715731707317073,0.39,34.68,64.44833333333334,Electronics,100.62,Seasonal,United Kingdom,228,0.3333333333333333,24,386.69,2,0,0,2,9,30,0,0,0,0
17596,23,4,1519.48,10.407397260273973,0.39,142.8,253.24666666666667,Other,1043.12,Furniture,United Kingdom,4376,0.6666666666666666,345,2806.69,7,0,0,6,4,30,0,0,0,0
17600,18,1,161.67000000000002,12.436153846153847,2.5,19.8,26.945000000000004,Storage,53.64,Stationery,United Kingdom,144,0.16666666666666666,0,161.67000000000002,1,0,0,9,10,30,0,0,0,0
17602,2,5,4287.37,9.57002232142857,0.78,252.0,714.5616666666666,Electronics,1099.04,Accessories,United Kingdom,4116,0.8333333333333334,321,5054.42,6,0,0,2,0,30,1,0,0,1
17603,78,1,394.72,35.88363636363636,9.899999999999999,250.0,65.78666666666668,Stationery,250.0,Home Decor,United Kingdom,74,0.16666666666666666,0,394.72,1,0,0,8,6,30,0,0,0,0
17608,33,2,191.99,3.4283928571428572,0.19,11.8,31.998333333333335,Home Decor,59.43,Seasonal,United Kingdom,229,0.3333333333333333,0,191.99,2,0,0,4,9,30,0,0,0,0
17609,41,3,574.53,4.868898305084746,0.78,33.9,95.755,Home Decor,398.82,Crockery,United Kingdom,719,0.5,286,1105.78,5,0,0,4,2,30,0,0,0,0
17611,7,9,1962.28,11.40860465116279,0.29,46.0,327.0466666666667,Home Decor,638.63,Accessories,United Kingdom,2550,1.5,353,3961.12,15,1,1,4,0,30,1,1,1,1
17612,53,4,1382.7,15.7125,2.88,179.0,230.45000000000002,Kitchen,462.84999999999997,Garden & Outdoor,United Kingdom,1808,0.6666666666666666,244,2048.45,6,0,0,5,5,30,0,0,0,0
17613,23,7,2032.14,21.390947368421052,2.75,124.80000000000001,338.69,Home Decor,1374.31,Furniture,United Kingdom,2490,1.1666666666666667,282,4544.55,14,1,1,4,4,30,1,1,1,1
17614,57,1,386.32,3.9420408163265304,0.42,18.72,64.38666666666667,Home Decor,91.71000000000001,Furniture,United Kingdom,235,0.16666666666666666,0,386.32,1,0,0,4,4,30,0,0,0,0
17615,130,1,57.3,19.099999999999998,15.0,22.5,9.549999999999999,Kitchen,135.45000000000002,Textiles,United Kingdom,140,0.16666666666666666,91,329.6,3,0,0,5,12,30,0,0,0,0
17616,174,1,163.2,163.2,163.2,163.2,27.2,Electronics,571.1999999999999,Electronics,United Kingdom,224,0.16666666666666666,194,571.1999999999999,3,0,0,2,3,30,0,0,-1,0
17618,6,1,304.8,25.400000000000002,10.2,79.9,50.800000000000004,Kitchen,248.76,Storage,United Kingdom,319,0.16666666666666666,356,930.28,3,0,0,5,11,30,0,0,0,0
17620,60,1,81.44,20.36,6.64,34.0,13.573333333333332,Kitchen,47.44,Home Decor,United Kingdom,60,0.16666666666666666,0,81.44,1,0,0,5,6,30,0,0,0,0
17621,21,1,478.12,43.46545454545455,15.0,102.0,79.68666666666667,Stationery,408.0,Garden & Outdoor,United Kingdom,514,0.16666666666666666,333,1379.9,3,0,0,8,5,30,0,0,0,0
17623,33,1,527.0500000000001,15.971212121212123,5.8,47.7,87.84166666666668,Stationery,191.81,Toys,United Kingdom,265,0.16666666666666666,0,527.0500000000001,1,0,0,8,13,30,0,0,0,0
17624,15,1,443.18,17.7272,9.36,25.200000000000003,73.86333333333333,Other,186.16,Furniture,United Kingdom,554,0.16666666666666666,203,843.48,2,0,0,6,4,30,0,0,0,0
17625,18,3,1478.3700000000001,6.940704225352113,0.39,59.0,246.395,Home Decor,798.97,Toys,United Kingdom,1180,0.5,239,2020.4,4,0,0,4,13,30,0,0,0,0
17628,81,1,75.75,15.15,13.200000000000001,19.8,12.625,Kitchen,39.6,Storage,United Kingdom,79,0.16666666666666666,0,75.75,1,0,0,5,11,30,0,0,0,0
17629,6,5,1207.93,18.87390625,2.88,85.0,201.3216666666667,Kitchen,504.08,Seasonal,United Kingdom,1629,0.8333333333333334,354,1814.12,8,0,0,5,9,30,0,0,0,0
17630,170,1,168.1,24.014285714285712,15.0,31.9,28.016666666666666,Other,274.1,Electronics,United Kingdom,158,0.16666666666666666,62,503.59999999999997,2,0,0,6,3,30,0,0,0,0
17631,2,2,225.78,12.543333333333333,4.5600000000000005,19.799999999999997,37.63,Kitchen,150.24,Accessories,United Kingdom,334,0.3333333333333333,230,528.33,3,0,0,5,0,30,0,0,0,0
17633,31,4,1324.84,18.92628571428571,5.04,67.5,220.80666666666664,Kitchen,313.3,Toys,United Kingdom,644,0.6666666666666666,88,1324.84,4,0,0,5,13,30,0,0,0,0
17634,36,4,547.3,4.3784,0.58,15.9,91.21666666666665,Home Decor,520.6,Seasonal,United Kingdom,838,0.6666666666666666,301,2358.59,9,0,0,4,9,30,0,0,0,0
17636,19,1,285.56,14.278,6.959999999999999,20.8,47.593333333333334,Bags,70.3,Seasonal,United Kingdom,182,0.16666666666666666,0,285.56,1,0,0,0,9,30,0,0,0,0
17637,31,2,547.0600000000001,15.630285714285716,5.04,25.5,91.17666666666668,Kitchen,124.16,Storage,United Kingdom,280,0.3333333333333333,83,547.0600000000001,2,0,0,5,11,30,0,0,0,0
17640,87,1,621.66,124.332,53.1,236.88,103.61,Electronics,453.17999999999995,Home Decor,United Kingdom,250,0.16666666666666666,0,621.66,1,0,0,2,6,30,0,0,0,0
17642,120,2,712.29,17.80725,5.04,45.0,118.71499999999999,Crockery,257.25,Toys,United Kingdom,474,0.3333333333333333,56,712.29,2,0,0,1,13,30,0,0,0,0
17644,1,8,1973.8700000000001,19.93808080808081,1.65,74.0,328.97833333333335,Kitchen,626.87,Crockery,United Kingdom,1793,1.3333333333333333,259,2895.64,11,1,1,5,2,30,1,1,1,1
17647,65,1,133.06,19.00857142857143,14.850000000000001,24.96,22.176666666666666,Kitchen,41.96,Crockery,United Kingdom,30,0.16666666666666666,0,133.06,1,0,0,5,2,30,0,0,0,0
17648,61,1,690.11,26.54269230769231,9.36,52.02,115.01833333333333,Kitchen,452.0,Bags,United Kingdom,487,0.16666666666666666,188,1797.5,4,0,0,5,1,30,0,0,0,0
17649,138,1,868.49,16.70173076923077,6.8,25.5,144.74833333333333,Kitchen,329.0,Stationery,United Kingdom,399,0.16666666666666666,0,868.49,1,0,0,5,10,30,0,0,0,0
17650,21,1,166.08,20.76,10.08,34.65,27.680000000000003,Other,75.33,Toys,United Kingdom,150,0.16666666666666666,0,166.08,1,0,0,6,13,30,0,0,0,0
17651,12,10,3945.0,17.004310344827587,2.88,65.4,657.5,Bags,1384.6000000000001,Accessories,United Kingdom,3112,1.6666666666666667,165,3945.0,10,0,1,0,0,30,1,1,-1,1
17652,25,8,3238.32,19.62618181818182,4.5600000000000005,69.12,539.72,Kitchen,1197.55,Toys,United Kingdom,2509,1.3333333333333333,255,4867.72,12,1,1,5,13,30,1,1,1,1
17653,37,4,1207.56,27.44454545454545,6.959999999999999,211.20000000000002,201.26,Toys,340.1,Seasonal,United Kingdom,1409,0.6666666666666666,83,1207.56,4,0,0,11,9,30,0,0,0,0
17655,11,3,1036.24,23.55090909090909,10.2,102.0,172.70666666666668,Home Decor,1019.6300000000001,Seasonal,United Kingdom,1116,0.5,355,2638.94,7,0,0,4,9,30,0,0,0,0
17656,73,5,1674.69,20.423048780487804,4.5600000000000005,89.5,279.115,Home Decor,850.75,Stationery,United Kingdom,1399,0.8333333333333334,55,1674.69,5,0,0,4,10,30,0,0,0,0
17658,26,1,277.82,27.782,9.36,61.199999999999996,46.303333333333335,Other,282.08,Bags,United Kingdom,616,0.16666666666666666,185,595.42,2,0,0,6,1,30,0,0,0,0
17659,17,7,1871.44,17.994615384615386,4.68,44.849999999999994,311.9066666666667,Other,591.21,Accessories,United Kingdom,1525,1.1666666666666667,354,2999.46,12,1,1,6,0,30,1,1,1,1
17660,141,1,178.75,4.703947368421052,0.21,49.800000000000004,29.791666666666668,Home Decor,108.75,Textiles,United Kingdom,121,0.16666666666666666,0,178.75,1,0,0,4,12,30,0,0,0,0
17663,26,4,1012.1,21.085416666666667,9.959999999999999,59.95,168.68333333333334,Home Decor,669.6800000000001,Storage,United Kingdom,797,0.6666666666666666,261,1802.91,7,0,0,4,11,30,0,0,0,0
17664,19,1,278.45,13.9225,7.9,20.28,46.40833333333333,Stationery,182.64000000000001,Seasonal,United Kingdom,604,0.16666666666666666,193,604.64,2,0,0,8,9,30,0,0,0,0
17666,4,2,728.16,40.45333333333333,9.899999999999999,99.0,121.36,Home Decor,528.72,Seasonal,United Kingdom,596,0.3333333333333333,61,728.16,2,0,0,4,9,30,0,0,0,0
17667,66,2,698.84,17.91897435897436,8.5,51.0,116.47333333333334,Kitchen,575.57,Toys,United Kingdom,1033,0.3333333333333333,232,2055.51,5,0,0,5,13,30,0,0,0,0
17668,1,2,347.75,23.183333333333334,12.75,44.849999999999994,57.958333333333336,Kitchen,267.95,Crockery,United Kingdom,93,0.3333333333333333,36,347.75,2,0,0,5,2,30,0,0,0,0
17669,43,4,1795.72,37.410833333333336,6.8,179.0,299.2866666666667,Bags,2448.35,Crockery,United Kingdom,1916,0.6666666666666666,206,3406.7200000000003,7,0,0,0,2,30,0,0,-1,0
17671,16,2,785.98,31.4392,4.5600000000000005,232.0,130.99666666666667,Home Decor,427.17999999999995,Furniture,United Kingdom,772,0.3333333333333333,349,1572.71,4,0,0,4,4,30,0,0,0,0
17672,50,1,2000.33,28.99028985507246,5.04,252.0,333.3883333333333,Kitchen,792.58,Toys,United Kingdom,1690,0.16666666666666666,259,3178.17,2,0,0,5,13,30,0,0,0,0
17673,2,3,561.87,7.203461538461538,1.17,58.650000000000006,93.645,Other,570.08,Textiles,United Kingdom,1462,0.5,318,1594.97,6,0,0,6,12,30,0,0,0,0
17674,74,1,250.38,15.64875,5.04,51.839999999999996,41.73,Stationery,376.2,Home Decor,United Kingdom,672,0.16666666666666666,294,551.04,2,0,0,8,6,30,0,0,0,0
17675,1,18,12628.67,26.14631469979296,4.68,118.80000000000001,2104.778333333333,Home Decor,6415.08,Furniture,United Kingdom,8360,3.0,366,20374.28,31,1,1,4,4,30,1,1,-1,1
17676,4,5,1070.48,17.265806451612903,8.5,50.400000000000006,178.41333333333333,Home Decor,671.36,Stationery,United Kingdom,922,0.8333333333333334,362,1371.18,6,0,0,4,10,30,0,0,0,0
17679,53,2,1992.1100000000001,66.40366666666667,22.5,178.4,332.0183333333334,Crockery,863.0999999999999,Other,United Kingdom,729,0.3333333333333333,32,1992.1100000000001,2,0,0,1,8,30,0,0,0,0
17680,24,1,184.4,16.763636363636365,8.5,33.2,30.733333333333334,Home Decor,109.3,Other,United Kingdom,96,0.16666666666666666,0,184.4,1,0,0,4,8,30,0,0,0,0
17682,10,3,1366.92,21.358125,6.72,39.6,227.82000000000002,Home Decor,1029.31,Seasonal,United Kingdom,1367,0.5,358,2474.33,6,0,0,4,9,30,0,0,0,0
17684,44,1,239.41,15.960666666666667,4.5600000000000005,24.75,39.901666666666664,Home Decor,110.46,Other,United Kingdom,145,0.16666666666666666,0,239.41,1,0,0,4,8,30,0,0,0,0
17685,17,2,1643.1100000000001,22.820972222222224,1.26,174.0,273.8516666666667,Electronics,1010.11,Seasonal,United Kingdom,1907,0.3333333333333333,355,3155.83,7,0,0,2,9,30,0,0,0,0
17686,7,3,2702.71,18.63937931034483,4.68,47.7,450.45166666666665,Kitchen,1257.9,Seasonal,United Kingdom,2478,0.5,295,5739.46,7,0,0,5,9,30,0,0,0,0
17690,30,5,1694.02,17.83178947368421,1.25,39.6,282.33666666666664,Stationery,806.5,Seasonal,United Kingdom,1769,0.8333333333333334,342,4726.8,15,1,0,8,9,30,1,0,-1,1
17692,127,1,117.47999999999999,16.782857142857143,4.5600000000000005,30.599999999999998,19.58,Home Decor,182.45999999999998,Furniture,United Kingdom,672,0.16666666666666666,232,740.9399999999999,4,0,0,4,4,30,0,0,0,0
17693,137,1,200.47,12.529375,2.88,17.4,33.41166666666667,Kitchen,72.00999999999999,Textiles,United Kingdom,231,0.16666666666666666,0,200.47,1,0,0,5,12,30,0,0,0,0
17694,142,1,283.12,18.874666666666666,6.8,34.0,47.18666666666667,Storage,95.30000000000001,Crockery,United Kingdom,184,0.16666666666666666,0,283.12,1,0,0,9,2,30,0,0,0,0
17695,132,2,765.34,21.866857142857143,6.959999999999999,118.80000000000001,127.55666666666667,Home Decor,207.36,Furniture,United Kingdom,779,0.3333333333333333,39,765.34,2,0,0,4,4,30,0,0,0,0
17696,38,4,1448.1200000000001,18.330632911392406,5.04,88.80000000000001,241.35333333333335,Home Decor,589.8000000000001,Furniture,United Kingdom,1756,0.6666666666666666,326,2285.71,8,0,0,4,4,30,0,0,0,0
17700,17,2,1409.07,18.064999999999998,5.04,81.6,234.845,Home Decor,541.6999999999999,Toys,United Kingdom,1266,0.3333333333333333,264,2534.64,4,0,0,4,13,30,0,0,0,0
17702,30,3,1384.57,31.467499999999998,6.959999999999999,179.0,230.76166666666666,Bags,997.5,Textiles,United Kingdom,1353,0.5,175,1824.37,4,0,0,0,12,30,0,0,0,0
17703,35,3,798.74,14.522545454545455,5.04,24.96,133.12333333333333,Stationery,223.74,Accessories,United Kingdom,590,0.5,103,798.74,3,0,0,8,0,30,0,0,0,0
17704,169,1,497.90000000000003,33.193333333333335,15.0,99.0,82.98333333333333,Kitchen,221.10000000000002,Bags,United Kingdom,343,0.16666666666666666,71,885.19,2,0,0,5,1,30,0,0,0,0
17705,3,6,1466.22,18.79769230769231,7.9,51.0,244.37,Electronics,716.5,Toys,United Kingdom,963,1.0,298,1823.52,9,0,0,2,13,30,0,0,0,0
17706,4,12,9313.22,30.535147540983605,0.95,150.0,1552.2033333333331,Kitchen,2518.76,Garden & Outdoor,United Kingdom,3899,2.0,362,10504.49,17,1,1,5,5,30,1,1,-1,1
17711,11,1,164.57,16.457,4.5600000000000005,30.0,27.42833333333333,Other,105.17999999999999,Electronics,United Kingdom,246,0.16666666666666666,279,385.1,2,0,0,6,3,30,0,0,0,0
17712,45,1,522.91,18.031379310344825,7.800000000000001,79.9,87.15166666666666,Other,136.02,Stationery,United Kingdom,215,0.16666666666666666,0,522.91,1,0,0,6,10,30,0,0,0,0
17716,23,9,4204.37,25.327530120481928,6.8,102.0,700.7283333333334,Kitchen,1182.79,Accessories,United Kingdom,3072,1.5,245,5655.99,11,1,1,5,0,30,1,1,1,1
17719,38,10,3424.58,20.63,6.8,90.0,570.7633333333333,Electronics,2060.0,Accessories,United Kingdom,2466,1.6666666666666667,217,5396.04,15,1,1,2,0,30,1,1,-1,1
17720,26,2,663.56,20.107878787878786,9.959999999999999,102.0,110.59333333333332,Home Decor,438.35999999999996,Toys,United Kingdom,576,0.3333333333333333,341,1195.94,4,0,0,4,13,30,0,0,0,0
17722,96,1,323.16,15.38857142857143,7.56,30.0,53.86000000000001,Other,768.33,Bags,United Kingdom,1595,0.16666666666666666,270,2424.04,4,0,0,6,1,30,0,0,0,0
17724,71,3,1033.0,25.825,11.7,89.10000000000001,172.16666666666666,Kitchen,391.3,Storage,United Kingdom,300,0.5,67,1033.0,3,0,0,5,11,30,0,0,0,0
17725,16,7,2169.45,16.948828125,4.5600000000000005,63.0,361.575,Home Decor,998.88,Seasonal,United Kingdom,2162,1.1666666666666667,250,3439.08,11,1,1,4,9,30,1,1,1,1
17727,15,1,1060.25,16.064393939393938,6.64,27.0,176.70833333333334,Kitchen,392.38,Crockery,United Kingdom,645,0.16666666666666666,0,1060.25,1,0,0,5,2,30,0,0,0,0
17728,4,3,2876.01,17.430363636363637,8.3,29.700000000000003,479.33500000000004,Kitchen,654.95,Accessories,United Kingdom,1469,0.5,82,2876.01,3,0,0,5,0,30,0,0,0,0
17730,3,8,3267.08,26.13664,3.4799999999999995,204.0,544.5133333333333,Kitchen,1134.5800000000002,Accessories,United Kingdom,3576,1.3333333333333333,323,5298.4800000000005,13,1,1,5,0,30,1,1,1,1
17731,79,2,577.54,16.501142857142856,7.800000000000001,30.0,96.25666666666666,Home Decor,245.45999999999998,Furniture,United Kingdom,493,0.3333333333333333,104,1240.11,4,0,0,4,4,30,0,0,0,0
17733,39,1,475.24,20.662608695652175,6.959999999999999,101.88,79.20666666666666,Home Decor,232.39000000000001,Bags,United Kingdom,463,0.16666666666666666,222,692.19,2,0,0,4,1,30,0,0,0,0
17734,54,2,587.65,17.283823529411762,5.04,39.6,97.94166666666666,Other,142.68,Seasonal,United Kingdom,422,0.3333333333333333,180,700.63,3,0,0,6,9,30,0,0,0,0
17735,2,9,6988.86,20.677100591715977,4.5600000000000005,104.04,1164.81,Bags,3492.94,Accessories,United Kingdom,8439,1.5,365,13110.02,19,1,1,0,0,30,1,1,-1,1
17736,9,3,377.44,15.0976,5.04,39.95,62.906666666666666,Other,114.35,Toys,United Kingdom,238,0.5,104,377.44,3,0,0,6,13,30,0,0,0,0
17737,9,2,168.24,16.824,10.2,30.599999999999998,28.040000000000003,Home Decor,80.04,Electronics,United Kingdom,108,0.3333333333333333,49,168.24,2,0,0,4,3,30,0,0,0,0
17738,19,3,1099.13,19.62732142857143,4.5600000000000005,102.0,183.18833333333336,Kitchen,717.58,Bags,United Kingdom,1029,0.5,262,1879.05,4,0,0,5,1,30,0,0,0,0
17739,12,4,1720.58,59.3303448275862,16.5,212.4,286.7633333333333,Textiles,978.0,Bags,United Kingdom,861,0.6666666666666666,348,2791.35,7,0,0,10,1,30,0,0,0,0
17742,113,1,52.54,26.27,25.5,27.04,8.756666666666666,Home Decor,113.50999999999999,Crockery,United Kingdom,89,0.16666666666666666,219,355.11,2,0,0,4,2,30,0,0,0,0
17744,4,2,1033.44,13.965405405405406,4.68,46.8,172.24,Home Decor,433.6,Textiles,United Kingdom,3412,0.3333333333333333,354,2322.4,6,0,0,4,12,30,0,0,0,0
17750,5,9,1710.45,9.29592391304348,0.21,40.32,285.075,Stationery,863.1,Toys,United Kingdom,3747,1.5,158,1710.45,9,0,1,8,13,30,1,1,-1,1
17754,1,4,1400.41,22.95754098360656,1.56,179.0,233.40166666666667,Kitchen,417.71,Electronics,United Kingdom,1816,0.6666666666666666,259,1664.65,5,0,0,5,3,30,0,0,0,0
17758,19,5,2356.32,8.599708029197082,0.42,34.0,392.72,Other,684.39,Furniture,United Kingdom,2054,0.8333333333333334,230,3408.2000000000003,8,0,0,6,4,30,0,0,0,0
17759,17,3,819.96,9.110666666666667,0.42,37.44,136.66,Home Decor,291.96,Storage,United Kingdom,697,0.5,152,819.96,3,0,0,4,11,30,0,0,0,0
17760,22,1,115.05,7.190625,2.25,24.75,19.175,Home Decor,71.34,Toys,United Kingdom,239,0.16666666666666666,351,287.59,2,0,0,4,13,30,0,0,0,0
17761,33,1,712.78,37.514736842105265,6.959999999999999,175.2,118.79666666666667,Home Decor,383.56,Other,United Kingdom,398,0.16666666666666666,0,712.78,1,0,0,4,8,30,0,0,0,0
17764,51,1,541.88,10.034814814814816,0.72,45.0,90.31333333333333,Home Decor,172.59,Toys,United Kingdom,351,0.16666666666666666,160,772.55,2,0,0,4,13,30,0,0,0,0
17765,159,1,109.33,8.41,0.85,24.900000000000002,18.221666666666668,Kitchen,83.7,Seasonal,United Kingdom,143,0.16666666666666666,98,367.63,3,0,0,5,9,30,0,0,0,0
17767,15,1,271.2,12.914285714285715,3.75,25.200000000000003,45.199999999999996,Home Decor,124.28,Crockery,United Kingdom,128,0.16666666666666666,0,271.2,1,0,0,4,2,30,0,0,0,0
17768,8,3,2081.9,21.243877551020407,0.95,100.80000000000001,346.98333333333335,Home Decor,558.02,Toys,United Kingdom,1122,0.5,157,2081.9,3,0,0,4,13,30,0,0,0,0
17769,13,8,3080.67,15.480753768844222,0.55,85.92,513.445,Other,1016.33,Furniture,United Kingdom,1850,1.3333333333333333,308,3957.43,10,0,1,6,4,30,1,1,3,1
17771,57,1,130.01,4.0628125,0.42,10.5,21.668333333333333,Stationery,79.76,Electronics,United Kingdom,287,0.16666666666666666,266,245.81,2,0,0,8,3,30,0,0,0,0
17772,11,2,173.45,3.469,0.42,14.95,28.90833333333333,Other,48.23,Storage,United Kingdom,55,0.3333333333333333,0,173.45,2,0,0,6,11,30,0,0,0,0
17774,97,2,618.74,7.111954022988506,0.39,21.9,103.12333333333333,Home Decor,249.36,Toys,United Kingdom,508,0.3333333333333333,208,1213.73,4,0,0,4,13,30,0,0,0,0
17777,25,3,647.56,3.408210526315789,0.19,12.48,107.92666666666666,Home Decor,275.6,Garden & Outdoor,United Kingdom,501,0.5,75,647.56,3,0,0,4,5,30,0,0,0,0
17779,21,3,650.32,8.028641975308643,0.95,49.5,108.38666666666667,Home Decor,266.65,Furniture,United Kingdom,396,0.5,122,650.32,3,0,0,4,4,30,0,0,0,0
17781,159,1,86.02,8.602,0.84,39.5,14.336666666666666,Other,161.42000000000002,Kitchen,United Kingdom,34,0.16666666666666666,93,188.02,2,0,0,6,7,30,0,0,0,0
17783,72,1,171.06,4.623243243243243,0.65,12.5,28.51,Stationery,134.79,Textiles,United Kingdom,354,0.16666666666666666,175,283.47,2,0,0,8,12,30,0,0,0,0
17785,53,1,131.94,10.149230769230769,1.95,23.6,21.99,Seasonal,43.75,Kitchen,United Kingdom,67,0.16666666666666666,0,131.94,1,0,0,7,7,30,0,0,0,0
17786,85,1,163.5,3.802325581395349,0.39,15.12,27.25,Home Decor,86.62,Storage,United Kingdom,195,0.16666666666666666,231,266.85,2,0,0,4,11,30,0,0,0,0
17787,153,1,149.02,9.934666666666667,2.37,19.9,24.83666666666667,Home Decor,1151.1000000000001,Bags,United Kingdom,896,0.16666666666666666,218,1817.54,4,0,0,4,1,30,0,0,0,0
17788,74,2,1117.9,223.58,3.25,826.2,186.3166666666667,Electronics,834.7,Stationery,United Kingdom,211,0.3333333333333333,55,1117.9,2,0,0,2,10,30,0,0,-1,0
17790,27,5,1067.29,8.968823529411765,1.16,26.55,177.88166666666666,Home Decor,1206.79,Bags,United Kingdom,835,0.8333333333333334,338,1964.3,14,1,0,4,1,30,0,0,2,0
17791,30,1,106.1,10.61,3.75,19.8,17.683333333333334,Kitchen,70.6,Textiles,United Kingdom,46,0.16666666666666666,0,106.1,1,0,0,5,12,30,0,0,0,0
17793,25,1,300.34,5.77576923076923,0.42,30.24,50.056666666666665,Other,86.50999999999999,Storage,United Kingdom,226,0.16666666666666666,0,300.34,1,0,0,6,11,30,0,0,0,0
17796,40,1,75.9,18.975,15.0,25.5,12.65,Kitchen,304.2,Textiles,United Kingdom,176,0.16666666666666666,329,690.0,4,0,0,5,12,30,0,0,0,0
17797,22,2,508.02,7.5823880597014925,0.42,39.8,84.67,Home Decor,278.43,Garden & Outdoor,United Kingdom,498,0.3333333333333333,160,780.43,3,0,0,4,5,30,0,0,0,0
17799,22,4,1651.94,7.245350877192982,0.65,39.8,275.3233333333333,Other,847.98,Textiles,United Kingdom,1753,0.6666666666666666,339,3039.17,10,0,0,6,12,30,0,0,0,0
17800,37,6,832.36,10.80987012987013,0.65,60.0,138.72666666666666,Bags,273.15,Accessories,United Kingdom,732,1.0,296,1187.21,9,0,0,0,0,30,0,0,0,0
17802,82,2,1184.84,9.2565625,0.55,70.8,197.47333333333333,Home Decor,382.48,Garden & Outdoor,United Kingdom,752,0.3333333333333333,290,1285.04,3,0,0,4,5,30,0,0,0,0
17805,74,1,512.31,51.230999999999995,2.1,184.32,85.38499999999999,Electronics,184.32,Other,United Kingdom,478,0.16666666666666666,0,512.31,1,0,0,2,8,30,0,0,0,0
17806,11,1,546.04,12.698604651162789,2.1,50.0,91.00666666666666,Other,233.13,Textiles,United Kingdom,727,0.16666666666666666,0,546.04,1,0,0,6,12,30,0,0,0,0
17809,16,6,2761.21,67.34658536585366,0.95,375.0,460.20166666666665,Textiles,1227.0,Accessories,United Kingdom,2057,1.0,357,5411.91,12,1,0,10,0,30,1,0,-1,1
17812,13,3,506.51,4.870288461538461,0.38,24.95,84.41833333333334,Home Decor,159.43,Accessories,United Kingdom,329,0.5,355,699.81,4,0,0,4,0,30,0,0,0,0
17813,14,5,1698.07,4.879511494252873,0.29,39.8,283.01166666666666,Home Decor,508.29,Accessories,United Kingdom,752,0.8333333333333334,57,1698.07,5,0,0,4,0,30,0,0,0,0
17817,4,1,117.97999999999999,5.898999999999999,0.83,44.849999999999994,19.66333333333333,Other,282.65999999999997,Bags,United Kingdom,67,0.16666666666666666,272,387.68,3,0,0,6,1,30,0,0,0,0
17819,72,1,236.39999999999998,118.19999999999999,61.199999999999996,175.2,39.4,Kitchen,1818.0,Stationery,United Kingdom,1031,0.16666666666666666,299,3704.87,7,0,0,5,10,30,0,0,-1,0
17824,51,1,298.4,22.95384615384615,10.08,41.76,49.73333333333333,Stationery,110.4,Storage,United Kingdom,408,0.16666666666666666,0,298.4,1,0,0,8,11,30,0,0,0,0
17827,5,1,406.86,6.6698360655737705,0.19,40.8,67.81,Other,651.3,Furniture,United Kingdom,1240,0.16666666666666666,359,1987.33,5,0,0,6,4,30,0,0,0,0
17828,23,3,986.93,42.91,12.72,455.0,164.48833333333332,Stationery,655.0,Textiles,Malta,667,0.5,162,1820.09,4,0,0,8,12,18,0,0,-1,0
17830,2,1,111.05,15.864285714285714,9.95,17.700000000000003,18.508333333333333,Kitchen,106.6,Other,United Kingdom,92,0.16666666666666666,287,398.7,3,0,0,5,8,30,0,0,0,0
17835,3,3,342.24,5.800677966101695,0.79,30.0,57.04,Home Decor,53.1,Crockery,United Kingdom,344,0.5,20,342.24,3,0,0,4,2,30,0,0,0,0
17836,47,1,110.21000000000001,4.592083333333334,0.38,29.7,18.368333333333336,Crockery,52.2,Storage,United Kingdom,88,0.16666666666666666,0,110.21000000000001,1,0,0,1,11,30,0,0,0,0
17837,42,8,1541.23,9.513765432098765,0.42,59.699999999999996,256.87166666666667,Home Decor,512.13,Accessories,United Kingdom,510,1.3333333333333333,120,1541.23,8,0,1,4,0,30,0,1,3,0
17838,27,2,1065.8,25.376190476190477,3.3,125.0,177.63333333333333,Kitchen,863.14,Garden & Outdoor,United Kingdom,1831,0.3333333333333333,345,2720.8,5,0,0,5,5,30,0,0,0,0
17839,42,1,318.15,6.11826923076923,0.42,19.799999999999997,53.025,Stationery,94.67,Garden & Outdoor,United Kingdom,257,0.16666666666666666,0,318.15,1,0,0,8,5,30,0,0,0,0
17848,81,5,512.8299999999999,20.513199999999998,1.9,148.72,85.47166666666665,Home Decor,350.78,Textiles,United Kingdom,398,0.8333333333333334,276,901.1999999999999,9,0,0,4,12,30,0,0,0,0
17852,12,2,114.34,4.764166666666667,1.25,8.3,19.05666666666667,Other,44.24,Furniture,United Kingdom,53,0.3333333333333333,0,114.34,2,0,0,6,4,30,0,0,0,0
17856,2,1,275.4,45.9,15.0,71.39999999999999,45.9,Kitchen,587.4000000000001,Stationery,United Kingdom,842,0.16666666666666666,279,1418.03,4,0,0,5,10,30,0,0,0,0
17858,6,6,2535.86,16.466623376623378,1.1,79.6,422.6433333333334,Other,2421.22,Furniture,United Kingdom,2694,1.0,363,5140.66,12,1,0,6,4,30,1,0,2,1
17861,3,6,1639.9,9.26497175141243,0.39,60.0,273.31666666666666,Kitchen,457.36,Textiles,United Kingdom,1985,1.0,316,2097.88,8,0,0,5,12,30,0,0,0,0
17863,59,3,1788.1,21.80609756097561,6.959999999999999,102.0,298.01666666666665,Stationery,633.9,Seasonal,United Kingdom,2638,0.5,310,3160.0,6,0,0,8,9,30,0,0,0,0
17864,13,2,354.0,6.0,0.55,25.5,59.0,Stationery,160.67000000000002,Textiles,United Kingdom,706,0.3333333333333333,262,554.85,3,0,0,8,12,30,0,0,0,0
17865,31,13,6364.66,31.353004926108373,1.25,285.6,1060.7766666666666,Kitchen,3205.62,Bags,United Kingdom,5757,2.1666666666666665,333,10526.32,20,1,1,5,1,30,1,1,-1,1
17866,143,1,329.65,36.62777777777777,15.299999999999999,75.0,54.94166666666666,Other,162.8,Textiles,United Kingdom,174,0.16666666666666666,0,329.65,1,0,0,6,12,30,0,0,0,0
17867,30,4,553.82,8.79079365079365,0.19,220.15,92.30333333333334,Electronics,907.3100000000001,Textiles,United Kingdom,508,0.6666666666666666,258,1157.8700000000001,6,0,0,2,12,30,0,0,0,0
17869,107,2,117.22,9.768333333333333,0.42,22.5,19.536666666666665,Other,70.72,Kitchen,United Kingdom,111,0.3333333333333333,260,428.18,5,0,0,6,7,30,0,0,0,0
17870,2,11,1539.49,5.7230111524163565,0.29,52.199999999999996,256.58166666666665,Home Decor,509.7,Toys,United Kingdom,1351,1.8333333333333333,364,1865.89,12,1,1,4,13,30,1,1,1,1
17873,80,1,272.04,38.862857142857145,24.96,61.199999999999996,45.34,Home Decor,1028.65,Stationery,United Kingdom,1035,0.16666666666666666,293,1848.96,5,0,0,4,10,30,0,0,0,0
17877,170,1,237.61,19.800833333333333,2.1,79.6,39.60166666666667,Kitchen,86.96,Stationery,United Kingdom,98,0.16666666666666666,0,237.61,1,0,0,5,10,30,0,0,0,0
17878,44,1,379.45,14.59423076923077,4.68,47.2,63.24166666666667,Home Decor,171.1,Textiles,United Kingdom,401,0.16666666666666666,0,379.45,1,0,0,4,12,30,0,0,0,0
17879,174,1,178.51999999999998,29.75333333333333,1.16,129.35999999999999,29.75333333333333,Storage,129.35999999999999,Crockery,United Kingdom,45,0.16666666666666666,0,178.51999999999998,1,0,0,9,2,30,0,0,0,0
17883,3,3,544.99,4.430813008130081,0.21,51.0,90.83166666666666,Kitchen,322.85,Seasonal,United Kingdom,374,0.5,242,664.34,4,0,0,5,9,30,0,0,0,0
17884,4,1,104.53,4.751363636363636,0.65,14.75,17.421666666666667,Other,293.28,Bags,United Kingdom,817,0.16666666666666666,367,695.0699999999999,4,0,0,6,1,30,0,0,0,0
17886,32,1,491.57,8.624035087719298,0.39,118.8,81.92833333333333,Kitchen,264.98,Seasonal,United Kingdom,469,0.16666666666666666,217,869.28,3,0,0,5,9,30,0,0,0,0
17887,129,1,111.35,11.135,1.65,39.9,18.558333333333334,Other,39.9,Storage,United Kingdom,30,0.16666666666666666,0,111.35,1,0,0,6,11,30,0,0,0,0
17888,21,5,547.27,12.727209302325582,1.45,72.0,91.21166666666666,Stationery,224.0,Toys,United Kingdom,973,0.8333333333333334,335,716.0,8,0,0,8,13,30,0,0,0,0
17891,162,1,203.85999999999999,5.995882352941176,1.25,20.4,33.97666666666667,Stationery,121.08,Electronics,United Kingdom,393,0.16666666666666666,0,203.85999999999999,1,0,0,8,3,30,0,0,0,0
17892,56,3,244.1,8.717857142857143,0.85,91.8,40.68333333333333,Kitchen,109.9,Bags,United Kingdom,109,0.5,99,244.1,3,0,0,5,1,30,0,0,0,0
17894,72,2,251.96,5.1420408163265305,0.39,15.95,41.99333333333333,Home Decor,373.4,Accessories,United Kingdom,404,0.3333333333333333,294,1118.96,8,0,0,4,0,30,0,0,0,0
17895,44,1,95.45,6.363333333333333,1.56,15.0,15.908333333333333,Stationery,40.08,Storage,United Kingdom,127,0.16666666666666666,0,95.45,1,0,0,8,11,30,0,0,0,0
17896,23,1,256.32,128.16,103.67999999999999,152.64000000000001,42.72,Crockery,152.64000000000001,Home Decor,United Kingdom,288,0.16666666666666666,0,256.32,1,0,0,1,6,30,0,0,-1,0
17897,173,1,131.14,3.2784999999999997,0.42,14.95,21.856666666666666,Other,197.99,Toys,United Kingdom,222,0.16666666666666666,200,541.8100000000001,3,0,0,6,13,30,0,0,0,0
17898,85,1,52.22,6.5275,1.25,15.299999999999999,8.703333333333333,Home Decor,36.959999999999994,Kitchen,United Kingdom,190,0.16666666666666666,121,152.06,2,0,0,4,7,30,0,0,0,0
17899,159,1,154.55,4.985483870967743,0.42,17.4,25.758333333333336,Other,62.93,Home Decor,United Kingdom,170,0.16666666666666666,0,154.55,1,0,0,6,6,30,0,0,0,0
17901,29,1,110.38,5.809473684210526,0.39,16.95,18.396666666666665,Other,41.09,Storage,United Kingdom,24,0.16666666666666666,0,110.38,1,0,0,6,11,30,0,0,0,0
17904,21,1,181.07,5.325588235294117,0.85,29.849999999999998,30.17833333333333,Home Decor,54.809999999999995,Seasonal,United Kingdom,59,0.16666666666666666,0,181.07,1,0,0,4,9,30,0,0,0,0
17905,71,2,406.09000000000003,67.68166666666667,1.45,181.25,67.68166666666667,Stationery,350.1,Storage,United Kingdom,406,0.3333333333333333,302,798.99,4,0,0,8,11,30,0,0,0,0
17911,9,1,366.23,9.390512820512821,1.25,29.88,61.038333333333334,Kitchen,56.21,Storage,United Kingdom,223,0.16666666666666666,0,366.23,1,0,0,5,11,30,0,0,0,0
17913,59,1,190.6,7.059259259259259,0.85,33.199999999999996,31.766666666666666,Other,130.41,Textiles,United Kingdom,288,0.16666666666666666,296,408.65,2,0,0,6,12,30,0,0,0,0
17914,4,1,329.36,4.391466666666667,0.39,27.839999999999996,54.89333333333334,Home Decor,99.33,Kitchen,United Kingdom,457,0.16666666666666666,0,329.36,1,0,0,4,7,30,0,0,0,0
17917,45,1,108.32,3.8685714285714283,0.85,16.95,18.05333333333333,Other,98.06,Seasonal,United Kingdom,184,0.16666666666666666,317,335.03,3,0,0,6,9,30,0,0,0,0
17919,88,1,1304.04,56.697391304347825,10.08,238.79999999999998,217.34,Stationery,492.36,Bags,United Kingdom,756,0.16666666666666666,0,1304.04,1,0,0,8,1,30,0,0,0,0
17921,64,3,542.16,5.476363636363636,0.42,25.0,90.36,Home Decor,304.81,Garden & Outdoor,United Kingdom,425,0.5,202,820.23,4,0,0,4,5,30,0,0,0,0
17924,12,5,2460.3,87.86785714285715,21.0,367.20000000000005,410.05,Other,1221.0,Crockery,United Kingdom,1160,0.8333333333333334,361,2962.5,7,0,0,6,2,30,0,0,-1,0
17926,133,1,185.56,18.556,5.76,35.400000000000006,30.926666666666666,Other,199.3,Electronics,United Kingdom,306,0.16666666666666666,70,397.29,2,0,0,6,3,30,0,0,0,0
17928,45,1,134.28,22.38,3.75,71.4,22.38,Other,127.82000000000001,Toys,United Kingdom,140,0.16666666666666666,200,212.54,2,0,0,6,13,30,0,0,0,0
17929,11,2,408.0,204.0,136.0,272.0,68.0,Toys,408.0,Home Decor,United Kingdom,108,0.3333333333333333,297,843.0,4,0,0,11,6,30,0,0,-1,0
17930,36,4,1349.8799999999999,39.702352941176464,7.4399999999999995,201.6,224.98,Home Decor,1024.08,Storage,United Kingdom,1594,0.6666666666666666,203,1740.48,5,0,0,4,11,30,0,0,0,0
17931,134,1,111.16000000000001,7.410666666666668,0.55,69.96000000000001,18.526666666666667,Stationery,84.12,Furniture,United Kingdom,249,0.16666666666666666,121,408.36,2,0,0,8,4,30,0,0,0,0
17932,29,2,742.56,15.469999999999999,6.6000000000000005,22.5,123.75999999999999,Other,337.01,Toys,United Kingdom,789,0.3333333333333333,182,1331.57,3,0,0,6,13,30,0,0,0,0
17934,52,2,704.25,33.535714285714285,6.959999999999999,105.0,117.375,Storage,255.0,Home Decor,United Kingdom,478,0.3333333333333333,7,704.25,2,0,0,9,6,30,0,0,0,0
17935,138,2,145.79,5.027241379310345,0.55,20.1,24.298333333333332,Stationery,48.5,Crockery,United Kingdom,82,0.3333333333333333,3,145.79,2,0,0,8,2,30,0,0,0,0
17936,5,1,380.13,5.279583333333333,0.29,48.75,63.355,Other,66.46,Furniture,United Kingdom,257,0.16666666666666666,0,380.13,1,0,0,6,4,30,0,0,0,0
17937,9,3,973.74,69.55285714285715,30.0,122.04,162.29,Stationery,1033.98,Other,United Kingdom,1754,0.5,353,4301.22,7,0,0,8,8,30,0,0,-1,0
17939,160,1,99.14,8.261666666666667,0.39,25.200000000000003,16.523333333333333,Crockery,38.050000000000004,Other,United Kingdom,40,0.16666666666666666,0,99.14,1,0,0,1,8,30,0,0,0,0
17940,49,5,644.5,92.07142857142857,54.0,192.0,107.41666666666667,Other,3573.42,Home Decor,United Kingdom,9323,0.8333333333333334,253,4020.04,10,0,0,6,6,30,1,0,-1,1
17941,131,1,304.56,152.28,139.2,165.36,50.76,Other,165.36,Seasonal,United Kingdom,252,0.16666666666666666,0,304.56,1,0,0,6,9,30,0,0,-1,0
17942,8,1,77.50000000000001,38.75000000000001,1.9,75.60000000000001,12.91666666666667,Other,77.50000000000001,Other,United Kingdom,38,0.16666666666666666,0,77.50000000000001,1,0,0,6,8,30,0,0,0,0
17947,37,1,176.68,19.63111111111111,5.04,42.96,29.44666666666667,Storage,45.0,Kitchen,United Kingdom,168,0.16666666666666666,0,176.68,1,0,0,9,7,30,0,0,0,0
17948,147,1,358.56000000000006,358.56000000000006,358.56000000000006,358.56000000000006,59.76000000000001,Seasonal,358.56000000000006,Seasonal,United Kingdom,144,0.16666666666666666,0,358.56000000000006,1,0,0,7,9,30,0,0,-1,0
17950,72,1,219.03,6.8446875,0.21,37.5,36.505,Kitchen,87.80000000000001,Seasonal,United Kingdom,366,0.16666666666666666,293,482.2,3,0,0,5,9,30,0,0,0,0
17951,40,1,599.0400000000001,54.45818181818183,6.959999999999999,177.60000000000002,99.84000000000002,Home Decor,414.36000000000007,Seasonal,United Kingdom,616,0.16666666666666666,333,1008.5400000000001,3,0,0,4,9,30,0,0,0,0
17954,5,4,797.69,4.069846938775511,0.39,19.8,132.94833333333335,Other,554.96,Accessories,United Kingdom,2221,0.6666666666666666,365,2314.13,12,1,0,6,0,30,0,0,2,0
17957,66,1,111.68,3.6025806451612907,0.42,10.5,18.613333333333333,Home Decor,24.48,Kitchen,United Kingdom,287,0.16666666666666666,0,111.68,1,0,0,4,7,30,0,0,0,0
17958,117,1,508.4599999999999,72.63714285714285,4.16,372.29999999999995,84.74333333333333,Other,372.29999999999995,Bags,United Kingdom,84,0.16666666666666666,0,508.4599999999999,1,0,0,6,1,30,0,0,0,0
17964,32,1,201.45,3.1976190476190474,0.42,16.95,33.574999999999996,Stationery,94.42999999999999,Bags,United Kingdom,294,0.16666666666666666,340,463.21,2,0,0,8,1,30,0,0,0,0
17965,38,8,1275.41,7.288057142857143,0.42,25.0,212.56833333333336,Electronics,473.2,Garden & Outdoor,United Kingdom,1532,1.3333333333333333,331,2599.19,14,1,1,2,5,30,1,1,1,1
17966,38,3,814.93,14.552321428571428,0.78,72.0,135.82166666666666,Stationery,721.45,Textiles,United Kingdom,2571,0.5,223,1098.43,5,0,0,8,12,30,0,0,0,0
17969,166,1,103.0,14.714285714285714,0.95,30.0,17.166666666666668,Other,139.75,Bags,United Kingdom,152,0.16666666666666666,194,228.2,2,0,0,6,1,30,0,0,0,0
17973,52,1,337.04,22.469333333333335,5.76,49.800000000000004,56.17333333333334,Storage,135.0,Seasonal,United Kingdom,176,0.16666666666666666,0,337.04,1,0,0,9,9,30,0,0,0,0
17974,25,2,539.92,3.6980821917808218,0.24,19.9,89.98666666666666,Home Decor,198.01,Accessories,United Kingdom,500,0.3333333333333333,194,703.99,3,0,0,4,0,30,0,0,0,0
17975,15,6,1703.09,11.353933333333332,0.55,98.10000000000001,283.8483333333333,Home Decor,1972.4,Seasonal,United Kingdom,1565,1.0,351,4483.26,13,1,0,4,9,30,1,0,2,1
17977,29,1,288.14,13.72095238095238,2.34,79.8,48.02333333333333,Other,113.61999999999999,Textiles,United Kingdom,342,0.16666666666666666,0,288.14,1,0,0,6,12,30,0,0,0,0
17979,36,2,500.74,6.106585365853658,0.39,54.08,83.45666666666666,Other,155.64,Furniture,United Kingdom,383,0.3333333333333333,224,732.41,4,0,0,6,4,30,0,0,0,0
17980,166,1,248.7,62.175,37.5,127.2,41.449999999999996,Electronics,488.85,Seasonal,United Kingdom,682,0.16666666666666666,193,811.45,3,0,0,2,9,30,0,0,0,0
17984,145,1,152.68,3.1808333333333336,0.42,15.8,25.44666666666667,Other,36.97,Storage,United Kingdom,98,0.16666666666666666,0,152.68,1,0,0,6,11,30,0,0,0,0
17985,22,1,631.35,30.064285714285717,1.7999999999999998,69.5,105.22500000000001,Other,386.0,Toys,United Kingdom,171,0.16666666666666666,0,631.35,1,0,0,6,13,30,0,0,0,0
17988,12,6,136.13,5.4452,1.66,14.95,22.688333333333333,Other,78.72,Furniture,United Kingdom,43,1.0,314,201.12,7,0,0,6,4,30,0,0,0,0
17994,122,1,120.71000000000001,24.142000000000003,7.8,75.0,20.118333333333336,Other,186.62,Seasonal,United Kingdom,495,0.16666666666666666,169,674.89,4,0,0,6,9,30,0,0,0,0
17997,74,8,1962.46,11.966219512195122,0.29,97.80000000000001,327.07666666666665,Crockery,520.49,Textiles,United Kingdom,2273,1.3333333333333333,89,1962.46,8,0,1,1,12,30,1,1,-1,1
17999,37,1,190.05,3.5858490566037737,0.39,19.8,31.675,Other,91.06,Toys,United Kingdom,219,0.16666666666666666,329,380.39,2,0,0,6,13,30,0,0,0,0
18001,12,2,415.13,7.282982456140351,0.55,40.56,69.18833333333333,Stationery,97.28,Textiles,United Kingdom,362,0.3333333333333333,74,415.13,2,0,0,8,12,30,0,0,0,0
18005,4,2,226.47,4.273018867924528,0.38,25.5,37.745,Other,50.83,Seasonal,United Kingdom,86,0.3333333333333333,43,226.47,2,0,0,6,9,30,0,0,0,0
18006,23,1,444.68,20.212727272727275,1.95,100.0,74.11333333333333,Kitchen,144.75,Toys,United Kingdom,220,0.16666666666666666,0,444.68,1,0,0,5,13,30,0,0,0,0
18008,70,2,50.78,16.926666666666666,0.84,42.5,8.463333333333333,Storage,977.75,Stationery,United Kingdom,1581,0.3333333333333333,248,2116.19,9,0,0,9,10,30,0,0,0,0
18013,155,2,187.29,6.041612903225806,0.95,23.400000000000002,31.215,Other,80.61,Textiles,United Kingdom,285,0.3333333333333333,0,187.29,2,0,0,6,12,30,0,0,0,0
18014,28,1,162.22,5.407333333333333,1.25,27.04,27.036666666666665,Other,68.49,Furniture,United Kingdom,66,0.16666666666666666,0,162.22,1,0,0,6,4,30,0,0,0,0
18016,32,2,994.8,15.304615384615383,1.9,42.5,165.79999999999998,Home Decor,362.26,Accessories,United Kingdom,1027,0.3333333333333333,331,1477.66,5,0,0,4,0,30,0,0,0,0
18017,81,2,358.0,179.0,179.0,179.0,59.666666666666664,Kitchen,523.0,Kitchen,United Kingdom,300,0.3333333333333333,229,523.0,3,0,0,5,7,30,0,0,-1,0
18018,108,1,84.69,3.1366666666666667,0.42,12.75,14.115,Other,55.19,Seasonal,United Kingdom,55,0.16666666666666666,91,122.14,2,0,0,6,9,30,0,0,0,0
18022,36,1,612.72,3.73609756097561,0.3,27.839999999999996,102.12,Other,157.89,Accessories,United Kingdom,703,0.16666666666666666,0,612.72,1,0,0,6,0,30,0,0,0,0
18024,153,2,389.78,18.56095238095238,0.39,153.0,64.96333333333332,Storage,243.0,Electronics,United Kingdom,184,0.3333333333333333,0,389.78,2,0,0,9,3,30,0,0,0,0
18027,99,1,115.31,5.490952380952381,0.85,15.299999999999999,19.218333333333334,Bags,29.75,Other,United Kingdom,78,0.16666666666666666,0,115.31,1,0,0,0,8,30,0,0,0,0
18030,4,2,230.64999999999998,25.627777777777776,2.5,88.5,38.44166666666666,Crockery,88.5,Toys,United Kingdom,67,0.3333333333333333,38,230.64999999999998,2,0,0,1,13,30,0,0,0,0
18034,22,2,418.68,3.8061818181818183,0.39,31.200000000000003,69.78,Home Decor,162.95,Toys,United Kingdom,559,0.3333333333333333,0,418.68,2,0,0,4,13,30,0,0,0,0
18035,36,3,713.89,14.569183673469388,0.39,78.0,118.98166666666667,Stationery,239.07999999999998,Seasonal,United Kingdom,584,0.5,7,713.89,3,0,0,8,9,30,0,0,0,0
18036,32,2,293.17,5.330363636363637,1.25,30.599999999999998,48.86166666666667,Electronics,100.6,Seasonal,United Kingdom,232,0.3333333333333333,213,403.12,3,0,0,2,9,30,0,0,0,0
18040,19,1,118.2,16.885714285714286,8.5,20.8,19.7,Bags,91.7,Home Decor,United Kingdom,148,0.16666666666666666,226,357.20000000000005,2,0,0,0,6,30,0,0,0,0
18041,12,7,1440.76,6.82824644549763,0.21,76.5,240.12666666666667,Kitchen,1316.08,Accessories,United Kingdom,3758,1.1666666666666667,361,4097.37,21,1,1,5,0,30,1,1,1,1
18042,54,1,165.04999999999998,23.578571428571426,7.5,71.69999999999999,27.50833333333333,Stationery,108.94999999999999,Kitchen,United Kingdom,33,0.16666666666666666,0,165.04999999999998,1,0,0,8,7,30,0,0,0,0
18043,25,1,107.7,4.8954545454545455,0.85,23.9,17.95,Other,161.2,Furniture,United Kingdom,265,0.16666666666666666,342,529.29,3,0,0,6,4,30,0,0,0,0
18044,4,4,1205.39,18.83421875,5.04,76.5,200.89833333333334,Crockery,456.59000000000003,Accessories,United Kingdom,1033,0.6666666666666666,356,2088.6,10,0,0,1,0,30,0,0,0,0
18045,45,1,178.34,4.147441860465117,0.29,10.5,29.723333333333333,Kitchen,36.9,Accessories,United Kingdom,138,0.16666666666666666,0,178.34,1,0,0,5,0,30,0,0,0,0
18053,71,1,300.02,15.001,7.539999999999999,35.400000000000006,50.00333333333333,Home Decor,92.13999999999999,Other,United Kingdom,302,0.16666666666666666,0,300.02,1,0,0,4,8,30,0,0,0,0
18055,7,4,3398.81,16.499077669902913,0.85,74.25,566.4683333333334,Home Decor,1648.43,Accessories,United Kingdom,2452,0.6666666666666666,362,6761.34,10,0,0,4,0,30,1,0,0,1
18058,10,1,170.16,56.72,6.959999999999999,81.6,28.36,Electronics,163.2,Home Decor,United Kingdom,88,0.16666666666666666,0,170.16,1,0,0,2,6,30,0,0,0,0
18059,23,3,306.46,17.025555555555556,9.120000000000001,53.1,51.07666666666666,Kitchen,61.4,Home Decor,United Kingdom,258,0.5,44,306.46,3,0,0,5,6,30,0,0,0,0
18061,22,4,781.04,45.9435294117647,15.0,141.6,130.17333333333332,Textiles,699.3,Storage,United Kingdom,955,0.6666666666666666,344,2119.41,10,0,0,10,11,30,0,0,0,0
18062,173,1,234.6,33.51428571428571,16.5,49.5,39.1,Electronics,231.0,Crockery,United Kingdom,396,0.16666666666666666,164,720.52,3,0,0,2,2,30,0,0,0,0
18064,133,1,406.0,81.2,15.0,179.0,67.66666666666667,Bags,374.5,Home Decor,United Kingdom,384,0.16666666666666666,102,814.0,2,0,0,0,6,30,0,0,0,0
18065,6,6,980.6800000000001,18.160740740740742,8.4,35.7,163.4466666666667,Home Decor,511.89,Seasonal,United Kingdom,1027,1.0,358,2392.83,14,1,0,4,9,30,0,0,2,0
18066,75,1,318.0,31.8,15.0,70.80000000000001,53.0,Stationery,160.8,Other,United Kingdom,108,0.16666666666666666,0,318.0,1,0,0,8,8,30,0,0,0,0
18067,40,1,396.33,10.711621621621621,0.85,39.8,66.05499999999999,Home Decor,152.4,Bags,United Kingdom,189,0.16666666666666666,0,396.33,1,0,0,4,1,30,0,0,0,0
18069,26,3,1335.23,4.7857706093189964,0.38,34.5,222.53833333333333,Home Decor,464.38,Garden & Outdoor,United Kingdom,1296,0.5,301,2009.24,5,0,0,4,5,30,0,0,0,0
18073,114,9,3355.5800000000004,52.430937500000006,7.800000000000001,305.28000000000003,559.2633333333334,Electronics,3079.04,Home Decor,United Kingdom,3102,1.5,82,3859.82,12,0,1,2,6,30,1,1,-1,1
18075,23,4,1341.03,18.122027027027027,4.5600000000000005,70.80000000000001,223.505,Home Decor,1014.3000000000001,Toys,United Kingdom,1464,0.6666666666666666,337,2611.75,10,0,0,4,13,30,0,0,0,0
18077,8,7,1705.03,12.178785714285715,0.83,85.92,284.1716666666667,Crockery,668.41,Toys,United Kingdom,1839,1.1666666666666667,358,2584.41,11,1,1,1,13,30,1,1,-1,1
18079,45,3,2000.32,21.279999999999998,0.85,177.60000000000002,333.38666666666666,Stationery,2057.73,Crockery,United Kingdom,7347,0.5,193,3613.15,4,0,0,8,2,30,0,0,-1,0
18081,36,3,343.45,20.20294117647059,9.36,31.6,57.24166666666667,Kitchen,154.95000000000002,Home Decor,United Kingdom,195,0.5,97,343.45,3,0,0,5,6,30,0,0,0,0
18082,26,1,680.84,9.726285714285714,0.42,30.0,113.47333333333334,Storage,180.1,Seasonal,United Kingdom,608,0.16666666666666666,0,680.84,1,0,0,9,9,30,0,0,0,0
18084,16,1,90.47999999999999,90.47999999999999,90.47999999999999,90.47999999999999,15.079999999999998,Seasonal,90.47999999999999,Seasonal,United Kingdom,312,0.16666666666666666,0,90.47999999999999,1,0,0,7,9,30,0,0,-1,0
18088,61,1,166.03,4.487297297297298,0.19,17.700000000000003,27.671666666666667,Kitchen,48.67,Seasonal,United Kingdom,107,0.16666666666666666,0,166.03,1,0,0,5,9,30,0,0,0,0
18092,2,4,4398.22,87.96440000000001,15.299999999999999,390.0,733.0366666666667,Crockery,3389.5,Electronics,United Kingdom,4252,0.6666666666666666,363,9068.26,11,1,0,1,3,30,1,0,-1,1
18093,93,2,989.0,76.07692307692308,10.44,183.6,164.83333333333334,Crockery,680.4000000000001,Textiles,United Kingdom,1392,0.3333333333333333,209,2106.52,4,0,0,1,12,30,0,0,0,0
18094,82,4,1240.1000000000001,38.753125000000004,6.6000000000000005,102.0,206.68333333333337,Home Decor,1097.1000000000001,Textiles,United Kingdom,2518,0.6666666666666666,210,3017.3,7,0,0,4,12,30,0,0,0,0
18096,12,3,849.06,4.331938775510204,0.29,39.599999999999994,141.51,Home Decor,290.08,Bags,United Kingdom,788,0.5,52,849.06,3,0,0,4,1,30,0,0,0,0
18097,8,3,1205.8400000000001,24.1168,5.04,108.48,200.97333333333336,Home Decor,713.5,Bags,United Kingdom,1662,0.5,346,2662.4,6,0,0,4,1,30,0,0,0,0
18099,127,1,168.31,8.858421052631579,2.2,24.96,28.051666666666666,Storage,63.39999999999999,Home Decor,United Kingdom,149,0.16666666666666666,0,168.31,1,0,0,9,6,30,0,0,0,0
18101,11,2,222.4,5.5600000000000005,0.83,29.849999999999998,37.06666666666667,Home Decor,78.12,Bags,United Kingdom,87,0.3333333333333333,132,222.4,2,0,0,4,1,30,0,0,0,0
18104,37,1,754.64,19.858947368421052,6.959999999999999,35.7,125.77333333333333,Home Decor,214.59,Other,United Kingdom,362,0.16666666666666666,0,754.64,1,0,0,4,8,30,0,0,0,0
18105,38,1,113.48000000000002,6.304444444444446,0.75,35.400000000000006,18.913333333333338,Home Decor,70.80000000000001,Electronics,United Kingdom,46,0.16666666666666666,0,113.48000000000002,1,0,0,4,3,30,0,0,0,0
18109,2,14,5115.91,22.24308695652174,0.55,240.89999999999998,852.6516666666666,Home Decor,4292.03,Bags,United Kingdom,4230,2.3333333333333335,368,8004.92,26,1,1,4,1,30,1,1,-1,1
18110,20,1,198.8,5.372972972972973,0.95,19.8,33.13333333333333,Toys,51.55,Textiles,United Kingdom,72,0.16666666666666666,0,198.8,1,0,0,11,12,30,0,0,0,0
18112,12,2,352.69,13.565,0.85,31.25,58.781666666666666,Kitchen,101.55,Stationery,United Kingdom,255,0.3333333333333333,154,352.69,2,0,0,5,10,30,0,0,0,0
18116,68,1,163.56,4.543333333333333,0.42,44.46,27.26,Kitchen,270.08,Seasonal,United Kingdom,837,0.16666666666666666,296,1403.1100000000001,8,0,0,5,9,30,0,0,0,0
18117,26,1,315.65,4.384027777777778,0.39,28.080000000000002,52.60833333333333,Home Decor,119.18,Storage,United Kingdom,605,0.16666666666666666,0,315.65,1,0,0,4,11,30,0,0,0,0
18118,11,11,2121.7400000000002,4.243480000000001,0.29,72.0,353.6233333333334,Kitchen,1561.97,Garden & Outdoor,United Kingdom,2865,1.8333333333333333,358,5625.08,26,1,1,5,5,30,1,1,1,1
18121,149,2,653.3,21.074193548387097,1.25,50.0,108.88333333333333,Home Decor,301.65999999999997,Other,United Kingdom,438,0.3333333333333333,5,653.3,2,0,0,4,8,30,0,0,0,0
18122,8,6,1793.06,5.022577030812325,0.39,39.95,298.8433333333333,Home Decor,547.33,Crockery,United Kingdom,1225,1.0,142,1793.06,6,0,0,4,2,30,0,0,0,0
18123,24,2,574.4399999999999,16.895294117647058,6.24,81.6,95.74,Other,331.44,Stationery,United Kingdom,582,0.3333333333333333,7,574.4399999999999,2,0,0,6,10,30,0,0,0,0
18125,30,1,197.85,8.24375,2.5,20.4,32.975,Home Decor,317.46,Furniture,United Kingdom,800,0.16666666666666666,286,1131.75,4,0,0,4,4,30,0,0,0,0
18126,61,1,200.92000000000002,3.863846153846154,0.4,30.0,33.48666666666667,Home Decor,89.42,Stationery,United Kingdom,135,0.16666666666666666,0,200.92000000000002,1,0,0,4,10,30,0,0,0,0
18127,19,3,347.08,7.545217391304347,0.39,25.5,57.846666666666664,Home Decor,150.77,Stationery,United Kingdom,187,0.5,114,347.08,3,0,0,4,10,30,0,0,0,0
18130,15,3,1059.39,15.134142857142859,6.959999999999999,30.0,176.56500000000003,Home Decor,380.9,Furniture,United Kingdom,824,0.5,41,1059.39,3,0,0,4,4,30,0,0,0,0
18135,29,4,572.09,57.209,1.65,171.84,95.34833333333334,Home Decor,511.89000000000004,Other,United Kingdom,349,0.6666666666666666,161,681.9100000000001,5,0,0,4,8,30,0,0,0,0
18136,63,1,183.48000000000002,30.580000000000002,14.879999999999999,59.400000000000006,30.580000000000002,Storage,266.0,Stationery,United Kingdom,379,0.16666666666666666,256,784.33,3,0,0,9,10,30,0,0,0,0
18139,18,6,8438.34,53.07132075471698,10.5,622.5,1406.39,Kitchen,4170.36,Crockery,United Kingdom,5557,1.0,0,8438.34,6,0,0,5,2,30,1,0,-1,1
18142,157,1,737.04,122.83999999999999,60.0,254.4,122.83999999999999,Other,416.16,Textiles,United Kingdom,1276,0.16666666666666666,58,1019.52,2,0,0,6,12,30,0,0,-1,0
18143,117,2,1000.16,16.396065573770493,6.959999999999999,35.400000000000006,166.69333333333333,Kitchen,255.01000000000002,Toys,United Kingdom,570,0.3333333333333333,25,1000.16,2,0,0,5,13,30,0,0,0,0
18144,8,5,1283.1,80.19375,7.5,232.0,213.85,Home Decor,1516.6,Seasonal,United Kingdom,1343,0.8333333333333334,365,2888.75,12,1,0,4,9,30,1,0,2,1
18145,13,2,1837.77,11.933571428571428,1.25,45.0,306.295,Kitchen,862.11,Furniture,United Kingdom,2625,0.3333333333333333,299,2861.55,4,0,0,5,4,30,0,0,0,0
18146,141,1,83.7,13.950000000000001,13.200000000000001,17.700000000000003,13.950000000000001,Kitchen,89.4,Crockery,United Kingdom,153,0.16666666666666666,79,160.35000000000002,2,0,0,5,2,30,0,0,0,0
18147,46,2,179.33999999999997,25.619999999999997,9.36,39.599999999999994,29.889999999999997,Kitchen,70.86,Other,United Kingdom,203,0.3333333333333333,62,179.33999999999997,2,0,0,5,8,30,0,0,0,0
18149,51,1,62.400000000000006,31.200000000000003,31.200000000000003,31.200000000000003,10.4,Home Decor,327.88,Storage,United Kingdom,310,0.16666666666666666,222,612.0799999999999,3,0,0,4,11,30,0,0,0,0
18150,32,2,339.0,14.73913043478261,10.2,17.700000000000003,56.5,Toys,213.9,Crockery,United Kingdom,332,0.3333333333333333,169,566.58,3,0,0,11,2,30,0,0,0,0
18151,135,1,340.8,16.228571428571428,12.48,23.4,56.800000000000004,Other,177.65,Crockery,United Kingdom,355,0.16666666666666666,155,653.35,2,0,0,6,2,30,0,0,0,0
18154,3,2,399.19,19.009047619047617,10.2,34.68,66.53166666666667,Kitchen,138.0,Stationery,United Kingdom,255,0.3333333333333333,40,399.19,2,0,0,5,10,30,0,0,0,0
18155,75,2,257.69,15.158235294117647,9.899999999999999,22.5,42.94833333333333,Home Decor,127.12,Other,United Kingdom,266,0.3333333333333333,216,371.62,3,0,0,4,8,30,0,0,0,0
18156,13,1,488.76,6.788333333333333,0.55,25.5,81.46,Kitchen,223.66,Bags,United Kingdom,283,0.16666666666666666,356,675.64,2,0,0,5,1,30,0,0,0,0
18158,9,2,453.4,13.335294117647058,8.5,23.6,75.56666666666666,Bags,209.3,Crockery,United Kingdom,354,0.3333333333333333,79,453.4,2,0,0,0,2,30,0,0,0,0
18160,57,1,319.51,15.9755,9.959999999999999,25.200000000000003,53.251666666666665,Home Decor,328.15000000000003,Other,United Kingdom,294,0.16666666666666666,143,638.0600000000001,2,0,0,4,8,30,0,0,0,0
18161,15,3,1072.3700000000001,20.233396226415095,6.959999999999999,63.75,178.72833333333335,Kitchen,473.7,Seasonal,United Kingdom,812,0.5,304,1618.69,5,0,0,5,9,30,0,0,0,0
18164,37,1,399.65000000000003,16.652083333333334,8.7,24.96,66.60833333333333,Kitchen,147.56,Other,United Kingdom,184,0.16666666666666666,0,399.65000000000003,1,0,0,5,8,30,0,0,0,0
18167,23,3,1384.8600000000001,37.428648648648654,11.100000000000001,65.69999999999999,230.81000000000003,Toys,514.2,Textiles,United Kingdom,382,0.5,82,1384.8600000000001,3,0,0,11,12,30,0,0,0,0
18169,61,1,202.65,22.516666666666666,2.2,51.0,33.775,Home Decor,143.85000000000002,Other,United Kingdom,61,0.16666666666666666,0,202.65,1,0,0,4,8,30,0,0,0,0
18170,33,2,676.1,25.04074074074074,10.2,102.0,112.68333333333334,Home Decor,612.59,Kitchen,United Kingdom,409,0.3333333333333333,183,980.31,3,0,0,4,7,30,0,0,0,0
18171,59,3,766.72,28.397037037037038,14.040000000000001,81.12,127.78666666666668,Home Decor,500.99,Crockery,United Kingdom,481,0.5,274,1231.31,5,0,0,4,2,30,0,0,0,0
18172,15,13,3841.52,40.01583333333333,12.48,326.4,640.2533333333333,Electronics,2634.9,Crockery,United Kingdom,3184,2.1666666666666665,275,7561.68,20,1,1,2,2,30,1,1,-1,1
18173,87,1,378.0,63.0,35.400000000000006,107.28,63.0,Home Decor,839.16,Kitchen,United Kingdom,1220,0.16666666666666666,187,2106.84,4,0,0,4,7,30,0,0,0,0
18174,7,1,104.0,104.0,104.0,104.0,17.333333333333332,Kitchen,104.0,Kitchen,United Kingdom,50,0.16666666666666666,0,104.0,1,0,0,5,7,30,0,0,-1,0
18177,31,2,627.77,20.250645161290322,6.72,41.6,104.62833333333333,Bags,921.6,Electronics,United Kingdom,709,0.3333333333333333,224,1340.8700000000001,6,0,0,0,3,30,0,0,0,0
18178,129,1,490.87,16.92655172413793,10.0,33.0,81.81166666666667,Home Decor,340.82,Stationery,United Kingdom,983,0.16666666666666666,235,1590.81,4,0,0,4,10,30,0,0,0,0
18179,9,2,690.01,19.166944444444443,8.2,60.48,115.00166666666667,Kitchen,536.25,Toys,United Kingdom,1360,0.3333333333333333,327,1793.17,6,0,0,5,13,30,0,0,0,0
18180,5,6,1843.75,15.493697478991596,4.68,38.25,307.2916666666667,Other,399.0,Furniture,United Kingdom,1721,1.0,137,1843.75,6,0,0,6,4,30,0,0,0,0
18181,24,1,366.85,8.947560975609756,1.65,25.200000000000003,61.14166666666667,Other,80.06,Bags,United Kingdom,133,0.16666666666666666,0,366.85,1,0,0,6,1,30,0,0,0,0
18188,15,2,1574.44,28.62618181818182,8.4,252.0,262.4066666666667,Electronics,551.12,Home Decor,United Kingdom,1168,0.3333333333333333,275,2001.04,3,0,0,2,6,30,0,0,0,0
18189,78,1,457.14,16.326428571428572,9.899999999999999,25.200000000000003,76.19,Kitchen,245.3,Furniture,United Kingdom,566,0.16666666666666666,190,1090.24,2,0,0,5,4,30,0,0,0,0
18192,72,1,957.97,21.288222222222224,13.0,102.0,159.66166666666666,Kitchen,181.55,Other,United Kingdom,339,0.16666666666666666,0,957.97,1,0,0,5,8,30,0,0,0,0
18193,165,1,243.76,15.235,1.68,22.5,40.626666666666665,Kitchen,66.45,Storage,United Kingdom,124,0.16666666666666666,0,243.76,1,0,0,5,11,30,0,0,0,0
18194,82,1,973.8399999999999,139.11999999999998,26.0,208.79999999999998,162.30666666666664,Home Decor,524.0,Other,United Kingdom,632,0.16666666666666666,0,973.8399999999999,1,0,0,4,8,30,0,0,0,0
18196,95,1,235.85,3.8663934426229507,0.39,20.75,39.30833333333333,Home Decor,204.66,Toys,United Kingdom,431,0.16666666666666666,195,686.63,2,0,0,4,13,30,0,0,0,0
18198,4,6,1924.77,27.496714285714287,7.800000000000001,203.52,320.795,Electronics,2836.34,Bags,United Kingdom,4074,1.0,332,5425.56,17,1,0,2,1,30,1,0,-1,1
18200,106,1,150.35,5.011666666666667,0.38,15.0,25.058333333333334,Crockery,48.92,Textiles,United Kingdom,104,0.16666666666666666,0,150.35,1,0,0,1,12,30,0,0,0,0
18203,157,1,160.42000000000002,8.443157894736842,1.17,54.0,26.736666666666668,Home Decor,73.4,Crockery,United Kingdom,43,0.16666666666666666,0,160.42000000000002,1,0,0,4,2,30,0,0,0,0
18204,71,2,1434.37,13.79201923076923,1.25,69.36,239.06166666666664,Other,518.1,Accessories,United Kingdom,1190,0.3333333333333333,121,1975.35,3,0,0,6,0,30,0,0,0,0
18205,36,2,517.36,16.1675,5.04,39.599999999999994,86.22666666666667,Kitchen,152.03,Bags,United Kingdom,192,0.3333333333333333,38,517.36,2,0,0,5,1,30,0,0,0,0
18209,29,1,139.10000000000002,17.387500000000003,13.5,25.200000000000003,23.183333333333337,Storage,34.85,Bags,United Kingdom,58,0.16666666666666666,0,139.10000000000002,1,0,0,9,1,30,0,0,0,0
18210,2,5,2478.98,19.216899224806202,4.68,75.60000000000001,413.16333333333336,Home Decor,570.5,Accessories,United Kingdom,1398,0.8333333333333334,265,2621.38,6,0,0,4,0,30,0,0,0,0
18211,26,4,462.17,13.593235294117648,1.95,47.7,77.02833333333334,Home Decor,233.75,Stationery,United Kingdom,359,0.6666666666666666,252,600.07,5,0,0,4,10,30,0,0,0,0
18215,89,1,299.34000000000003,23.02615384615385,11.7,50.400000000000006,49.89000000000001,Home Decor,156.24,Storage,United Kingdom,118,0.16666666666666666,0,299.34000000000003,1,0,0,4,11,30,0,0,0,0
18216,31,1,481.75,18.528846153846153,6.8,30.0,80.29166666666667,Home Decor,273.25,Stationery,United Kingdom,200,0.16666666666666666,0,481.75,1,0,0,4,10,30,0,0,0,0
18217,29,2,621.75,20.056451612903224,4.2,46.48,103.625,Kitchen,421.68,Other,United Kingdom,491,0.3333333333333333,41,621.75,2,0,0,5,8,30,0,0,0,0
18219,3,5,1157.46,19.291,8.2,50.0,192.91,Home Decor,692.84,Garden & Outdoor,United Kingdom,885,0.8333333333333334,366,2069.77,10,0,0,4,5,30,0,0,0,0
18221,22,3,504.6,14.841176470588236,7.800000000000001,34.8,84.10000000000001,Kitchen,314.7,Bags,United Kingdom,791,0.5,189,1041.61,5,0,0,5,1,30,0,0,0,0
18222,93,1,443.0,23.31578947368421,10.5,51.0,73.83333333333333,Home Decor,168.52,Stationery,United Kingdom,335,0.16666666666666666,0,443.0,1,0,0,4,10,30,0,0,0,0
18223,5,7,3727.06,27.204817518248174,5.04,177.60000000000002,621.1766666666666,Home Decor,1779.15,Seasonal,United Kingdom,2948,1.1666666666666667,353,6484.54,14,1,1,4,9,30,1,1,1,1
18225,3,7,3836.89,22.051091954022986,2.08,138.72,639.4816666666667,Kitchen,1308.0,Seasonal,United Kingdom,3242,1.1666666666666667,361,5504.96,12,1,1,5,9,30,1,1,1,1
18226,44,5,2627.71,20.36984496124031,1.45,99.60000000000001,437.95166666666665,Home Decor,1071.6,Seasonal,United Kingdom,3466,0.8333333333333334,293,5228.05,11,1,0,4,9,30,1,0,2,1
18228,57,2,779.9,25.996666666666666,12.5,83.4,129.98333333333332,Home Decor,212.08,Furniture,United Kingdom,238,0.3333333333333333,22,779.9,2,0,0,4,4,30,0,0,0,0
18229,12,11,4067.0,39.48543689320388,15.0,145.0,677.8333333333334,Other,1897.1599999999999,Storage,United Kingdom,2488,1.8333333333333333,361,7276.900000000001,20,1,1,6,11,30,1,1,-1,1
18230,9,4,1555.9,39.8948717948718,6.6000000000000005,162.72,259.31666666666666,Home Decor,1916.5800000000002,Crockery,United Kingdom,1316,0.6666666666666666,293,2810.2000000000003,7,0,0,4,2,30,0,0,0,0
18232,82,2,221.99,17.076153846153847,10.14,35.400000000000006,36.998333333333335,Kitchen,177.65,Toys,United Kingdom,302,0.3333333333333333,115,592.97,4,0,0,5,13,30,0,0,0,0
18235,72,2,1366.02,18.2136,5.04,67.8,227.67,Stationery,364.59000000000003,Crockery,United Kingdom,1578,0.3333333333333333,145,1796.48,3,0,0,8,2,30,0,0,0,0
18236,30,4,577.74,18.636774193548387,6.8,44.550000000000004,96.29,Kitchen,226.35000000000002,Crockery,United Kingdom,403,0.6666666666666666,210,882.24,6,0,0,5,2,30,0,0,0,0
18237,3,5,987.1,16.181967213114753,8.7,34.8,164.51666666666668,Other,340.83,Storage,United Kingdom,622,0.8333333333333334,131,987.1,5,0,0,6,11,30,0,0,0,0
18240,46,1,422.58,70.42999999999999,2.88,297.0,70.42999999999999,Other,406.98,Stationery,United Kingdom,126,0.16666666666666666,0,422.58,1,0,0,6,10,30,0,0,0,0
18241,10,16,1707.26,21.34075,10.2,59.400000000000006,284.54333333333335,Kitchen,801.23,Furniture,United Kingdom,1051,2.6666666666666665,208,2073.09,17,1,1,5,4,30,1,1,-1,1
18242,72,2,1538.41,29.584807692307695,6.64,207.50000000000003,256.4016666666667,Kitchen,614.9300000000001,Seasonal,United Kingdom,1017,0.3333333333333333,141,2232.4900000000002,4,0,0,5,9,30,0,0,0,0
18245,7,3,1260.77,15.19,5.04,30.599999999999998,210.12833333333333,Kitchen,792.64,Toys,United Kingdom,1788,0.5,347,2567.06,7,0,0,5,13,30,0,0,0,0
18246,24,1,363.2,181.6,159.2,204.0,60.53333333333333,Stationery,233.5,Home Decor,United Kingdom,166,0.16666666666666666,209,596.1,2,0,0,8,6,30,0,0,-1,0
18248,123,1,307.56,16.187368421052632,10.5,29.700000000000003,51.26,Kitchen,306.73,Stationery,United Kingdom,511,0.16666666666666666,63,804.02,2,0,0,5,10,30,0,0,0,0
18249,17,1,95.34,11.9175,6.84,15.0,15.89,Electronics,34.32,Other,United Kingdom,128,0.16666666666666666,0,95.34,1,0,0,2,8,30,0,0,0,0
18251,87,1,4314.72,269.67,138.24,696.0,719.12,Kitchen,2956.8,Seasonal,United Kingdom,7824,0.16666666666666666,0,4314.72,1,0,0,5,9,30,1,0,-1,1
18252,51,2,518.27,5.5135106382978725,0.29,39.9,86.37833333333333,Home Decor,145.67,Furniture,United Kingdom,234,0.3333333333333333,121,518.27,2,0,0,4,4,30,0,0,0,0
18255,89,1,103.3,17.216666666666665,9.899999999999999,30.0,17.216666666666665,Electronics,88.0,Kitchen,United Kingdom,74,0.16666666666666666,0,103.3,1,0,0,2,7,30,0,0,0,0
18257,39,5,1616.43,19.016823529411766,10.2,104.0,269.40500000000003,Bags,615.5,Seasonal,United Kingdom,1041,0.8333333333333334,256,2337.63,8,0,0,0,9,30,0,0,0,0
18259,25,2,1962.3000000000002,56.06571428571429,15.0,135.0,327.05,Storage,1455.3000000000002,Other,United Kingdom,714,0.3333333333333333,341,2338.6000000000004,3,0,0,9,8,30,0,0,0,0
18260,173,1,427.13,18.57086956521739,10.08,44.550000000000004,71.18833333333333,Kitchen,644.33,Bags,United Kingdom,1475,0.16666666666666666,185,2628.35,6,0,0,5,1,30,0,0,0,0
18261,43,2,324.24,15.440000000000001,9.95,19.799999999999997,54.04,Toys,113.1,Other,United Kingdom,146,0.3333333333333333,52,324.24,2,0,0,11,8,30,0,0,0,0
18262,140,1,149.48,11.498461538461537,2.88,17.4,24.91333333333333,Kitchen,98.58,Crockery,United Kingdom,182,0.16666666666666666,0,149.48,1,0,0,5,2,30,0,0,0,0
18263,26,2,905.56,19.686086956521738,3.8,41.6,150.92666666666665,Other,240.35999999999999,Furniture,United Kingdom,1468,0.3333333333333333,226,1213.1599999999999,3,0,0,6,4,30,0,0,0,0
18265,72,2,801.51,17.424130434782608,9.95,37.5,133.585,Kitchen,262.40000000000003,Furniture,United Kingdom,311,0.3333333333333333,85,801.51,2,0,0,5,4,30,0,0,0,0
18270,38,1,171.20000000000002,28.533333333333335,11.399999999999999,53.2,28.533333333333335,Stationery,157.85000000000002,Kitchen,United Kingdom,101,0.16666666666666666,228,283.15,2,0,0,8,7,30,0,0,0,0
18272,3,4,2098.04,18.90126126126126,6.64,67.5,349.67333333333335,Kitchen,1699.48,Seasonal,United Kingdom,2050,0.6666666666666666,244,3078.58,6,0,0,5,9,30,0,0,0,0
18273,2,2,153.0,76.5,51.0,102.0,25.5,Electronics,204.0,Electronics,United Kingdom,80,0.3333333333333333,255,204.0,3,0,0,2,3,30,0,0,0,0
18274,30,1,175.92,15.992727272727272,10.2,19.8,29.319999999999997,Kitchen,111.12,Textiles,United Kingdom,88,0.16666666666666666,0,175.92,1,0,0,5,12,30,0,0,0,0
18276,44,1,335.86,23.990000000000002,7.9,99.0,55.97666666666667,Electronics,129.0,Seasonal,United Kingdom,186,0.16666666666666666,0,335.86,1,0,0,2,9,30,0,0,0,0
18277,58,1,110.38,13.7975,6.959999999999999,19.799999999999997,18.396666666666665,Other,61.60000000000001,Seasonal,United Kingdom,68,0.16666666666666666,0,110.38,1,0,0,6,9,30,0,0,0,0
18278,74,1,173.9,19.322222222222223,10.2,29.700000000000003,28.983333333333334,Home Decor,54.900000000000006,Electronics,United Kingdom,66,0.16666666666666666,0,173.9,1,0,0,4,3,30,0,0,0,0
18282,8,2,178.05,14.8375,5.04,25.5,29.675,Kitchen,68.59,Other,United Kingdom,103,0.3333333333333333,118,178.05,2,0,0,5,8,30,0,0,0,0
18287,43,2,1072.0,26.146341463414632,5.04,81.12,178.66666666666666,Crockery,447.32,Textiles,United Kingdom,1586,0.3333333333333333,158,1837.28,3,0,0,1,12,30,0,0,0,0
